ISO-10303-21;
HEADER;
FILE_DESCRIPTION (( 'STEP AP203' ),
    '1' );
FILE_NAME ('17HS13-0404S.STEP',
    '2017-03-06T10:17:15',
    ( 'Admin' ),
    ( '' ),
    'SwSTEP 2.0',
    'SolidWorks 2013',
    '' );
FILE_SCHEMA (( 'CONFIG_CONTROL_DESIGN' ));
ENDSEC;

DATA;
#1 = ORIENTED_EDGE ( 'NONE', *, *, #11353, .T. ) ;
#2 = EDGE_CURVE ( 'NONE', #10086, #3030, #7153, .T. ) ;
#3 = ORIENTED_EDGE ( 'NONE', *, *, #682, .T. ) ;
#4 = EDGE_CURVE ( 'NONE', #5398, #3767, #12347, .T. ) ;
#5 = CIRCLE ( 'NONE', #7171, 0.5000000000000004400 ) ;
#7 = DIRECTION ( 'NONE',  ( -1.000000000000000000, 0.0000000000000000000, 0.0000000000000000000 ) ) ;
#6 = FACE_OUTER_BOUND ( 'NONE', #5590, .T. ) ;
#8 = EDGE_LOOP ( 'NONE', ( #10122, #6472, #8747, #2137 ) ) ;
#9 = CARTESIAN_POINT ( 'NONE',  ( -3.888629745115985700, 8.500000000000000000, 21.50000000000000400 ) ) ;
#10 = CARTESIAN_POINT ( 'NONE',  ( -2.081668171172168500E-014, 26.00000000000000400, -1.734723475976807100E-014 ) ) ;
#11 = B_SPLINE_CURVE_WITH_KNOTS ( 'NONE', 3,
 ( #4508, #9325, #625, #11271 ),
 .UNSPECIFIED., .F., .F.,
 ( 4, 4 ),
 ( 0.001380840031772738000, 0.003398373201762472700 ),
 .UNSPECIFIED. ) ;
#12 = ORIENTED_EDGE ( 'NONE', *, *, #2331, .F. ) ;
#13 = ORIENTED_EDGE ( 'NONE', *, *, #4034, .T. ) ;
#14 = DIRECTION ( 'NONE',  ( 0.0000000000000000000, 0.0000000000000000000, 1.000000000000000000 ) ) ;
#15 = DIRECTION ( 'NONE',  ( 0.0000000000000000000, 1.000000000000000000, -0.0000000000000000000 ) ) ;
#16 = CYLINDRICAL_SURFACE ( 'NONE', #5642, 1.999999999999998200 ) ;
#17 = ORIENTED_EDGE ( 'NONE', *, *, #3314, .T. ) ;
#18 = EDGE_CURVE ( 'NONE', #6049, #2049, #4618, .T. ) ;
#19 = DIRECTION ( 'NONE',  ( -0.0000000000000000000, -1.000000000000000000, -0.0000000000000000000 ) ) ;
#20 = CIRCLE ( 'NONE', #4921, 0.5000000000000004400 ) ;
#21 = FACE_OUTER_BOUND ( 'NONE', #2591, .T. ) ;
#22 = AXIS2_PLACEMENT_3D ( 'NONE', #5036, #4104, #10860 ) ;
#23 = EDGE_CURVE ( 'NONE', #1047, #10028, #2065, .T. ) ;
#24 = ADVANCED_FACE ( 'NONE', ( #9754 ), #11731, .F. ) ;
#25 = ORIENTED_EDGE ( 'NONE', *, *, #9201, .F. ) ;
#26 = AXIS2_PLACEMENT_3D ( 'NONE', #12420, #9205, #10507 ) ;
#27 = CARTESIAN_POINT ( 'NONE',  ( 14.92894917544658100, 1.940406951505562600, 15.69758161700905000 ) ) ;
#28 = EDGE_LOOP ( 'NONE', ( #5198, #4132, #6861, #7794 ) ) ;
#29 = ORIENTED_EDGE ( 'NONE', *, *, #7757, .T. ) ;
#30 = CARTESIAN_POINT ( 'NONE',  ( 6.938893903907228400E-015, 34.60000000000000900, 3.469446951953614200E-015 ) ) ;
#31 = CARTESIAN_POINT ( 'NONE',  ( -13.13154598666894500, 8.500000000000000000, -17.15000000000000200 ) ) ;
#32 = CIRCLE ( 'NONE', #4824, 1.550000000000016700 ) ;
#33 = PLANE ( 'NONE',  #10218 ) ;
#34 = ADVANCED_FACE ( 'NONE', ( #4314 ), #11728, .T. ) ;
#35 = CIRCLE ( 'NONE', #4101, 1.250000000000001100 ) ;
#36 = CIRCLE ( 'NONE', #2626, 4.500000000000000900 ) ;
#37 = DIRECTION ( 'NONE',  ( 0.0000000000000000000, 0.0000000000000000000, 1.000000000000000000 ) ) ;
#38 = CARTESIAN_POINT ( 'NONE',  ( -1.146920613196721600, 4.110050607254169800, 28.20000000000000300 ) ) ;
#39 = ORIENTED_EDGE ( 'NONE', *, *, #7419, .F. ) ;
#41 = CARTESIAN_POINT ( 'NONE',  ( -15.71441625783252900, 2.610000000000031400, -16.08204932900881100 ) ) ;
#40 = AXIS2_PLACEMENT_3D ( 'NONE', #210, #6940, #1199 ) ;
#42 = ORIENTED_EDGE ( 'NONE', *, *, #3796, .T. ) ;
#43 = AXIS2_PLACEMENT_3D ( 'NONE', #9008, #370, #7092 ) ;
#44 = CIRCLE ( 'NONE', #2094, 4.000000000000000000 ) ;
#45 = ORIENTED_EDGE ( 'NONE', *, *, #8742, .T. ) ;
#46 = EDGE_CURVE ( 'NONE', #8995, #5572, #1761, .T. ) ;
#47 = DIRECTION ( 'NONE',  ( -0.0000000000000000000, 1.000000000000000000, -0.0000000000000000000 ) ) ;
#48 = CARTESIAN_POINT ( 'NONE',  ( -15.58276350254038800, 2.610000000000006100, 14.95019439558399900 ) ) ;
#49 = CIRCLE ( 'NONE', #5030, 0.5559999999999988300 ) ;
#50 = CARTESIAN_POINT ( 'NONE',  ( 17.78578643762690000, 12.00000000000000000, 20.41421356237309600 ) ) ;
#51 = DIRECTION ( 'NONE',  ( 0.0000000000000000000, 1.000000000000000000, 0.0000000000000000000 ) ) ;
#52 = CARTESIAN_POINT ( 'NONE',  ( 15.50000000000000400, 29.60000000000003000, 15.50000000000000500 ) ) ;
#53 = CIRCLE ( 'NONE', #8671, 2.000000000000000000 ) ;
#54 = CARTESIAN_POINT ( 'NONE',  ( 6.938893903907228400E-015, 29.59999999999999800, 3.469446951953614200E-015 ) ) ;
#55 = DIRECTION ( 'NONE',  ( 0.5469441386039886100, 0.0000000000000000000, -0.8371691043312223800 ) ) ;
#56 = CIRCLE ( 'NONE', #1924, 4.000000000000000000 ) ;
#57 = EDGE_CURVE ( 'NONE', #6488, #11701, #9138, .T. ) ;
#58 = AXIS2_PLACEMENT_3D ( 'NONE', #8841, #3082, #9832 ) ;
#59 = CIRCLE ( 'NONE', #154, 0.5560000000000012700 ) ;
#60 = DIRECTION ( 'NONE',  ( -1.224646799147340400E-016, 0.0000000000000000000, 1.000000000000000000 ) ) ;
#61 = DIRECTION ( 'NONE',  ( 0.0000000000000000000, 1.000000000000000000, 0.0000000000000000000 ) ) ;
#62 = EDGE_CURVE ( 'NONE', #9624, #4265, #12043, .T. ) ;
#63 = ORIENTED_EDGE ( 'NONE', *, *, #4124, .T. ) ;
#64 = EDGE_LOOP ( 'NONE', ( #10135, #5272, #11356 ) ) ;
#65 = CARTESIAN_POINT ( 'NONE',  ( -16.37157287525379300, 34.00000000000000000, 19.00000000000000700 ) ) ;
#66 = VECTOR ( 'NONE', #3383, 1000.000000000000000 ) ;
#67 = CARTESIAN_POINT ( 'NONE',  ( 21.14999999999998400, 26.00000000000000400, -13.13154598666895000 ) ) ;
#68 = ORIENTED_EDGE ( 'NONE', *, *, #6354, .F. ) ;
#69 = VECTOR ( 'NONE', #3919, 1000.000000000000000 ) ;
#70 = CARTESIAN_POINT ( 'NONE',  ( 15.49999999999999300, 34.00000000000000000, 15.50000000000000400 ) ) ;
#71 = DIRECTION ( 'NONE',  ( 0.0000000000000000000, 0.0000000000000000000, 1.000000000000000000 ) ) ;
#72 = DIRECTION ( 'NONE',  ( 0.5469441386039889400, 0.0000000000000000000, -0.8371691043312219400 ) ) ;
#73 = ORIENTED_EDGE ( 'NONE', *, *, #5369, .F. ) ;
#74 = CARTESIAN_POINT ( 'NONE',  ( 6.938893903907228400E-015, 30.87016261237511500, 3.469446951953614200E-015 ) ) ;
#75 = ORIENTED_EDGE ( 'NONE', *, *, #10370, .T. ) ;
#76 = DIRECTION ( 'NONE',  ( -0.0000000000000000000, -1.000000000000000000, 0.0000000000000000000 ) ) ;
#77 = AXIS2_PLACEMENT_3D ( 'NONE', #9081, #3307, #10069 ) ;
#78 = DIRECTION ( 'NONE',  ( -0.3735429735244764600, -0.8949343913984425500, -0.2440452458516482700 ) ) ;
#79 = EDGE_CURVE ( 'NONE', #8482, #3826, #6562, .T. ) ;
#80 = FACE_OUTER_BOUND ( 'NONE', #5777, .T. ) ;
#81 = AXIS2_PLACEMENT_3D ( 'NONE', #8208, #2466, #9207 ) ;
#82 = CARTESIAN_POINT ( 'NONE',  ( -16.11915492039947800, 2.610000000000031400, -15.46254419180370700 ) ) ;
#83 = DIRECTION ( 'NONE',  ( 0.0000000000000000000, 1.000000000000000000, 0.0000000000000000000 ) ) ;
#84 = EDGE_CURVE ( 'NONE', #10036, #437, #11419, .T. ) ;
#85 = CONICAL_SURFACE ( 'NONE', #4026, 3077.683537175311800, 1.256637061435922800 ) ;
#86 = ADVANCED_FACE ( 'NONE', ( #1148 ), #8822, .T. ) ;
#87 = DIRECTION ( 'NONE',  ( -0.0000000000000000000, -1.000000000000000000, 0.0000000000000000000 ) ) ;
#88 = ORIENTED_EDGE ( 'NONE', *, *, #2064, .F. ) ;
#89 = CARTESIAN_POINT ( 'NONE',  ( 16.75797151878918000, 2.581370849898505100, 13.57451106003819400 ) ) ;
#90 = CARTESIAN_POINT ( 'NONE',  ( 1.132563768976779400, 4.110050607254169800, 30.20000000000000300 ) ) ;
#91 = DIRECTION ( 'NONE',  ( -0.4127375309460478700, 0.0000000000000000000, 0.9108500044181591100 ) ) ;
#92 = CARTESIAN_POINT ( 'NONE',  ( -15.11745329934892000, 2.474345677606104600, -15.92554628065562600 ) ) ;
#93 = CARTESIAN_POINT ( 'NONE',  ( 20.99999999999999600, 34.00000000000000000, 16.37157287525381800 ) ) ;
#94 = DIRECTION ( 'NONE',  ( 0.0000000000000000000, -1.000000000000000000, 0.0000000000000000000 ) ) ;
#95 = ADVANCED_FACE ( 'NONE', ( #3700 ), #11116, .F. ) ;
#96 = CYLINDRICAL_SURFACE ( 'NONE', #3862, 0.8074684195533452500 ) ;
#97 = DATE_AND_TIME ( #2686, #5242 ) ;
#98 = DIRECTION ( 'NONE',  ( -0.0000000000000000000, -1.000000000000000000, 0.0000000000000000000 ) ) ;
#99 = AXIS2_PLACEMENT_3D ( 'NONE', #4795, #11564, #3831 ) ;
#100 = EDGE_CURVE ( 'NONE', #7484, #1620, #5956, .T. ) ;
#101 = ORIENTED_EDGE ( 'NONE', *, *, #8464, .T. ) ;
#102 = EDGE_CURVE ( 'NONE', #8838, #10766, #1458, .T. ) ;
#103 = VERTEX_POINT ( 'NONE', #7782 ) ;
#104 = ORIENTED_EDGE ( 'NONE', *, *, #8201, .T. ) ;
#105 = CARTESIAN_POINT ( 'NONE',  ( 16.37157287525380800, 34.00000000000000000, 19.00000000000000700 ) ) ;
#106 = CARTESIAN_POINT ( 'NONE',  ( 15.30241838299095000, 1.940406951505563500, -16.07105082455341700 ) ) ;
#107 = CARTESIAN_POINT ( 'NONE',  ( 0.0000000000000000000, 53.50000000000000000, 0.0000000000000000000 ) ) ;
#108 = CARTESIAN_POINT ( 'NONE',  ( 0.8530793868032574600, 6.110050607254169800, 28.20000000000000300 ) ) ;
#109 = FACE_OUTER_BOUND ( 'NONE', #8448, .T. ) ;
#110 = FACE_OUTER_BOUND ( 'NONE', #4760, .T. ) ;
#111 = DIRECTION ( 'NONE',  ( -0.0000000000000000000, 1.000000000000000000, -0.0000000000000000000 ) ) ;
#112 = VERTEX_POINT ( 'NONE', #5870 ) ;
#113 = ADVANCED_FACE ( 'NONE', ( #8501 ), #9731, .T. ) ;
#114 = DIRECTION ( 'NONE',  ( -0.0000000000000000000, -1.000000000000000000, 0.0000000000000000000 ) ) ;
#115 = DIRECTION ( 'NONE',  ( 1.000000000000000000, -0.0000000000000000000, 0.0000000000000000000 ) ) ;
#116 = EDGE_CURVE ( 'NONE', #5305, #10317, #3105, .T. ) ;
#117 = ORIENTED_EDGE ( 'NONE', *, *, #7287, .F. ) ;
#118 = AXIS2_PLACEMENT_3D ( 'NONE', #2858, #9613, #3829 ) ;
#119 = EDGE_CURVE ( 'NONE', #9507, #103, #5660, .T. ) ;
#120 = AXIS2_PLACEMENT_3D ( 'NONE', #209, #9890, #6022 ) ;
#121 = CARTESIAN_POINT ( 'NONE',  ( -15.43494317384709500, 2.610000000000031400, -16.05218077598817700 ) ) ;
#122 = ORIENTED_EDGE ( 'NONE', *, *, #2415, .T. ) ;
#123 = DIRECTION ( 'NONE',  ( 0.0000000000000000000, 1.000000000000000000, -0.0000000000000000000 ) ) ;
#124 = DIRECTION ( 'NONE',  ( -0.7071067811865474600, 0.0000000000000000000, 0.7071067811865474600 ) ) ;
#125 = FACE_OUTER_BOUND ( 'NONE', #4739, .T. ) ;
#127 = CARTESIAN_POINT ( 'NONE',  ( 15.49999999999999300, 26.00000000000000400, 16.75000000000001400 ) ) ;
#126 = FACE_OUTER_BOUND ( 'NONE', #11194, .T. ) ;
#128 = DIRECTION ( 'NONE',  ( 0.0000000000000000000, 0.0000000000000000000, -1.000000000000000000 ) ) ;
#129 = EDGE_LOOP ( 'NONE', ( #4419, #7517, #7237, #6914 ) ) ;
#130 = CARTESIAN_POINT ( 'NONE',  ( 4.020538011569923100E-015, 8.500000000000000000, 4.500000000000007100 ) ) ;
#131 = EDGE_LOOP ( 'NONE', ( #11096, #6790, #8859, #9395 ) ) ;
#132 = ORIENTED_EDGE ( 'NONE', *, *, #5611, .T. ) ;
#133 = DIRECTION ( 'NONE',  ( -0.2440452458516469400, 0.8949343913984425500, 0.3735429735244773500 ) ) ;
#134 = AXIS2_PLACEMENT_3D ( 'NONE', #74, #6820, #1069 ) ;
#135 =( BOUNDED_CURVE ( )  B_SPLINE_CURVE ( 3, ( #12253, #11262, #615, #6421 ),
 .UNSPECIFIED., .F., .T. ) 
 B_SPLINE_CURVE_WITH_KNOTS ( ( 4, 4 ),
 ( 5.754796812637098700, 6.811573801722079000 ),
 .UNSPECIFIED. ) 
 CURVE ( )  GEOMETRIC_REPRESENTATION_ITEM ( )  RATIONAL_B_SPLINE_CURVE ( ( 1.000000000000000000, 0.9090804130449048300, 0.9090804130449048300, 1.000000000000000000 ) ) 
 REPRESENTATION_ITEM ( '' )  );
#136 = CARTESIAN_POINT ( 'NONE',  ( 4.112386521505974500E-015, 5.000000000000002700, -5.249999999999993800 ) ) ;
#137 = LINE ( 'NONE', #2800, #4976 ) ;
#138 = CYLINDRICAL_SURFACE ( 'NONE', #7525, 6.350000000000005000 ) ;
#139 = ORIENTED_EDGE ( 'NONE', *, *, #2064, .T. ) ;
#140 = AXIS2_PLACEMENT_3D ( 'NONE', #5143, #11920, #6106 ) ;
#141 = CARTESIAN_POINT ( 'NONE',  ( -15.02046330534039600, 2.610000000000031400, -15.78139040224381000 ) ) ;
#142 = CARTESIAN_POINT ( 'NONE',  ( -15.50000000000000700, 8.500000000000000000, -15.49999999999999600 ) ) ;
#143 = DIRECTION ( 'NONE',  ( -0.3735429735244764600, 0.8949343913984425500, -0.2440452458516482700 ) ) ;
#144 = EDGE_CURVE ( 'NONE', #4462, #1218, #531, .T. ) ;
#145 = ORIENTED_EDGE ( 'NONE', *, *, #2080, .F. ) ;
#146 = ORIENTED_EDGE ( 'NONE', *, *, #374, .T. ) ;
#147 = ORIENTED_EDGE ( 'NONE', *, *, #8827, .F. ) ;
#148 = ORIENTED_EDGE ( 'NONE', *, *, #10525, .T. ) ;
#149 = CARTESIAN_POINT ( 'NONE',  ( 15.21860959775619200, 2.610000000000027400, 15.02046330534039200 ) ) ;
#150 = CIRCLE ( 'NONE', #1729, 1.499999999999999600 ) ;
#151 = CIRCLE ( 'NONE', #5462, 0.6965528920064416600 ) ;
#152 = DIRECTION ( 'NONE',  ( -0.8371691043312221600, 0.0000000000000000000, -0.5469441386039887200 ) ) ;
#153 = ORIENTED_EDGE ( 'NONE', *, *, #5963, .F. ) ;
#154 = AXIS2_PLACEMENT_3D ( 'NONE', #3940, #10696, #4918 ) ;
#155 = ADVANCED_FACE ( 'NONE', ( #7893 ), #5203, .T. ) ;
#156 = VERTEX_POINT ( 'NONE', #8776 ) ;
#157 = ORIENTED_EDGE ( 'NONE', *, *, #4771, .T. ) ;
#158 = DIRECTION ( 'NONE',  ( 0.0000000000000000000, -1.000000000000000000, 0.0000000000000000000 ) ) ;
#159 = VERTEX_POINT ( 'NONE', #11937 ) ;
#160 = DIRECTION ( 'NONE',  ( 0.0000000000000000000, 1.000000000000000000, 0.0000000000000000000 ) ) ;
#161 = ORIENTED_EDGE ( 'NONE', *, *, #871, .F. ) ;
#162 = EDGE_CURVE ( 'NONE', #7700, #4521, #5362, .T. ) ;
#163 = LINE ( 'NONE', #6132, #10142 ) ;
#164 = CIRCLE ( 'NONE', #2710, 1.999999999999998200 ) ;
#165 = AXIS2_PLACEMENT_3D ( 'NONE', #8999, #7083, #1346 ) ;
#166 = ORIENTED_EDGE ( 'NONE', *, *, #5332, .T. ) ;
#167 = CARTESIAN_POINT ( 'NONE',  ( -15.50000000000000700, -997.2093446488944400, -15.49999999999999600 ) ) ;
#168 = ADVANCED_FACE ( 'NONE', ( #8205, #10207, #2795, #10501, #7588, #5058 ), #4703, .F. ) ;
#169 = DIRECTION ( 'NONE',  ( 8.659560562354979700E-017, 0.7071067811865436900, -0.7071067811865513500 ) ) ;
#170 = ORIENTED_EDGE ( 'NONE', *, *, #2128, .F. ) ;
#171 = VERTEX_POINT ( 'NONE', #11592 ) ;
#172 = CARTESIAN_POINT ( 'NONE',  ( -1.146920613196721600, 4.110050607254169800, 18.20000000000000300 ) ) ;
#173 = DIRECTION ( 'NONE',  ( 0.0000000000000000000, 1.000000000000000000, -0.0000000000000000000 ) ) ;
#174 = EDGE_LOOP ( 'NONE', ( #1234, #7128, #2516 ) ) ;
#175 = FACE_OUTER_BOUND ( 'NONE', #1593, .T. ) ;
#176 = LINE ( 'NONE', #4594, #5015 ) ;
#177 = DIRECTION ( 'NONE',  ( -0.5469441386039886100, 0.0000000000000000000, 0.8371691043312222700 ) ) ;
#178 = ORIENTED_EDGE ( 'NONE', *, *, #4164, .F. ) ;
#179 = CARTESIAN_POINT ( 'NONE',  ( -17.00409638116097400, 1.000000000000036400, -13.19778496308913600 ) ) ;
#180 = EDGE_CURVE ( 'NONE', #6138, #11701, #9898, .T. ) ;
#181 = DIRECTION ( 'NONE',  ( 0.0000000000000000000, 1.000000000000000000, 0.0000000000000000000 ) ) ;
#182 = VERTEX_POINT ( 'NONE', #2764 ) ;
#183 = ADVANCED_FACE ( 'NONE', ( #2504 ), #2181, .F. ) ;
#184 = EDGE_CURVE ( 'NONE', #8838, #9005, #7302, .T. ) ;
#185 = EDGE_CURVE ( 'NONE', #11607, #11487, #12491, .T. ) ;
#186 = DIRECTION ( 'NONE',  ( -0.0000000000000000000, -1.000000000000000000, -0.0000000000000000000 ) ) ;
#187 = CARTESIAN_POINT ( 'NONE',  ( 14.64103821455294800, 12.00000000000000000, -20.99999999999999600 ) ) ;
#188 = LINE ( 'NONE', #8269, #2468 ) ;
#189 = CARTESIAN_POINT ( 'NONE',  ( -15.50000000000000700, 33.70000000000000300, 16.75000000000001400 ) ) ;
#190 = CARTESIAN_POINT ( 'NONE',  ( -14.98933636069658200, 0.6000000000000319500, -16.95812298778030700 ) ) ;
#191 = CIRCLE ( 'NONE', #7950, 7.700000000000005500 ) ;
#192 = VECTOR ( 'NONE', #6479, 1000.000000000000000 ) ;
#193 = ORIENTED_EDGE ( 'NONE', *, *, #5070, .F. ) ;
#194 = EDGE_LOOP ( 'NONE', ( #8163, #9194, #2849, #11969 ) ) ;
#195 = DIRECTION ( 'NONE',  ( 0.0000000000000000000, 0.0000000000000000000, 1.000000000000000000 ) ) ;
#196 = CARTESIAN_POINT ( 'NONE',  ( 4.449164391271497000E-015, 2.500000000000004000, -7.999999999999992900 ) ) ;
#197 = CARTESIAN_POINT ( 'NONE',  ( 3.469446951953614200E-015, 12.00000000000000000, 6.938893903907228400E-015 ) ) ;
#198 = CARTESIAN_POINT ( 'NONE',  ( 16.05218077598818400, 2.610000000000027400, 15.56505682615291700 ) ) ;
#199 = AXIS2_PLACEMENT_3D ( 'NONE', #5945, #160, #6897 ) ;
#200 = CIRCLE ( 'NONE', #3765, 0.5559999999999997200 ) ;
#201 = VERTEX_POINT ( 'NONE', #7242 ) ;
#202 = AXIS2_PLACEMENT_3D ( 'NONE', #8555, #3775, #12468 ) ;
#203 = CIRCLE ( 'NONE', #4145, 0.6965528920064402200 ) ;
#204 = DIRECTION ( 'NONE',  ( 0.0000000000000000000, 0.0000000000000000000, -1.000000000000000000 ) ) ;
#205 = ORIENTED_EDGE ( 'NONE', *, *, #8691, .T. ) ;
#206 = DIRECTION ( 'NONE',  ( -1.000000000000000000, 0.0000000000000000000, 0.0000000000000000000 ) ) ;
#207 = VERTEX_POINT ( 'NONE', #3303 ) ;
#208 = DIRECTION ( 'NONE',  ( -0.5469441386039873800, 0.0000000000000000000, 0.8371691043312230500 ) ) ;
#209 = CARTESIAN_POINT ( 'NONE',  ( 3.469446951953614200E-015, 8.500000000000000000, 6.938893903907228400E-015 ) ) ;
#210 = CARTESIAN_POINT ( 'NONE',  ( 13.13154598666893800, 26.00000000000000400, -17.15000000000000200 ) ) ;
#211 = VECTOR ( 'NONE', #8591, 1000.000000000000100 ) ;
#212 = DIRECTION ( 'NONE',  ( -0.0000000000000000000, -1.000000000000000000, -0.0000000000000000000 ) ) ;
#213 = EDGE_LOOP ( 'NONE', ( #3655, #10139, #9067, #9852 ) ) ;
#214 = LINE ( 'NONE', #10146, #10198 ) ;
#215 = AXIS2_PLACEMENT_3D ( 'NONE', #11526, #5729, #12526 ) ;
#216 = EDGE_CURVE ( 'NONE', #8893, #10267, #9590, .T. ) ;
#217 = AXIS2_PLACEMENT_3D ( 'NONE', #8050, #10035, #4245 ) ;
#218 = ORIENTED_EDGE ( 'NONE', *, *, #8542, .F. ) ;
#219 = VECTOR ( 'NONE', #9513, 1000.000000000000100 ) ;
#220 = CARTESIAN_POINT ( 'NONE',  ( 0.0000000000000000000, 0.0000000000000000000, 30.20000000000000300 ) ) ;
#221 = ADVANCED_FACE ( 'NONE', ( #4756 ), #6692, .F. ) ;
#222 = EDGE_CURVE ( 'NONE', #11191, #10147, #9301, .T. ) ;
#223 = DIRECTION ( 'NONE',  ( 0.5469441386039857200, 0.0000000000000000000, -0.8371691043312240500 ) ) ;
#224 = FACE_OUTER_BOUND ( 'NONE', #7645, .T. ) ;
#225 = ORIENTED_EDGE ( 'NONE', *, *, #1195, .T. ) ;
#226 = DIRECTION ( 'NONE',  ( 0.0000000000000000000, 0.0000000000000000000, -1.000000000000000000 ) ) ;
#227 = CIRCLE ( 'NONE', #2597, 1.499999999999999600 ) ;
#228 = DIRECTION ( 'NONE',  ( 0.0000000000000000000, 1.000000000000000000, 0.0000000000000000000 ) ) ;
#229 = CARTESIAN_POINT ( 'NONE',  ( -15.53745580819629900, 2.610000000000031400, -16.11915492039946700 ) ) ;
#230 = CARTESIAN_POINT ( 'NONE',  ( 0.0000000000000000000, 0.0000000000000000000, 30.20000000000000300 ) ) ;
#231 = CARTESIAN_POINT ( 'NONE',  ( 16.19643099708685000, 0.6000000000000276200, 15.51303064308315500 ) ) ;
#232 = ADVANCED_FACE ( 'NONE', ( #6988 ), #11877, .F. ) ;
#233 = CARTESIAN_POINT ( 'NONE',  ( -16.04381431269170100, 2.424605185108649900, -15.74686437657936700 ) ) ;
#234 = EDGE_LOOP ( 'NONE', ( #9243, #6635, #3983, #10938 ) ) ;
#235 = AXIS2_PLACEMENT_3D ( 'NONE', #8619, #2866, #9622 ) ;
#236 = ORIENTED_EDGE ( 'NONE', *, *, #10540, .T. ) ;
#237 = CARTESIAN_POINT ( 'NONE',  ( 16.03674163466472900, 2.610000000000027400, 15.35493305815095000 ) ) ;
#238 = CONICAL_SURFACE ( 'NONE', #1790, 0.5560000000000012700, 0.06981317007976596500 ) ;
#239 = DIRECTION ( 'NONE',  ( 1.224646799147353900E-016, 0.0000000000000000000, 1.000000000000000000 ) ) ;
#240 = CARTESIAN_POINT ( 'NONE',  ( -16.55338432521336500, 0.6000000000000063100, 14.36983122349146800 ) ) ;
#241 = EDGE_CURVE ( 'NONE', #6488, #6887, #1899, .T. ) ;
#242 = DIRECTION ( 'NONE',  ( 0.0000000000000000000, 1.000000000000000000, 0.0000000000000000000 ) ) ;
#243 = CIRCLE ( 'NONE', #4448, 0.5560000000000002700 ) ;
#244 = AXIS2_PLACEMENT_3D ( 'NONE', #8090, #6171, #2357 ) ;
#245 = CARTESIAN_POINT ( 'NONE',  ( 0.0000000000000000000, 0.0000000000000000000, 30.20000000000000300 ) ) ;
#246 = ORIENTED_EDGE ( 'NONE', *, *, #5012, .T. ) ;
#247 = CARTESIAN_POINT ( 'NONE',  ( -15.50000000000000700, 1.000000000000010900, 15.50000000000000400 ) ) ;
#248 = ADVANCED_FACE ( 'NONE', ( #2205 ), #8973, .F. ) ;
#249 = CARTESIAN_POINT ( 'NONE',  ( 0.0000000000000000000, 8.500000000000000000, 21.50000000000000400 ) ) ;
#250 = DIRECTION ( 'NONE',  ( 0.0000000000000000000, 0.0000000000000000000, -1.000000000000000000 ) ) ;
#251 = EDGE_LOOP ( 'NONE', ( #12073, #9066, #9261, #11483, #8460 ) ) ;
#252 = EDGE_CURVE ( 'NONE', #9666, #11637, #11563, .T. ) ;
#253 = LINE ( 'NONE', #3779, #10527 ) ;
#254 = DIRECTION ( 'NONE',  ( -0.0000000000000000000, 1.000000000000000000, -0.0000000000000000000 ) ) ;
#255 = B_SPLINE_CURVE_WITH_KNOTS ( 'NONE', 3,
 ( #6917, #2154, #11822, #6002 ),
 .UNSPECIFIED., .F., .F.,
 ( 4, 4 ),
 ( 0.001013853424283301100, 0.003031486302290191000 ),
 .UNSPECIFIED. ) ;
#256 = ORIENTED_EDGE ( 'NONE', *, *, #10750, .F. ) ;
#257 = CARTESIAN_POINT ( 'NONE',  ( -16.03674163466473200, 2.610000000000031400, -15.35493305815094300 ) ) ;
#258 = AXIS2_PLACEMENT_3D ( 'NONE', #1157, #7862, #2135 ) ;
#259 = VERTEX_POINT ( 'NONE', #8595 ) ;
#260 = EDGE_CURVE ( 'NONE', #1290, #7934, #6405, .T. ) ;
#261 = CARTESIAN_POINT ( 'NONE',  ( -15.50000000000000700, 2.610000000000006100, 15.50000000000000400 ) ) ;
#262 = DIRECTION ( 'NONE',  ( 0.0000000000000000000, 1.000000000000000000, 0.0000000000000000000 ) ) ;
#263 = EDGE_CURVE ( 'NONE', #9866, #6380, #1603, .T. ) ;
#264 = CARTESIAN_POINT ( 'NONE',  ( 2.094712078817835700, 7.500000000000000900, 18.20000000000000300 ) ) ;
#265 = DIRECTION ( 'NONE',  ( -1.475119460951884600E-016, 1.000000000000000000, 2.257862093665809900E-016 ) ) ;
#266 = CYLINDRICAL_SURFACE ( 'NONE', #12141, 1.250000000000009800 ) ;
#267 = ORIENTED_EDGE ( 'NONE', *, *, #7746, .T. ) ;
#268 = CARTESIAN_POINT ( 'NONE',  ( -20.41421356237307400, 33.50000000000000000, 17.78578643762691100 ) ) ;
#269 = ORIENTED_EDGE ( 'NONE', *, *, #8646, .T. ) ;
#270 = CARTESIAN_POINT ( 'NONE',  ( -14.24202848121083200, 2.581370849898509500, -17.42548893996180900 ) ) ;
#271 = DIRECTION ( 'NONE',  ( 0.0000000000000000000, 0.0000000000000000000, -1.000000000000000000 ) ) ;
#272 = ORIENTED_EDGE ( 'NONE', *, *, #7954, .T. ) ;
#273 = AXIS2_PLACEMENT_3D ( 'NONE', #3689, #10448, #4663 ) ;
#274 = EDGE_CURVE ( 'NONE', #4194, #2074, #4460, .T. ) ;
#275 = AXIS2_PLACEMENT_3D ( 'NONE', #778, #10140, #4358 ) ;
#276 = LINE ( 'NONE', #12587, #5417 ) ;
#277 = LINE ( 'NONE', #4719, #2557 ) ;
#278 = ORIENTED_EDGE ( 'NONE', *, *, #8282, .F. ) ;
#279 = DIRECTION ( 'NONE',  ( 1.000000000000000000, 0.0000000000000000000, -0.0000000000000000000 ) ) ;
#280 = DIRECTION ( 'NONE',  ( 1.000000000000000000, 0.0000000000000000000, 0.0000000000000000000 ) ) ;
#281 = DIRECTION ( 'NONE',  ( 0.0000000000000000000, 1.000000000000000000, 0.0000000000000000000 ) ) ;
#282 = CARTESIAN_POINT ( 'NONE',  ( 15.49999999999999300, 8.500000000000000000, -16.75000000000000700 ) ) ;
#283 = DIRECTION ( 'NONE',  ( -1.000000000000000000, -0.0000000000000000000, -0.0000000000000000000 ) ) ;
#284 = VERTEX_POINT ( 'NONE', #5555 ) ;
#285 = EDGE_LOOP ( 'NONE', ( #6187, #10844, #9933, #11380 ) ) ;
#286 = ADVANCED_FACE ( 'NONE', ( #6104 ), #2262, .T. ) ;
#287 = ORIENTED_EDGE ( 'NONE', *, *, #57, .T. ) ;
#288 = CARTESIAN_POINT ( 'NONE',  ( -16.04980560441601200, 2.610000000000006100, 15.58276350254038300 ) ) ;
#289 = ORIENTED_EDGE ( 'NONE', *, *, #11030, .F. ) ;
#290 = LINE ( 'NONE', #9028, #7362 ) ;
#291 = LINE ( 'NONE', #2052, #9963 ) ;
#292 = DIRECTION ( 'NONE',  ( 0.0000000000000000000, 0.0000000000000000000, 1.000000000000000000 ) ) ;
#293 = EDGE_CURVE ( 'NONE', #11650, #3269, #3558, .T. ) ;
#294 = AXIS2_PLACEMENT_3D ( 'NONE', #2719, #4658, #11422 ) ;
#295 = ORIENTED_EDGE ( 'NONE', *, *, #6463, .T. ) ;
#296 = CC_DESIGN_PERSON_AND_ORGANIZATION_ASSIGNMENT ( #7028, #5470, ( #10851 ) ) ;
#297 = EDGE_CURVE ( 'NONE', #1296, #4850, #982, .T. ) ;
#298 = EDGE_CURVE ( 'NONE', #11524, #8412, #11264, .T. ) ;
#299 = AXIS2_PLACEMENT_3D ( 'NONE', #7761, #2044, #8752 ) ;
#300 = ORIENTED_EDGE ( 'NONE', *, *, #6315, .F. ) ;
#301 = CARTESIAN_POINT ( 'NONE',  ( 15.69758161700904600, 1.940406951505562000, 16.07105082455342800 ) ) ;
#302 = VERTEX_POINT ( 'NONE', #7949 ) ;
#303 = CARTESIAN_POINT ( 'NONE',  ( 15.49999999999999300, 34.00000000000000000, -13.94999999999995800 ) ) ;
#304 = CARTESIAN_POINT ( 'NONE',  ( -21.14999999999999900, 26.00000000000000400, 13.13154598666893100 ) ) ;
#305 = ORIENTED_EDGE ( 'NONE', *, *, #3998, .T. ) ;
#306 = EDGE_CURVE ( 'NONE', #5582, #2859, #3254, .T. ) ;
#307 = DIRECTION ( 'NONE',  ( -0.0000000000000000000, -1.000000000000000000, -0.0000000000000000000 ) ) ;
#308 = LINE ( 'NONE', #1430, #10574 ) ;
#309 = LINE ( 'NONE', #11077, #7666 ) ;
#310 = ORIENTED_EDGE ( 'NONE', *, *, #509, .F. ) ;
#311 = ORIENTED_EDGE ( 'NONE', *, *, #6811, .T. ) ;
#312 = ORIENTED_EDGE ( 'NONE', *, *, #3937, .F. ) ;
#313 = CARTESIAN_POINT ( 'NONE',  ( -19.00000000000000400, 0.5000000000000004400, -16.37157287525380400 ) ) ;
#314 = ADVANCED_FACE ( 'NONE', ( #10642 ), #375, .F. ) ;
#315 = VECTOR ( 'NONE', #11960, 1000.000000000000000 ) ;
#317 = CARTESIAN_POINT ( 'NONE',  ( 2.346149457354518700, 53.63760345130317100, -0.3319064376894099200 ) ) ;
#316 = LINE ( 'NONE', #1433, #9987 ) ;
#318 = DIRECTION ( 'NONE',  ( 1.000000000000000000, -0.0000000000000000000, 0.0000000000000000000 ) ) ;
#319 = CARTESIAN_POINT ( 'NONE',  ( -15.50000000000000700, 2.610000000000031400, -15.49999999999999600 ) ) ;
#320 = DIRECTION ( 'NONE',  ( -0.0000000000000000000, -1.000000000000000000, 0.0000000000000000000 ) ) ;
#321 = VERTEX_POINT ( 'NONE', #7519 ) ;
#322 = EDGE_CURVE ( 'NONE', #5000, #7934, #5803, .T. ) ;
#323 = ORIENTED_EDGE ( 'NONE', *, *, #7586, .T. ) ;
#324 = EDGE_LOOP ( 'NONE', ( #12597, #4542, #12444, #5378 ) ) ;
#325 = CARTESIAN_POINT ( 'NONE',  ( 6.595992800145969600E-015, 29.89999999999999500, 2.800000000000003400 ) ) ;
#326 = CARTESIAN_POINT ( 'NONE',  ( 15.50000000000000400, 2.610000000000027400, 15.50000000000000500 ) ) ;
#327 = CARTESIAN_POINT ( 'NONE',  ( 6.938893903907228400E-015, 23.40000000000000600, 3.469446951953614200E-015 ) ) ;
#328 = LINE ( 'NONE', #3699, #10304 ) ;
#329 = LINE ( 'NONE', #5039, #4259 ) ;
#330 = ORIENTED_EDGE ( 'NONE', *, *, #9504, .F. ) ;
#331 = CARTESIAN_POINT ( 'NONE',  ( 15.50000000000000400, 1.000000000000032200, 15.50000000000000500 ) ) ;
#332 = EDGE_CURVE ( 'NONE', #4835, #5813, #8043, .T. ) ;
#333 = CARTESIAN_POINT ( 'NONE',  ( -16.37157287525379300, 34.00000000000000000, 20.50000000000000700 ) ) ;
#334 = VERTEX_POINT ( 'NONE', #4098 ) ;
#335 = CARTESIAN_POINT ( 'NONE',  ( 15.49999999999999300, 0.6000000000000297300, -15.49999999999999600 ) ) ;
#336 = CARTESIAN_POINT ( 'NONE',  ( -16.37157287525380400, 8.500000000000000000, 19.00000000000000400 ) ) ;
#337 = EDGE_CURVE ( 'NONE', #9682, #3358, #10953, .T. ) ;
#338 = LINE ( 'NONE', #4786, #7415 ) ;
#339 = AXIS2_PLACEMENT_3D ( 'NONE', #1120, #7825, #2101 ) ;
#340 = ORIENTED_EDGE ( 'NONE', *, *, #4722, .T. ) ;
#341 = DIRECTION ( 'NONE',  ( 0.0000000000000000000, 1.000000000000000000, -0.0000000000000000000 ) ) ;
#342 = CIRCLE ( 'NONE', #1040, 10.50000000000000400 ) ;
#343 = CIRCLE ( 'NONE', #837, 2.799999999999999800 ) ;
#344 = CARTESIAN_POINT ( 'NONE',  ( 0.0000000000000000000, 7.500000000000000900, 21.50000000000000400 ) ) ;
#345 = CARTESIAN_POINT ( 'NONE',  ( -2.081668171172168500E-014, 26.00000000000000400, -1.734723475976807100E-014 ) ) ;
#346 = ORIENTED_EDGE ( 'NONE', *, *, #8301, .T. ) ;
#347 = ORIENTED_EDGE ( 'NONE', *, *, #2203, .F. ) ;
#348 = ORIENTED_EDGE ( 'NONE', *, *, #5510, .F. ) ;
#349 = DIRECTION ( 'NONE',  ( 0.0000000000000000000, 1.000000000000000000, -0.0000000000000000000 ) ) ;
#350 = LINE ( 'NONE', #6885, #663 ) ;
#351 = DIRECTION ( 'NONE',  ( 0.8371691043312240500, 0.0000000000000000000, 0.5469441386039859400 ) ) ;
#352 = ORIENTED_EDGE ( 'NONE', *, *, #10992, .F. ) ;
#353 = ADVANCED_FACE ( 'NONE', ( #7738 ), #10050, .F. ) ;
#354 = CONICAL_SURFACE ( 'NONE', #2182, 0.5559999999999988300, 0.06981317007976596500 ) ;
#355 = CIRCLE ( 'NONE', #3266, 1.500000000000001300 ) ;
#356 = AXIS2_PLACEMENT_3D ( 'NONE', #4830, #954, #11596 ) ;
#357 = EDGE_LOOP ( 'NONE', ( #7924, #5795, #6328, #7493 ) ) ;
#358 = EDGE_CURVE ( 'NONE', #10006, #1270, #53, .T. ) ;
#359 = DIRECTION ( 'NONE',  ( 0.5469441386039886100, 2.697020329565932900E-016, -0.8371691043312222700 ) ) ;
#360 = DIRECTION ( 'NONE',  ( 0.0000000000000000000, 1.000000000000000000, -0.0000000000000000000 ) ) ;
#362 = VERTEX_POINT ( 'NONE', #735 ) ;
#361 = ORIENTED_EDGE ( 'NONE', *, *, #9849, .T. ) ;
#363 = CARTESIAN_POINT ( 'NONE',  ( 15.80410094106382200, 2.610000000000027400, 15.03453397799184700 ) ) ;
#364 = DIRECTION ( 'NONE',  ( 0.8371691043312221600, 0.0000000000000000000, 0.5469441386039886100 ) ) ;
#365 = CARTESIAN_POINT ( 'NONE',  ( -21.00000000000000000, 8.500000000000000000, -16.37157287525380400 ) ) ;
#366 = DIRECTION ( 'NONE',  ( 0.0000000000000000000, 1.000000000000000000, 0.0000000000000000000 ) ) ;
#367 = CIRCLE ( 'NONE', #11388, 0.2999999999999999300 ) ;
#368 = VERTEX_POINT ( 'NONE', #8645 ) ;
#369 = LINE ( 'NONE', #1797, #678 ) ;
#370 = DIRECTION ( 'NONE',  ( 1.000000000000000000, -0.0000000000000000000, 0.0000000000000000000 ) ) ;
#371 = CARTESIAN_POINT ( 'NONE',  ( -16.63016877650854000, 0.6000000000000319500, -14.44661567478663500 ) ) ;
#372 = EDGE_CURVE ( 'NONE', #1296, #8003, #1297, .T. ) ;
#373 = AXIS2_PLACEMENT_3D ( 'NONE', #3454, #10216, #4432 ) ;
#374 = EDGE_CURVE ( 'NONE', #3577, #4157, #2649, .T. ) ;
#375 = CONICAL_SURFACE ( 'NONE', #6097, 0.5559999999999997200, 0.06981317007976596500 ) ;
#376 = AXIS2_PLACEMENT_3D ( 'NONE', #9477, #12412, #10447 ) ;
#377 = LINE ( 'NONE', #6215, #10356 ) ;
#378 = DIRECTION ( 'NONE',  ( 0.0000000000000000000, 1.000000000000000000, 0.0000000000000000000 ) ) ;
#379 = VERTEX_POINT ( 'NONE', #11327 ) ;
#380 = ADVANCED_FACE ( 'NONE', ( #2942 ), #2346, .T. ) ;
#381 = DIRECTION ( 'NONE',  ( -0.0000000000000000000, -1.000000000000000000, 0.0000000000000000000 ) ) ;
#382 = LINE ( 'NONE', #11559, #10358 ) ;
#383 = CARTESIAN_POINT ( 'NONE',  ( -0.8674362310232205400, 4.110050607254169800, 28.20000000000000300 ) ) ;
#384 = DIRECTION ( 'NONE',  ( 1.000000000000000000, -4.956352788505163300E-016, 0.0000000000000000000 ) ) ;
#385 = ORIENTED_EDGE ( 'NONE', *, *, #1338, .F. ) ;
#386 = DIRECTION ( 'NONE',  ( 0.0000000000000000000, 0.0000000000000000000, 1.000000000000000000 ) ) ;
#387 = CARTESIAN_POINT ( 'NONE',  ( 14.84988063100717200, 1.270265698095187900, -15.48277406361290100 ) ) ;
#388 = CIRCLE ( 'NONE', #4584, 0.2999999999999999300 ) ;
#389 = AXIS2_PLACEMENT_3D ( 'NONE', #2697, #11397, #5601 ) ;
#390 = DIRECTION ( 'NONE',  ( -0.0000000000000000000, -1.000000000000000000, 0.0000000000000000000 ) ) ;
#391 = VECTOR ( 'NONE', #19, 1000.000000000000000 ) ;
#392 = CARTESIAN_POINT ( 'NONE',  ( -16.01066363930343100, 0.6000000000000319500, -14.04187701221968400 ) ) ;
#393 = DIRECTION ( 'NONE',  ( 0.5469441386039871600, 0.0000000000000000000, -0.8371691043312232700 ) ) ;
#395 = EDGE_LOOP ( 'NONE', ( #8673, #10785, #12560, #9270 ) ) ;
#394 = AXIS2_PLACEMENT_3D ( 'NONE', #7601, #9586, #3799 ) ;
#396 = EDGE_CURVE ( 'NONE', #4307, #1975, #4903, .T. ) ;
#397 = ORIENTED_EDGE ( 'NONE', *, *, #8742, .F. ) ;
#398 = CARTESIAN_POINT ( 'NONE',  ( 15.41723649745961200, 2.610000000000029200, -16.04980560441600100 ) ) ;
#399 = DIRECTION ( 'NONE',  ( -0.5469441386039886100, 0.0000000000000000000, 0.8371691043312221600 ) ) ;
#400 = CARTESIAN_POINT ( 'NONE',  ( -17.43223304703361600, 33.50000000000000000, -20.06066017177981900 ) ) ;
#401 = VECTOR ( 'NONE', #9916, 1000.000000000000000 ) ;
#402 = CARTESIAN_POINT ( 'NONE',  ( 14.95618568730830600, 2.424605185108645900, 15.25313562342063300 ) ) ;
#403 = CARTESIAN_POINT ( 'NONE',  ( 16.44857319131948300, 2.015685424949265900, 14.04808542057617300 ) ) ;
#404 = LINE ( 'NONE', #4018, #5234 ) ;
#405 = AXIS2_PLACEMENT_3D ( 'NONE', #10412, #4635, #11395 ) ;
#406 = ORIENTED_EDGE ( 'NONE', *, *, #1024, .F. ) ;
#407 = ORIENTED_EDGE ( 'NONE', *, *, #9790, .T. ) ;
#408 = DIRECTION ( 'NONE',  ( 0.0000000000000000000, 0.0000000000000000000, -1.000000000000000000 ) ) ;
#409 = CARTESIAN_POINT ( 'NONE',  ( -15.50000000000000700, 0.0000000000000000000, 15.50000000000000400 ) ) ;
#410 = PLANE ( 'NONE',  #9785 ) ;
#411 = EDGE_CURVE ( 'NONE', #12374, #5814, #5205, .T. ) ;
#412 = AXIS2_PLACEMENT_3D ( 'NONE', #6746, #1005, #7716 ) ;
#413 = ADVANCED_FACE ( 'NONE', ( #4608 ), #12027, .T. ) ;
#414 = CIRCLE ( 'NONE', #638, 2.750000000000001800 ) ;
#415 = PERSON_AND_ORGANIZATION ( #9551, #9632 ) ;
#416 = DIRECTION ( 'NONE',  ( 0.0000000000000000000, 0.0000000000000000000, 1.000000000000000000 ) ) ;
#417 = B_SPLINE_CURVE_WITH_KNOTS ( 'NONE', 3,
 ( #5974, #7008, #5134, #11913 ),
 .UNSPECIFIED., .F., .F.,
 ( 4, 4 ),
 ( 0.001013853424362996200, 0.003031486302369886000 ),
 .UNSPECIFIED. ) ;
#418 = CARTESIAN_POINT ( 'NONE',  ( -16.95812298778031400, 0.6000000000000319500, -16.01066363930342700 ) ) ;
#419 = ORIENTED_EDGE ( 'NONE', *, *, #7582, .F. ) ;
#420 = CARTESIAN_POINT ( 'NONE',  ( 7.918611343225109600E-015, 26.00000000000000400, 8.000000000000003600 ) ) ;
#421 = EDGE_LOOP ( 'NONE', ( #4038, #11407, #9705, #1356 ) ) ;
#422 = EDGE_LOOP ( 'NONE', ( #11516, #11757, #5238, #7559 ) ) ;
#423 = DIRECTION ( 'NONE',  ( 0.0000000000000000000, 1.000000000000000000, -0.0000000000000000000 ) ) ;
#424 = CIRCLE ( 'NONE', #2413, 1.650000000000000400 ) ;
#426 = CARTESIAN_POINT ( 'NONE',  ( -1.954389032750088100, 6.110050607254169800, 28.20000000000000300 ) ) ;
#425 = VECTOR ( 'NONE', #3243, 1000.000000000000000 ) ;
#427 = AXIS2_PLACEMENT_3D ( 'NONE', #6436, #677, #7402 ) ;
#428 = ORIENTED_EDGE ( 'NONE', *, *, #3381, .F. ) ;
#429 = EDGE_CURVE ( 'NONE', #3531, #4699, #12333, .T. ) ;
#430 = VERTEX_POINT ( 'NONE', #8736 ) ;
#431 = EDGE_CURVE ( 'NONE', #5572, #450, #9445, .T. ) ;
#432 = CARTESIAN_POINT ( 'NONE',  ( -1.954389032750067000, 4.110050607254169800, 28.20000000000000300 ) ) ;
#433 = ADVANCED_FACE ( 'NONE', ( #7143 ), #12490, .T. ) ;
#434 = LINE ( 'NONE', #7294, #10105 ) ;
#435 = TOROIDAL_SURFACE ( 'NONE', #10332, 1.500000000000000000, 0.5000000000000000000 ) ;
#436 = DIRECTION ( 'NONE',  ( -0.0000000000000000000, -1.000000000000000000, 0.0000000000000000000 ) ) ;
#437 = VERTEX_POINT ( 'NONE', #8874 ) ;
#438 = DIRECTION ( 'NONE',  ( -0.0000000000000000000, -1.000000000000000000, -0.0000000000000000000 ) ) ;
#439 = DIRECTION ( 'NONE',  ( 0.0000000000000000000, 1.000000000000000000, 0.0000000000000000000 ) ) ;
#440 = CARTESIAN_POINT ( 'NONE',  ( -14.64103821455298900, 26.00000000000000400, 21.00000000000000700 ) ) ;
#441 = ORIENTED_EDGE ( 'NONE', *, *, #1830, .T. ) ;
#442 = AXIS2_PLACEMENT_3D ( 'NONE', #6453, #8384, #3566 ) ;
#443 = ORIENTED_EDGE ( 'NONE', *, *, #10959, .T. ) ;
#444 = CIRCLE ( 'NONE', #6395, 2.749999999999998200 ) ;
#445 = CIRCLE ( 'NONE', #5623, 2.500000000000000000 ) ;
#446 = DIRECTION ( 'NONE',  ( 0.03815289444402843200, -0.9975640502598247500, -0.05839796464566778000 ) ) ;
#447 = DIRECTION ( 'NONE',  ( 0.0000000000000000000, 0.0000000000000000000, -1.000000000000000000 ) ) ;
#448 = ORIENTED_EDGE ( 'NONE', *, *, #10475, .F. ) ;
#449 = CARTESIAN_POINT ( 'NONE',  ( 3.469446951953614200E-015, 25.63749999999999900, -4.149999999999994100 ) ) ;
#450 = VERTEX_POINT ( 'NONE', #12447 ) ;
#451 = ORIENTED_EDGE ( 'NONE', *, *, #216, .T. ) ;
#452 = DIRECTION ( 'NONE',  ( 0.0000000000000000000, 0.0000000000000000000, 1.000000000000000000 ) ) ;
#453 = DIRECTION ( 'NONE',  ( -1.000000000000000000, 0.0000000000000000000, 0.0000000000000000000 ) ) ;
#454 = VERTEX_POINT ( 'NONE', #9155 ) ;
#455 = CARTESIAN_POINT ( 'NONE',  ( -15.50000000000000700, 2.610000000000006100, 15.50000000000000400 ) ) ;
#456 = PLANE ( 'NONE',  #11709 ) ;
#457 = AXIS2_PLACEMENT_3D ( 'NONE', #1457, #6239, #7235 ) ;
#458 = CIRCLE ( 'NONE', #11016, 2.000000000000001800 ) ;
#459 = CIRCLE ( 'NONE', #6720, 1.500000000000001300 ) ;
#460 = EDGE_CURVE ( 'NONE', #10856, #3004, #1750, .T. ) ;
#461 = ORIENTED_EDGE ( 'NONE', *, *, #185, .F. ) ;
#462 = AXIS2_PLACEMENT_3D ( 'NONE', #4671, #11431, #5639 ) ;
#463 = CARTESIAN_POINT ( 'NONE',  ( 3.469446951953614200E-015, 3.770162612375122600, 6.938893903907228400E-015 ) ) ;
#464 = DIRECTION ( 'NONE',  ( -0.8371691043312221600, 0.0000000000000000000, -0.5469441386039887200 ) ) ;
#465 = DIRECTION ( 'NONE',  ( -0.0000000000000000000, -1.000000000000000000, 0.0000000000000000000 ) ) ;
#466 = EDGE_CURVE ( 'NONE', #8866, #1956, #5520, .T. ) ;
#467 = ORIENTED_EDGE ( 'NONE', *, *, #5311, .F. ) ;
#468 = DIRECTION ( 'NONE',  ( 0.5469441386039886100, 0.0000000000000000000, -0.8371691043312222700 ) ) ;
#469 = ORIENTED_EDGE ( 'NONE', *, *, #11348, .T. ) ;
#470 = ORIENTED_EDGE ( 'NONE', *, *, #9118, .F. ) ;
#471 = CARTESIAN_POINT ( 'NONE',  ( -14.42350512184890300, 8.500000000000000000, -21.15000000000000200 ) ) ;
#472 = CIRCLE ( 'NONE', #9545, 0.2794843821735011300 ) ;
#473 = CIRCLE ( 'NONE', #1426, 1.734314575050763400 ) ;
#474 = DIRECTION ( 'NONE',  ( 1.000000000000000000, -0.0000000000000000000, 0.0000000000000000000 ) ) ;
#475 = ADVANCED_FACE ( 'NONE', ( #6551 ), #999, .F. ) ;
#476 = ORIENTED_EDGE ( 'NONE', *, *, #102, .F. ) ;
#477 = AXIS2_PLACEMENT_3D ( 'NONE', #10251, #4467, #11226 ) ;
#478 = CARTESIAN_POINT ( 'NONE',  ( -15.50000000000000700, 2.610000000000006100, 15.50000000000000400 ) ) ;
#480 = EDGE_LOOP ( 'NONE', ( #8540, #7197, #5315, #12583 ) ) ;
#479 = VERTEX_POINT ( 'NONE', #2159 ) ;
#481 = ORIENTED_EDGE ( 'NONE', *, *, #8342, .F. ) ;
#482 = CARTESIAN_POINT ( 'NONE',  ( -16.04980560441601200, 2.610000000000006100, 15.58276350254038300 ) ) ;
#483 = CARTESIAN_POINT ( 'NONE',  ( 16.63016877650852600, 0.6000000000000297300, -16.55338432521336100 ) ) ;
#484 = CARTESIAN_POINT ( 'NONE',  ( 15.51303064308314100, 0.6000000000000297300, -16.19643099708684300 ) ) ;
#485 = CARTESIAN_POINT ( 'NONE',  ( -15.50000000000000700, 8.500000000000000000, -15.49999999999999600 ) ) ;
#486 = CARTESIAN_POINT ( 'NONE',  ( 15.56331376197796800, 26.00000000000000400, 20.32592592592592200 ) ) ;
#487 = ORIENTED_EDGE ( 'NONE', *, *, #3234, .T. ) ;
#488 = CARTESIAN_POINT ( 'NONE',  ( -15.50000000000000700, 2.610000000000031400, -15.49999999999999600 ) ) ;
#489 = EDGE_CURVE ( 'NONE', #10153, #2074, #1445, .T. ) ;
#490 = LINE ( 'NONE', #6144, #5320 ) ;
#491 = VECTOR ( 'NONE', #12256, 999.9999999999998900 ) ;
#492 = ORIENTED_EDGE ( 'NONE', *, *, #4352, .F. ) ;
#493 = DIRECTION ( 'NONE',  ( -0.0000000000000000000, -1.000000000000000000, 0.0000000000000000000 ) ) ;
#494 = CARTESIAN_POINT ( 'NONE',  ( 3.469446951953614200E-015, 8.500000000000000000, 6.938893903907228400E-015 ) ) ;
#495 = ORIENTED_EDGE ( 'NONE', *, *, #3104, .T. ) ;
#496 = DIRECTION ( 'NONE',  ( -0.7071067811865477900, 0.0000000000000000000, -0.7071067811865472400 ) ) ;
#497 = CARTESIAN_POINT ( 'NONE',  ( 18.99999999999999600, 34.00000000000000000, -16.37157287525381100 ) ) ;
#498 = CONICAL_SURFACE ( 'NONE', #3296, 0.5559999999999997200, 0.06981317007976596500 ) ;
#499 = EDGE_LOOP ( 'NONE', ( #3109, #1003, #10580, #9531 ) ) ;
#500 = FACE_BOUND ( 'NONE', #9873, .T. ) ;
#501 = CIRCLE ( 'NONE', #11029, 1.250000000000011500 ) ;
#502 = DIRECTION ( 'NONE',  ( 1.000000000000000000, 0.0000000000000000000, -0.0000000000000000000 ) ) ;
#503 = CARTESIAN_POINT ( 'NONE',  ( -14.80356900291316400, 0.6000000000000319500, -15.48696935691684700 ) ) ;
#504 = VERTEX_POINT ( 'NONE', #8694 ) ;
#505 = ADVANCED_FACE ( 'NONE', ( #9124 ), #5816, .T. ) ;
#506 = CARTESIAN_POINT ( 'NONE',  ( -21.14999999999999900, 26.00000000000000400, -13.13154598666895000 ) ) ;
#507 = EDGE_CURVE ( 'NONE', #11372, #11645, #2056, .T. ) ;
#508 = DIRECTION ( 'NONE',  ( 0.0000000000000000000, 1.000000000000000000, 0.0000000000000000000 ) ) ;
#509 = EDGE_CURVE ( 'NONE', #11234, #4121, #8373, .T. ) ;
#510 = CARTESIAN_POINT ( 'NONE',  ( 15.49999999999999300, 2.500000000000016000, -16.74999999999999600 ) ) ;
#511 = FACE_OUTER_BOUND ( 'NONE', #3276, .T. ) ;
#512 = DIRECTION ( 'NONE',  ( 0.3867479093371160600, -0.7071067811865462400, -0.5919679506724765400 ) ) ;
#513 = ORIENTED_EDGE ( 'NONE', *, *, #4079, .T. ) ;
#514 = FACE_OUTER_BOUND ( 'NONE', #4202, .T. ) ;
#515 = ORIENTED_EDGE ( 'NONE', *, *, #7973, .T. ) ;
#516 = DIRECTION ( 'NONE',  ( 0.7071067811865474600, -0.0000000000000000000, -0.7071067811865474600 ) ) ;
#517 = AXIS2_PLACEMENT_3D ( 'NONE', #1350, #7039, #8053 ) ;
#518 = EDGE_CURVE ( 'NONE', #9796, #10086, #10969, .T. ) ;
#519 = CIRCLE ( 'NONE', #12299, 2.749999999999999100 ) ;
#520 = ORIENTED_EDGE ( 'NONE', *, *, #1145, .F. ) ;
#521 = AXIS2_PLACEMENT_3D ( 'NONE', #6079, #6123, #7828 ) ;
#522 = CARTESIAN_POINT ( 'NONE',  ( 16.10227920081800000, 1.270265698095187600, -15.74538070642587000 ) ) ;
#523 = VECTOR ( 'NONE', #2266, 1000.000000000000000 ) ;
#524 = CARTESIAN_POINT ( 'NONE',  ( 21.14999999999998400, 26.00000000000000400, 13.13154598666892500 ) ) ;
#525 = CARTESIAN_POINT ( 'NONE',  ( -21.00000000000000000, 12.00000000000000000, -14.64103821455297600 ) ) ;
#526 = CARTESIAN_POINT ( 'NONE',  ( 15.49999999999999300, 2.610000000000029200, -15.49999999999999600 ) ) ;
#527 = CARTESIAN_POINT ( 'NONE',  ( -15.19071081559299300, 2.474345677606101500, -15.97340730289245600 ) ) ;
#528 = CARTESIAN_POINT ( 'NONE',  ( 19.00000000000000400, 12.00000000000000000, 16.37157287525380400 ) ) ;
#529 = CARTESIAN_POINT ( 'NONE',  ( 14.95019439558399900, 2.610000000000027400, 15.58276350254038400 ) ) ;
#530 = ORIENTED_EDGE ( 'NONE', *, *, #2546, .F. ) ;
#531 = CIRCLE ( 'NONE', #5694, 1.999999999999998200 ) ;
#532 = LINE ( 'NONE', #3149, #7895 ) ;
#533 = ORIENTED_EDGE ( 'NONE', *, *, #2100, .F. ) ;
#534 = DIRECTION ( 'NONE',  ( 0.0000000000000000000, 0.7071067811865436900, 0.7071067811865513500 ) ) ;
#535 = VECTOR ( 'NONE', #12007, 1000.000000000000000 ) ;
#536 = DIRECTION ( 'NONE',  ( 0.0000000000000000000, 0.0000000000000000000, 1.000000000000000000 ) ) ;
#537 = CARTESIAN_POINT ( 'NONE',  ( 15.49999999999999300, 34.00000000000000000, 13.94999999999998700 ) ) ;
#538 = EDGE_CURVE ( 'NONE', #2587, #1070, #10662, .T. ) ;
#539 = CARTESIAN_POINT ( 'NONE',  ( -14.94781922401182700, 2.610000000000031400, -15.43494317384708300 ) ) ;
#540 = ORIENTED_EDGE ( 'NONE', *, *, #3714, .T. ) ;
#541 = ADVANCED_FACE ( 'NONE', ( #3267 ), #9965, .T. ) ;
#542 = EDGE_CURVE ( 'NONE', #3154, #6795, #10367, .T. ) ;
#543 = AXIS2_PLACEMENT_3D ( 'NONE', #681, #3592, #6442 ) ;
#544 = CARTESIAN_POINT ( 'NONE',  ( 16.04980560441600800, 2.610000000000027400, 15.41723649745962600 ) ) ;
#545 = ORIENTED_EDGE ( 'NONE', *, *, #1711, .F. ) ;
#546 = EDGE_CURVE ( 'NONE', #9212, #10060, #2959, .T. ) ;
#547 = PLANE ( 'NONE',  #9738 ) ;
#548 = CIRCLE ( 'NONE', #3076, 1.500000000000000000 ) ;
#549 = CARTESIAN_POINT ( 'NONE',  ( -16.01066363930343100, 0.6000000000000063100, 16.95812298778031400 ) ) ;
#550 = CIRCLE ( 'NONE', #2509, 4.150000000000000400 ) ;
#551 = DIRECTION ( 'NONE',  ( -0.0000000000000000000, 0.0000000000000000000, 1.000000000000000000 ) ) ;
#552 = DIRECTION ( 'NONE',  ( -0.0000000000000000000, -1.000000000000000000, -0.0000000000000000000 ) ) ;
#553 = CARTESIAN_POINT ( 'NONE',  ( -0.3394521936433762500, 4.110050607254169800, 28.20000000000000300 ) ) ;
#554 = EDGE_LOOP ( 'NONE', ( #4402, #5616, #3086, #8640 ) ) ;
#555 = AXIS2_PLACEMENT_3D ( 'NONE', #9025, #6154, #386 ) ;
#556 = DIRECTION ( 'NONE',  ( -0.0000000000000000000, -1.000000000000000000, -0.0000000000000000000 ) ) ;
#557 = ORIENTED_EDGE ( 'NONE', *, *, #2221, .T. ) ;
#558 = EDGE_CURVE ( 'NONE', #9553, #8937, #7753, .T. ) ;
#559 = DIRECTION ( 'NONE',  ( 0.0000000000000000000, 0.0000000000000000000, -1.000000000000000000 ) ) ;
#560 = LINE ( 'NONE', #9527, #7922 ) ;
#561 = VERTEX_POINT ( 'NONE', #4643 ) ;
#562 = DIRECTION ( 'NONE',  ( -0.0000000000000000000, -1.000000000000000000, -0.0000000000000000000 ) ) ;
#563 = ADVANCED_FACE ( 'NONE', ( #7458 ), #10062, .F. ) ;
#564 = CARTESIAN_POINT ( 'NONE',  ( 16.55338432521336100, 0.6000000000000276200, 16.63016877650854000 ) ) ;
#565 = ORIENTED_EDGE ( 'NONE', *, *, #9494, .F. ) ;
#566 = DIRECTION ( 'NONE',  ( -0.0000000000000000000, -1.000000000000000000, -0.0000000000000000000 ) ) ;
#567 = CARTESIAN_POINT ( 'NONE',  ( -14.98933636069658200, 0.6000000000000063100, 14.04187701221969100 ) ) ;
#568 = DIRECTION ( 'NONE',  ( -1.000000000000000000, 0.0000000000000000000, -0.0000000000000000000 ) ) ;
#569 = CARTESIAN_POINT ( 'NONE',  ( 4.449164391271497000E-015, 8.500000000000000000, -7.999999999999992900 ) ) ;
#570 = CARTESIAN_POINT ( 'NONE',  ( -15.50000000000000700, -5.749999999999959100, -15.49999999999999600 ) ) ;
#571 = ORIENTED_EDGE ( 'NONE', *, *, #4501, .F. ) ;
#572 = LINE ( 'NONE', #799, #3151 ) ;
#573 = VECTOR ( 'NONE', #8263, 999.9999999999998900 ) ;
#574 = MANIFOLD_SOLID_BREP ( 'countersunk flat head cross recess screw_din-2-solid1', #10313 ) ;
#575 = VERTEX_POINT ( 'NONE', #12389 ) ;
#576 = DIRECTION ( 'NONE',  ( 1.000000000000000000, -0.0000000000000000000, 0.0000000000000000000 ) ) ;
#577 = DIRECTION ( 'NONE',  ( -1.000000000000000000, 0.0000000000000000000, 0.0000000000000000000 ) ) ;
#578 = ORIENTED_EDGE ( 'NONE', *, *, #298, .F. ) ;
#579 = CARTESIAN_POINT ( 'NONE',  ( 3.469446951953614200E-015, 2.500000000000004000, 6.938893903907228400E-015 ) ) ;
#580 = CARTESIAN_POINT ( 'NONE',  ( -16.37157287525380400, 0.5000000000000004400, 19.00000000000000400 ) ) ;
#581 = EDGE_CURVE ( 'NONE', #171, #159, #388, .T. ) ;
#582 = ORIENTED_EDGE ( 'NONE', *, *, #3732, .T. ) ;
#583 = AXIS2_PLACEMENT_3D ( 'NONE', #5517, #8393, #4586 ) ;
#584 = DIRECTION ( 'NONE',  ( 0.0000000000000000000, 1.000000000000000000, 0.0000000000000000000 ) ) ;
#585 = ORIENTED_EDGE ( 'NONE', *, *, #9841, .F. ) ;
#586 = CARTESIAN_POINT ( 'NONE',  ( 15.56331376197796800, 8.500000000000000000, 20.32592592592592200 ) ) ;
#587 = CIRCLE ( 'NONE', #4181, 0.5559999999999997200 ) ;
#588 = VECTOR ( 'NONE', #9487, 1000.000000000000000 ) ;
#589 = CARTESIAN_POINT ( 'NONE',  ( 0.0000000000000000000, 12.00000000000000000, 0.0000000000000000000 ) ) ;
#590 = CARTESIAN_POINT ( 'NONE',  ( -15.50000000000000700, 2.610000000000006100, 15.50000000000000400 ) ) ;
#591 = EDGE_LOOP ( 'NONE', ( #11817, #11452, #7043, #7455, #6251, #3727, #2867, #8524 ) ) ;
#592 = DIRECTION ( 'NONE',  ( 0.0000000000000000000, 0.0000000000000000000, -1.000000000000000000 ) ) ;
#593 = VERTEX_POINT ( 'NONE', #794 ) ;
#594 = CARTESIAN_POINT ( 'NONE',  ( 6.938893903907228400E-015, 29.89999999999999500, 3.469446951953614200E-015 ) ) ;
#595 = DIRECTION ( 'NONE',  ( 0.0000000000000000000, 1.000000000000000000, -0.0000000000000000000 ) ) ;
#596 = ORIENTED_EDGE ( 'NONE', *, *, #8207, .T. ) ;
#597 = CARTESIAN_POINT ( 'NONE',  ( 15.73603166816294200, 2.474345677606098400, 14.97873167487071600 ) ) ;
#598 = EDGE_CURVE ( 'NONE', #6112, #2497, #2666, .T. ) ;
#599 = VECTOR ( 'NONE', #10906, 1000.000000000000000 ) ;
#600 = DIRECTION ( 'NONE',  ( 0.0000000000000000000, 0.0000000000000000000, 1.000000000000000000 ) ) ;
#601 = VERTEX_POINT ( 'NONE', #3506 ) ;
#602 = EDGE_CURVE ( 'NONE', #9913, #6714, #9757, .T. ) ;
#603 = DIRECTION ( 'NONE',  ( 0.0000000000000000000, 0.0000000000000000000, -1.000000000000000000 ) ) ;
#604 = ADVANCED_FACE ( 'NONE', ( #12350 ), #4348, .F. ) ;
#605 = DIRECTION ( 'NONE',  ( 0.0000000000000000000, 0.0000000000000000000, 1.000000000000000000 ) ) ;
#606 = ORIENTED_EDGE ( 'NONE', *, *, #7807, .T. ) ;
#607 = ORIENTED_EDGE ( 'NONE', *, *, #10068, .F. ) ;
#608 = EDGE_LOOP ( 'NONE', ( #12166, #4798 ) ) ;
#609 = CARTESIAN_POINT ( 'NONE',  ( 15.46254419180371200, 2.610000000000027400, 14.88084507960053500 ) ) ;
#610 = DIRECTION ( 'NONE',  ( 0.0000000000000000000, 1.000000000000000000, 0.0000000000000000000 ) ) ;
#611 = LINE ( 'NONE', #363, #7967 ) ;
#613 = CARTESIAN_POINT ( 'NONE',  ( -13.99590361883903700, 1.000000000000010900, 13.19778496308914100 ) ) ;
#612 = VECTOR ( 'NONE', #11036, 1000.000000000000100 ) ;
#614 = DIRECTION ( 'NONE',  ( 0.5469441386039891600, 0.0000000000000000000, -0.8371691043312219400 ) ) ;
#615 = CARTESIAN_POINT ( 'NONE',  ( -14.95618568730830600, 2.424605185108624500, 15.74686437657937400 ) ) ;
#616 = ORIENTED_EDGE ( 'NONE', *, *, #62, .F. ) ;
#617 = DIRECTION ( 'NONE',  ( -0.0000000000000000000, -1.000000000000000000, 0.0000000000000000000 ) ) ;
#618 = AXIS2_PLACEMENT_3D ( 'NONE', #10765, #7813, #6894 ) ;
#619 = EDGE_CURVE ( 'NONE', #8734, #801, #2364, .T. ) ;
#620 = AXIS2_PLACEMENT_3D ( 'NONE', #528, #7260, #1515 ) ;
#621 = EDGE_LOOP ( 'NONE', ( #6327, #5781, #3488, #4383 ) ) ;
#622 = CLOSED_SHELL ( 'NONE', ( #6995, #6435, #10827, #8787, #3325, #12486, #1724, #813, #9537, #7442, #9801, #9313, #3913, #1153, #9734, #7222, #12547, #10991, #3640, #694, #10297, #11718, #8912, #155, #6376, #3452, #6728, #3045, #3900, #8198, #5285, #9548, #3696, #6663, #10070, #353, #8450, #1696, #2157, #314, #3148 ) ) ;
#623 = VERTEX_POINT ( 'NONE', #8451 ) ;
#624 = CARTESIAN_POINT ( 'NONE',  ( 14.44661567478663500, 0.6000000000000297300, -16.63016877650853300 ) ) ;
#625 = CARTESIAN_POINT ( 'NONE',  ( 15.51722593638709200, 1.270265698095188100, -14.84988063100717600 ) ) ;
#626 = CARTESIAN_POINT ( 'NONE',  ( 15.49999999999999300, 2.610000000000029200, -15.49999999999999600 ) ) ;
#627 = DIRECTION ( 'NONE',  ( 0.0000000000000000000, 0.0000000000000000000, -1.000000000000000000 ) ) ;
#628 = CIRCLE ( 'NONE', #9322, 0.5559999999999997200 ) ;
#629 = CYLINDRICAL_SURFACE ( 'NONE', #517, 11.00000000000000500 ) ;
#630 = ORIENTED_EDGE ( 'NONE', *, *, #11797, .F. ) ;
#631 = DIRECTION ( 'NONE',  ( 0.0000000000000000000, 1.000000000000000000, 0.0000000000000000000 ) ) ;
#632 = CARTESIAN_POINT ( 'NONE',  ( 6.938893903907228400E-015, 33.50000000000000000, -21.00000000000000000 ) ) ;
#633 = ORIENTED_EDGE ( 'NONE', *, *, #9112, .F. ) ;
#634 = ORIENTED_EDGE ( 'NONE', *, *, #4847, .F. ) ;
#635 = ADVANCED_FACE ( 'NONE', ( #12044 ), #4317, .T. ) ;
#636 = CARTESIAN_POINT ( 'NONE',  ( 15.49999999999999300, 33.69999999999998200, -15.49999999999999600 ) ) ;
#637 = ORIENTED_EDGE ( 'NONE', *, *, #9979, .F. ) ;
#638 = AXIS2_PLACEMENT_3D ( 'NONE', #9009, #3250, #9997 ) ;
#639 = ORIENTED_EDGE ( 'NONE', *, *, #8564, .T. ) ;
#640 = DIRECTION ( 'NONE',  ( -0.0000000000000000000, -1.000000000000000000, 0.0000000000000000000 ) ) ;
#641 = FACE_OUTER_BOUND ( 'NONE', #5851, .T. ) ;
#642 = CIRCLE ( 'NONE', #12279, 0.5559999999999988300 ) ;
#643 = DIRECTION ( 'NONE',  ( 0.0000000000000000000, 1.000000000000000000, 0.0000000000000000000 ) ) ;
#644 = CARTESIAN_POINT ( 'NONE',  ( -15.50000000000000700, 2.610000000000031400, -15.49999999999999600 ) ) ;
#645 = VERTEX_POINT ( 'NONE', #9251 ) ;
#646 = EDGE_CURVE ( 'NONE', #3284, #9212, #9458, .T. ) ;
#647 = VERTEX_POINT ( 'NONE', #751 ) ;
#648 = ORIENTED_EDGE ( 'NONE', *, *, #3197, .F. ) ;
#649 = DIRECTION ( 'NONE',  ( -0.0000000000000000000, 1.000000000000000000, -0.0000000000000000000 ) ) ;
#650 = FACE_OUTER_BOUND ( 'NONE', #2315, .T. ) ;
#651 = DIRECTION ( 'NONE',  ( -0.7071067811865475700, 0.0000000000000000000, 0.7071067811865475700 ) ) ;
#652 = ORIENTED_EDGE ( 'NONE', *, *, #6609, .T. ) ;
#653 = DIRECTION ( 'NONE',  ( 0.0000000000000000000, 0.0000000000000000000, -1.000000000000000000 ) ) ;
#654 = LINE ( 'NONE', #9539, #10609 ) ;
#655 = VECTOR ( 'NONE', #4885, 999.9999999999998900 ) ;
#656 = AXIS2_PLACEMENT_3D ( 'NONE', #9011, #10000, #11963 ) ;
#657 = ORIENTED_EDGE ( 'NONE', *, *, #2627, .T. ) ;
#658 = CARTESIAN_POINT ( 'NONE',  ( -15.71441625783252500, 2.610000000000031400, -16.08204932900881100 ) ) ;
#659 = EDGE_LOOP ( 'NONE', ( #8461, #5880, #6559, #4341 ) ) ;
#660 = APPROVAL_STATUS ( 'not_yet_approved' ) ;
#661 = DIRECTION ( 'NONE',  ( 1.000000000000000000, -0.0000000000000000000, 0.0000000000000000000 ) ) ;
#662 = EDGE_CURVE ( 'NONE', #4239, #3979, #6851, .T. ) ;
#663 = VECTOR ( 'NONE', #5936, 999.9999999999998900 ) ;
#664 = AXIS2_PLACEMENT_3D ( 'NONE', #11055, #3367, #9143 ) ;
#665 = ORIENTED_EDGE ( 'NONE', *, *, #5070, .T. ) ;
#666 = CIRCLE ( 'NONE', #2811, 4.150000000000001200 ) ;
#667 = CONICAL_SURFACE ( 'NONE', #9974, 2.750000000000000900, 0.7853981633974500600 ) ;
#668 = ORIENTED_EDGE ( 'NONE', *, *, #2696, .T. ) ;
#669 = CARTESIAN_POINT ( 'NONE',  ( 3.469446951953614200E-014, 35.50000000000000700, 3.122502256758252800E-014 ) ) ;
#670 = CARTESIAN_POINT ( 'NONE',  ( -1.146920613196721600, 4.110050607254169800, 30.20000000000000300 ) ) ;
#671 = CARTESIAN_POINT ( 'NONE',  ( 14.80356900291316100, 0.6000000000000276200, 15.48696935691685400 ) ) ;
#672 = DIRECTION ( 'NONE',  ( 1.000000000000000000, 0.0000000000000000000, 0.0000000000000000000 ) ) ;
#673 = ORIENTED_EDGE ( 'NONE', *, *, #7463, .F. ) ;
#674 = ADVANCED_FACE ( 'NONE', ( #1764 ), #456, .F. ) ;
#675 = FACE_OUTER_BOUND ( 'NONE', #6651, .T. ) ;
#676 = ORIENTED_EDGE ( 'NONE', *, *, #5386, .T. ) ;
#677 = DIRECTION ( 'NONE',  ( -0.0000000000000000000, 0.0000000000000000000, 1.000000000000000000 ) ) ;
#678 = VECTOR ( 'NONE', #8502, 1000.000000000000000 ) ;
#679 = AXIS2_PLACEMENT_3D ( 'NONE', #4178, #10939, #5146 ) ;
#680 = EDGE_CURVE ( 'NONE', #103, #207, #11734, .T. ) ;
#681 = CARTESIAN_POINT ( 'NONE',  ( 15.50000000000000400, 2.610000000000027400, 15.50000000000000500 ) ) ;
#682 = EDGE_CURVE ( 'NONE', #6550, #1207, #9140, .T. ) ;
#683 = DIRECTION ( 'NONE',  ( 0.0000000000000000000, 1.000000000000000000, 0.0000000000000000000 ) ) ;
#684 = VECTOR ( 'NONE', #6824, 1000.000000000000000 ) ;
#685 = CYLINDRICAL_SURFACE ( 'NONE', #9282, 25.60000000000001900 ) ;
#686 = ORIENTED_EDGE ( 'NONE', *, *, #10820, .T. ) ;
#687 = CIRCLE ( 'NONE', #7487, 2.000000000000001800 ) ;
#688 = CARTESIAN_POINT ( 'NONE',  ( -15.50000000000000700, 8.500000000000000000, -15.49999999999999600 ) ) ;
#689 = CARTESIAN_POINT ( 'NONE',  ( 3.469446951953614200E-015, 8.500000000000000000, 6.938893903907228400E-015 ) ) ;
#690 = ORIENTED_EDGE ( 'NONE', *, *, #10311, .T. ) ;
#691 = AXIS2_PLACEMENT_3D ( 'NONE', #4150, #10910, #5115 ) ;
#692 = VERTEX_POINT ( 'NONE', #333 ) ;
#693 = DIRECTION ( 'NONE',  ( 0.5469441386039892700, 0.0000000000000000000, -0.8371691043312217100 ) ) ;
#694 = ADVANCED_FACE ( 'NONE', ( #2068 ), #6015, .T. ) ;
#695 = PLANE ( 'NONE',  #8273 ) ;
#696 = VECTOR ( 'NONE', #9784, 1000.000000000000000 ) ;
#697 = ORIENTED_EDGE ( 'NONE', *, *, #9887, .F. ) ;
#698 = TOROIDAL_SURFACE ( 'NONE', #887, 5.250000000000000000, 1.650000000000000100 ) ;
#699 = DIRECTION ( 'NONE',  ( -0.0000000000000000000, 1.000000000000000000, -0.0000000000000000000 ) ) ;
#700 = CARTESIAN_POINT ( 'NONE',  ( 19.00000000000000400, 0.0000000000000000000, 16.37157287525380400 ) ) ;
#701 = VECTOR ( 'NONE', #11448, 1000.000000000000200 ) ;
#702 = ORIENTED_EDGE ( 'NONE', *, *, #4702, .F. ) ;
#703 = CARTESIAN_POINT ( 'NONE',  ( -20.99999999999998200, 23.40000000000000600, -16.37157287525381100 ) ) ;
#704 = CARTESIAN_POINT ( 'NONE',  ( 1.132563768976758700, 6.110050607254169800, 30.20000000000000300 ) ) ;
#705 = DIRECTION ( 'NONE',  ( -0.2440452458516469700, -0.8949343913984425500, 0.3735429735244773000 ) ) ;
#706 = CARTESIAN_POINT ( 'NONE',  ( 17.14999999999998400, 26.00000000000000400, 13.13154598666892500 ) ) ;
#707 = CIRCLE ( 'NONE', #6533, 7.700000000000005500 ) ;
#708 = AXIS2_PLACEMENT_3D ( 'NONE', #4299, #11053, #5261 ) ;
#709 = CYLINDRICAL_SURFACE ( 'NONE', #1462, 0.8074684195533453600 ) ;
#710 = DIRECTION ( 'NONE',  ( -0.0000000000000000000, -1.000000000000000000, 0.0000000000000000000 ) ) ;
#711 = EDGE_CURVE ( 'NONE', #1838, #7184, #4006, .T. ) ;
#712 = ORIENTED_EDGE ( 'NONE', *, *, #6889, .F. ) ;
#713 = EDGE_LOOP ( 'NONE', ( #1542, #7791, #3782, #903 ) ) ;
#714 = DIRECTION ( 'NONE',  ( 0.0000000000000000000, -1.000000000000000000, 0.0000000000000000000 ) ) ;
#715 = CYLINDRICAL_SURFACE ( 'NONE', #12552, 1.499999999999999600 ) ;
#716 = PERSON_AND_ORGANIZATION ( #9551, #9632 ) ;
#717 = AXIS2_PLACEMENT_3D ( 'NONE', #5894, #11704, #3034 ) ;
#718 = EDGE_LOOP ( 'NONE', ( #6088, #6827 ) ) ;
#719 = CARTESIAN_POINT ( 'NONE',  ( 15.49999999999999300, 33.70000000000000300, 14.24999999999999100 ) ) ;
#720 = VERTEX_POINT ( 'NONE', #2290 ) ;
#721 = ORIENTED_EDGE ( 'NONE', *, *, #8691, .F. ) ;
#722 = DIRECTION ( 'NONE',  ( -0.0000000000000000000, -1.000000000000000000, 0.0000000000000000000 ) ) ;
#723 = ADVANCED_FACE ( 'NONE', ( #4917 ), #4809, .F. ) ;
#724 = EDGE_CURVE ( 'NONE', #7537, #9913, #8826, .T. ) ;
#725 = CARTESIAN_POINT ( 'NONE',  ( 3.520269794118229500E-014, 36.00000000000000700, -4.149999999999968400 ) ) ;
#726 = ORIENTED_EDGE ( 'NONE', *, *, #7721, .T. ) ;
#727 = AXIS2_PLACEMENT_3D ( 'NONE', #6476, #710, #7437 ) ;
#728 = CARTESIAN_POINT ( 'NONE',  ( 3.469446951953614200E-015, 7.500000000000001800, -6.349999999999997900 ) ) ;
#729 = VECTOR ( 'NONE', #8984, 1000.000000000000000 ) ;
#730 = LINE ( 'NONE', #3159, #10399 ) ;
#731 = DIRECTION ( 'NONE',  ( -0.0000000000000000000, -1.000000000000000000, -0.0000000000000000000 ) ) ;
#732 = ORIENTED_EDGE ( 'NONE', *, *, #11278, .F. ) ;
#733 = DIRECTION ( 'NONE',  ( 0.5469441386039891600, 0.0000000000000000000, -0.8371691043312219400 ) ) ;
#734 = ORIENTED_EDGE ( 'NONE', *, *, #8954, .T. ) ;
#735 = CARTESIAN_POINT ( 'NONE',  ( -20.49999999999998200, 34.00000000000000000, -16.37157287525381100 ) ) ;
#736 = DIRECTION ( 'NONE',  ( 0.7071067811865474600, 0.0000000000000000000, 0.7071067811865474600 ) ) ;
#737 = DIRECTION ( 'NONE',  ( 0.5469441386039871600, 0.0000000000000000000, -0.8371691043312232700 ) ) ;
#738 = VECTOR ( 'NONE', #11130, 1000.000000000000000 ) ;
#739 = CIRCLE ( 'NONE', #11623, 2.000000000000000000 ) ;
#740 = AXIS2_PLACEMENT_3D ( 'NONE', #10034, #11988, #6167 ) ;
#741 = DIRECTION ( 'NONE',  ( -0.0000000000000000000, -0.0000000000000000000, -1.000000000000000000 ) ) ;
#742 = EDGE_LOOP ( 'NONE', ( #3342, #6301, #4162, #634 ) ) ;
#743 = EDGE_CURVE ( 'NONE', #10958, #2758, #1461, .T. ) ;
#744 = DIRECTION ( 'NONE',  ( -0.9108500044181590000, 0.0000000000000000000, -0.4127375309460478100 ) ) ;
#745 = AXIS2_PLACEMENT_3D ( 'NONE', #10136, #4355, #468 ) ;
#746 = DIRECTION ( 'NONE',  ( 0.0000000000000000000, 0.0000000000000000000, 1.000000000000000000 ) ) ;
#747 = ORIENTED_EDGE ( 'NONE', *, *, #11196, .T. ) ;
#748 = ORIENTED_EDGE ( 'NONE', *, *, #8072, .F. ) ;
#749 = ADVANCED_FACE ( 'NONE', ( #3703 ), #11423, .T. ) ;
#750 = DIRECTION ( 'NONE',  ( 0.0000000000000000000, 0.0000000000000000000, 1.000000000000000000 ) ) ;
#751 = CARTESIAN_POINT ( 'NONE',  ( -14.64103821455298000, 12.00000000000000000, -20.99999999999999600 ) ) ;
#752 = VECTOR ( 'NONE', #3688, 1000.000000000000000 ) ;
#753 = FACE_OUTER_BOUND ( 'NONE', #3755, .T. ) ;
#754 = ORIENTED_EDGE ( 'NONE', *, *, #429, .F. ) ;
#755 = DIRECTION ( 'NONE',  ( -0.0000000000000000000, -1.000000000000000000, 0.0000000000000000000 ) ) ;
#756 = CARTESIAN_POINT ( 'NONE',  ( 15.49999999999999300, 0.0000000000000000000, -11.74999999999999300 ) ) ;
#757 = VERTEX_POINT ( 'NONE', #510 ) ;
#758 = ORIENTED_EDGE ( 'NONE', *, *, #4758, .F. ) ;
#759 = EDGE_CURVE ( 'NONE', #7024, #9177, #1152, .T. ) ;
#760 = VERTEX_POINT ( 'NONE', #8197 ) ;
#761 = EDGE_CURVE ( 'NONE', #5396, #5177, #5960, .T. ) ;
#762 = DIRECTION ( 'NONE',  ( 0.5469441386039882700, 0.0000000000000000000, -0.8371691043312226000 ) ) ;
#763 = CIRCLE ( 'NONE', #8397, 2.000000000000001800 ) ;
#764 = FACE_OUTER_BOUND ( 'NONE', #7937, .T. ) ;
#765 = CARTESIAN_POINT ( 'NONE',  ( 15.49999999999999300, 29.60000000000003300, -15.49999999999999600 ) ) ;
#766 = EDGE_LOOP ( 'NONE', ( #11017, #7022, #3219, #3465 ) ) ;
#767 = CARTESIAN_POINT ( 'NONE',  ( -15.50000000000000700, 8.500000000000000000, -14.24999999999999600 ) ) ;
#768 = EDGE_LOOP ( 'NONE', ( #7365, #1442, #1553, #476 ) ) ;
#769 = ORIENTED_EDGE ( 'NONE', *, *, #8845, .T. ) ;
#770 = CARTESIAN_POINT ( 'NONE',  ( 3.469446951953614200E-014, 33.30000000000000400, 3.122502256758252800E-014 ) ) ;
#771 = DIRECTION ( 'NONE',  ( -0.0000000000000000000, -1.000000000000000000, -0.0000000000000000000 ) ) ;
#772 = VERTEX_POINT ( 'NONE', #7956 ) ;
#773 = EDGE_CURVE ( 'NONE', #207, #7843, #6261, .T. ) ;
#774 = DIRECTION ( 'NONE',  ( 0.0000000000000000000, 0.0000000000000000000, -1.000000000000000000 ) ) ;
#775 = VECTOR ( 'NONE', #6957, 1000.000000000000200 ) ;
#776 = CYLINDRICAL_SURFACE ( 'NONE', #11366, 1.250000000000011500 ) ;
#777 = AXIS2_PLACEMENT_3D ( 'NONE', #12473, #9574, #11520 ) ;
#778 = CARTESIAN_POINT ( 'NONE',  ( 19.00000000000000400, 12.00000000000000000, -16.37157287525380400 ) ) ;
#779 = ORIENTED_EDGE ( 'NONE', *, *, #7496, .F. ) ;
#780 = AXIS2_PLACEMENT_3D ( 'NONE', #6115, #341, #7061 ) ;
#781 = DIRECTION ( 'NONE',  ( -0.0000000000000000000, -1.000000000000000000, -0.0000000000000000000 ) ) ;
#782 = ORIENTED_EDGE ( 'NONE', *, *, #5073, .F. ) ;
#783 = DIRECTION ( 'NONE',  ( -5.204170427930426000E-015, 0.0000000000000000000, 1.000000000000000000 ) ) ;
#784 = CARTESIAN_POINT ( 'NONE',  ( 15.49999999999999300, 8.500000000000000000, -15.49999999999999600 ) ) ;
#785 = ORIENTED_EDGE ( 'NONE', *, *, #5073, .T. ) ;
#786 = ADVANCED_FACE ( 'NONE', ( #11119 ), #9899, .T. ) ;
#787 = CARTESIAN_POINT ( 'NONE',  ( 15.51303064308315200, 0.6000000000000276200, 14.80356900291316300 ) ) ;
#788 = CIRCLE ( 'NONE', #2114, 0.5559999999999997200 ) ;
#789 = TOROIDAL_SURFACE ( 'NONE', #6407, 2.799999999999999800, 0.2999999999999999300 ) ;
#790 = DIRECTION ( 'NONE',  ( 0.0000000000000000000, 1.000000000000000000, 0.0000000000000000000 ) ) ;
#791 = CARTESIAN_POINT ( 'NONE',  ( 15.53745580819628500, 2.610000000000029200, -14.88084507960052400 ) ) ;
#792 = EDGE_LOOP ( 'NONE', ( #4946, #3246, #6768, #8176 ) ) ;
#793 = DIRECTION ( 'NONE',  ( 0.0000000000000000000, 0.0000000000000000000, -1.000000000000000000 ) ) ;
#794 = CARTESIAN_POINT ( 'NONE',  ( 15.02046330534038400, 2.610000000000029200, -15.21860959775618500 ) ) ;
#795 = ORIENTED_EDGE ( 'NONE', *, *, #5034, .T. ) ;
#796 = EDGE_LOOP ( 'NONE', ( #2939, #3679, #2636, #10986 ) ) ;
#797 = EDGE_CURVE ( 'NONE', #12511, #10429, #10807, .T. ) ;
#798 = AXIS2_PLACEMENT_3D ( 'NONE', #1320, #8025, #2287 ) ;
#799 = CARTESIAN_POINT ( 'NONE',  ( 6.430665482261076600E-015, 11.46249999999999700, 4.150000000000004800 ) ) ;
#800 = FACE_OUTER_BOUND ( 'NONE', #4128, .T. ) ;
#801 = VERTEX_POINT ( 'NONE', #2228 ) ;
#802 = EDGE_CURVE ( 'NONE', #3390, #12102, #838, .T. ) ;
#803 = VECTOR ( 'NONE', #7157, 999.9999999999998900 ) ;
#804 = LINE ( 'NONE', #10217, #5931 ) ;
#805 =( BOUNDED_CURVE ( )  B_SPLINE_CURVE ( 3, ( #7591, #7552, #9576, #3786 ),
 .UNSPECIFIED., .F., .T. ) 
 B_SPLINE_CURVE_WITH_KNOTS ( ( 4, 4 ),
 ( 5.754796812637096100, 6.811573801722079000 ),
 .UNSPECIFIED. ) 
 CURVE ( )  GEOMETRIC_REPRESENTATION_ITEM ( )  RATIONAL_B_SPLINE_CURVE ( ( 1.000000000000000000, 0.9090804130449043900, 0.9090804130449043900, 1.000000000000000000 ) ) 
 REPRESENTATION_ITEM ( '' )  );
#806 = ORIENTED_EDGE ( 'NONE', *, *, #2527, .T. ) ;
#807 = CARTESIAN_POINT ( 'NONE',  ( 15.50000000000000400, 2.610000000000027400, 15.50000000000000500 ) ) ;
#808 = CARTESIAN_POINT ( 'NONE',  ( -16.37157287525380400, 8.500000000000000000, 21.00000000000000400 ) ) ;
#809 = ORIENTED_EDGE ( 'NONE', *, *, #3427, .T. ) ;
#810 = LINE ( 'NONE', #11280, #8182 ) ;
#811 = ORIENTED_EDGE ( 'NONE', *, *, #6445, .F. ) ;
#812 = AXIS2_PLACEMENT_3D ( 'NONE', #89, #6831, #1083 ) ;
#813 = ADVANCED_FACE ( 'NONE', ( #5664 ), #11729, .T. ) ;
#814 = FACE_OUTER_BOUND ( 'NONE', #6026, .T. ) ;
#815 = CARTESIAN_POINT ( 'NONE',  ( -15.53745580819629900, 2.610000000000006100, 14.88084507960053300 ) ) ;
#816 = ORIENTED_EDGE ( 'NONE', *, *, #7827, .T. ) ;
#817 = CARTESIAN_POINT ( 'NONE',  ( -21.00000000000000000, 12.00000000000000000, 0.0000000000000000000 ) ) ;
#818 = CARTESIAN_POINT ( 'NONE',  ( -15.45154568734832200, 1.940406951505540200, 16.10232027957599900 ) ) ;
#819 = MANIFOLD_SOLID_BREP ( 'radial ball bearing_68_din-3-solid1', #2906 ) ;
#820 = DIRECTION ( 'NONE',  ( 0.0000000000000000000, 0.0000000000000000000, 1.000000000000000000 ) ) ;
#821 = EDGE_CURVE ( 'NONE', #9260, #11535, #8504, .T. ) ;
#822 = ORIENTED_EDGE ( 'NONE', *, *, #3142, .T. ) ;
#823 = AXIS2_PLACEMENT_3D ( 'NONE', #7131, #1391, #8089 ) ;
#824 = CARTESIAN_POINT ( 'NONE',  ( 3.469446951953614200E-015, 7.500000000000001800, 6.938893903907228400E-015 ) ) ;
#825 = CIRCLE ( 'NONE', #1027, 2.749999999999999100 ) ;
#826 = ORIENTED_EDGE ( 'NONE', *, *, #3760, .F. ) ;
#827 = CARTESIAN_POINT ( 'NONE',  ( 15.28558374216747300, 2.610000000000029200, -16.08204932900881100 ) ) ;
#828 = CARTESIAN_POINT ( 'NONE',  ( 20.50000000000000000, 0.0000000000000000000, 0.0000000000000000000 ) ) ;
#829 = FACE_BOUND ( 'NONE', #8196, .T. ) ;
#830 = DIRECTION ( 'NONE',  ( -0.0000000000000000000, -1.000000000000000000, 0.0000000000000000000 ) ) ;
#831 = ORIENTED_EDGE ( 'NONE', *, *, #6677, .T. ) ;
#832 = ORIENTED_EDGE ( 'NONE', *, *, #7917, .F. ) ;
#833 = CARTESIAN_POINT ( 'NONE',  ( -15.53745580819629900, 2.610000000000031400, -16.11915492039946700 ) ) ;
#834 = CARTESIAN_POINT ( 'NONE',  ( 3.469446951953614200E-014, 33.30000000000000400, -10.99999999999997300 ) ) ;
#835 = VECTOR ( 'NONE', #2260, 1000.000000000000100 ) ;
#836 = CARTESIAN_POINT ( 'NONE',  ( 13.13154598666890900, 26.00000000000000400, 17.14999999999999900 ) ) ;
#837 = AXIS2_PLACEMENT_3D ( 'NONE', #2985, #9745, #3948 ) ;
#838 = CIRCLE ( 'NONE', #8184, 0.5560000000000002700 ) ;
#839 = ORIENTED_EDGE ( 'NONE', *, *, #1012, .F. ) ;
#840 = EDGE_CURVE ( 'NONE', #7658, #1498, #532, .T. ) ;
#841 = LINE ( 'NONE', #1360, #10812 ) ;
#842 = CARTESIAN_POINT ( 'NONE',  ( -2.081668171172168500E-014, 8.500000000000000000, -15.49999999999999600 ) ) ;
#843 = EDGE_CURVE ( 'NONE', #1838, #3442, #10506, .T. ) ;
#844 = ORIENTED_EDGE ( 'NONE', *, *, #2565, .T. ) ;
#845 = DIRECTION ( 'NONE',  ( 0.0000000000000000000, 1.000000000000000000, 0.0000000000000000000 ) ) ;
#846 = DIRECTION ( 'NONE',  ( -0.5469441386039886100, 0.0000000000000000000, 0.8371691043312222700 ) ) ;
#847 = VERTEX_POINT ( 'NONE', #1150 ) ;
#848 = CARTESIAN_POINT ( 'NONE',  ( -20.06066017177982300, 0.0000000000000000000, 17.43223304703363000 ) ) ;
#849 = ORIENTED_EDGE ( 'NONE', *, *, #6811, .F. ) ;
#850 = CONICAL_SURFACE ( 'NONE', #11744, 0.5560000000000002700, 0.06981317007976596500 ) ;
#851 = DIRECTION ( 'NONE',  ( 1.000000000000000000, 0.0000000000000000000, 0.0000000000000000000 ) ) ;
#852 = ADVANCED_FACE ( 'NONE', ( #2798 ), #7592, .T. ) ;
#853 = FACE_OUTER_BOUND ( 'NONE', #5475, .T. ) ;
#854 = AXIS2_PLACEMENT_3D ( 'NONE', #11884, #6065, #292 ) ;
#855 = AXIS2_PLACEMENT_3D ( 'NONE', #3864, #10616, #4832 ) ;
#856 = CARTESIAN_POINT ( 'NONE',  ( 14.91795067099118900, 2.610000000000027400, 15.71441625783252900 ) ) ;
#857 = ORIENTED_EDGE ( 'NONE', *, *, #11410, .F. ) ;
#858 = DIRECTION ( 'NONE',  ( 0.03815289444402843200, -0.9975640502598247500, -0.05839796464566778000 ) ) ;
#859 = CARTESIAN_POINT ( 'NONE',  ( -15.50000000000000700, 0.6000000000000063100, 15.50000000000000400 ) ) ;
#860 = CARTESIAN_POINT ( 'NONE',  ( 15.49999999999999300, 2.581370849898507300, -15.49999999999999600 ) ) ;
#861 = VECTOR ( 'NONE', #12427, 1000.000000000000200 ) ;
#862 = VERTEX_POINT ( 'NONE', #9569 ) ;
#863 = ADVANCED_FACE ( 'NONE', ( #224 ), #2507, .T. ) ;
#864 = CARTESIAN_POINT ( 'NONE',  ( 2.440806305255389700, 39.00000000000000000, -0.5407999447351443700 ) ) ;
#865 = DIRECTION ( 'NONE',  ( -0.0000000000000000000, -1.000000000000000000, 0.0000000000000000000 ) ) ;
#866 = ORIENTED_EDGE ( 'NONE', *, *, #10380, .T. ) ;
#867 = AXIS2_PLACEMENT_3D ( 'NONE', #2821, #9582, #3793 ) ;
#868 = DIRECTION ( 'NONE',  ( 0.0000000000000000000, 1.000000000000000000, 0.0000000000000000000 ) ) ;
#869 = ORIENTED_EDGE ( 'NONE', *, *, #11573, .T. ) ;
#870 = DIRECTION ( 'NONE',  ( 0.0000000000000000000, -1.000000000000000000, 0.0000000000000000000 ) ) ;
#871 = EDGE_CURVE ( 'NONE', #6244, #10371, #5367, .T. ) ;
#872 = AXIS2_PLACEMENT_3D ( 'NONE', #6211, #436, #7164 ) ;
#873 = PLANE ( 'NONE',  #2344 ) ;
#874 = DIRECTION ( 'NONE',  ( 0.0000000000000000000, 1.000000000000000000, 0.0000000000000000000 ) ) ;
#875 = DIRECTION ( 'NONE',  ( -0.0000000000000000000, -0.0000000000000000000, -1.000000000000000000 ) ) ;
#876 = DIRECTION ( 'NONE',  ( 0.0000000000000000000, -1.000000000000000000, 0.0000000000000000000 ) ) ;
#877 = EDGE_CURVE ( 'NONE', #11239, #11224, #5063, .T. ) ;
#878 = ADVANCED_FACE ( 'NONE', ( #3108 ), #2210, .T. ) ;
#879 = FACE_OUTER_BOUND ( 'NONE', #962, .T. ) ;
#880 = LINE ( 'NONE', #7258, #5700 ) ;
#881 = CARTESIAN_POINT ( 'NONE',  ( -17.43223304703363400, 0.0000000000000000000, -20.06066017177981900 ) ) ;
#882 = EDGE_LOOP ( 'NONE', ( #1831, #3446, #10858, #9651 ) ) ;
#883 = ORIENTED_EDGE ( 'NONE', *, *, #6810, .T. ) ;
#884 = ORIENTED_EDGE ( 'NONE', *, *, #871, .T. ) ;
#885 = DIRECTION ( 'NONE',  ( 0.0000000000000000000, 0.0000000000000000000, -1.000000000000000000 ) ) ;
#886 = CARTESIAN_POINT ( 'NONE',  ( -15.28558374216748700, 2.610000000000006100, 16.08204932900881800 ) ) ;
#887 = AXIS2_PLACEMENT_3D ( 'NONE', #12572, #974, #7685 ) ;
#888 = VECTOR ( 'NONE', #2878, 1000.000000000000000 ) ;
#889 = FACE_OUTER_BOUND ( 'NONE', #9654, .T. ) ;
#890 = DIRECTION ( 'NONE',  ( -0.7071067811865477900, 0.0000000000000000000, 0.7071067811865472400 ) ) ;
#891 = ORIENTED_EDGE ( 'NONE', *, *, #1385, .F. ) ;
#892 = DIRECTION ( 'NONE',  ( 0.0000000000000000000, 0.0000000000000000000, 1.000000000000000000 ) ) ;
#893 = EDGE_CURVE ( 'NONE', #5485, #6049, #7304, .T. ) ;
#894 = ORIENTED_EDGE ( 'NONE', *, *, #12111, .T. ) ;
#895 = DIRECTION ( 'NONE',  ( 0.0000000000000000000, 0.0000000000000000000, 1.000000000000000000 ) ) ;
#896 = LINE ( 'NONE', #4143, #599 ) ;
#898 = DIRECTION ( 'NONE',  ( 0.8371691043312240500, 0.0000000000000000000, 0.5469441386039857200 ) ) ;
#897 = CYLINDRICAL_SURFACE ( 'NONE', #3443, 0.8074684195533453600 ) ;
#899 = ORIENTED_EDGE ( 'NONE', *, *, #7679, .F. ) ;
#900 = CARTESIAN_POINT ( 'NONE',  ( -14.04187701221969700, 0.6000000000000319500, -14.98933636069656600 ) ) ;
#901 = DIRECTION ( 'NONE',  ( -0.0000000000000000000, -1.000000000000000000, 0.0000000000000000000 ) ) ;
#902 = EDGE_LOOP ( 'NONE', ( #2055, #11828 ) ) ;
#903 = ORIENTED_EDGE ( 'NONE', *, *, #7994, .F. ) ;
#904 = EDGE_CURVE ( 'NONE', #925, #3826, #9901, .T. ) ;
#905 = ORIENTED_EDGE ( 'NONE', *, *, #10597, .T. ) ;
#906 = CARTESIAN_POINT ( 'NONE',  ( 20.41421356237309600, 12.00000000000000000, -17.78578643762690000 ) ) ;
#907 = DIRECTION ( 'NONE',  ( 1.000000000000000000, 0.0000000000000000000, 0.0000000000000000000 ) ) ;
#908 = AXIS2_PLACEMENT_3D ( 'NONE', #9800, #3005, #4015 ) ;
#909 = CARTESIAN_POINT ( 'NONE',  ( 15.49999999999999300, 2.500000000000016000, -14.24999999999999500 ) ) ;
#910 = EDGE_CURVE ( 'NONE', #12530, #1521, #12193, .T. ) ;
#911 = CARTESIAN_POINT ( 'NONE',  ( -17.14999999999999900, 26.00000000000000400, 13.13154598666893100 ) ) ;
#912 = CIRCLE ( 'NONE', #12091, 1.550000000000016700 ) ;
#913 = CIRCLE ( 'NONE', #1351, 0.8000000000000009300 ) ;
#914 = ORIENTED_EDGE ( 'NONE', *, *, #8765, .T. ) ;
#915 = EDGE_CURVE ( 'NONE', #2111, #4250, #7648, .T. ) ;
#916 = DIRECTION ( 'NONE',  ( 1.224646799147351500E-016, 0.0000000000000000000, -1.000000000000000000 ) ) ;
#917 = DIRECTION ( 'NONE',  ( 0.0000000000000000000, 0.0000000000000000000, 1.000000000000000000 ) ) ;
#918 = ORIENTED_EDGE ( 'NONE', *, *, #11732, .F. ) ;
#919 = VERTEX_POINT ( 'NONE', #8697 ) ;
#920 = ORIENTED_EDGE ( 'NONE', *, *, #1922, .F. ) ;
#921 = CARTESIAN_POINT ( 'NONE',  ( -2.799999999999993200, 34.60000000000000100, 3.469446951953614200E-015 ) ) ;
#922 = FACE_OUTER_BOUND ( 'NONE', #2382, .T. ) ;
#923 = VECTOR ( 'NONE', #11949, 1000.000000000000100 ) ;
#924 = DIRECTION ( 'NONE',  ( 0.7071067811865475700, -0.0000000000000000000, 0.7071067811865475700 ) ) ;
#925 = VERTEX_POINT ( 'NONE', #9648 ) ;
#926 = AXIS2_PLACEMENT_3D ( 'NONE', #2684, #12331, #11384 ) ;
#927 = ADVANCED_FACE ( 'NONE', ( #4759 ), #6693, .F. ) ;
#928 = AXIS2_PLACEMENT_3D ( 'NONE', #1888, #9167, #5033 ) ;
#929 = ORIENTED_EDGE ( 'NONE', *, *, #7550, .T. ) ;
#930 = ORIENTED_EDGE ( 'NONE', *, *, #12578, .F. ) ;
#931 = VERTEX_POINT ( 'NONE', #11642 ) ;
#932 = VECTOR ( 'NONE', #1735, 1000.000000000000100 ) ;
#933 = LINE ( 'NONE', #7620, #8314 ) ;
#934 = ORIENTED_EDGE ( 'NONE', *, *, #9264, .T. ) ;
#935 = ADVANCED_FACE ( 'NONE', ( #6991 ), #2898, .F. ) ;
#936 = DIRECTION ( 'NONE',  ( 0.0000000000000000000, 1.000000000000000000, 0.0000000000000000000 ) ) ;
#937 = EDGE_LOOP ( 'NONE', ( #8741, #5509, #8366, #9857 ) ) ;
#938 = EDGE_LOOP ( 'NONE', ( #10033, #5374, #7995, #6014 ) ) ;
#939 = DIRECTION ( 'NONE',  ( -0.0000000000000000000, -1.000000000000000000, 0.0000000000000000000 ) ) ;
#940 = EDGE_CURVE ( 'NONE', #3492, #12453, #4153, .T. ) ;
#942 = DIRECTION ( 'NONE',  ( 0.3735429735244763500, 0.8949343913984425500, 0.2440452458516484700 ) ) ;
#941 = AXIS2_PLACEMENT_3D ( 'NONE', #9549, #3757, #10522 ) ;
#943 = DIRECTION ( 'NONE',  ( -0.8371691043312241600, 2.697020329565932900E-016, -0.5469441386039857200 ) ) ;
#944 = PRODUCT_DEFINITION ( 'UNKNOWN', '', #4184, #11493 ) ;
#945 = EDGE_CURVE ( 'NONE', #9578, #2758, #9304, .T. ) ;
#946 = CIRCLE ( 'NONE', #2416, 2.000000000000000000 ) ;
#947 = ORIENTED_EDGE ( 'NONE', *, *, #5708, .F. ) ;
#948 = EDGE_CURVE ( 'NONE', #5260, #3589, #4461, .T. ) ;
#949 = AXIS2_PLACEMENT_3D ( 'NONE', #4927, #11702, #5890 ) ;
#950 = CYLINDRICAL_SURFACE ( 'NONE', #10350, 1.250000000000011500 ) ;
#951 = CIRCLE ( 'NONE', #11440, 1.500000000000001100 ) ;
#952 = ORIENTED_EDGE ( 'NONE', *, *, #5311, .T. ) ;
#953 = EDGE_CURVE ( 'NONE', #10267, #8893, #11565, .T. ) ;
#954 = DIRECTION ( 'NONE',  ( 0.0000000000000000000, 1.000000000000000000, -0.0000000000000000000 ) ) ;
#955 = DIRECTION ( 'NONE',  ( 0.5201747870687640800, -0.3090169943749421200, -0.7961951319151876500 ) ) ;
#956 = CARTESIAN_POINT ( 'NONE',  ( 14.96325836533527800, 2.610000000000027400, 15.64506694184905900 ) ) ;
#957 = VERTEX_POINT ( 'NONE', #3908 ) ;
#958 = VERTEX_POINT ( 'NONE', #90 ) ;
#959 = CARTESIAN_POINT ( 'NONE',  ( 15.28558374216748400, 2.610000000000027400, 14.91795067099119100 ) ) ;
#960 = DIRECTION ( 'NONE',  ( 0.0000000000000000000, 0.0000000000000000000, 1.000000000000000000 ) ) ;
#961 = CIRCLE ( 'NONE', #11552, 0.2999999999999999300 ) ;
#962 = EDGE_LOOP ( 'NONE', ( #7534, #7516, #7417, #6201 ) ) ;
#963 = DIRECTION ( 'NONE',  ( 0.5469441386039892700, 0.0000000000000000000, -0.8371691043312217100 ) ) ;
#964 = CIRCLE ( 'NONE', #12144, 0.5560000000000012700 ) ;
#965 = DIRECTION ( 'NONE',  ( -0.0000000000000000000, -1.000000000000000000, 0.0000000000000000000 ) ) ;
#966 = FACE_OUTER_BOUND ( 'NONE', #10290, .T. ) ;
#967 = B_SPLINE_CURVE_WITH_KNOTS ( 'NONE', 3,
 ( #398, #11991, #1132, #7130 ),
 .UNSPECIFIED., .F., .F.,
 ( 4, 4 ),
 ( 0.001380840031689470200, 0.003398373201679219000 ),
 .UNSPECIFIED. ) ;
#968 = EDGE_CURVE ( 'NONE', #12240, #9764, #1604, .T. ) ;
#969 = AXIS2_PLACEMENT_3D ( 'NONE', #9497, #3708, #10471 ) ;
#970 = ORIENTED_EDGE ( 'NONE', *, *, #971, .F. ) ;
#971 = EDGE_CURVE ( 'NONE', #10886, #4192, #3856, .T. ) ;
#972 = CARTESIAN_POINT ( 'NONE',  ( -17.78578643762688600, 23.40000000000000600, 20.41421356237309900 ) ) ;
#973 = EDGE_CURVE ( 'NONE', #4685, #6241, #1301, .T. ) ;
#974 = DIRECTION ( 'NONE',  ( 0.0000000000000000000, -1.000000000000000000, -0.0000000000000000000 ) ) ;
#975 = LINE ( 'NONE', #11764, #10945 ) ;
#976 = TOROIDAL_SURFACE ( 'NONE', #11762, 5.250000000000000000, 1.650000000000000100 ) ;
#977 = CARTESIAN_POINT ( 'NONE',  ( -14.80356900291316400, 0.6000000000000063100, 15.51303064308315300 ) ) ;
#978 = PLANE ( 'NONE',  #9278 ) ;
#979 = DIRECTION ( 'NONE',  ( -0.0000000000000000000, -1.000000000000000000, 0.0000000000000000000 ) ) ;
#980 = DIRECTION ( 'NONE',  ( 0.0000000000000000000, 1.000000000000000000, 0.0000000000000000000 ) ) ;
#981 = ORIENTED_EDGE ( 'NONE', *, *, #10924, .T. ) ;
#982 = CIRCLE ( 'NONE', #5464, 1.734314575050763400 ) ;
#983 = DIRECTION ( 'NONE',  ( -0.0000000000000000000, -1.000000000000000000, -0.0000000000000000000 ) ) ;
#984 = CARTESIAN_POINT ( 'NONE',  ( 6.938893903907228400E-015, 36.00000000000000700, 3.469446951953614200E-015 ) ) ;
#985 = FACE_OUTER_BOUND ( 'NONE', #6425, .T. ) ;
#986 = DIRECTION ( 'NONE',  ( -0.0000000000000000000, -1.000000000000000000, 0.0000000000000000000 ) ) ;
#987 = ORIENTED_EDGE ( 'NONE', *, *, #12071, .T. ) ;
#988 = CARTESIAN_POINT ( 'NONE',  ( 21.00000000000000000, 12.00000000000000000, -14.64103821455294800 ) ) ;
#989 = CYLINDRICAL_SURFACE ( 'NONE', #3642, 25.60000000000002600 ) ;
#990 = CARTESIAN_POINT ( 'NONE',  ( 3.469446951953614200E-014, 26.00000000000000400, 3.122502256758252800E-014 ) ) ;
#991 = EDGE_CURVE ( 'NONE', #1398, #4979, #6408, .T. ) ;
#992 = AXIS2_PLACEMENT_3D ( 'NONE', #9728, #3975, #10728 ) ;
#993 = DIRECTION ( 'NONE',  ( 0.0000000000000000000, 0.0000000000000000000, 1.000000000000000000 ) ) ;
#994 = VERTEX_POINT ( 'NONE', #5173 ) ;
#995 = ORIENTED_EDGE ( 'NONE', *, *, #5232, .F. ) ;
#996 = ADVANCED_FACE ( 'NONE', ( #985 ), #5807, .T. ) ;
#997 = CARTESIAN_POINT ( 'NONE',  ( -15.50000000000000700, 2.610000000000031400, -15.49999999999999600 ) ) ;
#998 = ORIENTED_EDGE ( 'NONE', *, *, #4373, .F. ) ;
#999 = CYLINDRICAL_SURFACE ( 'NONE', #2643, 1.250000000000011500 ) ;
#1000 = CARTESIAN_POINT ( 'NONE',  ( -14.91795067099119300, 2.610000000000031400, -15.71441625783251800 ) ) ;
#1001 = ORIENTED_EDGE ( 'NONE', *, *, #1964, .T. ) ;
#1002 = LINE ( 'NONE', #9607, #10971 ) ;
#1003 = ORIENTED_EDGE ( 'NONE', *, *, #6838, .T. ) ;
#1004 = CYLINDRICAL_SURFACE ( 'NONE', #1631, 25.59999999999998400 ) ;
#1005 = DIRECTION ( 'NONE',  ( 0.0000000000000000000, -1.000000000000000000, 0.0000000000000000000 ) ) ;
#1006 = DIRECTION ( 'NONE',  ( -0.0000000000000000000, -1.000000000000000000, 0.0000000000000000000 ) ) ;
#1007 = DIRECTION ( 'NONE',  ( 0.0000000000000000000, 0.0000000000000000000, -1.000000000000000000 ) ) ;
#1008 = ADVANCED_FACE ( 'NONE', ( #8662 ), #685, .F. ) ;
#1009 = PLANE ( 'NONE',  #1503 ) ;
#1010 = AXIS2_PLACEMENT_3D ( 'NONE', #10660, #4877, #11638 ) ;
#1011 = ORIENTED_EDGE ( 'NONE', *, *, #1870, .F. ) ;
#1012 = EDGE_CURVE ( 'NONE', #4052, #4610, #3256, .T. ) ;
#1013 = CARTESIAN_POINT ( 'NONE',  ( 0.0000000000000000000, 12.00000000000000000, 21.00000000000000400 ) ) ;
#1014 = CIRCLE ( 'NONE', #1386, 1.250000000000001100 ) ;
#1015 = CARTESIAN_POINT ( 'NONE',  ( -4.149999999999994100, 29.59999999999999800, 3.469446951953614200E-015 ) ) ;
#1016 = LINE ( 'NONE', #12588, #10982 ) ;
#1017 = EDGE_LOOP ( 'NONE', ( #2259, #822, #8290, #461 ) ) ;
#1018 = DIRECTION ( 'NONE',  ( -0.0000000000000000000, -1.000000000000000000, 0.0000000000000000000 ) ) ;
#1019 = ORIENTED_EDGE ( 'NONE', *, *, #5871, .T. ) ;
#1020 = CARTESIAN_POINT ( 'NONE',  ( 16.08204932900880700, 2.610000000000029200, -15.71441625783251800 ) ) ;
#1021 = DIRECTION ( 'NONE',  ( -0.0000000000000000000, -1.000000000000000000, 0.0000000000000000000 ) ) ;
#1022 = DIRECTION ( 'NONE',  ( 0.0000000000000000000, 0.0000000000000000000, -1.000000000000000000 ) ) ;
#1023 = EDGE_CURVE ( 'NONE', #11967, #11357, #6107, .T. ) ;
#1024 = EDGE_CURVE ( 'NONE', #1975, #9888, #4696, .T. ) ;
#1025 = AXIS2_PLACEMENT_3D ( 'NONE', #5267, #12060, #1450 ) ;
#1026 = EDGE_CURVE ( 'NONE', #623, #3373, #10645, .T. ) ;
#1027 = AXIS2_PLACEMENT_3D ( 'NONE', #4744, #11506, #5705 ) ;
#1028 = CARTESIAN_POINT ( 'NONE',  ( 19.00000000000000400, 0.5000000000000004400, -16.37157287525380400 ) ) ;
#1029 = CIRCLE ( 'NONE', #1293, 0.5559999999999997200 ) ;
#1030 = CALENDAR_DATE ( 2017, 6, 3 ) ;
#1031 = ORIENTED_EDGE ( 'NONE', *, *, #8033, .T. ) ;
#1032 = VERTEX_POINT ( 'NONE', #11003 ) ;
#1033 = ORIENTED_EDGE ( 'NONE', *, *, #3428, .F. ) ;
#1034 = CARTESIAN_POINT ( 'NONE',  ( -15.51722593638710800, 1.270265698095164100, 14.84988063100718300 ) ) ;
#1035 = FACE_OUTER_BOUND ( 'NONE', #9628, .T. ) ;
#1036 = LINE ( 'NONE', #189, #6156 ) ;
#1037 = AXIS2_PLACEMENT_3D ( 'NONE', #10460, #4676, #11436 ) ;
#1038 = EDGE_LOOP ( 'NONE', ( #2951, #7549, #12268 ) ) ;
#1039 = DIRECTION ( 'NONE',  ( 0.0000000000000000000, 1.000000000000000000, -0.0000000000000000000 ) ) ;
#1040 = AXIS2_PLACEMENT_3D ( 'NONE', #8624, #2871, #9625 ) ;
#1041 = CARTESIAN_POINT ( 'NONE',  ( 6.938893903907228400E-015, 23.40000000000000600, 21.00000000000000700 ) ) ;
#1042 = DIRECTION ( 'NONE',  ( 0.5469441386039882700, 0.0000000000000000000, -0.8371691043312226000 ) ) ;
#1043 = DIRECTION ( 'NONE',  ( 0.0000000000000000000, 0.0000000000000000000, -1.000000000000000000 ) ) ;
#1044 = CARTESIAN_POINT ( 'NONE',  ( 16.11915492039946700, 2.610000000000029200, -15.53745580819628600 ) ) ;
#1045 = EDGE_CURVE ( 'NONE', #12310, #645, #377, .T. ) ;
#1046 = CARTESIAN_POINT ( 'NONE',  ( -14.36983122349147600, 0.6000000000000063100, 14.44661567478664000 ) ) ;
#1047 = VERTEX_POINT ( 'NONE', #440 ) ;
#1048 = CIRCLE ( 'NONE', #8483, 25.60000000000001600 ) ;
#1049 = VECTOR ( 'NONE', #5099, 999.9999999999998900 ) ;
#1050 = ORIENTED_EDGE ( 'NONE', *, *, #2712, .T. ) ;
#1051 = CARTESIAN_POINT ( 'NONE',  ( -4.000000000000001800, 8.500000000000000000, 21.00000000000000400 ) ) ;
#1052 = DIRECTION ( 'NONE',  ( 0.0000000000000000000, 1.000000000000000000, 0.0000000000000000000 ) ) ;
#1053 = ORIENTED_EDGE ( 'NONE', *, *, #11030, .T. ) ;
#1054 = AXIS2_PLACEMENT_3D ( 'NONE', #3620, #744, #7467 ) ;
#1055 = ORIENTED_EDGE ( 'NONE', *, *, #8862, .F. ) ;
#1056 = ADVANCED_FACE ( 'NONE', ( #7741 ), #2650, .T. ) ;
#1057 = DIRECTION ( 'NONE',  ( 0.0000000000000000000, 0.0000000000000000000, 1.000000000000000000 ) ) ;
#1058 = CARTESIAN_POINT ( 'NONE',  ( -1.426404995370243800, 6.110050607254169800, 30.20000000000000300 ) ) ;
#1059 = LINE ( 'NONE', #817, #8117 ) ;
#1060 = CIRCLE ( 'NONE', #1760, 3.649999999999999900 ) ;
#1061 = CARTESIAN_POINT ( 'NONE',  ( -16.37157287525379300, 33.50000000000000000, 20.50000000000000700 ) ) ;
#1062 = DIRECTION ( 'NONE',  ( 0.0000000000000000000, 0.0000000000000000000, 1.000000000000000000 ) ) ;
#1063 = ORIENTED_EDGE ( 'NONE', *, *, #6245, .T. ) ;
#1064 = EDGE_CURVE ( 'NONE', #7307, #6714, #5207, .T. ) ;
#1065 = AXIS2_PLACEMENT_3D ( 'NONE', #3827, #874, #1942 ) ;
#1066 = CARTESIAN_POINT ( 'NONE',  ( -1.954389032750067000, 4.110050607254169800, 28.20000000000000300 ) ) ;
#1067 = ORIENTED_EDGE ( 'NONE', *, *, #10011, .F. ) ;
#1068 = ADVANCED_FACE ( 'NONE', ( #2947 ), #11997, .T. ) ;
#1069 = DIRECTION ( 'NONE',  ( 0.0000000000000000000, 0.0000000000000000000, -1.000000000000000000 ) ) ;
#1070 = VERTEX_POINT ( 'NONE', #7211 ) ;
#1071 = DIRECTION ( 'NONE',  ( 0.7492114228822416300, -0.4461977533474358900, 0.4894791198105061800 ) ) ;
#1072 = EDGE_CURVE ( 'NONE', #1397, #8277, #8046, .T. ) ;
#1073 = DIRECTION ( 'NONE',  ( 0.0000000000000000000, -1.000000000000000000, 0.0000000000000000000 ) ) ;
#1074 = LINE ( 'NONE', #3580, #11041 ) ;
#1075 = FACE_OUTER_BOUND ( 'NONE', #2021, .T. ) ;
#1076 = ORIENTED_EDGE ( 'NONE', *, *, #759, .T. ) ;
#1077 = EDGE_CURVE ( 'NONE', #1791, #11418, #8360, .T. ) ;
#1079 = EDGE_LOOP ( 'NONE', ( #7701, #6513 ) ) ;
#1078 = CARTESIAN_POINT ( 'NONE',  ( 15.49999999999999300, 2.610000000000029200, -15.49999999999999600 ) ) ;
#1080 = ORIENTED_EDGE ( 'NONE', *, *, #2420, .T. ) ;
#1081 = AXIS2_PLACEMENT_3D ( 'NONE', #6400, #8331, #2579 ) ;
#1082 = EDGE_CURVE ( 'NONE', #2009, #5289, #56, .T. ) ;
#1083 = DIRECTION ( 'NONE',  ( -0.5469441386039873800, 0.0000000000000000000, 0.8371691043312230500 ) ) ;
#1084 = ORIENTED_EDGE ( 'NONE', *, *, #1334, .F. ) ;
#1085 = ADVANCED_FACE ( 'NONE', ( #10053 ), #7145, .T. ) ;
#1086 = VERTEX_POINT ( 'NONE', #6336 ) ;
#1087 = FACE_OUTER_BOUND ( 'NONE', #1258, .T. ) ;
#1089 = CARTESIAN_POINT ( 'NONE',  ( -15.80410094106382200, 2.610000000000031400, -15.03453397799183700 ) ) ;
#1088 = CIRCLE ( 'NONE', #9428, 1.250000000000011500 ) ;
#1090 = EDGE_LOOP ( 'NONE', ( #6139, #4536, #1119 ) ) ;
#1091 = CARTESIAN_POINT ( 'NONE',  ( 15.73603166816293200, 2.474345677606099200, -16.02126832512928400 ) ) ;
#1092 = CARTESIAN_POINT ( 'NONE',  ( 15.49999999999999300, 2.610000000000029200, -15.49999999999999600 ) ) ;
#1094 = VERTEX_POINT ( 'NONE', #7298 ) ;
#1093 = VERTEX_POINT ( 'NONE', #569 ) ;
#1095 = ORIENTED_EDGE ( 'NONE', *, *, #10555, .F. ) ;
#1096 = CARTESIAN_POINT ( 'NONE',  ( 17.00409638116097000, 1.000000000000032200, 13.19778496308914300 ) ) ;
#1097 = CARTESIAN_POINT ( 'NONE',  ( 2.277125011045398200, 54.00000000000000000, 1.031843827365119800 ) ) ;
#1098 = DIRECTION ( 'NONE',  ( -0.9108500044181590000, 0.0000000000000000000, -0.4127375309460477600 ) ) ;
#1099 = ORIENTED_EDGE ( 'NONE', *, *, #6180, .T. ) ;
#1100 = EDGE_CURVE ( 'NONE', #2458, #2894, #4609, .T. ) ;
#1101 = DIRECTION ( 'NONE',  ( 1.000000000000000000, 0.0000000000000000000, 0.0000000000000000000 ) ) ;
#1102 = VECTOR ( 'NONE', #5061, 999.9999999999998900 ) ;
#1103 = LINE ( 'NONE', #1606, #5916 ) ;
#1104 = AXIS2_PLACEMENT_3D ( 'NONE', #765, #7486, #1758 ) ;
#1105 = ORIENTED_EDGE ( 'NONE', *, *, #5204, .T. ) ;
#1106 = AXIS2_PLACEMENT_3D ( 'NONE', #3565, #6451, #7180 ) ;
#1107 = CARTESIAN_POINT ( 'NONE',  ( -1.146920613196742700, 6.110050607254169800, 28.20000000000000300 ) ) ;
#1108 = DIRECTION ( 'NONE',  ( 8.659560562354904500E-017, -0.7071067811865500200, 0.7071067811865451300 ) ) ;
#1109 = ORIENTED_EDGE ( 'NONE', *, *, #915, .T. ) ;
#1110 = ORIENTED_EDGE ( 'NONE', *, *, #9661, .T. ) ;
#1111 = DIRECTION ( 'NONE',  ( 0.0000000000000000000, 1.000000000000000000, 0.0000000000000000000 ) ) ;
#1112 = CARTESIAN_POINT ( 'NONE',  ( -15.50000000000000700, 26.00000000000000400, -15.49999999999999600 ) ) ;
#1113 = CIRCLE ( 'NONE', #2022, 6.350000000000005000 ) ;
#1114 = ORIENTED_EDGE ( 'NONE', *, *, #10669, .T. ) ;
#1115 = VECTOR ( 'NONE', #9072, 1000.000000000000000 ) ;
#1116 = FACE_BOUND ( 'NONE', #11072, .T. ) ;
#1117 = DIRECTION ( 'NONE',  ( -0.7492114228822416300, -0.4461977533474358900, -0.4894791198105060700 ) ) ;
#1118 = CARTESIAN_POINT ( 'NONE',  ( -15.02046330534039600, 2.610000000000031400, -15.78139040224381000 ) ) ;
#1119 = ORIENTED_EDGE ( 'NONE', *, *, #4566, .F. ) ;
#1120 = CARTESIAN_POINT ( 'NONE',  ( -16.37157287525379300, 33.50000000000000000, -20.50000000000000000 ) ) ;
#1122 = CARTESIAN_POINT ( 'NONE',  ( -15.05936037095914600, 2.520634500419999500, 15.13997493632110300 ) ) ;
#1121 = AXIS2_PLACEMENT_3D ( 'NONE', #6318, #551, #7279 ) ;
#1124 = ORIENTED_EDGE ( 'NONE', *, *, #10158, .F. ) ;
#1123 = EDGE_LOOP ( 'NONE', ( #10437, #11561, #3604, #4433 ) ) ;
#1125 = EDGE_CURVE ( 'NONE', #994, #5572, #2349, .T. ) ;
#1126 = AXIS2_PLACEMENT_3D ( 'NONE', #12376, #6553, #7501 ) ;
#1127 = LINE ( 'NONE', #7355, #4293 ) ;
#1128 = ORIENTED_EDGE ( 'NONE', *, *, #23, .F. ) ;
#1129 = ADVANCED_FACE ( 'NONE', ( #9746, #2057 ), #5422, .T. ) ;
#1130 = EDGE_CURVE ( 'NONE', #6931, #103, #4306, .T. ) ;
#1131 = DIRECTION ( 'NONE',  ( 0.0000000000000000000, 0.0000000000000000000, -1.000000000000000000 ) ) ;
#1132 = CARTESIAN_POINT ( 'NONE',  ( 15.48277406361289200, 1.270265698095187200, -16.15011936899281900 ) ) ;
#1133 = CIRCLE ( 'NONE', #9564, 0.8074684195533451400 ) ;
#1134 = VERTEX_POINT ( 'NONE', #1600 ) ;
#1135 = DIRECTION ( 'NONE',  ( 1.224646799147353900E-016, 0.0000000000000000000, -1.000000000000000000 ) ) ;
#1136 = DIRECTION ( 'NONE',  ( 0.0000000000000000000, 0.0000000000000000000, 1.000000000000000000 ) ) ;
#1137 = ADVANCED_FACE ( 'NONE', ( #11720 ), #1753, .T. ) ;
#1138 = CARTESIAN_POINT ( 'NONE',  ( 0.8530793868032574600, 6.110050607254169800, 28.20000000000000300 ) ) ;
#1139 = CIRCLE ( 'NONE', #8359, 6.350000000000005000 ) ;
#1140 = ORIENTED_EDGE ( 'NONE', *, *, #5138, .T. ) ;
#1141 = AXIS2_PLACEMENT_3D ( 'NONE', #11272, #5479, #12260 ) ;
#1142 = CIRCLE ( 'NONE', #9407, 2.749999999999999600 ) ;
#1143 = CARTESIAN_POINT ( 'NONE',  ( -20.41421356237309600, 12.00000000000000000, -17.78578643762690000 ) ) ;
#1144 = CARTESIAN_POINT ( 'NONE',  ( 3.469446951953614200E-015, 3.770162612375122600, 6.350000000000012100 ) ) ;
#1145 = EDGE_CURVE ( 'NONE', #8107, #5396, #135, .T. ) ;
#1146 = CARTESIAN_POINT ( 'NONE',  ( -13.99590361883903700, 1.000000000000036400, -17.80221503691085900 ) ) ;
#1147 = VERTEX_POINT ( 'NONE', #4497 ) ;
#1148 = FACE_OUTER_BOUND ( 'NONE', #8589, .T. ) ;
#1149 = AXIS2_PLACEMENT_3D ( 'NONE', #2073, #8789, #3025 ) ;
#1150 = CARTESIAN_POINT ( 'NONE',  ( -21.00000000000000000, 8.500000000000000000, 14.64103821455296400 ) ) ;
#1151 = DIRECTION ( 'NONE',  ( 0.5469441386039887200, 0.0000000000000000000, -0.8371691043312221600 ) ) ;
#1152 = CIRCLE ( 'NONE', #4335, 1.999999999999998200 ) ;
#1153 = ADVANCED_FACE ( 'NONE', ( #11411 ), #2607, .F. ) ;
#1154 = DIRECTION ( 'NONE',  ( 0.0000000000000000000, 1.000000000000000000, 0.0000000000000000000 ) ) ;
#1155 = FACE_OUTER_BOUND ( 'NONE', #12053, .T. ) ;
#1156 = DIRECTION ( 'NONE',  ( -0.0000000000000000000, -1.000000000000000000, -0.0000000000000000000 ) ) ;
#1157 = CARTESIAN_POINT ( 'NONE',  ( 6.938893903907228400E-015, 34.59999999999999400, 3.469446951953614200E-015 ) ) ;
#1158 = CARTESIAN_POINT ( 'NONE',  ( 13.13154598666890900, 26.00000000000000400, 21.14999999999999500 ) ) ;
#1159 = ORIENTED_EDGE ( 'NONE', *, *, #2692, .F. ) ;
#1160 = DIRECTION ( 'NONE',  ( 1.000000000000000000, 0.0000000000000000000, 0.0000000000000000000 ) ) ;
#1161 = AXIS2_PLACEMENT_3D ( 'NONE', #7488, #5626, #12407 ) ;
#1162 = EDGE_CURVE ( 'NONE', #10942, #11700, #1449, .T. ) ;
#1163 = EDGE_LOOP ( 'NONE', ( #8882, #11818, #8892, #8965 ) ) ;
#1164 = CARTESIAN_POINT ( 'NONE',  ( 3.469446951953614200E-015, 25.63749999999999900, -6.349999999999997900 ) ) ;
#1165 = FACE_OUTER_BOUND ( 'NONE', #2782, .T. ) ;
#1166 = EDGE_CURVE ( 'NONE', #6241, #1093, #6840, .T. ) ;
#1167 = FACE_OUTER_BOUND ( 'NONE', #2625, .T. ) ;
#1168 = ORIENTED_EDGE ( 'NONE', *, *, #4, .F. ) ;
#1169 = ORIENTED_EDGE ( 'NONE', *, *, #3567, .T. ) ;
#1170 = DIRECTION ( 'NONE',  ( 0.0000000000000000000, 1.000000000000000000, 0.0000000000000000000 ) ) ;
#1171 = DIRECTION ( 'NONE',  ( 0.8371691043312221600, 0.0000000000000000000, 0.5469441386039886100 ) ) ;
#1172 = CARTESIAN_POINT ( 'NONE',  ( -15.50000000000000700, 2.581370849898484200, 15.50000000000000400 ) ) ;
#1173 = CARTESIAN_POINT ( 'NONE',  ( 3.514146560122492800E-014, 35.50000000000000700, 3.650000000000031400 ) ) ;
#1174 = LINE ( 'NONE', #833, #861 ) ;
#1175 = CARTESIAN_POINT ( 'NONE',  ( -21.00000000000000000, 8.500000000000000000, 0.0000000000000000000 ) ) ;
#1176 = AXIS2_PLACEMENT_3D ( 'NONE', #9043, #5214, #6173 ) ;
#1177 = EDGE_CURVE ( 'NONE', #8799, #8281, #12032, .T. ) ;
#1178 = ORIENTED_EDGE ( 'NONE', *, *, #10186, .T. ) ;
#1179 = AXIS2_PLACEMENT_3D ( 'NONE', #11854, #2105, #1294 ) ;
#1180 = ORIENTED_EDGE ( 'NONE', *, *, #6873, .F. ) ;
#1181 = VERTEX_POINT ( 'NONE', #8394 ) ;
#1182 = DIRECTION ( 'NONE',  ( -0.0000000000000000000, -1.000000000000000000, 0.0000000000000000000 ) ) ;
#1183 = DIRECTION ( 'NONE',  ( 0.0000000000000000000, 0.0000000000000000000, 1.000000000000000000 ) ) ;
#1184 = ORIENTED_EDGE ( 'NONE', *, *, #4434, .T. ) ;
#1185 = ADVANCED_FACE ( 'NONE', ( #9125 ), #8494, .T. ) ;
#1186 = FACE_OUTER_BOUND ( 'NONE', #12211, .T. ) ;
#1187 = CYLINDRICAL_SURFACE ( 'NONE', #5707, 4.150000000000001200 ) ;
#1188 = CARTESIAN_POINT ( 'NONE',  ( 15.49999999999999300, -5.749999999999961800, -15.49999999999999600 ) ) ;
#1189 = CARTESIAN_POINT ( 'NONE',  ( 3.469446951953614200E-015, 25.63749999999999900, 6.938893903907228400E-015 ) ) ;
#1190 = ORIENTED_EDGE ( 'NONE', *, *, #2256, .F. ) ;
#1191 = DIRECTION ( 'NONE',  ( -0.0000000000000000000, -0.0000000000000000000, -1.000000000000000000 ) ) ;
#1192 = EDGE_CURVE ( 'NONE', #3479, #601, #11106, .T. ) ;
#1193 = AXIS2_PLACEMENT_3D ( 'NONE', #5126, #318, #7036 ) ;
#1194 = EDGE_CURVE ( 'NONE', #10766, #11601, #1139, .T. ) ;
#1195 = EDGE_CURVE ( 'NONE', #2974, #3942, #6250, .T. ) ;
#1196 = AXIS2_PLACEMENT_3D ( 'NONE', #9300, #640, #2539 ) ;
#1197 = DIRECTION ( 'NONE',  ( 0.0000000000000000000, 1.000000000000000000, 0.0000000000000000000 ) ) ;
#1198 = ADVANCED_FACE ( 'NONE', ( #3690 ), #5652, .F. ) ;
#1199 = DIRECTION ( 'NONE',  ( 0.0000000000000000000, 0.0000000000000000000, 1.000000000000000000 ) ) ;
#1200 = B_SPLINE_CURVE_WITH_KNOTS ( 'NONE', 3,
 ( #10848, #4087, #11842, #6019 ),
 .UNSPECIFIED., .F., .F.,
 ( 4, 4 ),
 ( 0.001013853424283301500, 0.003031486302290191500 ),
 .UNSPECIFIED. ) ;
#1201 = EDGE_CURVE ( 'NONE', #1218, #2789, #8194, .T. ) ;
#1202 = CIRCLE ( 'NONE', #2249, 0.6965528920064402200 ) ;
#1204 = DIRECTION ( 'NONE',  ( -1.000000000000000000, 0.0000000000000000000, 0.0000000000000000000 ) ) ;
#1203 = LINE ( 'NONE', #10344, #6310 ) ;
#1205 = ORIENTED_EDGE ( 'NONE', *, *, #4214, .F. ) ;
#1206 = DIRECTION ( 'NONE',  ( 1.000000000000000000, 0.0000000000000000000, 0.0000000000000000000 ) ) ;
#1207 = VERTEX_POINT ( 'NONE', #1768 ) ;
#1208 = CARTESIAN_POINT ( 'NONE',  ( 15.53745580819628500, 2.610000000000029200, -14.88084507960052400 ) ) ;
#1209 = DIRECTION ( 'NONE',  ( 0.0000000000000000000, 1.000000000000000000, 0.0000000000000000000 ) ) ;
#1210 = ADVANCED_FACE ( 'NONE', ( #10796 ), #10492, .F. ) ;
#1211 = FACE_OUTER_BOUND ( 'NONE', #11587, .T. ) ;
#1212 = CYLINDRICAL_SURFACE ( 'NONE', #2165, 1.250000000000011500 ) ;
#1213 = EDGE_LOOP ( 'NONE', ( #3526, #11814, #10185, #1937 ) ) ;
#1214 = CARTESIAN_POINT ( 'NONE',  ( 14.88084507960052100, 2.610000000000029200, -15.46254419180370700 ) ) ;
#1215 = DIRECTION ( 'NONE',  ( -0.0000000000000000000, 0.0000000000000000000, 1.000000000000000000 ) ) ;
#1216 = DIRECTION ( 'NONE',  ( -0.5469441386039857200, 0.0000000000000000000, 0.8371691043312240500 ) ) ;
#1217 = EDGE_CURVE ( 'NONE', #11094, #1341, #519, .T. ) ;
#1218 = VERTEX_POINT ( 'NONE', #8507 ) ;
#1219 = ORIENTED_EDGE ( 'NONE', *, *, #7014, .F. ) ;
#1220 = ORIENTED_EDGE ( 'NONE', *, *, #1635, .T. ) ;
#1221 = CARTESIAN_POINT ( 'NONE',  ( 4.000000000000001800, 8.500000000000000000, 18.00000000000000700 ) ) ;
#1222 = CIRCLE ( 'NONE', #9479, 0.8000000000000009300 ) ;
#1223 = VECTOR ( 'NONE', #10954, 1000.000000000000000 ) ;
#1224 = CARTESIAN_POINT ( 'NONE',  ( -14.95019439558400300, 2.610000000000031400, -15.58276350254037500 ) ) ;
#1225 = DIRECTION ( 'NONE',  ( 0.0000000000000000000, 0.0000000000000000000, -1.000000000000000000 ) ) ;
#1226 = DIRECTION ( 'NONE',  ( 0.8371691043312221600, 0.0000000000000000000, 0.5469441386039886100 ) ) ;
#1227 = ORIENTED_EDGE ( 'NONE', *, *, #11447, .F. ) ;
#1228 = CARTESIAN_POINT ( 'NONE',  ( 16.11915492039947400, 2.610000000000027400, 15.46254419180371500 ) ) ;
#1229 = ORIENTED_EDGE ( 'NONE', *, *, #3339, .T. ) ;
#1230 = ORIENTED_EDGE ( 'NONE', *, *, #5887, .T. ) ;
#1231 = DIRECTION ( 'NONE',  ( 0.5469441386039886100, 0.0000000000000000000, -0.8371691043312222700 ) ) ;
#1232 = DIRECTION ( 'NONE',  ( 0.5469441386039887200, 0.0000000000000000000, -0.8371691043312221600 ) ) ;
#1233 = ORIENTED_EDGE ( 'NONE', *, *, #8686, .F. ) ;
#1234 = ORIENTED_EDGE ( 'NONE', *, *, #5012, .F. ) ;
#1235 = CARTESIAN_POINT ( 'NONE',  ( 17.78578643762690000, 23.40000000000000600, -20.41421356237309200 ) ) ;
#1236 = CARTESIAN_POINT ( 'NONE',  ( -16.37157287525381100, 12.00000000000000000, -18.99999999999999600 ) ) ;
#1237 = EDGE_CURVE ( 'NONE', #8238, #1877, #4445, .T. ) ;
#1238 = CONICAL_SURFACE ( 'NONE', #4773, 0.5560000000000012700, 0.06981317007976596500 ) ;
#1239 = VECTOR ( 'NONE', #3244, 1000.000000000000000 ) ;
#1240 = AXIS2_PLACEMENT_3D ( 'NONE', #3647, #5552, #12370 ) ;
#1241 = ORIENTED_EDGE ( 'NONE', *, *, #6707, .T. ) ;
#1242 = CARTESIAN_POINT ( 'NONE',  ( 3.469446951953614200E-014, 36.00000000000000700, 3.122502256758252800E-014 ) ) ;
#1243 = CARTESIAN_POINT ( 'NONE',  ( 17.14999999999998400, 26.00000000000000400, -13.13154598666895000 ) ) ;
#1244 = EDGE_LOOP ( 'NONE', ( #676, #272, #7340, #5425 ) ) ;
#1245 = ORIENTED_EDGE ( 'NONE', *, *, #2963, .T. ) ;
#1246 = CARTESIAN_POINT ( 'NONE',  ( 2.894712078817835500, 0.0000000000000000000, 18.20000000000000300 ) ) ;
#1247 = DIRECTION ( 'NONE',  ( -0.9108500044181590000, 0.0000000000000000000, -0.4127375309460477600 ) ) ;
#1248 = CONICAL_SURFACE ( 'NONE', #11163, 0.5560000000000012700, 0.06981317007976596500 ) ;
#1249 = VECTOR ( 'NONE', #1852, 999.9999999999998900 ) ;
#1250 = CARTESIAN_POINT ( 'NONE',  ( -15.50000000000000700, 26.00000000000000400, -15.49999999999999600 ) ) ;
#1251 = ADVANCED_FACE ( 'NONE', ( #7888 ), #12456, .F. ) ;
#1252 = ORIENTED_EDGE ( 'NONE', *, *, #8811, .T. ) ;
#1253 = CARTESIAN_POINT ( 'NONE',  ( -15.28558374216748700, 2.610000000000031400, -14.91795067099118200 ) ) ;
#1254 = CARTESIAN_POINT ( 'NONE',  ( 20.50000000000000000, 0.5000000000000004400, 0.0000000000000000000 ) ) ;
#1255 = AXIS2_PLACEMENT_3D ( 'NONE', #10247, #4463, #11221 ) ;
#1256 = EDGE_CURVE ( 'NONE', #1341, #11094, #825, .T. ) ;
#1258 = EDGE_LOOP ( 'NONE', ( #4593, #12504, #5179, #6636 ) ) ;
#1257 = ORIENTED_EDGE ( 'NONE', *, *, #4186, .F. ) ;
#1259 = ORIENTED_EDGE ( 'NONE', *, *, #10206, .T. ) ;
#1260 = EDGE_CURVE ( 'NONE', #10942, #11650, #5951, .T. ) ;
#1261 = DIRECTION ( 'NONE',  ( -0.5469441386039889400, 0.0000000000000000000, 0.8371691043312219400 ) ) ;
#1262 = CARTESIAN_POINT ( 'NONE',  ( -18.99999999999998200, 33.50000000000000000, -16.37157287525381100 ) ) ;
#1263 = CONICAL_SURFACE ( 'NONE', #10416, 1.250000000000011500, 0.7853981633974537200 ) ;
#1264 = DIRECTION ( 'NONE',  ( 0.0000000000000000000, 0.0000000000000000000, 1.000000000000000000 ) ) ;
#1265 = ORIENTED_EDGE ( 'NONE', *, *, #7301, .F. ) ;
#1266 = CARTESIAN_POINT ( 'NONE',  ( -15.51303064308315500, 0.6000000000000319500, -14.80356900291315400 ) ) ;
#1267 = CIRCLE ( 'NONE', #7715, 15.49999999999997900 ) ;
#1268 = FACE_OUTER_BOUND ( 'NONE', #9902, .T. ) ;
#1269 = ORIENTED_EDGE ( 'NONE', *, *, #8062, .F. ) ;
#1270 = VERTEX_POINT ( 'NONE', #6658 ) ;
#1271 = CARTESIAN_POINT ( 'NONE',  ( -13.13154598666894500, 8.500000000000000000, -21.15000000000000200 ) ) ;
#1272 = EDGE_LOOP ( 'NONE', ( #3223, #1551, #11370, #5858, #3164, #11127, #1, #8546, #7524, #1978, #12042, #7315 ) ) ;
#1273 = DIRECTION ( 'NONE',  ( 0.0000000000000000000, 0.0000000000000000000, -1.000000000000000000 ) ) ;
#1274 = CARTESIAN_POINT ( 'NONE',  ( 3.469446951953614200E-015, 7.200000000000002800, 6.938893903907228400E-015 ) ) ;
#1275 = AXIS2_PLACEMENT_3D ( 'NONE', #247, #6971, #1232 ) ;
#1276 = EDGE_CURVE ( 'NONE', #9448, #3373, #10193, .T. ) ;
#1277 = VECTOR ( 'NONE', #7678, 1000.000000000000000 ) ;
#1278 = ORIENTED_EDGE ( 'NONE', *, *, #4013, .F. ) ;
#1279 = EDGE_CURVE ( 'NONE', #623, #8836, #5354, .T. ) ;
#1280 = AXIS2_PLACEMENT_3D ( 'NONE', #12080, #9184, #3403 ) ;
#1281 = CIRCLE ( 'NONE', #10821, 1.499999999999999600 ) ;
#1282 = LINE ( 'NONE', #7898, #11543 ) ;
#1283 = CARTESIAN_POINT ( 'NONE',  ( 15.71441625783251400, 2.610000000000029200, -14.91795067099118200 ) ) ;
#1284 = CARTESIAN_POINT ( 'NONE',  ( 14.88084507960053100, 2.610000000000027400, 15.53745580819629500 ) ) ;
#1285 = ORIENTED_EDGE ( 'NONE', *, *, #7121, .F. ) ;
#1286 = ADVANCED_FACE ( 'NONE', ( #5048 ), #2196, .F. ) ;
#1287 = DIRECTION ( 'NONE',  ( -0.0000000000000000000, -1.000000000000000000, -0.0000000000000000000 ) ) ;
#1288 = EDGE_LOOP ( 'NONE', ( #9336, #4237, #10861, #1656 ) ) ;
#1289 = VECTOR ( 'NONE', #2061, 1000.000000000000000 ) ;
#1290 = VERTEX_POINT ( 'NONE', #11547 ) ;
#1291 = DIRECTION ( 'NONE',  ( -0.0000000000000000000, -1.000000000000000000, -0.0000000000000000000 ) ) ;
#1292 = CYLINDRICAL_SURFACE ( 'NONE', #7826, 1.499999999999998400 ) ;
#1293 = AXIS2_PLACEMENT_3D ( 'NONE', #326, #7045, #1313 ) ;
#1294 = DIRECTION ( 'NONE',  ( 0.8371691043312221600, 0.0000000000000000000, 0.5469441386039887200 ) ) ;
#1295 = AXIS2_PLACEMENT_3D ( 'NONE', #12196, #6366, #600 ) ;
#1296 = VERTEX_POINT ( 'NONE', #5747 ) ;
#1297 = CIRCLE ( 'NONE', #9351, 0.7999999999999999300 ) ;
#1298 = CARTESIAN_POINT ( 'NONE',  ( -14.44661567478664700, 0.6000000000000319500, -14.36983122349146100 ) ) ;
#1299 = EDGE_CURVE ( 'NONE', #3479, #6181, #4747, .T. ) ;
#1300 = DIRECTION ( 'NONE',  ( -0.0000000000000000000, -0.0000000000000000000, 1.000000000000000000 ) ) ;
#1301 = CIRCLE ( 'NONE', #6652, 8.000000000000000000 ) ;
#1302 = ORIENTED_EDGE ( 'NONE', *, *, #11330, .F. ) ;
#1303 = DIRECTION ( 'NONE',  ( 0.0000000000000000000, 0.0000000000000000000, 1.000000000000000000 ) ) ;
#1304 = VECTOR ( 'NONE', #2656, 1000.000000000000000 ) ;
#1305 = CARTESIAN_POINT ( 'NONE',  ( 0.0000000000000000000, 54.00000000000000000, 0.0000000000000000000 ) ) ;
#1306 = CARTESIAN_POINT ( 'NONE',  ( 0.8530793868032783300, 4.110050607254169800, 28.20000000000000300 ) ) ;
#1307 = DIRECTION ( 'NONE',  ( 0.0000000000000000000, 0.0000000000000000000, -1.000000000000000000 ) ) ;
#1308 = ORIENTED_EDGE ( 'NONE', *, *, #5969, .F. ) ;
#1309 = ORIENTED_EDGE ( 'NONE', *, *, #11367, .T. ) ;
#1310 = AXIS2_PLACEMENT_3D ( 'NONE', #1402, #8101, #2369 ) ;
#1311 = DIRECTION ( 'NONE',  ( -1.224646799147340400E-016, 0.0000000000000000000, 1.000000000000000000 ) ) ;
#1312 = CIRCLE ( 'NONE', #1550, 0.5560000000000012700 ) ;
#1313 = DIRECTION ( 'NONE',  ( 0.5469441386039908300, 0.0000000000000000000, -0.8371691043312209400 ) ) ;
#1314 = DIRECTION ( 'NONE',  ( -0.5469441386039886100, 0.0000000000000000000, 0.8371691043312222700 ) ) ;
#1315 = CARTESIAN_POINT ( 'NONE',  ( -20.99999999999998200, 23.40000000000000600, 3.469446951953614200E-015 ) ) ;
#1316 = EDGE_CURVE ( 'NONE', #3157, #10060, #7291, .T. ) ;
#1317 = CIRCLE ( 'NONE', #12235, 3.750000000000003600 ) ;
#1318 = AXIS2_PLACEMENT_3D ( 'NONE', #1485, #8189, #2447 ) ;
#1319 = ADVANCED_FACE ( 'NONE', ( #12485 ), #4453, .T. ) ;
#1320 = CARTESIAN_POINT ( 'NONE',  ( -16.37157287525379300, 23.40000000000000600, -19.00000000000000000 ) ) ;
#1321 = ORIENTED_EDGE ( 'NONE', *, *, #9071, .T. ) ;
#1322 = CARTESIAN_POINT ( 'NONE',  ( 15.56331376197800000, 26.00000000000000400, -20.32592592592592200 ) ) ;
#1323 = DIRECTION ( 'NONE',  ( 0.5469441386039879400, 0.0000000000000000000, -0.8371691043312227100 ) ) ;
#1324 = DIRECTION ( 'NONE',  ( 0.0000000000000000000, -1.000000000000000000, 0.0000000000000000000 ) ) ;
#1325 = CIRCLE ( 'NONE', #10032, 0.5559999999999997200 ) ;
#1326 = DIRECTION ( 'NONE',  ( 0.0000000000000000000, 1.000000000000000000, -0.0000000000000000000 ) ) ;
#1327 = LINE ( 'NONE', #2879, #9004 ) ;
#1328 = DIRECTION ( 'NONE',  ( -0.0000000000000000000, -1.000000000000000000, 0.0000000000000000000 ) ) ;
#1329 = DIRECTION ( 'NONE',  ( 0.0000000000000000000, 1.000000000000000000, 0.0000000000000000000 ) ) ;
#1330 = ORIENTED_EDGE ( 'NONE', *, *, #6609, .F. ) ;
#1331 = DIRECTION ( 'NONE',  ( 0.0000000000000000000, 1.000000000000000000, -0.0000000000000000000 ) ) ;
#1332 = AXIS2_PLACEMENT_3D ( 'NONE', #6018, #9924, #4133 ) ;
#1333 = ORIENTED_EDGE ( 'NONE', *, *, #9196, .F. ) ;
#1334 = EDGE_CURVE ( 'NONE', #1944, #6067, #9583, .T. ) ;
#1335 = DIRECTION ( 'NONE',  ( 0.5469441386039892700, 0.0000000000000000000, -0.8371691043312217100 ) ) ;
#1336 = DIRECTION ( 'NONE',  ( -0.0000000000000000000, -1.000000000000000000, 0.0000000000000000000 ) ) ;
#1337 = CARTESIAN_POINT ( 'NONE',  ( -15.50000000000000700, 2.015685424949244600, 15.50000000000000400 ) ) ;
#1338 = EDGE_CURVE ( 'NONE', #2758, #3048, #3096, .T. ) ;
#1339 = LINE ( 'NONE', #7845, #6142 ) ;
#1340 = DATE_AND_TIME ( #3892, #6447 ) ;
#1341 = VERTEX_POINT ( 'NONE', #4817 ) ;
#1342 = ADVANCED_FACE ( 'NONE', ( #6981 ), #9684, .F. ) ;
#1343 = ORIENTED_EDGE ( 'NONE', *, *, #1711, .T. ) ;
#1344 = CARTESIAN_POINT ( 'NONE',  ( 6.938893903907228400E-015, 30.87016261237511500, 6.350000000000008500 ) ) ;
#1345 = ORIENTED_EDGE ( 'NONE', *, *, #2982, .T. ) ;
#1346 = DIRECTION ( 'NONE',  ( -0.5469441386039886100, 0.0000000000000000000, 0.8371691043312222700 ) ) ;
#1347 = DIRECTION ( 'NONE',  ( 0.8371691043312241600, -5.359117379318552800E-017, 0.5469441386039858300 ) ) ;
#1348 = CARTESIAN_POINT ( 'NONE',  ( 15.49999999999999300, 8.500000000000000000, 16.75000000000001400 ) ) ;
#1349 = DIRECTION ( 'NONE',  ( 0.0000000000000000000, 0.0000000000000000000, -1.000000000000000000 ) ) ;
#1350 = CARTESIAN_POINT ( 'NONE',  ( 3.469446951953614200E-014, 36.00000000000000700, 3.122502256758252800E-014 ) ) ;
#1351 = AXIS2_PLACEMENT_3D ( 'NONE', #10990, #5206, #11985 ) ;
#1352 = EDGE_CURVE ( 'NONE', #3897, #8003, #2496, .T. ) ;
#1353 = AXIS2_PLACEMENT_3D ( 'NONE', #6626, #5068, #8921 ) ;
#1354 = CIRCLE ( 'NONE', #3295, 0.5559999999999988300 ) ;
#1355 = LINE ( 'NONE', #5883, #6456 ) ;
#1356 = ORIENTED_EDGE ( 'NONE', *, *, #4373, .T. ) ;
#1357 = CARTESIAN_POINT ( 'NONE',  ( -15.50000000000000700, 26.00000000000000400, 16.75000000000001400 ) ) ;
#1358 = DIRECTION ( 'NONE',  ( 0.0000000000000000000, -1.000000000000000000, 0.0000000000000000000 ) ) ;
#1359 = CARTESIAN_POINT ( 'NONE',  ( 15.50000000000000400, 2.610000000000027400, 15.50000000000000500 ) ) ;
#1360 = CARTESIAN_POINT ( 'NONE',  ( -17.78578643762688600, 34.00000000000000000, -20.41421356237309200 ) ) ;
#1361 = ORIENTED_EDGE ( 'NONE', *, *, #1629, .F. ) ;
#1362 = CARTESIAN_POINT ( 'NONE',  ( 16.01066363930341700, 0.6000000000000297300, -16.95812298778030700 ) ) ;
#1363 = B_SPLINE_CURVE_WITH_KNOTS ( 'NONE', 3,
 ( #4233, #3265, #387, #7115 ),
 .UNSPECIFIED., .F., .F.,
 ( 4, 4 ),
 ( 0.001380840031689471500, 0.003398373201679219000 ),
 .UNSPECIFIED. ) ;
#1364 = DIRECTION ( 'NONE',  ( -1.202705903538683300E-016, 0.0000000000000000000, -1.000000000000000000 ) ) ;
#1365 = CIRCLE ( 'NONE', #4637, 0.8074684195533451400 ) ;
#1366 = FACE_OUTER_BOUND ( 'NONE', #5287, .T. ) ;
#1367 = CARTESIAN_POINT ( 'NONE',  ( 15.49999999999999300, 8.500000000000000000, 15.50000000000000400 ) ) ;
#1368 = AXIS2_PLACEMENT_3D ( 'NONE', #4139, #10901, #5107 ) ;
#1369 = ORIENTED_EDGE ( 'NONE', *, *, #7074, .T. ) ;
#1370 = EDGE_CURVE ( 'NONE', #1094, #9687, #6685, .T. ) ;
#1371 = AXIS2_PLACEMENT_3D ( 'NONE', #494, #7214, #1483 ) ;
#1372 = ORIENTED_EDGE ( 'NONE', *, *, #10893, .T. ) ;
#1373 = CARTESIAN_POINT ( 'NONE',  ( 17.14999999999998400, 8.500000000000000000, -13.13154598666895000 ) ) ;
#1374 = CARTESIAN_POINT ( 'NONE',  ( 16.11915492039946700, 2.610000000000029200, -15.53745580819628600 ) ) ;
#1375 = ORIENTED_EDGE ( 'NONE', *, *, #1260, .F. ) ;
#1376 = EDGE_CURVE ( 'NONE', #3390, #1290, #11871, .T. ) ;
#1377 = CARTESIAN_POINT ( 'NONE',  ( -15.71441625783252500, 2.610000000000006100, 14.91795067099118900 ) ) ;
#1378 = CYLINDRICAL_SURFACE ( 'NONE', #11185, 1.250000000000011500 ) ;
#1379 = VECTOR ( 'NONE', #3639, 1000.000000000000200 ) ;
#1380 = CARTESIAN_POINT ( 'NONE',  ( -3.888629745115985700, 0.0000000000000000000, 21.50000000000000400 ) ) ;
#1381 = ORIENTED_EDGE ( 'NONE', *, *, #5231, .F. ) ;
#1382 = ADVANCED_FACE ( 'NONE', ( #9292 ), #11679, .T. ) ;
#1383 = EDGE_LOOP ( 'NONE', ( #9165, #811, #7953 ) ) ;
#1384 = ORIENTED_EDGE ( 'NONE', *, *, #1727, .F. ) ;
#1385 = EDGE_CURVE ( 'NONE', #3217, #7403, #6397, .T. ) ;
#1386 = AXIS2_PLACEMENT_3D ( 'NONE', #3125, #9876, #4076 ) ;
#1387 = ORIENTED_EDGE ( 'NONE', *, *, #8513, .T. ) ;
#1388 = DIRECTION ( 'NONE',  ( 0.0000000000000000000, 0.0000000000000000000, -1.000000000000000000 ) ) ;
#1389 = FACE_OUTER_BOUND ( 'NONE', #8471, .T. ) ;
#1391 = DIRECTION ( 'NONE',  ( -0.0000000000000000000, -1.000000000000000000, 0.0000000000000000000 ) ) ;
#1390 = FACE_OUTER_BOUND ( 'NONE', #5615, .T. ) ;
#1392 = DIRECTION ( 'NONE',  ( 0.7071067811865475700, 0.0000000000000000000, 0.7071067811865475700 ) ) ;
#1393 = DIRECTION ( 'NONE',  ( -0.0000000000000000000, -1.000000000000000000, 0.0000000000000000000 ) ) ;
#1394 = DIRECTION ( 'NONE',  ( -0.0000000000000000000, -1.000000000000000000, -0.0000000000000000000 ) ) ;
#1395 = ORIENTED_EDGE ( 'NONE', *, *, #7186, .F. ) ;
#1396 = EDGE_CURVE ( 'NONE', #1645, #3753, #1592, .T. ) ;
#1397 = VERTEX_POINT ( 'NONE', #10729 ) ;
#1398 = VERTEX_POINT ( 'NONE', #11726 ) ;
#1399 = DIRECTION ( 'NONE',  ( 0.0000000000000000000, 1.000000000000000000, 0.0000000000000000000 ) ) ;
#1400 = CARTESIAN_POINT ( 'NONE',  ( 3.469446951953614200E-014, 35.50000000000000700, -10.99999999999997300 ) ) ;
#1401 = EDGE_LOOP ( 'NONE', ( #934, #7411, #8633, #9985, #857, #6841 ) ) ;
#1402 = CARTESIAN_POINT ( 'NONE',  ( 3.469446951953614200E-014, 26.00000000000000400, 3.122502256758252800E-014 ) ) ;
#1403 = CIRCLE ( 'NONE', #2441, 1.500000000000000000 ) ;
#1404 = CIRCLE ( 'NONE', #6165, 8.000000000000000000 ) ;
#1405 = ORIENTED_EDGE ( 'NONE', *, *, #3552, .T. ) ;
#1406 = ORIENTED_EDGE ( 'NONE', *, *, #945, .T. ) ;
#1407 = ADVANCED_FACE ( 'NONE', ( #11255 ), #3550, .F. ) ;
#1408 = DIRECTION ( 'NONE',  ( -1.000000000000000000, -0.0000000000000000000, -0.0000000000000000000 ) ) ;
#1409 = AXIS2_PLACEMENT_3D ( 'NONE', #5246, #12035, #6208 ) ;
#1410 = EDGE_CURVE ( 'NONE', #3128, #6511, #8761, .T. ) ;
#1411 = AXIS2_PLACEMENT_3D ( 'NONE', #12066, #7155, #6242 ) ;
#1412 = ORIENTED_EDGE ( 'NONE', *, *, #10370, .F. ) ;
#1413 = DIRECTION ( 'NONE',  ( 0.0000000000000000000, 1.000000000000000000, -0.0000000000000000000 ) ) ;
#1414 = EDGE_CURVE ( 'NONE', #11220, #11935, #6095, .T. ) ;
#1415 = CYLINDRICAL_SURFACE ( 'NONE', #9462, 2.750000000000000400 ) ;
#1416 = CIRCLE ( 'NONE', #11862, 0.8074684195533451400 ) ;
#1417 = DIRECTION ( 'NONE',  ( 0.0000000000000000000, -1.000000000000000000, 0.0000000000000000000 ) ) ;
#1418 = ORIENTED_EDGE ( 'NONE', *, *, #3695, .F. ) ;
#1419 = EDGE_LOOP ( 'NONE', ( #10998, #11512, #1828, #5715, #5004, #443 ) ) ;
#1420 = CARTESIAN_POINT ( 'NONE',  ( 15.20830766548010100, 0.6000000000000297300, -16.13253578028825100 ) ) ;
#1421 = LINE ( 'NONE', #5220, #7122 ) ;
#1422 = DIRECTION ( 'NONE',  ( 0.0000000000000000000, 0.0000000000000000000, 1.000000000000000000 ) ) ;
#1423 = ORIENTED_EDGE ( 'NONE', *, *, #116, .T. ) ;
#1424 = VECTOR ( 'NONE', #1336, 1000.000000000000000 ) ;
#1425 = FACE_BOUND ( 'NONE', #6552, .T. ) ;
#1426 = AXIS2_PLACEMENT_3D ( 'NONE', #11648, #5841, #55 ) ;
#1427 = ORIENTED_EDGE ( 'NONE', *, *, #4404, .F. ) ;
#1428 = EDGE_CURVE ( 'NONE', #1944, #11387, #975, .T. ) ;
#1429 = ORIENTED_EDGE ( 'NONE', *, *, #6690, .T. ) ;
#1430 = CARTESIAN_POINT ( 'NONE',  ( 15.53745580819628500, 2.610000000000029200, -14.88084507960052400 ) ) ;
#1431 = CARTESIAN_POINT ( 'NONE',  ( -21.00000000000000000, 12.00000000000000000, 14.64103821455296400 ) ) ;
#1432 = DIRECTION ( 'NONE',  ( -0.7071067811865475700, 0.0000000000000000000, 0.7071067811865475700 ) ) ;
#1433 = CARTESIAN_POINT ( 'NONE',  ( 14.64103821455298200, 23.40000000000000600, -21.00000000000000000 ) ) ;
#1434 = CIRCLE ( 'NONE', #11798, 0.5560000000000002700 ) ;
#1435 = ORIENTED_EDGE ( 'NONE', *, *, #9264, .F. ) ;
#1436 = FACE_BOUND ( 'NONE', #5808, .T. ) ;
#1437 = ORIENTED_EDGE ( 'NONE', *, *, #3839, .T. ) ;
#1438 = CARTESIAN_POINT ( 'NONE',  ( 6.938893903907228400E-015, 33.32983738762487700, 3.469446951953614200E-015 ) ) ;
#1439 = DIRECTION ( 'NONE',  ( -0.0000000000000000000, -1.000000000000000000, 0.0000000000000000000 ) ) ;
#1440 = DIRECTION ( 'NONE',  ( 0.0000000000000000000, 1.000000000000000000, -0.0000000000000000000 ) ) ;
#1441 = CARTESIAN_POINT ( 'NONE',  ( -15.50000000000000700, 34.00000000000000000, 13.94999999999998700 ) ) ;
#1442 = ORIENTED_EDGE ( 'NONE', *, *, #5953, .T. ) ;
#1443 = AXIS2_PLACEMENT_3D ( 'NONE', #7669, #1945, #8661 ) ;
#1444 = EDGE_CURVE ( 'NONE', #9969, #10856, #8963, .T. ) ;
#1445 = CIRCLE ( 'NONE', #2005, 4.000000000000000000 ) ;
#1446 = ADVANCED_FACE ( 'NONE', ( #8348 ), #10633, .F. ) ;
#1447 = AXIS2_PLACEMENT_3D ( 'NONE', #7940, #11886, #6978 ) ;
#1448 = DIRECTION ( 'NONE',  ( 1.000000000000000000, 0.0000000000000000000, -1.202705903538683300E-016 ) ) ;
#1449 = LINE ( 'NONE', #11296, #3996 ) ;
#1450 = DIRECTION ( 'NONE',  ( 0.0000000000000000000, 0.0000000000000000000, -1.000000000000000000 ) ) ;
#1451 = ORIENTED_EDGE ( 'NONE', *, *, #7249, .F. ) ;
#1452 = CARTESIAN_POINT ( 'NONE',  ( -0.8674362310232205400, 4.110050607254169800, 30.20000000000000300 ) ) ;
#1453 = LINE ( 'NONE', #11040, #523 ) ;
#1454 = DIRECTION ( 'NONE',  ( 1.224646799147353900E-016, 0.0000000000000000000, -1.000000000000000000 ) ) ;
#1455 = ORIENTED_EDGE ( 'NONE', *, *, #4386, .F. ) ;
#1456 = DIRECTION ( 'NONE',  ( 0.0000000000000000000, 0.0000000000000000000, 1.000000000000000000 ) ) ;
#1457 = CARTESIAN_POINT ( 'NONE',  ( 16.37157287525380800, 0.5000000000000004400, 19.00000000000000400 ) ) ;
#1458 = LINE ( 'NONE', #1164, #10804 ) ;
#1459 = CARTESIAN_POINT ( 'NONE',  ( 15.50000000000000400, -997.2093446488944400, 15.50000000000000500 ) ) ;
#1460 = CARTESIAN_POINT ( 'NONE',  ( -15.50000000000000700, 8.500000000000000000, -14.24999999999998600 ) ) ;
#1461 = CIRCLE ( 'NONE', #3039, 1.500000000000001300 ) ;
#1462 = AXIS2_PLACEMENT_3D ( 'NONE', #38, #6694, #3893 ) ;
#1463 = ORIENTED_EDGE ( 'NONE', *, *, #3371, .F. ) ;
#1464 = CIRCLE ( 'NONE', #10590, 4.000000000000000000 ) ;
#1465 = EDGE_LOOP ( 'NONE', ( #2115, #1489, #806, #8670, #1556, #7347, #2691, #734, #1259, #7353, #2491 ) ) ;
#1466 = EDGE_CURVE ( 'NONE', #5324, #3048, #3245, .T. ) ;
#1467 = AXIS2_PLACEMENT_3D ( 'NONE', #331, #3215, #7053 ) ;
#1468 = ORIENTED_EDGE ( 'NONE', *, *, #5835, .T. ) ;
#1469 = DIRECTION ( 'NONE',  ( -0.0000000000000000000, -1.000000000000000000, 0.0000000000000000000 ) ) ;
#1470 = EDGE_CURVE ( 'NONE', #2628, #1218, #8647, .T. ) ;
#1471 = ORIENTED_EDGE ( 'NONE', *, *, #5996, .F. ) ;
#1472 = DIRECTION ( 'NONE',  ( 0.5469441386039886100, 0.0000000000000000000, -0.8371691043312222700 ) ) ;
#1473 = ADVANCED_FACE ( 'NONE', ( #675 ), #10343, .T. ) ;
#1474 = CARTESIAN_POINT ( 'NONE',  ( -16.10232027957600200, 1.940406951505540700, 15.54845431265168500 ) ) ;
#1475 = DIRECTION ( 'NONE',  ( 0.0000000000000000000, 0.0000000000000000000, 1.000000000000000000 ) ) ;
#1476 = FACE_OUTER_BOUND ( 'NONE', #6478, .T. ) ;
#1477 = CARTESIAN_POINT ( 'NONE',  ( 15.49999999999999300, 2.610000000000029200, -15.49999999999999600 ) ) ;
#1478 = CARTESIAN_POINT ( 'NONE',  ( -15.50000000000000700, 2.610000000000006100, 15.50000000000000400 ) ) ;
#1479 = CIRCLE ( 'NONE', #10509, 11.50000000000000500 ) ;
#1480 = AXIS2_PLACEMENT_3D ( 'NONE', #136, #6874, #1135 ) ;
#1481 = ORIENTED_EDGE ( 'NONE', *, *, #12521, .T. ) ;
#1482 = CARTESIAN_POINT ( 'NONE',  ( 15.49999999999999300, 8.500000000000000000, 16.75000000000000400 ) ) ;
#1483 = DIRECTION ( 'NONE',  ( 0.0000000000000000000, 0.0000000000000000000, 1.000000000000000000 ) ) ;
#1484 = CARTESIAN_POINT ( 'NONE',  ( 3.469446951953614200E-015, 2.800000000000002000, -7.999999999999998200 ) ) ;
#1485 = CARTESIAN_POINT ( 'NONE',  ( -15.50000000000000700, 2.610000000000006100, 15.50000000000000400 ) ) ;
#1486 = DIRECTION ( 'NONE',  ( 0.5469441386039871600, 0.0000000000000000000, -0.8371691043312232700 ) ) ;
#1487 = EDGE_CURVE ( 'NONE', #8482, #11491, #8161, .T. ) ;
#1488 = DIRECTION ( 'NONE',  ( 0.0000000000000000000, 0.0000000000000000000, 1.000000000000000000 ) ) ;
#1489 = ORIENTED_EDGE ( 'NONE', *, *, #1611, .T. ) ;
#1490 = LINE ( 'NONE', #5390, #4343 ) ;
#1491 = CARTESIAN_POINT ( 'NONE',  ( -15.97953669465961600, 2.610000000000031400, -15.21860959775618500 ) ) ;
#1492 = ORIENTED_EDGE ( 'NONE', *, *, #11732, .T. ) ;
#1493 = DIRECTION ( 'NONE',  ( -0.0000000000000000000, -0.0000000000000000000, -1.000000000000000000 ) ) ;
#1494 = ORIENTED_EDGE ( 'NONE', *, *, #11914, .F. ) ;
#1495 = DIRECTION ( 'NONE',  ( 0.0000000000000000000, 0.0000000000000000000, 1.000000000000000000 ) ) ;
#1496 = VERTEX_POINT ( 'NONE', #5106 ) ;
#1497 = DIRECTION ( 'NONE',  ( 0.5201747870687640800, -0.3090169943749421200, -0.7961951319151876500 ) ) ;
#1498 = VERTEX_POINT ( 'NONE', #6068 ) ;
#1499 = DIRECTION ( 'NONE',  ( 0.2440452458516471600, 0.8949343913984425500, -0.3735429735244771800 ) ) ;
#1500 = DIRECTION ( 'NONE',  ( -0.0000000000000000000, -1.000000000000000000, 0.0000000000000000000 ) ) ;
#1501 = LINE ( 'NONE', #4569, #11461 ) ;
#1502 = FACE_OUTER_BOUND ( 'NONE', #10905, .T. ) ;
#1503 = AXIS2_PLACEMENT_3D ( 'NONE', #10, #3914, #10667 ) ;
#1504 = EDGE_LOOP ( 'NONE', ( #11609, #4707, #5371, #3797 ) ) ;
#1505 = EDGE_CURVE ( 'NONE', #10863, #6675, #2934, .T. ) ;
#1506 = VERTEX_POINT ( 'NONE', #9968 ) ;
#1507 = EDGE_CURVE ( 'NONE', #6399, #9247, #367, .T. ) ;
#1508 = CARTESIAN_POINT ( 'NONE',  ( -13.13154598666894500, 26.00000000000000400, -17.15000000000000200 ) ) ;
#1509 = ADVANCED_FACE ( 'NONE', ( #5794 ), #7728, .T. ) ;
#1510 = LINE ( 'NONE', #815, #6610 ) ;
#1511 = VECTOR ( 'NONE', #2577, 1000.000000000000000 ) ;
#1512 = DIRECTION ( 'NONE',  ( 0.0000000000000000000, 1.000000000000000000, 0.0000000000000000000 ) ) ;
#1513 = VERTEX_POINT ( 'NONE', #2299 ) ;
#1514 = DIRECTION ( 'NONE',  ( -0.0000000000000000000, 0.0000000000000000000, 1.000000000000000000 ) ) ;
#1515 = DIRECTION ( 'NONE',  ( 0.0000000000000000000, 0.0000000000000000000, 1.000000000000000000 ) ) ;
#1516 = DIRECTION ( 'NONE',  ( 0.0000000000000000000, 0.0000000000000000000, -1.000000000000000000 ) ) ;
#1517 = AXIS2_PLACEMENT_3D ( 'NONE', #5980, #206, #6935 ) ;
#1518 = EDGE_CURVE ( 'NONE', #10229, #7515, #44, .T. ) ;
#1519 = ORIENTED_EDGE ( 'NONE', *, *, #6371, .F. ) ;
#1520 = AXIS2_PLACEMENT_3D ( 'NONE', #911, #2852, #9609 ) ;
#1521 = VERTEX_POINT ( 'NONE', #383 ) ;
#1522 = CARTESIAN_POINT ( 'NONE',  ( 3.894712078817836000, 0.0000000000000000000, 18.00000000000000700 ) ) ;
#1523 = DIRECTION ( 'NONE',  ( -0.0000000000000000000, -1.000000000000000000, -0.0000000000000000000 ) ) ;
#1524 = CIRCLE ( 'NONE', #339, 0.5000000000000004400 ) ;
#1525 = FACE_OUTER_BOUND ( 'NONE', #10629, .T. ) ;
#1526 = CARTESIAN_POINT ( 'NONE',  ( 15.50000000000000400, 2.610000000000027400, 15.50000000000000500 ) ) ;
#1527 = PLANE ( 'NONE',  #4545 ) ;
#1528 = ORIENTED_EDGE ( 'NONE', *, *, #11624, .T. ) ;
#1529 = ORIENTED_EDGE ( 'NONE', *, *, #3333, .F. ) ;
#1530 = CARTESIAN_POINT ( 'NONE',  ( 2.440806305255389700, 39.00000000000000000, -0.5407999447351443700 ) ) ;
#1531 = ADVANCED_FACE ( 'NONE', ( #5196 ), #4893, .T. ) ;
#1532 = DIRECTION ( 'NONE',  ( 0.0000000000000000000, 1.000000000000000000, -0.0000000000000000000 ) ) ;
#1533 = DIRECTION ( 'NONE',  ( -1.224646799147340400E-016, 0.0000000000000000000, -1.000000000000000000 ) ) ;
#1534 = AXIS2_PLACEMENT_3D ( 'NONE', #9535, #11485, #12440 ) ;
#1535 = CIRCLE ( 'NONE', #6858, 4.000000000000001800 ) ;
#1536 = CYLINDRICAL_SURFACE ( 'NONE', #2641, 2.500000000000000900 ) ;
#1537 = EDGE_LOOP ( 'NONE', ( #2302, #11496, #7305, #866 ) ) ;
#1538 = AXIS2_PLACEMENT_3D ( 'NONE', #10999, #2355, #1388 ) ;
#1539 = CARTESIAN_POINT ( 'NONE',  ( 3.469446951953614200E-014, 26.00000000000000400, 3.122502256758252800E-014 ) ) ;
#1540 = EDGE_CURVE ( 'NONE', #4565, #3635, #7438, .T. ) ;
#1541 = ORIENTED_EDGE ( 'NONE', *, *, #2551, .T. ) ;
#1542 = ORIENTED_EDGE ( 'NONE', *, *, #6642, .T. ) ;
#1543 = ORIENTED_EDGE ( 'NONE', *, *, #5236, .T. ) ;
#1544 = CARTESIAN_POINT ( 'NONE',  ( 15.50000000000000400, 2.610000000000027400, 15.50000000000000500 ) ) ;
#1545 = LINE ( 'NONE', #7255, #11204 ) ;
#1546 = LINE ( 'NONE', #3204, #3792 ) ;
#1547 = CARTESIAN_POINT ( 'NONE',  ( 16.19643099708683900, 0.6000000000000297300, -15.48696935691684700 ) ) ;
#1548 = ORIENTED_EDGE ( 'NONE', *, *, #2982, .F. ) ;
#1549 = DIRECTION ( 'NONE',  ( 1.000000000000000000, -0.0000000000000000000, 0.0000000000000000000 ) ) ;
#1550 = AXIS2_PLACEMENT_3D ( 'NONE', #10677, #4892, #11661 ) ;
#1552 = ORIENTED_EDGE ( 'NONE', *, *, #7915, .T. ) ;
#1551 = ORIENTED_EDGE ( 'NONE', *, *, #7356, .F. ) ;
#1553 = ORIENTED_EDGE ( 'NONE', *, *, #1194, .F. ) ;
#1554 = DIRECTION ( 'NONE',  ( -0.0000000000000000000, -0.0000000000000000000, -1.000000000000000000 ) ) ;
#1555 = CARTESIAN_POINT ( 'NONE',  ( -4.000000000000001800, 1.499999999999999600, 18.00000000000000700 ) ) ;
#1556 = ORIENTED_EDGE ( 'NONE', *, *, #5767, .T. ) ;
#1557 = CARTESIAN_POINT ( 'NONE',  ( -2.888629745115985700, 0.0000000000000000000, 21.50000000000000400 ) ) ;
#1558 = EDGE_CURVE ( 'NONE', #6863, #7986, #5511, .T. ) ;
#1559 = FACE_OUTER_BOUND ( 'NONE', #10617, .T. ) ;
#1560 = CIRCLE ( 'NONE', #8992, 1.250000000000011500 ) ;
#1561 = AXIS2_PLACEMENT_3D ( 'NONE', #485, #7209, #1475 ) ;
#1562 = EDGE_LOOP ( 'NONE', ( #11916, #2354, #1548, #4654 ) ) ;
#1564 = ORIENTED_EDGE ( 'NONE', *, *, #1616, .T. ) ;
#1563 = CARTESIAN_POINT ( 'NONE',  ( -4.000000000000001800, 8.500000000000000000, 21.00000000000000400 ) ) ;
#1565 = DIRECTION ( 'NONE',  ( 1.000000000000000000, 0.0000000000000000000, 0.0000000000000000000 ) ) ;
#1566 = ORIENTED_EDGE ( 'NONE', *, *, #1026, .T. ) ;
#1567 = DIRECTION ( 'NONE',  ( 0.0000000000000000000, 0.0000000000000000000, -1.000000000000000000 ) ) ;
#1568 = DIRECTION ( 'NONE',  ( 0.0000000000000000000, 0.0000000000000000000, 1.000000000000000000 ) ) ;
#1569 = CARTESIAN_POINT ( 'NONE',  ( 21.14999999999998400, 26.00000000000000400, 13.13154598666892500 ) ) ;
#1570 = FACE_OUTER_BOUND ( 'NONE', #2003, .T. ) ;
#1571 = ADVANCED_FACE ( 'NONE', ( #2339 ), #2642, .T. ) ;
#1572 = VECTOR ( 'NONE', #8418, 1000.000000000000000 ) ;
#1573 = FACE_OUTER_BOUND ( 'NONE', #11598, .T. ) ;
#1574 = EDGE_LOOP ( 'NONE', ( #7440, #12103, #2245 ) ) ;
#1575 = AXIS2_PLACEMENT_3D ( 'NONE', #11799, #5983, #208 ) ;
#1576 = EDGE_CURVE ( 'NONE', #2497, #6221, #12325, .T. ) ;
#1577 = ORIENTED_EDGE ( 'NONE', *, *, #9566, .F. ) ;
#1578 = ORIENTED_EDGE ( 'NONE', *, *, #460, .F. ) ;
#1579 = CARTESIAN_POINT ( 'NONE',  ( 17.78578643762690300, 0.5000000000000004400, -20.41421356237309200 ) ) ;
#1580 = EDGE_CURVE ( 'NONE', #1521, #12530, #10042, .T. ) ;
#1581 = DIRECTION ( 'NONE',  ( -1.000000000000000000, 0.0000000000000000000, 0.0000000000000000000 ) ) ;
#1582 = LINE ( 'NONE', #6754, #8631 ) ;
#1583 = CARTESIAN_POINT ( 'NONE',  ( -21.00000000000000000, 12.00000000000000000, 16.37157287525380800 ) ) ;
#1584 = ORIENTED_EDGE ( 'NONE', *, *, #6889, .T. ) ;
#1585 = FACE_OUTER_BOUND ( 'NONE', #713, .T. ) ;
#1586 = CARTESIAN_POINT ( 'NONE',  ( 16.55338432521336100, 0.6000000000000276200, 16.63016877650854000 ) ) ;
#1587 = CONICAL_SURFACE ( 'NONE', #8652, 1.250000000000011500, 0.7853981633974537200 ) ;
#1588 = ORIENTED_EDGE ( 'NONE', *, *, #3368, .T. ) ;
#1589 = ORIENTED_EDGE ( 'NONE', *, *, #9409, .F. ) ;
#1590 = AXIS2_PLACEMENT_3D ( 'NONE', #12414, #6584, #820 ) ;
#1591 = EDGE_CURVE ( 'NONE', #2419, #8458, #7135, .T. ) ;
#1592 = LINE ( 'NONE', #4912, #1289 ) ;
#1593 = EDGE_LOOP ( 'NONE', ( #3741, #3205, #2742, #5141 ) ) ;
#1594 = AXIS2_PLACEMENT_3D ( 'NONE', #2425, #1716, #4650 ) ;
#1595 = DIRECTION ( 'NONE',  ( -0.0000000000000000000, -0.0000000000000000000, 1.000000000000000000 ) ) ;
#1596 = ADVANCED_FACE ( 'NONE', ( #4601 ), #4351, .T. ) ;
#1597 = TOROIDAL_SURFACE ( 'NONE', #3976, 7.700000000000005500, 0.2999999999999994900 ) ;
#1598 = CARTESIAN_POINT ( 'NONE',  ( -17.43223304703362700, 0.0000000000000000000, 20.06066017177982600 ) ) ;
#1599 = DIRECTION ( 'NONE',  ( 0.0000000000000000000, 1.000000000000000000, 0.0000000000000000000 ) ) ;
#1600 = CARTESIAN_POINT ( 'NONE',  ( 16.55338432521335100, 0.6000000000000297300, -14.36983122349146100 ) ) ;
#1601 = CARTESIAN_POINT ( 'NONE',  ( 6.938893903907228400E-015, 34.59999999999999400, 3.469446951953614200E-015 ) ) ;
#1602 = ORIENTED_EDGE ( 'NONE', *, *, #7973, .F. ) ;
#1603 = LINE ( 'NONE', #10450, #4149 ) ;
#1604 = CIRCLE ( 'NONE', #6012, 1.500000000000001100 ) ;
#1605 = ORIENTED_EDGE ( 'NONE', *, *, #3179, .F. ) ;
#1606 = CARTESIAN_POINT ( 'NONE',  ( 2.094712078817835700, 8.500000000000000000, 18.00000000000000700 ) ) ;
#1607 = DIRECTION ( 'NONE',  ( -0.5469441386039886100, 0.0000000000000000000, 0.8371691043312222700 ) ) ;
#1608 = VECTOR ( 'NONE', #3583, 1000.000000000000100 ) ;
#1609 = CARTESIAN_POINT ( 'NONE',  ( 6.938893903907228400E-015, 33.32983738762487700, 3.469446951953614200E-015 ) ) ;
#1610 = DIRECTION ( 'NONE',  ( -0.0000000000000000000, -1.000000000000000000, 0.0000000000000000000 ) ) ;
#1611 = EDGE_CURVE ( 'NONE', #9796, #9788, #2047, .T. ) ;
#1612 = AXIS2_PLACEMENT_3D ( 'NONE', #1800, #5663, #11463 ) ;
#1613 = DIRECTION ( 'NONE',  ( -0.7071067811865475700, 0.0000000000000000000, 0.7071067811865475700 ) ) ;
#1614 = APPROVAL ( #660, 'UNSPECIFIED' ) ;
#1615 = EDGE_CURVE ( 'NONE', #5128, #8748, #9433, .T. ) ;
#1616 = EDGE_CURVE ( 'NONE', #4121, #11387, #12021, .T. ) ;
#1617 = AXIS2_PLACEMENT_3D ( 'NONE', #10799, #5009, #11785 ) ;
#1618 = ORIENTED_EDGE ( 'NONE', *, *, #1621, .F. ) ;
#1619 = CARTESIAN_POINT ( 'NONE',  ( 15.49999999999999300, 2.610000000000029200, -15.49999999999999600 ) ) ;
#1620 = VERTEX_POINT ( 'NONE', #4390 ) ;
#1621 = EDGE_CURVE ( 'NONE', #1620, #1877, #11706, .T. ) ;
#1622 = DIRECTION ( 'NONE',  ( 0.0000000000000000000, 0.0000000000000000000, 1.000000000000000000 ) ) ;
#1623 = FACE_OUTER_BOUND ( 'NONE', #8942, .T. ) ;
#1624 = CARTESIAN_POINT ( 'NONE',  ( -1.891847917304329000E-014, 26.00000000000000400, 15.49999999999996100 ) ) ;
#1625 = CONICAL_SURFACE ( 'NONE', #8292, 0.5560000000000002700, 0.06981317007976596500 ) ;
#1626 = DIRECTION ( 'NONE',  ( 0.0000000000000000000, 0.0000000000000000000, -1.000000000000000000 ) ) ;
#1627 = CARTESIAN_POINT ( 'NONE',  ( 0.8530793868032783300, 4.110050607254169800, 18.20000000000000300 ) ) ;
#1628 = EDGE_LOOP ( 'NONE', ( #6351, #10713, #117, #7684 ) ) ;
#1629 = EDGE_CURVE ( 'NONE', #1881, #10816, #6826, .T. ) ;
#1630 = ORIENTED_EDGE ( 'NONE', *, *, #11035, .T. ) ;
#1631 = AXIS2_PLACEMENT_3D ( 'NONE', #11364, #4570, #8415 ) ;
#1632 = CONICAL_SURFACE ( 'NONE', #7410, 1.999999999999995300, 0.7853981633974530500 ) ;
#1633 = DIRECTION ( 'NONE',  ( 0.0000000000000000000, -1.000000000000000000, 0.0000000000000000000 ) ) ;
#1634 = ADVANCED_FACE ( 'NONE', ( #6541 ), #11399, .F. ) ;
#1635 = EDGE_CURVE ( 'NONE', #3824, #6525, #1434, .T. ) ;
#1636 = DIRECTION ( 'NONE',  ( -0.8371691043312248200, 0.0000000000000000000, -0.5469441386039847200 ) ) ;
#1637 = FACE_OUTER_BOUND ( 'NONE', #6338, .T. ) ;
#1638 = ORIENTED_EDGE ( 'NONE', *, *, #6640, .T. ) ;
#1639 = CARTESIAN_POINT ( 'NONE',  ( -15.46254419180371500, 2.610000000000031400, -14.88084507960052400 ) ) ;
#1640 = ORIENTED_EDGE ( 'NONE', *, *, #877, .T. ) ;
#1641 = ORIENTED_EDGE ( 'NONE', *, *, #3838, .F. ) ;
#1642 = CARTESIAN_POINT ( 'NONE',  ( 15.49999999999999300, 34.00000000000000000, -15.49999999999999600 ) ) ;
#1643 = PERSON_AND_ORGANIZATION_ROLE ( 'creator' ) ;
#1644 = CARTESIAN_POINT ( 'NONE',  ( 15.49999999999999300, 0.0000000000000000000, -19.25000000000000000 ) ) ;
#1645 = VERTEX_POINT ( 'NONE', #1579 ) ;
#1646 = ORIENTED_EDGE ( 'NONE', *, *, #4615, .T. ) ;
#1647 = LINE ( 'NONE', #5937, #11603 ) ;
#1648 = APPROVAL_DATE_TIME ( #4199, #1614 ) ;
#1649 = ORIENTED_EDGE ( 'NONE', *, *, #8446, .F. ) ;
#1650 = CARTESIAN_POINT ( 'NONE',  ( 15.49999999999999300, 8.500000000000000000, -15.49999999999999600 ) ) ;
#1651 = ORIENTED_EDGE ( 'NONE', *, *, #12150, .F. ) ;
#1652 = CARTESIAN_POINT ( 'NONE',  ( -20.99999999999998200, 23.40000000000000600, -14.64103821455294300 ) ) ;
#1653 = DIRECTION ( 'NONE',  ( 0.0000000000000000000, 0.0000000000000000000, -1.000000000000000000 ) ) ;
#1654 = EDGE_CURVE ( 'NONE', #8154, #5875, #1736, .T. ) ;
#1655 = CARTESIAN_POINT ( 'NONE',  ( 15.49999999999999300, 26.00000000000000400, -14.24999999999998600 ) ) ;
#1656 = ORIENTED_EDGE ( 'NONE', *, *, #7901, .F. ) ;
#1657 = AXIS2_PLACEMENT_3D ( 'NONE', #4020, #10780, #4984 ) ;
#1658 = DIRECTION ( 'NONE',  ( 0.5469441386039886100, 2.697020329565932900E-016, -0.8371691043312222700 ) ) ;
#1659 = ADVANCED_FACE ( 'NONE', ( #3982 ), #11092, .T. ) ;
#1660 = LINE ( 'NONE', #6024, #9026 ) ;
#1661 = CARTESIAN_POINT ( 'NONE',  ( 15.50000000000000400, 2.581370849898505100, 15.50000000000000500 ) ) ;
#1662 = DIRECTION ( 'NONE',  ( 1.000000000000000000, 0.0000000000000000000, 0.0000000000000000000 ) ) ;
#1663 = EDGE_LOOP ( 'NONE', ( #1140, #5942, #1321, #11268, #11501, #10235, #7819 ) ) ;
#1664 = EDGE_LOOP ( 'NONE', ( #12127, #7103, #10885, #6686 ) ) ;
#1665 = DIRECTION ( 'NONE',  ( -0.7071067811865472400, 0.0000000000000000000, -0.7071067811865479100 ) ) ;
#1666 = DIRECTION ( 'NONE',  ( 0.0000000000000000000, 1.000000000000000000, 0.0000000000000000000 ) ) ;
#1667 = ORIENTED_EDGE ( 'NONE', *, *, #12340, .T. ) ;
#1668 = AXIS2_PLACEMENT_3D ( 'NONE', #8735, #2971, #9735 ) ;
#1669 = EDGE_CURVE ( 'NONE', #11418, #8799, #1127, .T. ) ;
#1670 = LINE ( 'NONE', #7239, #9364 ) ;
#1671 = CIRCLE ( 'NONE', #1921, 4.500000000000000900 ) ;
#1672 = DIRECTION ( 'NONE',  ( 0.0000000000000000000, 0.0000000000000000000, 1.000000000000000000 ) ) ;
#1673 = VERTEX_POINT ( 'NONE', #8333 ) ;
#1674 = DIRECTION ( 'NONE',  ( 0.0000000000000000000, 0.0000000000000000000, 1.000000000000000000 ) ) ;
#1675 = DIRECTION ( 'NONE',  ( 0.0000000000000000000, 0.0000000000000000000, 1.000000000000000000 ) ) ;
#1676 = ORIENTED_EDGE ( 'NONE', *, *, #2150, .T. ) ;
#1677 = DIRECTION ( 'NONE',  ( 0.0000000000000000000, -0.0000000000000000000, -1.000000000000000000 ) ) ;
#1678 = VERTEX_POINT ( 'NONE', #9337 ) ;
#1679 = DIRECTION ( 'NONE',  ( 0.0000000000000000000, 1.000000000000000000, 0.0000000000000000000 ) ) ;
#1680 = CIRCLE ( 'NONE', #10526, 0.8074684195533452500 ) ;
#1681 = CIRCLE ( 'NONE', #11047, 1.250000000000011500 ) ;
#1682 = EDGE_CURVE ( 'NONE', #9151, #561, #5938, .T. ) ;
#1683 = ORIENTED_EDGE ( 'NONE', *, *, #1629, .T. ) ;
#1684 = DIRECTION ( 'NONE',  ( 0.0000000000000000000, 0.0000000000000000000, 1.000000000000000000 ) ) ;
#1685 = EDGE_CURVE ( 'NONE', #8425, #11487, #8488, .T. ) ;
#1686 = EDGE_CURVE ( 'NONE', #9888, #7877, #810, .T. ) ;
#1687 = AXIS2_PLACEMENT_3D ( 'NONE', #4700, #7573, #1845 ) ;
#1688 = ORIENTED_EDGE ( 'NONE', *, *, #8224, .F. ) ;
#1689 = ORIENTED_EDGE ( 'NONE', *, *, #144, .T. ) ;
#1690 = VERTEX_POINT ( 'NONE', #9382 ) ;
#1691 = DIRECTION ( 'NONE',  ( 0.0000000000000000000, -1.000000000000000000, 0.0000000000000000000 ) ) ;
#1692 = DIRECTION ( 'NONE',  ( -0.0000000000000000000, -0.0000000000000000000, -1.000000000000000000 ) ) ;
#1693 = CARTESIAN_POINT ( 'NONE',  ( 15.97953669465961300, 2.610000000000027400, 15.21860959775619200 ) ) ;
#1694 = FACE_BOUND ( 'NONE', #6948, .T. ) ;
#1695 = CYLINDRICAL_SURFACE ( 'NONE', #5692, 0.5000000000000004400 ) ;
#1696 = ADVANCED_FACE ( 'NONE', ( #5644 ), #5342, .F. ) ;
#1697 = ORIENTED_EDGE ( 'NONE', *, *, #4902, .F. ) ;
#1698 = PLANE ( 'NONE',  #2680 ) ;
#1699 = CARTESIAN_POINT ( 'NONE',  ( 13.13154598666893800, 8.500000000000000000, -17.15000000000000200 ) ) ;
#1700 = ORIENTED_EDGE ( 'NONE', *, *, #5554, .T. ) ;
#1701 = CARTESIAN_POINT ( 'NONE',  ( -2.888629745115985700, 2.628844685195824000, 18.20000000000000300 ) ) ;
#1702 = DIRECTION ( 'NONE',  ( 0.0000000000000000000, 1.000000000000000000, 0.0000000000000000000 ) ) ;
#1703 = AXIS2_PLACEMENT_3D ( 'NONE', #12158, #6326, #559 ) ;
#1704 = CARTESIAN_POINT ( 'NONE',  ( -18.99999999999998200, 23.40000000000000600, 16.37157287525381800 ) ) ;
#1705 = VERTEX_POINT ( 'NONE', #5537 ) ;
#1706 = AXIS2_PLACEMENT_3D ( 'NONE', #10550, #890, #11492 ) ;
#1707 = DIRECTION ( 'NONE',  ( -0.0000000000000000000, -1.000000000000000000, 0.0000000000000000000 ) ) ;
#1708 = CIRCLE ( 'NONE', #12405, 1.499999999999998400 ) ;
#1709 = LINE ( 'NONE', #11810, #9077 ) ;
#1710 = ORIENTED_EDGE ( 'NONE', *, *, #10750, .T. ) ;
#1711 = EDGE_CURVE ( 'NONE', #3861, #12511, #7872, .T. ) ;
#1713 = ORIENTED_EDGE ( 'NONE', *, *, #119, .F. ) ;
#1712 = EDGE_LOOP ( 'NONE', ( #11490, #8474, #1630, #9626 ) ) ;
#1714 = ORIENTED_EDGE ( 'NONE', *, *, #7786, .T. ) ;
#1715 = DIRECTION ( 'NONE',  ( 0.3735429735244763500, 0.8949343913984425500, 0.2440452458516484700 ) ) ;
#1716 = DIRECTION ( 'NONE',  ( -0.0000000000000000000, -1.000000000000000000, 0.0000000000000000000 ) ) ;
#1717 = CARTESIAN_POINT ( 'NONE',  ( 3.469446951953614200E-014, 23.40000000000000600, 3.122502256758252800E-014 ) ) ;
#1718 = ORIENTED_EDGE ( 'NONE', *, *, #10256, .F. ) ;
#1719 = CARTESIAN_POINT ( 'NONE',  ( -15.50000000000000700, 2.015685424949270400, -15.49999999999999600 ) ) ;
#1720 = VECTOR ( 'NONE', #6893, 1000.000000000000000 ) ;
#1721 = CIRCLE ( 'NONE', #7913, 6.350000000000005000 ) ;
#1722 = AXIS2_PLACEMENT_3D ( 'NONE', #784, #7505, #1776 ) ;
#1723 = ORIENTED_EDGE ( 'NONE', *, *, #3732, .F. ) ;
#1724 = ADVANCED_FACE ( 'NONE', ( #511, #10481 ), #10352, .T. ) ;
#1725 = ORIENTED_EDGE ( 'NONE', *, *, #2842, .T. ) ;
#1726 = DIRECTION ( 'NONE',  ( 0.5469441386039879400, 0.0000000000000000000, -0.8371691043312227100 ) ) ;
#1727 = EDGE_CURVE ( 'NONE', #8931, #7687, #3085, .T. ) ;
#1728 = LINE ( 'NONE', #1357, #4280 ) ;
#1729 = AXIS2_PLACEMENT_3D ( 'NONE', #2032, #8743, #2979 ) ;
#1730 = EDGE_LOOP ( 'NONE', ( #12289, #4864, #10411, #9958 ) ) ;
#1731 = FACE_OUTER_BOUND ( 'NONE', #10898, .T. ) ;
#1732 = VECTOR ( 'NONE', #10128, 1000.000000000000000 ) ;
#1733 = EDGE_LOOP ( 'NONE', ( #3783, #2026 ) ) ;
#1734 = ORIENTED_EDGE ( 'NONE', *, *, #1279, .T. ) ;
#1735 = DIRECTION ( 'NONE',  ( 8.659560562354908200E-017, -0.7071067811865493500, 0.7071067811865455700 ) ) ;
#1736 = LINE ( 'NONE', #3509, #8803 ) ;
#1737 = DIRECTION ( 'NONE',  ( -0.0000000000000000000, -1.000000000000000000, 0.0000000000000000000 ) ) ;
#1738 = VERTEX_POINT ( 'NONE', #11359 ) ;
#1739 = DIRECTION ( 'NONE',  ( 0.5469441386039871600, 0.0000000000000000000, -0.8371691043312232700 ) ) ;
#1740 = TOROIDAL_SURFACE ( 'NONE', #8237, 1.500000000000000000, 0.5000000000000000000 ) ;
#1741 = AXIS2_PLACEMENT_3D ( 'NONE', #2665, #9419, #3624 ) ;
#1742 = DIRECTION ( 'NONE',  ( -0.0000000000000000000, -1.000000000000000000, 0.0000000000000000000 ) ) ;
#1743 = DIRECTION ( 'NONE',  ( 0.0000000000000000000, 0.0000000000000000000, -1.000000000000000000 ) ) ;
#1744 = VERTEX_POINT ( 'NONE', #12355 ) ;
#1745 = EDGE_CURVE ( 'NONE', #6714, #12345, #10183, .T. ) ;
#1746 = ORIENTED_EDGE ( 'NONE', *, *, #4688, .F. ) ;
#1747 = ORIENTED_EDGE ( 'NONE', *, *, #2330, .T. ) ;
#1748 = EDGE_CURVE ( 'NONE', #8425, #3426, #200, .T. ) ;
#1749 = DIRECTION ( 'NONE',  ( 0.0000000000000000000, 0.0000000000000000000, -1.000000000000000000 ) ) ;
#1750 = LINE ( 'NONE', #4135, #11716 ) ;
#1751 = CARTESIAN_POINT ( 'NONE',  ( -15.19071081559299300, 2.474345677606079300, 15.02659269710754600 ) ) ;
#1752 =( BOUNDED_CURVE ( )  B_SPLINE_CURVE ( 3, ( #9193, #6267, #6305, #539 ),
 .UNSPECIFIED., .F., .T. ) 
 B_SPLINE_CURVE_WITH_KNOTS ( ( 4, 4 ),
 ( 5.754796812637095200, 6.811573801722078200 ),
 .UNSPECIFIED. ) 
 CURVE ( )  GEOMETRIC_REPRESENTATION_ITEM ( )  RATIONAL_B_SPLINE_CURVE ( ( 1.000000000000000000, 0.9090804130449043900, 0.9090804130449043900, 1.000000000000000000 ) ) 
 REPRESENTATION_ITEM ( '' )  );
#1753 = TOROIDAL_SURFACE ( 'NONE', #5139, 1.500000000000000000, 0.5000000000000000000 ) ;
#1754 = ORIENTED_EDGE ( 'NONE', *, *, #11382, .F. ) ;
#1755 = VECTOR ( 'NONE', #9814, 1000.000000000000000 ) ;
#1756 = DIRECTION ( 'NONE',  ( 0.3735429735244764100, 0.8949343913984425500, 0.2440452458516483600 ) ) ;
#1757 = CARTESIAN_POINT ( 'NONE',  ( 14.67958379209400900, -5.749999999999961800, -14.24424634350316200 ) ) ;
#1758 = DIRECTION ( 'NONE',  ( 0.5469441386039877200, 0.0000000000000000000, -0.8371691043312229400 ) ) ;
#1759 = ADVANCED_FACE ( 'NONE', ( #2774 ), #7280, .T. ) ;
#1760 = AXIS2_PLACEMENT_3D ( 'NONE', #12489, #6647, #892 ) ;
#1761 = LINE ( 'NONE', #1246, #6847 ) ;
#1762 = AXIS2_PLACEMENT_3D ( 'NONE', #1284, #4604, #10377 ) ;
#1763 = DIRECTION ( 'NONE',  ( 0.0000000000000000000, 0.0000000000000000000, 1.000000000000000000 ) ) ;
#1764 = FACE_OUTER_BOUND ( 'NONE', #3698, .T. ) ;
#1765 = CARTESIAN_POINT ( 'NONE',  ( -15.50000000000000700, 26.00000000000000400, 14.24999999999999300 ) ) ;
#1766 = VECTOR ( 'NONE', #9877, 1000.000000000000000 ) ;
#1767 = ORIENTED_EDGE ( 'NONE', *, *, #2046, .T. ) ;
#1768 = CARTESIAN_POINT ( 'NONE',  ( 1.821700008836307300, 0.0000000000000000000, 0.8254750618920911900 ) ) ;
#1769 = ORIENTED_EDGE ( 'NONE', *, *, #3851, .F. ) ;
#1770 = CARTESIAN_POINT ( 'NONE',  ( 15.50000000000000400, 2.610000000000027400, 15.50000000000000500 ) ) ;
#1771 = ORIENTED_EDGE ( 'NONE', *, *, #1748, .T. ) ;
#1772 = CARTESIAN_POINT ( 'NONE',  ( -16.11915492039947800, 2.610000000000006100, 15.53745580819629300 ) ) ;
#1773 = DIRECTION ( 'NONE',  ( -1.000000000000000000, 0.0000000000000000000, 0.0000000000000000000 ) ) ;
#1774 = CARTESIAN_POINT ( 'NONE',  ( -2.277125011045398200, 0.5000000000000073300, -1.031843827365119800 ) ) ;
#1775 = AXIS2_PLACEMENT_3D ( 'NONE', #3463, #10226, #4441 ) ;
#1776 = DIRECTION ( 'NONE',  ( 0.0000000000000000000, 0.0000000000000000000, 1.000000000000000000 ) ) ;
#1777 = VERTEX_POINT ( 'NONE', #2629 ) ;
#1778 = LINE ( 'NONE', #9144, #7166 ) ;
#1779 = EDGE_CURVE ( 'NONE', #7889, #10685, #7568, .T. ) ;
#1780 = AXIS2_PLACEMENT_3D ( 'NONE', #7538, #865, #1854 ) ;
#1781 = FACE_OUTER_BOUND ( 'NONE', #9173, .T. ) ;
#1782 = CARTESIAN_POINT ( 'NONE',  ( -15.78139040224381700, 2.610000000000031400, -15.97953669465960600 ) ) ;
#1783 = EDGE_CURVE ( 'NONE', #8946, #4572, #9878, .T. ) ;
#1784 = ADVANCED_FACE ( 'NONE', ( #12472 ), #4687, .F. ) ;
#1785 = CARTESIAN_POINT ( 'NONE',  ( -0.3394521936433762500, 4.110050607254169800, 28.20000000000000300 ) ) ;
#1786 = ORIENTED_EDGE ( 'NONE', *, *, #6000, .F. ) ;
#1787 = DIRECTION ( 'NONE',  ( -0.0000000000000000000, -0.0000000000000000000, -1.000000000000000000 ) ) ;
#1788 = CARTESIAN_POINT ( 'NONE',  ( 15.71441625783252500, 2.610000000000027400, 16.08204932900882200 ) ) ;
#1789 = VECTOR ( 'NONE', #7470, 1000.000000000000200 ) ;
#1790 = AXIS2_PLACEMENT_3D ( 'NONE', #626, #1610, #6392 ) ;
#1791 = VERTEX_POINT ( 'NONE', #12392 ) ;
#1792 = DIRECTION ( 'NONE',  ( 0.5469441386039908300, 0.0000000000000000000, -0.8371691043312209400 ) ) ;
#1793 = EDGE_LOOP ( 'NONE', ( #8718, #9453, #1095, #441 ) ) ;
#1794 = CARTESIAN_POINT ( 'NONE',  ( 15.48696935691685500, 0.6000000000000276200, 16.19643099708685000 ) ) ;
#1795 = EDGE_CURVE ( 'NONE', #4879, #1956, #10784, .T. ) ;
#1796 = AXIS2_PLACEMENT_3D ( 'NONE', #8744, #2980, #9741 ) ;
#1797 = CARTESIAN_POINT ( 'NONE',  ( -2.277125011045398200, 54.00000000000000000, -1.031843827365119600 ) ) ;
#1798 = LINE ( 'NONE', #3593, #12083 ) ;
#1799 = FACE_OUTER_BOUND ( 'NONE', #7507, .T. ) ;
#1800 = CARTESIAN_POINT ( 'NONE',  ( 3.469446951953614200E-015, 25.63749999999999900, 6.938893903907228400E-015 ) ) ;
#1801 = VERTEX_POINT ( 'NONE', #842 ) ;
#1802 = CARTESIAN_POINT ( 'NONE',  ( -15.50000000000000700, 2.610000000000006100, 15.50000000000000400 ) ) ;
#1803 = CARTESIAN_POINT ( 'NONE',  ( 15.49999999999999300, 8.500000000000000000, 14.25000000000000200 ) ) ;
#1804 = EDGE_LOOP ( 'NONE', ( #7076, #869, #6452, #146 ) ) ;
#1805 = CARTESIAN_POINT ( 'NONE',  ( -15.50000000000000700, 2.610000000000031400, -15.49999999999999600 ) ) ;
#1806 = ORIENTED_EDGE ( 'NONE', *, *, #8496, .T. ) ;
#1807 = CARTESIAN_POINT ( 'NONE',  ( -14.91795067099119300, 2.610000000000031400, -15.71441625783251800 ) ) ;
#1808 = CIRCLE ( 'NONE', #10252, 11.50000000000000500 ) ;
#1809 = VECTOR ( 'NONE', #10257, 1000.000000000000100 ) ;
#1810 = AXIS2_PLACEMENT_3D ( 'NONE', #8536, #2796, #9547 ) ;
#1811 = CARTESIAN_POINT ( 'NONE',  ( 13.99590361883903400, -5.749999999999963600, 17.80221503691086600 ) ) ;
#1812 = VERTEX_POINT ( 'NONE', #1825 ) ;
#1813 = EDGE_CURVE ( 'NONE', #12453, #6375, #4738, .T. ) ;
#1814 = CARTESIAN_POINT ( 'NONE',  ( 6.938893903907228400E-015, 29.59999999999999800, 3.469446951953614200E-015 ) ) ;
#1815 = ADVANCED_FACE ( 'NONE', ( #2482 ), #9280, .F. ) ;
#1816 = EDGE_CURVE ( 'NONE', #5114, #6882, #12170, .T. ) ;
#1817 = CARTESIAN_POINT ( 'NONE',  ( 3.469446951953614200E-015, 12.00000000000000000, 6.938893903907228400E-015 ) ) ;
#1818 = DIRECTION ( 'NONE',  ( -0.0000000000000000000, -1.000000000000000000, 0.0000000000000000000 ) ) ;
#1819 = EDGE_LOOP ( 'NONE', ( #6623, #8777, #10394, #9305 ) ) ;
#1820 = CARTESIAN_POINT ( 'NONE',  ( 0.04561096724993300000, 4.110050607254169800, 28.20000000000000300 ) ) ;
#1821 = EDGE_LOOP ( 'NONE', ( #8274, #10581, #4776, #6972 ) ) ;
#1822 = FACE_OUTER_BOUND ( 'NONE', #9267, .T. ) ;
#1823 = VECTOR ( 'NONE', #11714, 1000.000000000000000 ) ;
#1824 = EDGE_LOOP ( 'NONE', ( #648, #3203, #5909, #470 ) ) ;
#1825 = CARTESIAN_POINT ( 'NONE',  ( 3.610281333855560200E-014, 33.50000000000000000, -11.49999999999997300 ) ) ;
#1826 = CARTESIAN_POINT ( 'NONE',  ( 4.247097669412184600E-015, 25.63749999999999900, 6.350000000000012100 ) ) ;
#1827 = ORIENTED_EDGE ( 'NONE', *, *, #8768, .T. ) ;
#1828 = ORIENTED_EDGE ( 'NONE', *, *, #1686, .T. ) ;
#1829 = AXIS2_PLACEMENT_3D ( 'NONE', #11090, #5298, #12081 ) ;
#1830 = EDGE_CURVE ( 'NONE', #12406, #10028, #2183, .T. ) ;
#1831 = ORIENTED_EDGE ( 'NONE', *, *, #5835, .F. ) ;
#1832 = AXIS2_PLACEMENT_3D ( 'NONE', #11550, #4234, #3725 ) ;
#1833 = FACE_OUTER_BOUND ( 'NONE', #10797, .T. ) ;
#1834 = FACE_OUTER_BOUND ( 'NONE', #9481, .T. ) ;
#1835 = CARTESIAN_POINT ( 'NONE',  ( 6.938893903907228400E-015, 29.59999999999999800, 3.469446951953614200E-015 ) ) ;
#1836 = ORIENTED_EDGE ( 'NONE', *, *, #12015, .T. ) ;
#1837 = CARTESIAN_POINT ( 'NONE',  ( 16.95812298778031000, 0.6000000000000276200, 16.01066363930343400 ) ) ;
#1838 = VERTEX_POINT ( 'NONE', #11525 ) ;
#1839 = EDGE_LOOP ( 'NONE', ( #7224, #12553 ) ) ;
#1840 = ADVANCED_FACE ( 'NONE', ( #11856 ), #11539, .T. ) ;
#1841 = DIRECTION ( 'NONE',  ( 0.0000000000000000000, 0.0000000000000000000, -1.000000000000000000 ) ) ;
#1842 = ORIENTED_EDGE ( 'NONE', *, *, #5119, .F. ) ;
#1843 = DIRECTION ( 'NONE',  ( 0.0000000000000000000, -1.000000000000000000, 0.0000000000000000000 ) ) ;
#1844 = ORIENTED_EDGE ( 'NONE', *, *, #2663, .F. ) ;
#1845 = DIRECTION ( 'NONE',  ( 0.0000000000000000000, 0.0000000000000000000, 1.000000000000000000 ) ) ;
#1846 = DIRECTION ( 'NONE',  ( 0.5469441386039891600, 0.0000000000000000000, -0.8371691043312219400 ) ) ;
#1847 = FACE_OUTER_BOUND ( 'NONE', #5564, .T. ) ;
#1848 = CONICAL_SURFACE ( 'NONE', #5932, 3077.683537175311800, 1.256637061435922800 ) ;
#1849 = AXIS2_PLACEMENT_3D ( 'NONE', #7133, #1393, #8091 ) ;
#1850 = ORIENTED_EDGE ( 'NONE', *, *, #4148, .F. ) ;
#1851 = EDGE_CURVE ( 'NONE', #7639, #8172, #6673, .T. ) ;
#1853 = ORIENTED_EDGE ( 'NONE', *, *, #6150, .T. ) ;
#1852 = DIRECTION ( 'NONE',  ( -0.8371691043312248200, 0.0000000000000000000, -0.5469441386039847200 ) ) ;
#1854 = DIRECTION ( 'NONE',  ( 0.5469441386039886100, 0.0000000000000000000, -0.8371691043312222700 ) ) ;
#1855 = ORIENTED_EDGE ( 'NONE', *, *, #1192, .F. ) ;
#1856 = CARTESIAN_POINT ( 'NONE',  ( 15.58276350254037400, 2.610000000000029200, -14.95019439558399200 ) ) ;
#1857 = DIRECTION ( 'NONE',  ( 0.7071067811865475700, 0.0000000000000000000, -0.7071067811865475700 ) ) ;
#1858 = DIRECTION ( 'NONE',  ( 2.257862093665814800E-016, 1.000000000000000000, 1.475119460951876700E-016 ) ) ;
#1859 = FACE_OUTER_BOUND ( 'NONE', #11784, .T. ) ;
#1860 = FACE_BOUND ( 'NONE', #7136, .T. ) ;
#1861 = DIRECTION ( 'NONE',  ( -0.0000000000000000000, -1.000000000000000000, -0.0000000000000000000 ) ) ;
#1862 = ORIENTED_EDGE ( 'NONE', *, *, #6249, .F. ) ;
#1863 = AXIS2_PLACEMENT_3D ( 'NONE', #6196, #1417, #8113 ) ;
#1864 = VERTEX_POINT ( 'NONE', #2863 ) ;
#1865 = ORIENTED_EDGE ( 'NONE', *, *, #6330, .F. ) ;
#1866 = DIRECTION ( 'NONE',  ( 0.0000000000000000000, 1.000000000000000000, 0.0000000000000000000 ) ) ;
#1867 = CARTESIAN_POINT ( 'NONE',  ( 3.469446951953614200E-014, 36.00000000000000700, -3.649999999999968800 ) ) ;
#1868 = CIRCLE ( 'NONE', #462, 0.5560000000000012700 ) ;
#1869 = ORIENTED_EDGE ( 'NONE', *, *, #843, .F. ) ;
#1870 = EDGE_CURVE ( 'NONE', #1777, #1645, #4442, .T. ) ;
#1871 = VECTOR ( 'NONE', #1715, 1000.000000000000100 ) ;
#1872 = CIRCLE ( 'NONE', #4953, 2.000000000000001800 ) ;
#1873 = ORIENTED_EDGE ( 'NONE', *, *, #9303, .T. ) ;
#1874 = CARTESIAN_POINT ( 'NONE',  ( -15.50000000000000700, 0.0000000000000000000, -15.49999999999999600 ) ) ;
#1875 = DIRECTION ( 'NONE',  ( -0.0000000000000000000, -1.000000000000000000, 0.0000000000000000000 ) ) ;
#1876 = VECTOR ( 'NONE', #3790, 1000.000000000000000 ) ;
#1877 = VERTEX_POINT ( 'NONE', #1909 ) ;
#1878 = CARTESIAN_POINT ( 'NONE',  ( -1.146920613196721600, 4.110050607254169800, 30.20000000000000300 ) ) ;
#1879 = CIRCLE ( 'NONE', #8202, 0.5559999999999988300 ) ;
#1880 = FACE_OUTER_BOUND ( 'NONE', #9218, .T. ) ;
#1881 = VERTEX_POINT ( 'NONE', #12569 ) ;
#1882 = CARTESIAN_POINT ( 'NONE',  ( 15.49999999999999300, 2.610000000000029200, -15.49999999999999600 ) ) ;
#1883 = DIRECTION ( 'NONE',  ( 0.7071067811865474600, 0.0000000000000000000, -0.7071067811865474600 ) ) ;
#1884 = CARTESIAN_POINT ( 'NONE',  ( 3.469446951953614200E-015, 7.200000000000002800, 6.938893903907228400E-015 ) ) ;
#1885 = EDGE_CURVE ( 'NONE', #6953, #1341, #3828, .T. ) ;
#1886 = EDGE_LOOP ( 'NONE', ( #492, #4395, #11882, #9906, #7770, #10774 ) ) ;
#1887 = AXIS2_PLACEMENT_3D ( 'NONE', #4660, #11424, #5630 ) ;
#1888 = CARTESIAN_POINT ( 'NONE',  ( 3.469446951953614200E-015, 2.500000000000004000, 6.938893903907228400E-015 ) ) ;
#1889 = VECTOR ( 'NONE', #12590, 1000.000000000000100 ) ;
#1890 = ORIENTED_EDGE ( 'NONE', *, *, #7414, .T. ) ;
#1891 = ADVANCED_FACE ( 'NONE', ( #4126 ), #8666, .T. ) ;
#1892 = DIRECTION ( 'NONE',  ( 1.000000000000000000, -0.0000000000000000000, 0.0000000000000000000 ) ) ;
#1893 = LINE ( 'NONE', #5416, #7580 ) ;
#1894 = CARTESIAN_POINT ( 'NONE',  ( -15.64506694184905900, 2.610000000000031400, -16.03674163466472500 ) ) ;
#1895 = DIRECTION ( 'NONE',  ( 0.0000000000000000000, 1.000000000000000000, -0.0000000000000000000 ) ) ;
#1896 = DIRECTION ( 'NONE',  ( -0.0000000000000000000, -1.000000000000000000, 0.0000000000000000000 ) ) ;
#1897 = DIRECTION ( 'NONE',  ( 0.0000000000000000000, 0.0000000000000000000, -1.000000000000000000 ) ) ;
#1898 = CARTESIAN_POINT ( 'NONE',  ( 15.71441625783252500, 2.610000000000027400, 16.08204932900882200 ) ) ;
#1899 = CIRCLE ( 'NONE', #928, 4.500000000000000900 ) ;
#1900 = CARTESIAN_POINT ( 'NONE',  ( 15.48277406361290400, 1.270265698095185400, 14.84988063100718500 ) ) ;
#1901 = ADVANCED_FACE ( 'NONE', ( #11243, #6080 ), #6716, .T. ) ;
#1902 = CARTESIAN_POINT ( 'NONE',  ( -15.78139040224381700, 2.610000000000006100, 15.02046330534039100 ) ) ;
#1903 = AXIS2_PLACEMENT_3D ( 'NONE', #1522, #576, #7306 ) ;
#1904 = MANIFOLD_SOLID_BREP ( 'nema17_top-1-solid1', #5793 ) ;
#1905 = ORIENTED_EDGE ( 'NONE', *, *, #5838, .F. ) ;
#1906 = EDGE_CURVE ( 'NONE', #2699, #10658, #1582, .T. ) ;
#1907 = CIRCLE ( 'NONE', #9712, 0.5000000000000004400 ) ;
#1908 = ORIENTED_EDGE ( 'NONE', *, *, #773, .F. ) ;
#1909 = CARTESIAN_POINT ( 'NONE',  ( -15.51303064308315500, 0.6000000000000063100, 16.19643099708685000 ) ) ;
#1910 = EDGE_CURVE ( 'NONE', #7659, #7687, #3535, .T. ) ;
#1911 = DIRECTION ( 'NONE',  ( 0.0000000000000000000, 0.0000000000000000000, 1.000000000000000000 ) ) ;
#1912 = DIRECTION ( 'NONE',  ( 0.0000000000000000000, 0.0000000000000000000, -1.000000000000000000 ) ) ;
#1913 = ORIENTED_EDGE ( 'NONE', *, *, #6703, .F. ) ;
#1914 = DIRECTION ( 'NONE',  ( 0.0000000000000000000, -1.000000000000000000, 0.0000000000000000000 ) ) ;
#1915 = ORIENTED_EDGE ( 'NONE', *, *, #2763, .T. ) ;
#1916 = ORIENTED_EDGE ( 'NONE', *, *, #7452, .F. ) ;
#1917 = CARTESIAN_POINT ( 'NONE',  ( -1.891847917304329000E-014, 26.00000000000000400, 15.49999999999996100 ) ) ;
#1918 = VECTOR ( 'NONE', #6594, 1000.000000000000100 ) ;
#1919 = CARTESIAN_POINT ( 'NONE',  ( 14.64103821455298200, 26.00000000000000400, -21.00000000000000000 ) ) ;
#1920 = FACE_OUTER_BOUND ( 'NONE', #6758, .T. ) ;
#1921 = AXIS2_PLACEMENT_3D ( 'NONE', #8885, #3129, #9882 ) ;
#1922 = EDGE_CURVE ( 'NONE', #10816, #7065, #961, .T. ) ;
#1923 = EDGE_CURVE ( 'NONE', #3269, #11650, #6385, .T. ) ;
#1924 = AXIS2_PLACEMENT_3D ( 'NONE', #4415, #11175, #5382 ) ;
#1925 = DIRECTION ( 'NONE',  ( 0.0000000000000000000, 1.000000000000000000, -0.0000000000000000000 ) ) ;
#1926 = VERTEX_POINT ( 'NONE', #3917 ) ;
#1927 = DIRECTION ( 'NONE',  ( -1.475119460951884600E-016, 1.000000000000000000, 2.257862093665809900E-016 ) ) ;
#1928 = ORIENTED_EDGE ( 'NONE', *, *, #802, .T. ) ;
#1929 = DIRECTION ( 'NONE',  ( 0.7071067811865474600, 0.0000000000000000000, 0.7071067811865474600 ) ) ;
#1930 = CYLINDRICAL_SURFACE ( 'NONE', #8706, 4.000000000000000000 ) ;
#1931 = TOROIDAL_SURFACE ( 'NONE', #6830, 7.700000000000005500, 0.2999999999999994900 ) ;
#1932 = ORIENTED_EDGE ( 'NONE', *, *, #6876, .T. ) ;
#1933 = CARTESIAN_POINT ( 'NONE',  ( -15.50000000000000700, 0.0000000000000000000, 15.50000000000000400 ) ) ;
#1934 = CARTESIAN_POINT ( 'NONE',  ( 6.938893903907228400E-015, 11.46249999999999700, 3.469446951953614200E-015 ) ) ;
#1935 = ORIENTED_EDGE ( 'NONE', *, *, #4334, .T. ) ;
#1936 = DIRECTION ( 'NONE',  ( 0.0000000000000000000, 1.000000000000000000, -0.0000000000000000000 ) ) ;
#1937 = ORIENTED_EDGE ( 'NONE', *, *, #2565, .F. ) ;
#1938 = AXIS2_PLACEMENT_3D ( 'NONE', #7006, #10882, #1273 ) ;
#1939 = ORIENTED_EDGE ( 'NONE', *, *, #5749, .T. ) ;
#1940 = CARTESIAN_POINT ( 'NONE',  ( 14.95618568730829500, 2.424605185108648500, -15.74686437657937100 ) ) ;
#1941 = AXIS2_PLACEMENT_3D ( 'NONE', #8212, #556, #6323 ) ;
#1942 = DIRECTION ( 'NONE',  ( 0.0000000000000000000, 0.0000000000000000000, -1.000000000000000000 ) ) ;
#1943 = DIRECTION ( 'NONE',  ( 0.5469441386039857200, 0.0000000000000000000, -0.8371691043312240500 ) ) ;
#1944 = VERTEX_POINT ( 'NONE', #6797 ) ;
#1945 = DIRECTION ( 'NONE',  ( 0.0000000000000000000, -1.000000000000000000, 0.0000000000000000000 ) ) ;
#1946 = CARTESIAN_POINT ( 'NONE',  ( -15.78139040224381700, 2.610000000000006100, 15.02046330534039100 ) ) ;
#1947 = EDGE_CURVE ( 'NONE', #8567, #4980, #8334, .T. ) ;
#1948 = CYLINDRICAL_SURFACE ( 'NONE', #4096, 25.60000000000003300 ) ;
#1949 = APPROVAL_PERSON_ORGANIZATION ( #4504, #1614, #7377 ) ;
#1950 = CARTESIAN_POINT ( 'NONE',  ( -15.56505682615291700, 2.610000000000031400, -14.94781922401181600 ) ) ;
#1951 = VERTEX_POINT ( 'NONE', #10672 ) ;
#1952 = ORIENTED_EDGE ( 'NONE', *, *, #11825, .F. ) ;
#1953 = ORIENTED_EDGE ( 'NONE', *, *, #3651, .F. ) ;
#1954 = CARTESIAN_POINT ( 'NONE',  ( -20.99999999999998200, 34.00000000000000000, 3.469446951953614200E-015 ) ) ;
#1955 = CARTESIAN_POINT ( 'NONE',  ( -19.00000000000000400, 0.5000000000000004400, -16.37157287525380400 ) ) ;
#1956 = VERTEX_POINT ( 'NONE', #10708 ) ;
#1957 = ADVANCED_FACE ( 'NONE', ( #5784 ), #5499, .T. ) ;
#1958 = CIRCLE ( 'NONE', #11970, 1.550000000000016700 ) ;
#1959 = VECTOR ( 'NONE', #1992, 999.9999999999998900 ) ;
#1960 = CARTESIAN_POINT ( 'NONE',  ( 3.469446951953614200E-015, 2.800000000000002000, 6.938893903907228400E-015 ) ) ;
#1961 = CARTESIAN_POINT ( 'NONE',  ( 1.132563768976758700, 6.110050607254169800, 28.20000000000000300 ) ) ;
#1962 = ORIENTED_EDGE ( 'NONE', *, *, #6206, .F. ) ;
#1963 = CARTESIAN_POINT ( 'NONE',  ( -19.09999999999998700, 34.00000000000000000, 19.09999999999999800 ) ) ;
#1964 = EDGE_CURVE ( 'NONE', #10647, #9180, #8021, .T. ) ;
#1965 = ORIENTED_EDGE ( 'NONE', *, *, #3978, .F. ) ;
#1966 = AXIS2_PLACEMENT_3D ( 'NONE', #10166, #4380, #11140 ) ;
#1967 = VERTEX_POINT ( 'NONE', #4000 ) ;
#1968 = DIRECTION ( 'NONE',  ( -1.000000000000000000, -0.0000000000000000000, -0.0000000000000000000 ) ) ;
#1969 = ADVANCED_FACE ( 'NONE', ( #2922 ), #10755, .F. ) ;
#1970 = CARTESIAN_POINT ( 'NONE',  ( 2.894712078817835500, 8.500000000000000000, 18.20000000000000300 ) ) ;
#1971 = LINE ( 'NONE', #8160, #7650 ) ;
#1973 = CARTESIAN_POINT ( 'NONE',  ( 3.469446951953614200E-015, 7.200000000000002800, -2.499999999999992900 ) ) ;
#1972 = CIRCLE ( 'NONE', #1275, 2.750000000000000400 ) ;
#1974 = DIRECTION ( 'NONE',  ( 0.0000000000000000000, 0.0000000000000000000, 1.000000000000000000 ) ) ;
#1975 = VERTEX_POINT ( 'NONE', #149 ) ;
#1976 = DIRECTION ( 'NONE',  ( 0.0000000000000000000, 1.000000000000000000, 0.0000000000000000000 ) ) ;
#1977 = CARTESIAN_POINT ( 'NONE',  ( 15.49999999999999300, 26.00000000000000400, -15.49999999999999600 ) ) ;
#1978 = ORIENTED_EDGE ( 'NONE', *, *, #5078, .T. ) ;
#1979 = EDGE_LOOP ( 'NONE', ( #3619, #10692 ) ) ;
#1980 = ORIENTED_EDGE ( 'NONE', *, *, #8013, .F. ) ;
#1981 = CARTESIAN_POINT ( 'NONE',  ( -15.50000000000000700, 2.610000000000006100, 15.50000000000000400 ) ) ;
#1982 = DIRECTION ( 'NONE',  ( 0.0000000000000000000, 1.000000000000000000, 0.0000000000000000000 ) ) ;
#1983 = AXIS2_PLACEMENT_3D ( 'NONE', #335, #7058, #1323 ) ;
#1984 = EDGE_CURVE ( 'NONE', #3157, #10576, #350, .T. ) ;
#1985 = DIRECTION ( 'NONE',  ( -0.0000000000000000000, -1.000000000000000000, -0.0000000000000000000 ) ) ;
#1986 = CARTESIAN_POINT ( 'NONE',  ( 3.469446951953614200E-015, 12.00000000000000000, 6.938893903907228400E-015 ) ) ;
#1987 = FACE_OUTER_BOUND ( 'NONE', #7335, .T. ) ;
#1988 = FACE_OUTER_BOUND ( 'NONE', #10131, .T. ) ;
#1989 = EDGE_LOOP ( 'NONE', ( #4890, #385, #7284, #9833 ) ) ;
#1990 = DIRECTION ( 'NONE',  ( -0.0000000000000000000, -0.0000000000000000000, -1.000000000000000000 ) ) ;
#1991 = CARTESIAN_POINT ( 'NONE',  ( 15.49999999999999300, 2.500000000000019500, 15.50000000000000400 ) ) ;
#1992 = DIRECTION ( 'NONE',  ( 0.7071067811865479100, 0.0000000000000000000, -0.7071067811865472400 ) ) ;
#1993 = CARTESIAN_POINT ( 'NONE',  ( 3.469446951953614200E-014, 26.00000000000000400, 3.122502256758252800E-014 ) ) ;
#1995 = VERTEX_POINT ( 'NONE', #1143 ) ;
#1994 = EDGE_LOOP ( 'NONE', ( #9846, #3068, #530, #11945 ) ) ;
#1996 = EDGE_LOOP ( 'NONE', ( #9310, #5318, #8873 ) ) ;
#1997 = ORIENTED_EDGE ( 'NONE', *, *, #2385, .F. ) ;
#1998 = CONICAL_SURFACE ( 'NONE', #664, 2.750000000000001800, 0.7853981633974500600 ) ;
#1999 = CONICAL_SURFACE ( 'NONE', #3118, 0.5559999999999988300, 0.06981317007976596500 ) ;
#2000 = PLANE ( 'NONE',  #6667 ) ;
#2001 = CARTESIAN_POINT ( 'NONE',  ( 6.430665482261076600E-015, 29.59999999999999800, 4.150000000000004800 ) ) ;
#2002 = EDGE_CURVE ( 'NONE', #3734, #5834, #3231, .T. ) ;
#2003 = EDGE_LOOP ( 'NONE', ( #12369, #1412, #8924, #11300 ) ) ;
#2004 = AXIS2_PLACEMENT_3D ( 'NONE', #6125, #7073, #4197 ) ;
#2005 = AXIS2_PLACEMENT_3D ( 'NONE', #31, #5594, #8437 ) ;
#2006 = ORIENTED_EDGE ( 'NONE', *, *, #11360, .T. ) ;
#2007 = ORIENTED_EDGE ( 'NONE', *, *, #4424, .T. ) ;
#2008 = DIRECTION ( 'NONE',  ( -0.7071067811865474600, 0.0000000000000000000, -0.7071067811865474600 ) ) ;
#2009 = VERTEX_POINT ( 'NONE', #7844 ) ;
#2010 = CIRCLE ( 'NONE', #10439, 1.250000000000001100 ) ;
#2011 = CIRCLE ( 'NONE', #4887, 10.50000000000000400 ) ;
#2012 = ORIENTED_EDGE ( 'NONE', *, *, #1352, .F. ) ;
#2013 = PLANE ( 'NONE',  #2110 ) ;
#2014 = ORIENTED_EDGE ( 'NONE', *, *, #1816, .F. ) ;
#2015 = ORIENTED_EDGE ( 'NONE', *, *, #4318, .T. ) ;
#2016 = DIRECTION ( 'NONE',  ( 0.0000000000000000000, -1.000000000000000000, -0.0000000000000000000 ) ) ;
#2018 = DIRECTION ( 'NONE',  ( 0.0000000000000000000, 1.000000000000000000, -0.0000000000000000000 ) ) ;
#2017 = AXIS2_PLACEMENT_3D ( 'NONE', #2175, #3139, #9891 ) ;
#2019 = EDGE_LOOP ( 'NONE', ( #3310, #6475 ) ) ;
#2020 = VECTOR ( 'NONE', #1892, 1000.000000000000000 ) ;
#2021 = EDGE_LOOP ( 'NONE', ( #3315, #3459, #7359, #5275 ) ) ;
#2022 = AXIS2_PLACEMENT_3D ( 'NONE', #4338, #11098, #5303 ) ;
#2023 = CIRCLE ( 'NONE', #3629, 1.500000000000001300 ) ;
#2024 = VECTOR ( 'NONE', #5002, 999.9999999999998900 ) ;
#2025 = ADVANCED_FACE ( 'NONE', ( #5183, #7717 ), #8839, .T. ) ;
#2026 = ORIENTED_EDGE ( 'NONE', *, *, #8654, .T. ) ;
#2027 = EDGE_CURVE ( 'NONE', #862, #7608, #32, .T. ) ;
#2028 = DIRECTION ( 'NONE',  ( -0.0000000000000000000, -1.000000000000000000, 0.0000000000000000000 ) ) ;
#2029 = DIRECTION ( 'NONE',  ( -0.0000000000000000000, -1.000000000000000000, 0.0000000000000000000 ) ) ;
#2030 = ORIENTED_EDGE ( 'NONE', *, *, #743, .T. ) ;
#2031 = ORIENTED_EDGE ( 'NONE', *, *, #1023, .T. ) ;
#2032 = CARTESIAN_POINT ( 'NONE',  ( -19.00000000000000400, 0.0000000000000000000, -16.37157287525380400 ) ) ;
#2033 = CARTESIAN_POINT ( 'NONE',  ( -20.41421356237309600, 0.5000000000000004400, -17.78578643762690000 ) ) ;
#2034 = CIRCLE ( 'NONE', #8687, 0.2999999999999999300 ) ;
#2035 = CARTESIAN_POINT ( 'NONE',  ( 15.94063962904085400, 2.520634500420024300, -15.86002506367889900 ) ) ;
#2036 = EDGE_LOOP ( 'NONE', ( #1862, #5005, #4444, #11569 ) ) ;
#2037 = ADVANCED_FACE ( 'NONE', ( #10334 ), #3080, .T. ) ;
#2038 = FACE_OUTER_BOUND ( 'NONE', #12189, .T. ) ;
#2039 = LINE ( 'NONE', #3382, #1732 ) ;
#2040 = EDGE_CURVE ( 'NONE', #8344, #6194, #4881, .T. ) ;
#2041 = VERTEX_POINT ( 'NONE', #237 ) ;
#2043 = ORIENTED_EDGE ( 'NONE', *, *, #5231, .T. ) ;
#2042 = ORIENTED_EDGE ( 'NONE', *, *, #2002, .T. ) ;
#2044 = DIRECTION ( 'NONE',  ( 0.0000000000000000000, 1.000000000000000000, -0.0000000000000000000 ) ) ;
#2045 = DIRECTION ( 'NONE',  ( -0.0000000000000000000, -1.000000000000000000, 0.0000000000000000000 ) ) ;
#2046 = EDGE_CURVE ( 'NONE', #9730, #5356, #7428, .T. ) ;
#2047 = LINE ( 'NONE', #8204, #9732 ) ;
#2048 = AXIS2_PLACEMENT_3D ( 'NONE', #12346, #6520, #746 ) ;
#2049 = VERTEX_POINT ( 'NONE', #3122 ) ;
#2050 = TOROIDAL_SURFACE ( 'NONE', #6946, 1.500000000000000000, 0.5000000000000000000 ) ;
#2051 = DIRECTION ( 'NONE',  ( 0.8371691043312221600, 0.0000000000000000000, 0.5469441386039887200 ) ) ;
#2052 = CARTESIAN_POINT ( 'NONE',  ( 0.0000000000000000000, 2.628844685195824000, 18.20000000000000300 ) ) ;
#2053 = DIRECTION ( 'NONE',  ( 0.0000000000000000000, 0.0000000000000000000, 1.000000000000000000 ) ) ;
#2054 = DIRECTION ( 'NONE',  ( -0.0000000000000000000, -1.000000000000000000, 0.0000000000000000000 ) ) ;
#2055 = ORIENTED_EDGE ( 'NONE', *, *, #12124, .F. ) ;
#2056 = LINE ( 'NONE', #8332, #3993 ) ;
#2057 = FACE_OUTER_BOUND ( 'NONE', #4296, .T. ) ;
#2058 = EDGE_LOOP ( 'NONE', ( #4491, #11137 ) ) ;
#2059 = CIRCLE ( 'NONE', #3579, 15.49999999999997900 ) ;
#2060 = AXIS2_PLACEMENT_3D ( 'NONE', #4326, #11083, #5291 ) ;
#2061 = DIRECTION ( 'NONE',  ( -0.0000000000000000000, 1.000000000000000000, -0.0000000000000000000 ) ) ;
#2062 = EDGE_CURVE ( 'NONE', #2341, #3569, #12316, .T. ) ;
#2063 = DIRECTION ( 'NONE',  ( 0.5469441386039886100, 0.0000000000000000000, -0.8371691043312222700 ) ) ;
#2064 = EDGE_CURVE ( 'NONE', #11161, #10738, #9719, .T. ) ;
#2065 = LINE ( 'NONE', #10023, #9455 ) ;
#2066 = DIRECTION ( 'NONE',  ( 0.5469441386039892700, 0.0000000000000000000, -0.8371691043312217100 ) ) ;
#2067 = DIRECTION ( 'NONE',  ( -1.000000000000000000, 0.0000000000000000000, 0.0000000000000000000 ) ) ;
#2068 = FACE_OUTER_BOUND ( 'NONE', #1419, .T. ) ;
#2069 = DIRECTION ( 'NONE',  ( 0.0000000000000000000, 0.0000000000000000000, 1.000000000000000000 ) ) ;
#2070 = DIRECTION ( 'NONE',  ( 0.0000000000000000000, 0.0000000000000000000, -1.000000000000000000 ) ) ;
#2071 = LINE ( 'NONE', #1146, #6855 ) ;
#2072 = DIRECTION ( 'NONE',  ( 0.7071067811865479100, 0.0000000000000000000, 0.7071067811865472400 ) ) ;
#2073 = CARTESIAN_POINT ( 'NONE',  ( 15.50000000000000400, 2.610000000000027400, 15.50000000000000500 ) ) ;
#2074 = VERTEX_POINT ( 'NONE', #1271 ) ;
#2075 = DIRECTION ( 'NONE',  ( 0.0000000000000000000, -1.000000000000000000, 0.0000000000000000000 ) ) ;
#2076 = CARTESIAN_POINT ( 'NONE',  ( 15.65269316366750200, 2.520634500420022100, -16.04814790606867100 ) ) ;
#2077 = AXIS2_PLACEMENT_3D ( 'NONE', #5884, #94, #6837 ) ;
#2078 = EDGE_CURVE ( 'NONE', #2041, #3431, #2332, .T. ) ;
#2079 = ORIENTED_EDGE ( 'NONE', *, *, #12404, .T. ) ;
#2080 = EDGE_CURVE ( 'NONE', #6942, #6209, #2034, .T. ) ;
#2081 = FACE_OUTER_BOUND ( 'NONE', #4894, .T. ) ;
#2082 = DIRECTION ( 'NONE',  ( 0.0000000000000000000, -1.000000000000000000, 0.0000000000000000000 ) ) ;
#2083 = CARTESIAN_POINT ( 'NONE',  ( -14.95019439558400300, 2.610000000000006100, 15.41723649745962500 ) ) ;
#2084 = ORIENTED_EDGE ( 'NONE', *, *, #3351, .F. ) ;
#2085 = DIRECTION ( 'NONE',  ( -0.0000000000000000000, 0.0000000000000000000, 1.000000000000000000 ) ) ;
#2086 = LINE ( 'NONE', #6025, #7170 ) ;
#2087 = ADVANCED_FACE ( 'NONE', ( #12008 ), #8967, .T. ) ;
#2088 = DIRECTION ( 'NONE',  ( 1.000000000000000000, 0.0000000000000000000, 0.0000000000000000000 ) ) ;
#2089 = EDGE_LOOP ( 'NONE', ( #12336, #7474 ) ) ;
#2090 = CARTESIAN_POINT ( 'NONE',  ( 3.469446951953614200E-014, 33.30000000000000400, 3.122502256758252800E-014 ) ) ;
#2091 = CARTESIAN_POINT ( 'NONE',  ( 6.938893903907228400E-015, 11.46250000000000000, -6.350000000000001400 ) ) ;
#2092 = AXIS2_PLACEMENT_3D ( 'NONE', #5721, #10578, #4794 ) ;
#2093 = EDGE_CURVE ( 'NONE', #11935, #11220, #6814, .T. ) ;
#2094 = AXIS2_PLACEMENT_3D ( 'NONE', #1373, #8074, #2338 ) ;
#2095 = DIRECTION ( 'NONE',  ( -0.0000000000000000000, -0.0000000000000000000, -1.000000000000000000 ) ) ;
#2096 = ADVANCED_FACE ( 'NONE', ( #9423 ), #9996, .F. ) ;
#2097 = LINE ( 'NONE', #8188, #9480 ) ;
#2098 = CARTESIAN_POINT ( 'NONE',  ( -15.50000000000000700, 2.610000000000031400, -15.49999999999999600 ) ) ;
#2099 = ORIENTED_EDGE ( 'NONE', *, *, #2794, .T. ) ;
#2100 = EDGE_CURVE ( 'NONE', #12115, #3894, #1728, .T. ) ;
#2101 = DIRECTION ( 'NONE',  ( 0.0000000000000000000, 0.0000000000000000000, 1.000000000000000000 ) ) ;
#2102 = ORIENTED_EDGE ( 'NONE', *, *, #8794, .F. ) ;
#2103 = CARTESIAN_POINT ( 'NONE',  ( -15.02046330534039600, 2.610000000000006100, 15.21860959775619000 ) ) ;
#2104 = ORIENTED_EDGE ( 'NONE', *, *, #9656, .T. ) ;
#2105 = DIRECTION ( 'NONE',  ( -0.5469441386039888300, -5.359117379318553400E-017, 0.8371691043312222700 ) ) ;
#2106 = ORIENTED_EDGE ( 'NONE', *, *, #7480, .T. ) ;
#2107 = CARTESIAN_POINT ( 'NONE',  ( 15.49999999999999300, 34.00000000000000000, -15.49999999999999600 ) ) ;
#2108 = CIRCLE ( 'NONE', #3694, 1.250000000000011500 ) ;
#2109 = CIRCLE ( 'NONE', #1849, 1.999999999999998200 ) ;
#2110 = AXIS2_PLACEMENT_3D ( 'NONE', #10646, #2966, #9726 ) ;
#2111 = VERTEX_POINT ( 'NONE', #8058 ) ;
#2112 = CARTESIAN_POINT ( 'NONE',  ( -14.86746421971175300, 0.6000000000000319500, -15.79169233451989000 ) ) ;
#2113 = ADVANCED_FACE ( 'NONE', ( #9102 ), #8790, .F. ) ;
#2114 = AXIS2_PLACEMENT_3D ( 'NONE', #11018, #5225, #12012 ) ;
#2115 = ORIENTED_EDGE ( 'NONE', *, *, #518, .F. ) ;
#2116 = CARTESIAN_POINT ( 'NONE',  ( 15.49999999999999300, 2.610000000000029200, -15.49999999999999600 ) ) ;
#2117 = DIRECTION ( 'NONE',  ( -0.0000000000000000000, -1.000000000000000000, 0.0000000000000000000 ) ) ;
#2118 = EDGE_CURVE ( 'NONE', #3133, #1951, #11386, .T. ) ;
#2119 = DIRECTION ( 'NONE',  ( -0.0000000000000000000, -1.000000000000000000, -0.0000000000000000000 ) ) ;
#2120 = FACE_OUTER_BOUND ( 'NONE', #5297, .T. ) ;
#2121 = FACE_OUTER_BOUND ( 'NONE', #11051, .T. ) ;
#2122 = ORIENTED_EDGE ( 'NONE', *, *, #9718, .F. ) ;
#2123 = DIRECTION ( 'NONE',  ( 0.0000000000000000000, 0.0000000000000000000, -1.000000000000000000 ) ) ;
#2124 = CARTESIAN_POINT ( 'NONE',  ( 16.95812298778031000, 0.6000000000000276200, 16.01066363930343400 ) ) ;
#2125 = DIRECTION ( 'NONE',  ( 0.7071067811865475700, 0.0000000000000000000, 0.7071067811865475700 ) ) ;
#2126 = AXIS2_PLACEMENT_3D ( 'NONE', #7792, #1039, #2069 ) ;
#2127 = EDGE_LOOP ( 'NONE', ( #7409, #6907, #9273, #4066 ) ) ;
#2128 = EDGE_CURVE ( 'NONE', #7259, #2371, #1421, .T. ) ;
#2129 = FACE_OUTER_BOUND ( 'NONE', #10325, .T. ) ;
#2130 = LINE ( 'NONE', #6856, #6913 ) ;
#2131 = DIRECTION ( 'NONE',  ( 0.3735429735244764100, 0.8949343913984425500, 0.2440452458516483600 ) ) ;
#2132 = ORIENTED_EDGE ( 'NONE', *, *, #1611, .F. ) ;
#2133 = EDGE_CURVE ( 'NONE', #2974, #5638, #11694, .T. ) ;
#2134 = AXIS2_PLACEMENT_3D ( 'NONE', #3437, #10202, #4412 ) ;
#2135 = DIRECTION ( 'NONE',  ( 0.0000000000000000000, 0.0000000000000000000, -1.000000000000000000 ) ) ;
#2136 = ORIENTED_EDGE ( 'NONE', *, *, #9542, .F. ) ;
#2137 = ORIENTED_EDGE ( 'NONE', *, *, #6572, .F. ) ;
#2138 = DIRECTION ( 'NONE',  ( 0.0000000000000000000, 0.0000000000000000000, 1.000000000000000000 ) ) ;
#2139 =( BOUNDED_CURVE ( )  B_SPLINE_CURVE ( 3, ( #7884, #2156, #3117, #9867 ),
 .UNSPECIFIED., .F., .F. ) 
 B_SPLINE_CURVE_WITH_KNOTS ( ( 4, 4 ),
 ( 5.754796812637096100, 6.811573801722079000 ),
 .UNSPECIFIED. ) 
 CURVE ( )  GEOMETRIC_REPRESENTATION_ITEM ( )  RATIONAL_B_SPLINE_CURVE ( ( 1.000000000000000000, 0.9090804130449043900, 0.9090804130449043900, 1.000000000000000000 ) ) 
 REPRESENTATION_ITEM ( '' )  );
#2140 = CARTESIAN_POINT ( 'NONE',  ( -20.41421356237307400, 33.50000000000000000, 17.78578643762691100 ) ) ;
#2141 = ORIENTED_EDGE ( 'NONE', *, *, #3702, .F. ) ;
#2142 = CIRCLE ( 'NONE', #5588, 6.350000000000005000 ) ;
#2143 = CIRCLE ( 'NONE', #8668, 1.250000000000011500 ) ;
#2144 = EDGE_LOOP ( 'NONE', ( #1269, #6050, #6054, #6715 ) ) ;
#2145 = ADVANCED_FACE ( 'NONE', ( #3674 ), #8473, .T. ) ;
#2146 = VERTEX_POINT ( 'NONE', #6222 ) ;
#2147 = AXIS2_PLACEMENT_3D ( 'NONE', #1092, #98, #11698 ) ;
#2148 = EDGE_CURVE ( 'NONE', #3516, #10929, #11076, .T. ) ;
#2149 = ORIENTED_EDGE ( 'NONE', *, *, #5103, .T. ) ;
#2150 = EDGE_CURVE ( 'NONE', #479, #8707, #1113, .T. ) ;
#2151 = CIRCLE ( 'NONE', #1561, 1.249999999999999300 ) ;
#2152 = EDGE_CURVE ( 'NONE', #7233, #11418, #6527, .T. ) ;
#2153 = CIRCLE ( 'NONE', #7201, 25.60000000000002600 ) ;
#2154 = CARTESIAN_POINT ( 'NONE',  ( 15.74538070642586600, 1.270265698095187200, -14.89772079918199000 ) ) ;
#2155 = ORIENTED_EDGE ( 'NONE', *, *, #10545, .F. ) ;
#2156 = CARTESIAN_POINT ( 'NONE',  ( 15.10115791695333500, 2.424605185108647600, -15.05547663739318600 ) ) ;
#2157 = ADVANCED_FACE ( 'NONE', ( #3372 ), #498, .F. ) ;
#2158 = DIRECTION ( 'NONE',  ( 0.0000000000000000000, 1.000000000000000000, 0.0000000000000000000 ) ) ;
#2159 = CARTESIAN_POINT ( 'NONE',  ( 6.938893903907228400E-015, 29.59999999999999800, -6.350000000000001400 ) ) ;
#2160 = EDGE_LOOP ( 'NONE', ( #1697, #7854, #4573, #2728 ) ) ;
#2161 = ORIENTED_EDGE ( 'NONE', *, *, #10718, .T. ) ;
#2162 = DIRECTION ( 'NONE',  ( 0.3867479093371160600, -0.7071067811865462400, -0.5919679506724765400 ) ) ;
#2163 = VECTOR ( 'NONE', #9199, 1000.000000000000000 ) ;
#2164 = VECTOR ( 'NONE', #7578, 1000.000000000000000 ) ;
#2165 = AXIS2_PLACEMENT_3D ( 'NONE', #1112, #1156, #7856 ) ;
#2166 = ORIENTED_EDGE ( 'NONE', *, *, #8996, .F. ) ;
#2167 = CARTESIAN_POINT ( 'NONE',  ( -15.50000000000000700, 0.0000000000000000000, 15.50000000000000400 ) ) ;
#2168 = CLOSED_SHELL ( 'NONE', ( #6032, #4972, #24, #11510, #6919, #9744, #168, #11576, #3355, #10051, #6563, #2695, #11847, #6129, #1251, #4561, #1634, #3028, #248, #4023, #10259, #7289, #10625, #6875, #7731, #12117, #9147, #878 ) ) ;
#2169 = EDGE_LOOP ( 'NONE', ( #1233, #4965, #8656 ) ) ;
#2170 = ADVANCED_FACE ( 'NONE', ( #5634 ), #3409, .T. ) ;
#2171 = VECTOR ( 'NONE', #8318, 1000.000000000000000 ) ;
#2172 = EDGE_LOOP ( 'NONE', ( #5620, #12172, #5792, #3644 ) ) ;
#2173 = FACE_OUTER_BOUND ( 'NONE', #938, .T. ) ;
#2174 = FACE_OUTER_BOUND ( 'NONE', #8, .T. ) ;
#2175 = CARTESIAN_POINT ( 'NONE',  ( 0.0000000000000000000, 8.500000000000000000, 21.00000000000000400 ) ) ;
#2176 = ORIENTED_EDGE ( 'NONE', *, *, #2294, .T. ) ;
#2177 = DIRECTION ( 'NONE',  ( 0.7071067811865475700, 0.0000000000000000000, 0.7071067811865475700 ) ) ;
#2178 = AXIS2_PLACEMENT_3D ( 'NONE', #4763, #7636, #5689 ) ;
#2179 = ORIENTED_EDGE ( 'NONE', *, *, #7399, .T. ) ;
#2180 = DIRECTION ( 'NONE',  ( 0.0000000000000000000, -0.0000000000000000000, 1.000000000000000000 ) ) ;
#2181 = PLANE ( 'NONE',  #10878 ) ;
#2182 = AXIS2_PLACEMENT_3D ( 'NONE', #12037, #9131, #3356 ) ;
#2183 = LINE ( 'NONE', #2820, #6967 ) ;
#2184 = PLANE ( 'NONE',  #22 ) ;
#2185 = ORIENTED_EDGE ( 'NONE', *, *, #9174, .T. ) ;
#2186 = EDGE_CURVE ( 'NONE', #4979, #11746, #3070, .T. ) ;
#2187 = CARTESIAN_POINT ( 'NONE',  ( 3.469446951953614200E-015, 2.800000000000002900, 6.938893903907228400E-015 ) ) ;
#2188 = CIRCLE ( 'NONE', #7993, 2.749999999999999600 ) ;
#2189 = ORIENTED_EDGE ( 'NONE', *, *, #11143, .T. ) ;
#2190 = CARTESIAN_POINT ( 'NONE',  ( 6.938893903907228400E-015, 11.46250000000000000, 3.469446951953614200E-015 ) ) ;
#2191 = EDGE_LOOP ( 'NONE', ( #3026, #11503, #3471, #3860 ) ) ;
#2192 = CARTESIAN_POINT ( 'NONE',  ( -20.06066017177982300, 0.5000000000000000000, -17.43223304703363000 ) ) ;
#2193 = DIRECTION ( 'NONE',  ( -0.3735429735244764600, -0.8949343913984425500, -0.2440452458516482700 ) ) ;
#2194 = DIRECTION ( 'NONE',  ( 0.0000000000000000000, -1.000000000000000000, 0.0000000000000000000 ) ) ;
#2195 = CARTESIAN_POINT ( 'NONE',  ( 15.50000000000000400, 2.790655351105519000, 15.50000000000000400 ) ) ;
#2196 = CONICAL_SURFACE ( 'NONE', #2334, 0.5559999999999988300, 0.06981317007976596500 ) ;
#2197 = ORIENTED_EDGE ( 'NONE', *, *, #12562, .F. ) ;
#2198 = AXIS2_PLACEMENT_3D ( 'NONE', #1955, #6757, #7727 ) ;
#2199 = VECTOR ( 'NONE', #4406, 1000.000000000000000 ) ;
#2200 = CARTESIAN_POINT ( 'NONE',  ( -16.08204932900882200, 2.610000000000031400, -15.28558374216747500 ) ) ;
#2201 = CARTESIAN_POINT ( 'NONE',  ( -4.760541378675434900, 4.760541378675431400, 18.20000000000000300 ) ) ;
#2202 = CARTESIAN_POINT ( 'NONE',  ( 16.95812298778030000, 0.6000000000000297300, -14.98933636069656600 ) ) ;
#2203 = EDGE_CURVE ( 'NONE', #5638, #862, #10772, .T. ) ;
#2204 = ORIENTED_EDGE ( 'NONE', *, *, #5820, .F. ) ;
#2205 = FACE_OUTER_BOUND ( 'NONE', #2224, .T. ) ;
#2206 = AXIS2_PLACEMENT_3D ( 'NONE', #5252, #439, #7165 ) ;
#2207 = ORIENTED_EDGE ( 'NONE', *, *, #2256, .T. ) ;
#2208 = ADVANCED_FACE ( 'NONE', ( #10470 ), #10169, .F. ) ;
#2209 = PLANE ( 'NONE',  #12070 ) ;
#2210 = CYLINDRICAL_SURFACE ( 'NONE', #1520, 4.000000000000000000 ) ;
#2211 = CARTESIAN_POINT ( 'NONE',  ( -15.50000000000000700, 2.610000000000006100, 15.50000000000000400 ) ) ;
#2212 = EDGE_LOOP ( 'NONE', ( #4389, #4136, #10301, #3730, #10345, #11851 ) ) ;
#2213 = DIRECTION ( 'NONE',  ( 0.8371691043312240500, 0.0000000000000000000, 0.5469441386039859400 ) ) ;
#2214 = CYLINDRICAL_SURFACE ( 'NONE', #8386, 1.499999999999998400 ) ;
#2215 = DIRECTION ( 'NONE',  ( -0.0000000000000000000, -1.000000000000000000, -0.0000000000000000000 ) ) ;
#2216 = EDGE_CURVE ( 'NONE', #5696, #8107, #8166, .T. ) ;
#2217 = ADVANCED_FACE ( 'NONE', ( #800 ), #5022, .T. ) ;
#2218 = ORIENTED_EDGE ( 'NONE', *, *, #5273, .F. ) ;
#2219 = CARTESIAN_POINT ( 'NONE',  ( -15.50000000000000700, -5.749999999999959100, -15.49999999999999600 ) ) ;
#2220 = AXIS2_PLACEMENT_3D ( 'NONE', #7602, #1875, #8577 ) ;
#2221 = EDGE_CURVE ( 'NONE', #7659, #1791, #7557, .T. ) ;
#2222 = DIRECTION ( 'NONE',  ( 0.0000000000000000000, 0.0000000000000000000, 1.000000000000000000 ) ) ;
#2223 = CIRCLE ( 'NONE', #3710, 1.250000000000011500 ) ;
#2224 = EDGE_LOOP ( 'NONE', ( #10091, #639, #12075, #9314 ) ) ;
#2225 = EDGE_CURVE ( 'NONE', #10324, #6938, #188, .T. ) ;
#2226 = VECTOR ( 'NONE', #2464, 999.9999999999998900 ) ;
#2227 = DIRECTION ( 'NONE',  ( 0.0000000000000000000, 0.0000000000000000000, 1.000000000000000000 ) ) ;
#2228 = CARTESIAN_POINT ( 'NONE',  ( 6.938893903907228400E-015, 34.59999999999999400, -6.350000000000001400 ) ) ;
#2229 = DIRECTION ( 'NONE',  ( 0.0000000000000000000, 1.000000000000000000, 0.0000000000000000000 ) ) ;
#2230 = EDGE_LOOP ( 'NONE', ( #4240, #2030, #12109, #11788, #11245, #8056, #6721, #11853, #9370, #884, #3687, #5831, #4629, #12132, #1734, #6734 ) ) ;
#2231 = VERTEX_POINT ( 'NONE', #5430 ) ;
#2232 = ADVANCED_FACE ( 'NONE', ( #9864 ), #6390, .F. ) ;
#2233 = DIRECTION ( 'NONE',  ( -3.469446951953614200E-015, 0.0000000000000000000, 1.000000000000000000 ) ) ;
#2234 = CIRCLE ( 'NONE', #6127, 3.750000000000017300 ) ;
#2235 = VECTOR ( 'NONE', #10274, 1000.000000000000000 ) ;
#2236 = AXIS2_PLACEMENT_3D ( 'NONE', #5632, #8472, #1726 ) ;
#2237 = VERTEX_POINT ( 'NONE', #3494 ) ;
#2238 = ORIENTED_EDGE ( 'NONE', *, *, #3796, .F. ) ;
#2239 = ORIENTED_EDGE ( 'NONE', *, *, #9279, .T. ) ;
#2240 = ORIENTED_EDGE ( 'NONE', *, *, #3721, .T. ) ;
#2241 = DIRECTION ( 'NONE',  ( 0.0000000000000000000, 1.000000000000000000, 0.0000000000000000000 ) ) ;
#2242 = CARTESIAN_POINT ( 'NONE',  ( 0.8530793868032574600, 6.110050607254169800, 18.20000000000000300 ) ) ;
#2243 = CARTESIAN_POINT ( 'NONE',  ( -13.13154598666891800, 26.00000000000000400, 17.14999999999999900 ) ) ;
#2244 = FACE_OUTER_BOUND ( 'NONE', #10400, .T. ) ;
#2245 = ORIENTED_EDGE ( 'NONE', *, *, #4048, .F. ) ;
#2246 = ORIENTED_EDGE ( 'NONE', *, *, #431, .F. ) ;
#2247 = DIRECTION ( 'NONE',  ( -0.0000000000000000000, 0.0000000000000000000, 1.000000000000000000 ) ) ;
#2248 = EDGE_CURVE ( 'NONE', #8047, #3492, #7859, .T. ) ;
#2249 = AXIS2_PLACEMENT_3D ( 'NONE', #8586, #2836, #9591 ) ;
#2250 = ORIENTED_EDGE ( 'NONE', *, *, #3299, .T. ) ;
#2251 = CC_DESIGN_APPROVAL ( #1614, ( #944 ) ) ;
#2252 = EDGE_CURVE ( 'NONE', #10324, #12162, #12459, .T. ) ;
#2253 = EDGE_CURVE ( 'NONE', #10689, #7454, #4729, .T. ) ;
#2254 = CARTESIAN_POINT ( 'NONE',  ( 15.64506694184905600, 2.610000000000027400, 16.03674163466472900 ) ) ;
#2255 = CARTESIAN_POINT ( 'NONE',  ( 6.938893903907228400E-015, 29.59999999999999800, 3.469446951953614200E-015 ) ) ;
#2256 = EDGE_CURVE ( 'NONE', #6887, #6138, #7271, .T. ) ;
#2257 = LINE ( 'NONE', #6769, #4515 ) ;
#2258 = CIRCLE ( 'NONE', #2724, 7.700000000000005500 ) ;
#2259 = ORIENTED_EDGE ( 'NONE', *, *, #11196, .F. ) ;
#2260 = DIRECTION ( 'NONE',  ( -0.3735429735244768500, 0.8949343913984423300, -0.2440452458516482500 ) ) ;
#2261 = DIRECTION ( 'NONE',  ( -0.0000000000000000000, -1.000000000000000000, -0.0000000000000000000 ) ) ;
#2262 = PLANE ( 'NONE',  #4804 ) ;
#2263 = EDGE_LOOP ( 'NONE', ( #6306, #11664, #3795 ) ) ;
#2264 = ADVANCED_FACE ( 'NONE', ( #12154 ), #9265, .T. ) ;
#2265 = DIRECTION ( 'NONE',  ( 0.0000000000000000000, 0.0000000000000000000, -1.000000000000000000 ) ) ;
#2266 = DIRECTION ( 'NONE',  ( 0.0000000000000000000, 0.0000000000000000000, 1.000000000000000000 ) ) ;
#2267 = LINE ( 'NONE', #8115, #7056 ) ;
#2268 = VECTOR ( 'NONE', #4935, 1000.000000000000000 ) ;
#2270 = EDGE_CURVE ( 'NONE', #720, #8831, #11844, .T. ) ;
#2269 = ORIENTED_EDGE ( 'NONE', *, *, #8039, .F. ) ;
#2271 = DIRECTION ( 'NONE',  ( -0.9108500044181590000, 0.0000000000000000000, -0.4127375309460478100 ) ) ;
#2272 = DIRECTION ( 'NONE',  ( 1.000000000000000000, 0.0000000000000000000, 0.0000000000000000000 ) ) ;
#2273 = CARTESIAN_POINT ( 'NONE',  ( 16.08204932900880700, 2.610000000000029200, -15.71441625783251800 ) ) ;
#2274 = DIRECTION ( 'NONE',  ( -0.6440682147678801200, -0.7071067811865440200, -0.2918495069821442400 ) ) ;
#2275 = CARTESIAN_POINT ( 'NONE',  ( -16.19643099708685300, 0.6000000000000063100, 15.48696935691685200 ) ) ;
#2276 = EDGE_CURVE ( 'NONE', #4699, #11637, #4426, .T. ) ;
#2277 = ORIENTED_EDGE ( 'NONE', *, *, #5463, .T. ) ;
#2278 = ORIENTED_EDGE ( 'NONE', *, *, #9695, .T. ) ;
#2279 = ORIENTED_EDGE ( 'NONE', *, *, #6517, .T. ) ;
#2280 = DIRECTION ( 'NONE',  ( 2.257862093665814800E-016, 1.000000000000000000, 1.475119460951876700E-016 ) ) ;
#2281 = CIRCLE ( 'NONE', #5982, 1.500000000000001300 ) ;
#2282 = FACE_OUTER_BOUND ( 'NONE', #10744, .T. ) ;
#2283 = DIRECTION ( 'NONE',  ( -1.000000000000000000, 0.0000000000000000000, 0.0000000000000000000 ) ) ;
#2284 = CARTESIAN_POINT ( 'NONE',  ( -1.146920613196721600, 4.110050607254169800, 30.20000000000000300 ) ) ;
#2285 = ORIENTED_EDGE ( 'NONE', *, *, #79, .T. ) ;
#2286 = ORIENTED_EDGE ( 'NONE', *, *, #11608, .F. ) ;
#2287 = DIRECTION ( 'NONE',  ( 5.204170427930426000E-015, 0.0000000000000000000, 1.000000000000000000 ) ) ;
#2288 = B_SPLINE_CURVE_WITH_KNOTS ( 'NONE', 3,
 ( #5339, #4370, #4327, #6294 ),
 .UNSPECIFIED., .F., .F.,
 ( 4, 4 ),
 ( 0.001380840031772738700, 0.003398373201762471900 ),
 .UNSPECIFIED. ) ;
#2289 = DIRECTION ( 'NONE',  ( 0.0000000000000000000, 1.000000000000000000, -0.0000000000000000000 ) ) ;
#2290 = CARTESIAN_POINT ( 'NONE',  ( 20.99999999999999600, 23.40000000000000600, -16.37157287525381100 ) ) ;
#2291 = ORIENTED_EDGE ( 'NONE', *, *, #7915, .F. ) ;
#2292 = ADVANCED_FACE ( 'NONE', ( #1570 ), #1263, .F. ) ;
#2293 = CARTESIAN_POINT ( 'NONE',  ( 3.469446951953614200E-015, 6.229837387624883100, 6.350000000000012100 ) ) ;
#2294 = EDGE_CURVE ( 'NONE', #11962, #5000, #3812, .T. ) ;
#2295 = CONICAL_SURFACE ( 'NONE', #11265, 3.749999999999996400, 0.7853981633974479500 ) ;
#2296 = VECTOR ( 'NONE', #2439, 1000.000000000000000 ) ;
#2297 = AXIS2_PLACEMENT_3D ( 'NONE', #172, #6903, #1160 ) ;
#2298 = ORIENTED_EDGE ( 'NONE', *, *, #10876, .T. ) ;
#2299 = CARTESIAN_POINT ( 'NONE',  ( -20.32592592592592200, 8.500000000000000000, 15.56331376197799400 ) ) ;
#2300 = DIRECTION ( 'NONE',  ( -0.8371691043312221600, 0.0000000000000000000, -0.5469441386039887200 ) ) ;
#2301 = CARTESIAN_POINT ( 'NONE',  ( 2.027165091052717500, 2.628844685195824000, 18.00000000000000700 ) ) ;
#2302 = ORIENTED_EDGE ( 'NONE', *, *, #7356, .T. ) ;
#2303 = EDGE_LOOP ( 'NONE', ( #9366, #10103, #712, #1905 ) ) ;
#2304 = CARTESIAN_POINT ( 'NONE',  ( 14.64103821455293400, 12.00000000000000000, 21.00000000000000400 ) ) ;
#2305 = CARTESIAN_POINT ( 'NONE',  ( 16.37157287525380800, 34.00000000000000000, -19.00000000000000000 ) ) ;
#2306 = DIRECTION ( 'NONE',  ( 0.0000000000000000000, 1.000000000000000000, 0.0000000000000000000 ) ) ;
#2307 = EDGE_LOOP ( 'NONE', ( #2738, #166, #7400, #6983, #4449, #12359 ) ) ;
#2308 = CIRCLE ( 'NONE', #8467, 0.5000000000000004400 ) ;
#2309 = VECTOR ( 'NONE', #4915, 1000.000000000000200 ) ;
#2310 = ORIENTED_EDGE ( 'NONE', *, *, #11475, .F. ) ;
#2311 = AXIS2_PLACEMENT_3D ( 'NONE', #9774, #3984, #10735 ) ;
#2312 = EDGE_CURVE ( 'NONE', #7658, #10539, #11527, .T. ) ;
#2313 = CARTESIAN_POINT ( 'NONE',  ( -20.32592592592592200, 8.500000000000000000, -15.56331376197801000 ) ) ;
#2314 = ORIENTED_EDGE ( 'NONE', *, *, #9907, .F. ) ;
#2315 = EDGE_LOOP ( 'NONE', ( #12380, #1725, #1252, #7380, #3233, #5454, #6281, #11412, #7425, #101, #8470 ) ) ;
#2316 = CARTESIAN_POINT ( 'NONE',  ( -18.99999999999998200, 34.00000000000000000, -16.37157287525381100 ) ) ;
#2317 = ORIENTED_EDGE ( 'NONE', *, *, #7857, .T. ) ;
#2318 = CARTESIAN_POINT ( 'NONE',  ( -15.71441625783252900, 2.610000000000031400, -16.08204932900881100 ) ) ;
#2319 = TOROIDAL_SURFACE ( 'NONE', #7544, 2.299999999999999800, 0.8000000000000000400 ) ;
#2320 = ORIENTED_EDGE ( 'NONE', *, *, #6947, .T. ) ;
#2321 = CARTESIAN_POINT ( 'NONE',  ( -14.64103821455292100, 23.40000000000000600, -21.00000000000000000 ) ) ;
#2322 = CIRCLE ( 'NONE', #7477, 0.2999999999999999300 ) ;
#2323 = CONICAL_SURFACE ( 'NONE', #2147, 0.5560000000000012700, 0.06981317007976596500 ) ;
#2324 = ORIENTED_EDGE ( 'NONE', *, *, #1669, .T. ) ;
#2326 = ORIENTED_EDGE ( 'NONE', *, *, #6412, .F. ) ;
#2325 = ORIENTED_EDGE ( 'NONE', *, *, #11768, .F. ) ;
#2327 = EDGE_LOOP ( 'NONE', ( #11344, #9536, #5649 ) ) ;
#2328 = DIRECTION ( 'NONE',  ( 0.5469441386039908300, 0.0000000000000000000, -0.8371691043312209400 ) ) ;
#2329 = DIRECTION ( 'NONE',  ( 0.0000000000000000000, 0.0000000000000000000, 1.000000000000000000 ) ) ;
#2330 = EDGE_CURVE ( 'NONE', #9659, #11634, #6368, .T. ) ;
#2331 = EDGE_CURVE ( 'NONE', #7330, #11926, #8936, .T. ) ;
#2332 = CIRCLE ( 'NONE', #8034, 0.5559999999999997200 ) ;
#2333 = ADVANCED_FACE ( 'NONE', ( #6660 ), #8617, .T. ) ;
#2334 = AXIS2_PLACEMENT_3D ( 'NONE', #1802, #9598, #3809 ) ;
#2335 = CIRCLE ( 'NONE', #5400, 2.500000000000000000 ) ;
#2336 = FACE_OUTER_BOUND ( 'NONE', #2160, .T. ) ;
#2337 = ORIENTED_EDGE ( 'NONE', *, *, #411, .F. ) ;
#2338 = DIRECTION ( 'NONE',  ( 0.0000000000000000000, 0.0000000000000000000, 1.000000000000000000 ) ) ;
#2339 = FACE_OUTER_BOUND ( 'NONE', #1213, .T. ) ;
#2340 = CARTESIAN_POINT ( 'NONE',  ( -14.04187701221969700, 0.6000000000000063100, 16.01066363930343400 ) ) ;
#2341 = VERTEX_POINT ( 'NONE', #8478 ) ;
#2342 = CARTESIAN_POINT ( 'NONE',  ( 3.601096482861955100E-014, 36.00000000000000700, -10.49999999999997300 ) ) ;
#2343 = LINE ( 'NONE', #11499, #12328 ) ;
#2344 = AXIS2_PLACEMENT_3D ( 'NONE', #5681, #7587, #1858 ) ;
#2345 = AXIS2_PLACEMENT_3D ( 'NONE', #10593, #12529, #11577 ) ;
#2346 = CYLINDRICAL_SURFACE ( 'NONE', #11956, 2.000000000000000000 ) ;
#2347 = CARTESIAN_POINT ( 'NONE',  ( -15.71441625783252900, 2.610000000000031400, -16.08204932900881100 ) ) ;
#2348 = EDGE_CURVE ( 'NONE', #11982, #11524, #1868, .T. ) ;
#2349 = LINE ( 'NONE', #8264, #12335 ) ;
#2350 = ORIENTED_EDGE ( 'NONE', *, *, #12201, .T. ) ;
#2351 = CARTESIAN_POINT ( 'NONE',  ( 17.78578643762690000, 33.50000000000000000, 20.41421356237309900 ) ) ;
#2352 = ADVANCED_FACE ( 'NONE', ( #6066 ), #5771, .T. ) ;
#2353 = CIRCLE ( 'NONE', #1480, 1.650000000000000400 ) ;
#2354 = ORIENTED_EDGE ( 'NONE', *, *, #6620, .F. ) ;
#2355 = DIRECTION ( 'NONE',  ( -0.0000000000000000000, -1.000000000000000000, -0.0000000000000000000 ) ) ;
#2356 = DIRECTION ( 'NONE',  ( -0.4894791198105034000, -0.4461977533474358900, 0.7492114228822434100 ) ) ;
#2357 = DIRECTION ( 'NONE',  ( 0.5469441386039881600, 0.0000000000000000000, -0.8371691043312224900 ) ) ;
#2358 = PLANE ( 'NONE',  #3763 ) ;
#2359 = CARTESIAN_POINT ( 'NONE',  ( 15.21860959775619200, 2.610000000000027400, 15.02046330534039200 ) ) ;
#2360 = CARTESIAN_POINT ( 'NONE',  ( -2.021082757350868100, 7.500000000000000000, 21.50000000000000400 ) ) ;
#2361 = ORIENTED_EDGE ( 'NONE', *, *, #10838, .T. ) ;
#2362 = EDGE_LOOP ( 'NONE', ( #2896, #1853 ) ) ;
#2363 = AXIS2_PLACEMENT_3D ( 'NONE', #1814, #8514, #2773 ) ;
#2364 = LINE ( 'NONE', #5399, #4622 ) ;
#2365 = CIRCLE ( 'NONE', #4119, 0.8074684195533451400 ) ;
#2366 = DIRECTION ( 'NONE',  ( -0.0000000000000000000, -1.000000000000000000, 0.0000000000000000000 ) ) ;
#2367 = CARTESIAN_POINT ( 'NONE',  ( -15.19589905893619000, 2.610000000000031400, -15.96546602200815600 ) ) ;
#2368 = EDGE_CURVE ( 'NONE', #4336, #7264, #10920, .T. ) ;
#2369 = DIRECTION ( 'NONE',  ( 0.0000000000000000000, 0.0000000000000000000, 1.000000000000000000 ) ) ;
#2370 = AXIS2_PLACEMENT_3D ( 'NONE', #5802, #1990, #7 ) ;
#2371 = VERTEX_POINT ( 'NONE', #1807 ) ;
#2372 = CARTESIAN_POINT ( 'NONE',  ( 3.469446951953614200E-014, 34.00000000000000000, 3.122502256758252800E-014 ) ) ;
#2373 = EDGE_CURVE ( 'NONE', #1995, #2667, #946, .T. ) ;
#2374 = ORIENTED_EDGE ( 'NONE', *, *, #6055, .F. ) ;
#2375 = CONICAL_SURFACE ( 'NONE', #5244, 1.250000000000011500, 0.7853981633974545000 ) ;
#2376 = CARTESIAN_POINT ( 'NONE',  ( 15.49999999999999300, 8.500000000000000000, -15.49999999999999600 ) ) ;
#2377 = FACE_OUTER_BOUND ( 'NONE', #6691, .T. ) ;
#2378 = CARTESIAN_POINT ( 'NONE',  ( -15.50000000000000700, 2.610000000000006100, 15.50000000000000400 ) ) ;
#2379 = DIRECTION ( 'NONE',  ( 4.956352788505163300E-016, 1.000000000000000000, -0.0000000000000000000 ) ) ;
#2380 = AXIS2_PLACEMENT_3D ( 'NONE', #1661, #10302, #8372 ) ;
#2381 = ORIENTED_EDGE ( 'NONE', *, *, #8880, .T. ) ;
#2382 = EDGE_LOOP ( 'NONE', ( #9747, #12197, #10075 ) ) ;
#2383 = EDGE_CURVE ( 'NONE', #3451, #3353, #3218, .T. ) ;
#2384 = PLANE ( 'NONE',  #11893 ) ;
#2385 = EDGE_CURVE ( 'NONE', #5450, #5324, #8323, .T. ) ;
#2386 = ADVANCED_FACE ( 'NONE', ( #650 ), #2620, .F. ) ;
#2387 = LINE ( 'NONE', #4300, #5241 ) ;
#2388 = ORIENTED_EDGE ( 'NONE', *, *, #10608, .F. ) ;
#2389 = EDGE_LOOP ( 'NONE', ( #6603, #6292, #6037, #7972 ) ) ;
#2390 = ORIENTED_EDGE ( 'NONE', *, *, #7638, .F. ) ;
#2391 = ORIENTED_EDGE ( 'NONE', *, *, #1072, .F. ) ;
#2392 = CARTESIAN_POINT ( 'NONE',  ( 3.671513673812927800E-014, 33.50000000000000000, 16.50000000000002100 ) ) ;
#2393 = DIRECTION ( 'NONE',  ( -0.7071067811865475700, 0.0000000000000000000, 0.7071067811865475700 ) ) ;
#2394 = CARTESIAN_POINT ( 'NONE',  ( 3.469446951953614200E-015, 6.229837387624883100, 6.938893903907228400E-015 ) ) ;
#2395 = VERTEX_POINT ( 'NONE', #8549 ) ;
#2396 = AXIS2_PLACEMENT_3D ( 'NONE', #5619, #12401, #6575 ) ;
#2397 = EDGE_CURVE ( 'NONE', #958, #5327, #2910, .T. ) ;
#2398 = LINE ( 'NONE', #12148, #7192 ) ;
#2399 = VECTOR ( 'NONE', #5171, 1000.000000000000200 ) ;
#2400 = ORIENTED_EDGE ( 'NONE', *, *, #7996, .F. ) ;
#2401 = DIRECTION ( 'NONE',  ( 0.0000000000000000000, 0.0000000000000000000, 1.000000000000000000 ) ) ;
#2402 = DIRECTION ( 'NONE',  ( -0.0000000000000000000, 1.000000000000000000, -0.0000000000000000000 ) ) ;
#2403 = CARTESIAN_POINT ( 'NONE',  ( -15.48696935691685900, 0.6000000000000319500, -16.19643099708684300 ) ) ;
#2404 = DIRECTION ( 'NONE',  ( 0.0000000000000000000, -1.000000000000000000, 0.0000000000000000000 ) ) ;
#2405 = CARTESIAN_POINT ( 'NONE',  ( 3.469446951953614200E-014, 35.50000000000000700, 3.122502256758252800E-014 ) ) ;
#2406 = EDGE_LOOP ( 'NONE', ( #9713, #4407, #6030, #7622, #9452, #11066, #11722, #2239 ) ) ;
#2407 = ORIENTED_EDGE ( 'NONE', *, *, #8441, .F. ) ;
#2408 = CARTESIAN_POINT ( 'NONE',  ( 18.99999999999999600, 33.50000000000000000, -16.37157287525381100 ) ) ;
#2409 = ADVANCED_FACE ( 'NONE', ( #10315 ), #16, .T. ) ;
#2410 = CIRCLE ( 'NONE', #5071, 0.6965528920064416600 ) ;
#2411 = FACE_OUTER_BOUND ( 'NONE', #9514, .T. ) ;
#2412 = CARTESIAN_POINT ( 'NONE',  ( 0.0000000000000000000, 1.628844685195823100, 21.50000000000000400 ) ) ;
#2413 = AXIS2_PLACEMENT_3D ( 'NONE', #7319, #1581, #8288 ) ;
#2414 = ORIENTED_EDGE ( 'NONE', *, *, #4771, .F. ) ;
#2415 = EDGE_CURVE ( 'NONE', #3327, #6477, #8008, .T. ) ;
#2416 = AXIS2_PLACEMENT_3D ( 'NONE', #4710, #11469, #5674 ) ;
#2417 = CARTESIAN_POINT ( 'NONE',  ( 15.28558374216747300, 2.610000000000029200, -16.08204932900881100 ) ) ;
#2418 = CARTESIAN_POINT ( 'NONE',  ( 3.469446951953614200E-014, 36.00000000000000700, 3.122502256758252800E-014 ) ) ;
#2419 = VERTEX_POINT ( 'NONE', #8597 ) ;
#2420 = EDGE_CURVE ( 'NONE', #9309, #9615, #7704, .T. ) ;
#2421 = CARTESIAN_POINT ( 'NONE',  ( -14.64103821455298900, 23.40000000000000600, 21.00000000000000700 ) ) ;
#2422 = CIRCLE ( 'NONE', #8324, 4.150000000000001200 ) ;
#2423 = LINE ( 'NONE', #7691, #7512 ) ;
#2424 = CARTESIAN_POINT ( 'NONE',  ( 1.297342568815441900, 53.63773720482508600, 1.982653512480203600 ) ) ;
#2425 = CARTESIAN_POINT ( 'NONE',  ( -15.50000000000000700, 2.581370849898509500, -15.49999999999999600 ) ) ;
#2426 = EDGE_LOOP ( 'NONE', ( #2166, #6273 ) ) ;
#2427 = CARTESIAN_POINT ( 'NONE',  ( -14.98933636069658200, 0.6000000000000319500, -16.95812298778030700 ) ) ;
#2428 = EDGE_LOOP ( 'NONE', ( #218, #10556, #2122 ) ) ;
#2429 = AXIS2_PLACEMENT_3D ( 'NONE', #3496, #12216, #5391 ) ;
#2430 = ORIENTED_EDGE ( 'NONE', *, *, #1923, .T. ) ;
#2431 = CARTESIAN_POINT ( 'NONE',  ( -16.19643099708685300, 0.6000000000000063100, 15.48696935691685200 ) ) ;
#2432 = CYLINDRICAL_SURFACE ( 'NONE', #2370, 0.2794843821735011300 ) ;
#2434 = DIRECTION ( 'NONE',  ( 0.0000000000000000000, 1.000000000000000000, 0.0000000000000000000 ) ) ;
#2433 = VECTOR ( 'NONE', #7613, 1000.000000000000100 ) ;
#2435 = DIRECTION ( 'NONE',  ( 0.0000000000000000000, 0.0000000000000000000, -1.000000000000000000 ) ) ;
#2436 = DIRECTION ( 'NONE',  ( 0.5469441386039892700, 0.0000000000000000000, -0.8371691043312217100 ) ) ;
#2437 = DIRECTION ( 'NONE',  ( 0.5469441386039886100, 0.0000000000000000000, -0.8371691043312222700 ) ) ;
#2438 = ORIENTED_EDGE ( 'NONE', *, *, #1130, .T. ) ;
#2439 = DIRECTION ( 'NONE',  ( -0.0000000000000000000, -1.000000000000000000, -0.0000000000000000000 ) ) ;
#2440 = EDGE_CURVE ( 'NONE', #11187, #11303, #338, .T. ) ;
#2441 = AXIS2_PLACEMENT_3D ( 'NONE', #4960, #11739, #5923 ) ;
#2442 = ORIENTED_EDGE ( 'NONE', *, *, #3299, .F. ) ;
#2443 = VERTEX_POINT ( 'NONE', #7662 ) ;
#2444 = ORIENTED_EDGE ( 'NONE', *, *, #7249, .T. ) ;
#2445 = CARTESIAN_POINT ( 'NONE',  ( 14.94781922401182300, 2.610000000000027400, 15.43494317384709200 ) ) ;
#2446 = DIRECTION ( 'NONE',  ( 0.0000000000000000000, 1.000000000000000000, 0.0000000000000000000 ) ) ;
#2447 = DIRECTION ( 'NONE',  ( 0.5469441386039886100, 0.0000000000000000000, -0.8371691043312222700 ) ) ;
#2448 = DIRECTION ( 'NONE',  ( -0.7071067811865475700, 0.0000000000000000000, 0.7071067811865475700 ) ) ;
#2449 = ORIENTED_EDGE ( 'NONE', *, *, #2929, .T. ) ;
#2450 = DIRECTION ( 'NONE',  ( 0.0000000000000000000, 0.0000000000000000000, -1.000000000000000000 ) ) ;
#2451 = CIRCLE ( 'NONE', #11498, 0.4999999999999982200 ) ;
#2452 = VECTOR ( 'NONE', #6880, 999.9999999999998900 ) ;
#2453 = ADVANCED_FACE ( 'NONE', ( #12305 ), #4575, .T. ) ;
#2454 = EDGE_LOOP ( 'NONE', ( #407, #8310, #3818, #11910 ) ) ;
#2455 = CARTESIAN_POINT ( 'NONE',  ( 15.49999999999999300, 0.0000000000000000000, 11.74999999999998600 ) ) ;
#2456 = DIRECTION ( 'NONE',  ( 0.0000000000000000000, 0.0000000000000000000, -1.000000000000000000 ) ) ;
#2457 = ORIENTED_EDGE ( 'NONE', *, *, #241, .F. ) ;
#2458 = VERTEX_POINT ( 'NONE', #9643 ) ;
#2459 = AXIS2_PLACEMENT_3D ( 'NONE', #6578, #2759, #8469 ) ;
#2460 = EDGE_CURVE ( 'NONE', #5582, #8868, #9707, .T. ) ;
#2461 = CIRCLE ( 'NONE', #7245, 6.350000000000005000 ) ;
#2462 = LINE ( 'NONE', #8435, #4717 ) ;
#2463 = CARTESIAN_POINT ( 'NONE',  ( 14.67958379209402000, 29.60000000000003000, 16.75575365649683900 ) ) ;
#2464 = DIRECTION ( 'NONE',  ( -0.5469441386039886100, 0.0000000000000000000, 0.8371691043312221600 ) ) ;
#2465 = ORIENTED_EDGE ( 'NONE', *, *, #5243, .T. ) ;
#2466 = DIRECTION ( 'NONE',  ( -0.0000000000000000000, -1.000000000000000000, 0.0000000000000000000 ) ) ;
#2467 = ORIENTED_EDGE ( 'NONE', *, *, #2, .T. ) ;
#2468 = VECTOR ( 'NONE', #1565, 1000.000000000000000 ) ;
#2469 = DIRECTION ( 'NONE',  ( 0.0000000000000000000, 0.0000000000000000000, 1.000000000000000000 ) ) ;
#2470 = VERTEX_POINT ( 'NONE', #2895 ) ;
#2471 = LINE ( 'NONE', #7364, #9560 ) ;
#2472 = CIRCLE ( 'NONE', #3017, 1.250000000000011500 ) ;
#2473 = AXIS2_PLACEMENT_3D ( 'NONE', #488, #10111, #7212 ) ;
#2474 = EDGE_CURVE ( 'NONE', #11967, #7243, #11994, .T. ) ;
#2475 = VERTEX_POINT ( 'NONE', #4831 ) ;
#2476 = CARTESIAN_POINT ( 'NONE',  ( 16.03674163466472200, 2.610000000000029200, -15.64506694184905200 ) ) ;
#2477 = ADVANCED_FACE ( 'NONE', ( #7108 ), #11860, .F. ) ;
#2478 = PLANE ( 'NONE',  #11113 ) ;
#2479 = ORIENTED_EDGE ( 'NONE', *, *, #8376, .F. ) ;
#2480 = PLANE ( 'NONE',  #7615 ) ;
#2481 = CARTESIAN_POINT ( 'NONE',  ( 0.0000000000000000000, 0.0000000000000000000, 0.0000000000000000000 ) ) ;
#2482 = FACE_OUTER_BOUND ( 'NONE', #12301, .T. ) ;
#2483 = EDGE_LOOP ( 'NONE', ( #6725, #10767, #9991 ) ) ;
#2484 = VECTOR ( 'NONE', #12581, 1000.000000000000000 ) ;
#2485 = ORIENTED_EDGE ( 'NONE', *, *, #6206, .T. ) ;
#2486 = CARTESIAN_POINT ( 'NONE',  ( 0.8530793868032783300, 4.110050607254169800, 28.20000000000000300 ) ) ;
#2487 = CARTESIAN_POINT ( 'NONE',  ( -15.50000000000000700, 0.0000000000000000000, -15.49999999999999600 ) ) ;
#2488 = DIRECTION ( 'NONE',  ( 0.5469441386039908300, 0.0000000000000000000, -0.8371691043312209400 ) ) ;
#2489 = DIRECTION ( 'NONE',  ( 0.0000000000000000000, 0.0000000000000000000, 1.000000000000000000 ) ) ;
#2490 = EDGE_CURVE ( 'NONE', #11660, #3170, #4268, .T. ) ;
#2491 = ORIENTED_EDGE ( 'NONE', *, *, #10201, .T. ) ;
#2492 = AXIS2_PLACEMENT_3D ( 'NONE', #10964, #11947, #1307 ) ;
#2493 = EDGE_CURVE ( 'NONE', #6714, #201, #3216, .T. ) ;
#2494 = AXIS2_PLACEMENT_3D ( 'NONE', #8454, #2707, #9463 ) ;
#2495 = PLANE ( 'NONE',  #10512 ) ;
#2496 = CIRCLE ( 'NONE', #4904, 1.499999999999999600 ) ;
#2497 = VERTEX_POINT ( 'NONE', #4878 ) ;
#2498 = EDGE_CURVE ( 'NONE', #8192, #4157, #10012, .T. ) ;
#2499 = CARTESIAN_POINT ( 'NONE',  ( -0.3008397970715543400, 0.3008397970715546700, 18.20000000000000300 ) ) ;
#2500 = LINE ( 'NONE', #9219, #12487 ) ;
#2501 = EDGE_LOOP ( 'NONE', ( #11707, #12174, #7465, #7719, #8562, #1330, #11294 ) ) ;
#2502 = ORIENTED_EDGE ( 'NONE', *, *, #1947, .T. ) ;
#2503 = DIRECTION ( 'NONE',  ( 0.0000000000000000000, 0.0000000000000000000, 1.000000000000000000 ) ) ;
#2504 = FACE_OUTER_BOUND ( 'NONE', #3434, .T. ) ;
#2505 = CARTESIAN_POINT ( 'NONE',  ( -15.50000000000000700, 2.610000000000031400, -15.49999999999999600 ) ) ;
#2506 = CARTESIAN_POINT ( 'NONE',  ( 19.09999999999999800, 12.00000000000000000, 19.09999999999999800 ) ) ;
#2507 = CYLINDRICAL_SURFACE ( 'NONE', #202, 1.999999999999998200 ) ;
#2508 = ORIENTED_EDGE ( 'NONE', *, *, #11573, .F. ) ;
#2509 = AXIS2_PLACEMENT_3D ( 'NONE', #2418, #9163, #3388 ) ;
#2510 = FACE_OUTER_BOUND ( 'NONE', #2888, .T. ) ;
#2511 = DIRECTION ( 'NONE',  ( 0.5469441386039908300, 0.0000000000000000000, -0.8371691043312209400 ) ) ;
#2512 = CARTESIAN_POINT ( 'NONE',  ( 15.71441625783251400, 2.610000000000029200, -14.91795067099118200 ) ) ;
#2513 = ADVANCED_FACE ( 'NONE', ( #6679 ), #2319, .F. ) ;
#2514 = EDGE_CURVE ( 'NONE', #3613, #10530, #9410, .T. ) ;
#2515 = CARTESIAN_POINT ( 'NONE',  ( -17.78578643762690000, 12.00000000000000000, 20.41421356237309600 ) ) ;
#2516 = ORIENTED_EDGE ( 'NONE', *, *, #9136, .F. ) ;
#2517 =( BOUNDED_CURVE ( )  B_SPLINE_CURVE ( 3, ( #11647, #2035, #8745, #2981 ),
 .UNSPECIFIED., .F., .T. ) 
 B_SPLINE_CURVE_WITH_KNOTS ( ( 4, 4 ),
 ( 5.754796812637098700, 6.283185307179577400 ),
 .UNSPECIFIED. ) 
 CURVE ( )  GEOMETRIC_REPRESENTATION_ITEM ( )  RATIONAL_B_SPLINE_CURVE ( ( 1.000000000000000000, 0.9768688144526063200, 0.9768688144526063200, 1.000000000000000000 ) ) 
 REPRESENTATION_ITEM ( '' )  );
#2518 = DIRECTION ( 'NONE',  ( -1.000000000000000000, 0.0000000000000000000, -1.224646799147353200E-016 ) ) ;
#2519 = DIRECTION ( 'NONE',  ( -0.0000000000000000000, -1.000000000000000000, 0.0000000000000000000 ) ) ;
#2520 = CIRCLE ( 'NONE', #5654, 1.999999999999998200 ) ;
#2521 = CARTESIAN_POINT ( 'NONE',  ( -15.79169233451989700, 0.6000000000000063100, 14.86746421971174900 ) ) ;
#2522 = CARTESIAN_POINT ( 'NONE',  ( 6.938893903907228400E-015, 30.87016261237511100, -4.149999999999997700 ) ) ;
#2523 = FACE_OUTER_BOUND ( 'NONE', #1886, .T. ) ;
#2524 = ORIENTED_EDGE ( 'NONE', *, *, #11843, .F. ) ;
#2525 = DIRECTION ( 'NONE',  ( 0.0000000000000000000, 0.0000000000000000000, 1.000000000000000000 ) ) ;
#2526 = PLANE ( 'NONE',  #7101 ) ;
#2527 = EDGE_CURVE ( 'NONE', #9788, #3128, #1879, .T. ) ;
#2528 = DIRECTION ( 'NONE',  ( 0.0000000000000000000, -1.000000000000000000, 0.0000000000000000000 ) ) ;
#2529 = VECTOR ( 'NONE', #11486, 1000.000000000000000 ) ;
#2530 = AXIS2_PLACEMENT_3D ( 'NONE', #6547, #771, #9439 ) ;
#2531 = CIRCLE ( 'NONE', #3625, 0.2999999999999999300 ) ;
#2532 = CARTESIAN_POINT ( 'NONE',  ( 16.08204932900881800, 2.610000000000027400, 15.28558374216748400 ) ) ;
#2533 = DIRECTION ( 'NONE',  ( -0.0000000000000000000, -1.000000000000000000, -0.0000000000000000000 ) ) ;
#2534 = ORIENTED_EDGE ( 'NONE', *, *, #6184, .T. ) ;
#2535 = ADVANCED_FACE ( 'NONE', ( #1585 ), #11247, .T. ) ;
#2536 = DIRECTION ( 'NONE',  ( -0.0000000000000000000, -1.000000000000000000, -0.0000000000000000000 ) ) ;
#2537 = ORIENTED_EDGE ( 'NONE', *, *, #12034, .T. ) ;
#2538 = ORIENTED_EDGE ( 'NONE', *, *, #2493, .F. ) ;
#2539 = DIRECTION ( 'NONE',  ( 0.5469441386039877200, 0.0000000000000000000, -0.8371691043312229400 ) ) ;
#2540 = ORIENTED_EDGE ( 'NONE', *, *, #7901, .T. ) ;
#2541 = CARTESIAN_POINT ( 'NONE',  ( 6.614362502133180100E-015, 34.29999999999999700, 2.500000000000003600 ) ) ;
#2542 = CYLINDRICAL_SURFACE ( 'NONE', #1534, 1.500000000000000000 ) ;
#2543 = CARTESIAN_POINT ( 'NONE',  ( 15.56505682615291300, 2.610000000000027400, 14.94781922401182300 ) ) ;
#2544 = AXIS2_PLACEMENT_3D ( 'NONE', #8362, #2614, #9362 ) ;
#2545 = EDGE_LOOP ( 'NONE', ( #311, #8131, #3461, #6109 ) ) ;
#2546 = EDGE_CURVE ( 'NONE', #5768, #11700, #3832, .T. ) ;
#2547 = DIRECTION ( 'NONE',  ( 1.000000000000000000, -0.0000000000000000000, 0.0000000000000000000 ) ) ;
#2548 = ORIENTED_EDGE ( 'NONE', *, *, #11953, .T. ) ;
#2549 = ORIENTED_EDGE ( 'NONE', *, *, #4924, .T. ) ;
#2550 = EDGE_CURVE ( 'NONE', #5697, #11191, #11542, .T. ) ;
#2551 = EDGE_CURVE ( 'NONE', #6675, #10863, #6387, .T. ) ;
#2552 = CARTESIAN_POINT ( 'NONE',  ( -15.50000000000000700, 26.00000000000000400, -14.24999999999998600 ) ) ;
#2553 = CARTESIAN_POINT ( 'NONE',  ( 2.094712078817835700, 0.0000000000000000000, 21.50000000000000400 ) ) ;
#2554 = EDGE_LOOP ( 'NONE', ( #6450, #3006, #3857, #9912 ) ) ;
#2555 = CARTESIAN_POINT ( 'NONE',  ( 3.469446951953614200E-015, 7.200000000000002800, 6.938893903907228400E-015 ) ) ;
#2556 = FACE_OUTER_BOUND ( 'NONE', #4829, .T. ) ;
#2557 = VECTOR ( 'NONE', #10502, 1000.000000000000000 ) ;
#2558 = CARTESIAN_POINT ( 'NONE',  ( 0.5735950046297769700, 4.110050607254169800, 30.20000000000000300 ) ) ;
#2559 = ORIENTED_EDGE ( 'NONE', *, *, #9372, .F. ) ;
#2560 =( NAMED_UNIT ( * ) SI_UNIT ( $, .STERADIAN. ) SOLID_ANGLE_UNIT ( ) );
#2561 = DIRECTION ( 'NONE',  ( 0.5469441386039886100, 0.0000000000000000000, -0.8371691043312221600 ) ) ;
#2562 = DIRECTION ( 'NONE',  ( 0.0000000000000000000, 0.0000000000000000000, -1.000000000000000000 ) ) ;
#2563 = EDGE_LOOP ( 'NONE', ( #397, #11858, #6598, #4189 ) ) ;
#2564 = AXIS2_PLACEMENT_3D ( 'NONE', #4975, #8848, #7852 ) ;
#2565 = EDGE_CURVE ( 'NONE', #2587, #362, #1281, .T. ) ;
#2566 = ORIENTED_EDGE ( 'NONE', *, *, #12188, .F. ) ;
#2567 = CARTESIAN_POINT ( 'NONE',  ( -13.99590361883903700, 1.000000000000036400, -17.80221503691085900 ) ) ;
#2568 = CARTESIAN_POINT ( 'NONE',  ( -3.888629745115985700, 0.0000000000000000000, 18.00000000000000700 ) ) ;
#2569 = LINE ( 'NONE', #2304, #12566 ) ;
#2570 = FACE_OUTER_BOUND ( 'NONE', #357, .T. ) ;
#2571 = DIRECTION ( 'NONE',  ( 0.0000000000000000000, 0.0000000000000000000, 1.000000000000000000 ) ) ;
#2572 = DIRECTION ( 'NONE',  ( 0.0000000000000000000, 1.000000000000000000, 0.0000000000000000000 ) ) ;
#2573 = ORIENTED_EDGE ( 'NONE', *, *, #6297, .T. ) ;
#2574 = ADVANCED_FACE ( 'NONE', ( #4129 ), #4024, .T. ) ;
#2575 = EDGE_LOOP ( 'NONE', ( #4325, #3348, #8152, #1953 ) ) ;
#2576 = ORIENTED_EDGE ( 'NONE', *, *, #3023, .T. ) ;
#2577 = DIRECTION ( 'NONE',  ( 1.000000000000000000, 0.0000000000000000000, 0.0000000000000000000 ) ) ;
#2578 = VERTEX_POINT ( 'NONE', #1344 ) ;
#2579 = DIRECTION ( 'NONE',  ( 0.8371691043312221600, 0.0000000000000000000, 0.5469441386039887200 ) ) ;
#2580 = AXIS2_PLACEMENT_3D ( 'NONE', #3286, #10047, #4254 ) ;
#2581 = VECTOR ( 'NONE', #5295, 999.9999999999998900 ) ;
#2582 = CIRCLE ( 'NONE', #6498, 4.000000000000000000 ) ;
#2583 = EDGE_LOOP ( 'NONE', ( #10943, #12460 ) ) ;
#2584 = AXIS2_PLACEMENT_3D ( 'NONE', #8343, #2592, #9344 ) ;
#2585 = CARTESIAN_POINT ( 'NONE',  ( 0.8530793868032574600, 6.110050607254169800, 28.20000000000000300 ) ) ;
#2586 = EDGE_CURVE ( 'NONE', #11982, #4585, #967, .T. ) ;
#2587 = VERTEX_POINT ( 'NONE', #8087 ) ;
#2588 = ORIENTED_EDGE ( 'NONE', *, *, #8568, .F. ) ;
#2589 = DIRECTION ( 'NONE',  ( 1.000000000000000000, 0.0000000000000000000, 0.0000000000000000000 ) ) ;
#2590 = ORIENTED_EDGE ( 'NONE', *, *, #3038, .T. ) ;
#2591 = EDGE_LOOP ( 'NONE', ( #11358, #10826, #2444, #5037 ) ) ;
#2592 = DIRECTION ( 'NONE',  ( -0.0000000000000000000, -1.000000000000000000, 0.0000000000000000000 ) ) ;
#2593 = FACE_OUTER_BOUND ( 'NONE', #12001, .T. ) ;
#2594 = CIRCLE ( 'NONE', #1829, 1.250000000000011500 ) ;
#2595 = CARTESIAN_POINT ( 'NONE',  ( 6.938893903907228400E-015, 34.59999999999999400, -4.149999999999997700 ) ) ;
#2596 = ORIENTED_EDGE ( 'NONE', *, *, #6259, .F. ) ;
#2597 = AXIS2_PLACEMENT_3D ( 'NONE', #497, #7220, #1488 ) ;
#2598 = CARTESIAN_POINT ( 'NONE',  ( 21.00000000000000000, 8.500000000000000000, -14.64103821455294800 ) ) ;
#2599 = ORIENTED_EDGE ( 'NONE', *, *, #11551, .F. ) ;
#2600 = ORIENTED_EDGE ( 'NONE', *, *, #5276, .F. ) ;
#2601 = ADVANCED_FACE ( 'NONE', ( #6084 ), #8337, .F. ) ;
#2602 = DIRECTION ( 'NONE',  ( 0.0000000000000000000, 0.0000000000000000000, 1.000000000000000000 ) ) ;
#2603 = DIRECTION ( 'NONE',  ( -0.0000000000000000000, -1.000000000000000000, 0.0000000000000000000 ) ) ;
#2604 = DIRECTION ( 'NONE',  ( 0.0000000000000000000, 0.0000000000000000000, 1.000000000000000000 ) ) ;
#2605 = APPROVAL_STATUS ( 'not_yet_approved' ) ;
#2606 = ORIENTED_EDGE ( 'NONE', *, *, #9621, .T. ) ;
#2607 = PLANE ( 'NONE',  #7696 ) ;
#2608 = CARTESIAN_POINT ( 'NONE',  ( 15.49999999999999300, 0.6000000000000297300, -15.49999999999999600 ) ) ;
#2609 = EDGE_CURVE ( 'NONE', #12102, #7700, #10934, .T. ) ;
#2610 = FACE_OUTER_BOUND ( 'NONE', #5408, .T. ) ;
#2611 = CIRCLE ( 'NONE', #2311, 1.734314575050762300 ) ;
#2612 = AXIS2_PLACEMENT_3D ( 'NONE', #6304, #536, #7268 ) ;
#2613 = VERTEX_POINT ( 'NONE', #9084 ) ;
#2615 = EDGE_LOOP ( 'NONE', ( #11396, #2538, #7432, #10215 ) ) ;
#2614 = DIRECTION ( 'NONE',  ( 0.0000000000000000000, 1.000000000000000000, 0.0000000000000000000 ) ) ;
#2616 = DIRECTION ( 'NONE',  ( 0.0000000000000000000, 0.0000000000000000000, 1.000000000000000000 ) ) ;
#2617 = EDGE_LOOP ( 'NONE', ( #10947, #6341, #12236, #2841 ) ) ;
#2618 = CARTESIAN_POINT ( 'NONE',  ( -16.19643099708685300, 0.6000000000000319500, -15.51303064308314800 ) ) ;
#2619 = CARTESIAN_POINT ( 'NONE',  ( 21.00000000000000000, 12.00000000000000000, 16.37157287525380400 ) ) ;
#2620 = CONICAL_SURFACE ( 'NONE', #1780, 3077.683537175311800, 1.256637061435922800 ) ;
#2621 = EDGE_LOOP ( 'NONE', ( #8571, #9515, #4294, #6872 ) ) ;
#2622 = CIRCLE ( 'NONE', #12313, 8.000000000000005300 ) ;
#2623 = VECTOR ( 'NONE', #6839, 1000.000000000000000 ) ;
#2624 = CARTESIAN_POINT ( 'NONE',  ( 20.49999999999999600, 34.00000000000000000, 16.37157287525381800 ) ) ;
#2625 = EDGE_LOOP ( 'NONE', ( #2771, #6439, #10420, #5420, #10687, #7124, #5057, #12269 ) ) ;
#2626 = AXIS2_PLACEMENT_3D ( 'NONE', #9059, #3293, #10055 ) ;
#2627 = EDGE_CURVE ( 'NONE', #10736, #7062, #5787, .T. ) ;
#2628 = VERTEX_POINT ( 'NONE', #5249 ) ;
#2629 = CARTESIAN_POINT ( 'NONE',  ( 20.41421356237309600, 0.5000000000000004400, -17.78578643762690000 ) ) ;
#2630 = EDGE_CURVE ( 'NONE', #11524, #7109, #964, .T. ) ;
#2631 = CARTESIAN_POINT ( 'NONE',  ( 3.977675373599766000E-015, 25.63749999999999900, 4.150000000000007500 ) ) ;
#2632 = VECTOR ( 'NONE', #7925, 1000.000000000000000 ) ;
#2633 = ORIENTED_EDGE ( 'NONE', *, *, #2027, .F. ) ;
#2634 = VECTOR ( 'NONE', #8175, 1000.000000000000200 ) ;
#2635 = CYLINDRICAL_SURFACE ( 'NONE', #3905, 8.000000000000000000 ) ;
#2636 = ORIENTED_EDGE ( 'NONE', *, *, #332, .F. ) ;
#2637 = DIRECTION ( 'NONE',  ( 0.0000000000000000000, 0.0000000000000000000, -1.000000000000000000 ) ) ;
#2638 = ORIENTED_EDGE ( 'NONE', *, *, #8613, .F. ) ;
#2639 = ADVANCED_FACE ( 'NONE', ( #3537 ), #354, .F. ) ;
#2640 = PLANE ( 'NONE',  #11404 ) ;
#2641 = AXIS2_PLACEMENT_3D ( 'NONE', #6989, #5082, #9938 ) ;
#2642 = TOROIDAL_SURFACE ( 'NONE', #5949, 1.500000000000000000, 0.5000000000000000000 ) ;
#2643 = AXIS2_PLACEMENT_3D ( 'NONE', #11155, #5148, #1743 ) ;
#2644 = CARTESIAN_POINT ( 'NONE',  ( 20.99999999999999600, 33.50000000000000000, -16.37157287525381100 ) ) ;
#2645 = CYLINDRICAL_SURFACE ( 'NONE', #2459, 0.2794843821735012400 ) ;
#2646 = CARTESIAN_POINT ( 'NONE',  ( -1.146920613196721600, 4.110050607254169800, 18.20000000000000300 ) ) ;
#2647 = CARTESIAN_POINT ( 'NONE',  ( -1.146920613196742700, 6.110050607254169800, 30.20000000000000300 ) ) ;
#2648 = DIRECTION ( 'NONE',  ( 1.000000000000000000, 0.0000000000000000000, 0.0000000000000000000 ) ) ;
#2649 = CIRCLE ( 'NONE', #9993, 11.00000000000000500 ) ;
#2650 = CYLINDRICAL_SURFACE ( 'NONE', #12538, 0.4999999999999982200 ) ;
#2651 = ORIENTED_EDGE ( 'NONE', *, *, #953, .T. ) ;
#2652 = DIRECTION ( 'NONE',  ( 0.0000000000000000000, 1.000000000000000000, 0.0000000000000000000 ) ) ;
#2653 = VECTOR ( 'NONE', #6745, 1000.000000000000200 ) ;
#2654 = CARTESIAN_POINT ( 'NONE',  ( -14.89767972042401200, 1.940406951505540700, 15.45154568734832000 ) ) ;
#2655 = ORIENTED_EDGE ( 'NONE', *, *, #4666, .F. ) ;
#2656 = DIRECTION ( 'NONE',  ( -0.0000000000000000000, -1.000000000000000000, -0.0000000000000000000 ) ) ;
#2657 = EDGE_CURVE ( 'NONE', #11372, #3214, #5502, .T. ) ;
#2658 = AXIS2_PLACEMENT_3D ( 'NONE', #8097, #10077, #12002 ) ;
#2659 = DIRECTION ( 'NONE',  ( -0.7071067811865471300, 0.7071067811865480200, 0.0000000000000000000 ) ) ;
#2660 = ORIENTED_EDGE ( 'NONE', *, *, #7154, .T. ) ;
#2661 = DIRECTION ( 'NONE',  ( 0.0000000000000000000, 0.0000000000000000000, 1.000000000000000000 ) ) ;
#2662 = ORIENTED_EDGE ( 'NONE', *, *, #6150, .F. ) ;
#2663 = EDGE_CURVE ( 'NONE', #2341, #8775, #666, .T. ) ;
#2664 = ADVANCED_FACE ( 'NONE', ( #10626 ), #5186, .T. ) ;
#2665 = CARTESIAN_POINT ( 'NONE',  ( -2.081668171172168500E-014, 26.00000000000000400, -1.734723475976807100E-014 ) ) ;
#2666 = CIRCLE ( 'NONE', #6499, 1.650000000000000400 ) ;
#2667 = VERTEX_POINT ( 'NONE', #6290 ) ;
#2668 = FACE_OUTER_BOUND ( 'NONE', #9709, .T. ) ;
#2669 = DIRECTION ( 'NONE',  ( 0.0000000000000000000, -1.000000000000000000, 0.0000000000000000000 ) ) ;
#2670 = CARTESIAN_POINT ( 'NONE',  ( -15.26396833183707000, 2.474345677606077500, 14.97873167487071600 ) ) ;
#2671 = ORIENTED_EDGE ( 'NONE', *, *, #940, .T. ) ;
#2672 = B_SPLINE_CURVE_WITH_KNOTS ( 'NONE', 3,
 ( #2953, #9708, #3918, #10675 ),
 .UNSPECIFIED., .F., .F.,
 ( 4, 4 ),
 ( 0.001013853424362996500, 0.003031486302369885100 ),
 .UNSPECIFIED. ) ;
#2673 = EDGE_CURVE ( 'NONE', #10978, #8319, #10337, .T. ) ;
#2674 = CARTESIAN_POINT ( 'NONE',  ( 3.469446951953614200E-014, 33.30000000000000400, 3.122502256758252800E-014 ) ) ;
#2675 = VERTEX_POINT ( 'NONE', #8219 ) ;
#2676 = VECTOR ( 'NONE', #3252, 1000.000000000000000 ) ;
#2677 = EDGE_CURVE ( 'NONE', #1496, #11966, #2925, .T. ) ;
#2678 = DIRECTION ( 'NONE',  ( 0.5469441386039889400, 0.0000000000000000000, -0.8371691043312219400 ) ) ;
#2679 = LINE ( 'NONE', #4982, #6136 ) ;
#2680 = AXIS2_PLACEMENT_3D ( 'NONE', #8405, #2659, #9416 ) ;
#2681 = CARTESIAN_POINT ( 'NONE',  ( 17.14999999999998400, 26.00000000000000400, -13.13154598666895000 ) ) ;
#2682 = ORIENTED_EDGE ( 'NONE', *, *, #5677, .T. ) ;
#2683 = CARTESIAN_POINT ( 'NONE',  ( -15.50000000000000700, 2.499999999999999600, 15.50000000000000400 ) ) ;
#2684 = CARTESIAN_POINT ( 'NONE',  ( 15.50000000000000400, 2.581370849898505100, 15.50000000000000500 ) ) ;
#2685 = CIRCLE ( 'NONE', #3225, 2.799999999999999800 ) ;
#2686 = CALENDAR_DATE ( 2017, 6, 3 ) ;
#2687 = ORIENTED_EDGE ( 'NONE', *, *, #11691, .T. ) ;
#2688 = CARTESIAN_POINT ( 'NONE',  ( -19.09999999999998700, 33.50000000000000000, -19.09999999999999100 ) ) ;
#2689 = DIRECTION ( 'NONE',  ( -0.0000000000000000000, -1.000000000000000000, 0.0000000000000000000 ) ) ;
#2690 = AXIS2_PLACEMENT_3D ( 'NONE', #478, #7203, #1472 ) ;
#2691 = ORIENTED_EDGE ( 'NONE', *, *, #7656, .T. ) ;
#2692 = EDGE_CURVE ( 'NONE', #7853, #757, #35, .T. ) ;
#2693 = ORIENTED_EDGE ( 'NONE', *, *, #7154, .F. ) ;
#2694 = AXIS2_PLACEMENT_3D ( 'NONE', #10228, #4446, #11198 ) ;
#2695 = ADVANCED_FACE ( 'NONE', ( #7430 ), #12319, .T. ) ;
#2696 = EDGE_CURVE ( 'NONE', #5948, #8281, #7722, .T. ) ;
#2697 = CARTESIAN_POINT ( 'NONE',  ( 0.0000000000000000000, 54.00000000000000000, 0.0000000000000000000 ) ) ;
#2698 = DIRECTION ( 'NONE',  ( 0.8371691043312221600, 0.0000000000000000000, 0.5469441386039886100 ) ) ;
#2699 = VERTEX_POINT ( 'NONE', #8260 ) ;
#2700 = CARTESIAN_POINT ( 'NONE',  ( 3.469446951953614200E-015, 7.500000000000001800, -4.149999999999994100 ) ) ;
#2701 = VECTOR ( 'NONE', #464, 999.9999999999998900 ) ;
#2702 = LINE ( 'NONE', #2273, #2399 ) ;
#2703 = DIRECTION ( 'NONE',  ( 0.0000000000000000000, -1.000000000000000000, 0.0000000000000000000 ) ) ;
#2704 = DIRECTION ( 'NONE',  ( -0.5469441386039887200, 0.0000000000000000000, 0.8371691043312221600 ) ) ;
#2705 = ORIENTED_EDGE ( 'NONE', *, *, #9201, .T. ) ;
#2706 = ORIENTED_EDGE ( 'NONE', *, *, #7988, .T. ) ;
#2707 = DIRECTION ( 'NONE',  ( -0.0000000000000000000, -1.000000000000000000, 0.0000000000000000000 ) ) ;
#2708 = CARTESIAN_POINT ( 'NONE',  ( 13.13154598666893600, 26.00000000000000400, -21.15000000000000200 ) ) ;
#2709 = DIRECTION ( 'NONE',  ( 0.0000000000000000000, 1.000000000000000000, 0.0000000000000000000 ) ) ;
#2710 = AXIS2_PLACEMENT_3D ( 'NONE', #9743, #3947, #10699 ) ;
#2711 = EDGE_CURVE ( 'NONE', #1147, #7065, #2335, .T. ) ;
#2712 = EDGE_CURVE ( 'NONE', #5177, #7367, #9723, .T. ) ;
#2713 = VECTOR ( 'NONE', #4457, 1000.000000000000000 ) ;
#2714 = VECTOR ( 'NONE', #9057, 999.9999999999998900 ) ;
#2715 = ORIENTED_EDGE ( 'NONE', *, *, #1470, .F. ) ;
#2716 = ORIENTED_EDGE ( 'NONE', *, *, #8862, .T. ) ;
#2717 = ADVANCED_FACE ( 'NONE', ( #2038 ), #8636, .T. ) ;
#2718 = DIRECTION ( 'NONE',  ( 0.0000000000000000000, 0.0000000000000000000, 1.000000000000000000 ) ) ;
#2719 = CARTESIAN_POINT ( 'NONE',  ( -1.146920613196742700, 6.110050607254169800, 28.20000000000000300 ) ) ;
#2720 = CIRCLE ( 'NONE', #4471, 0.5560000000000012700 ) ;
#2721 = CARTESIAN_POINT ( 'NONE',  ( 21.00000000000000000, 0.5000000000000004400, 0.0000000000000000000 ) ) ;
#2722 = EDGE_CURVE ( 'NONE', #2893, #7454, #9426, .T. ) ;
#2723 = ORIENTED_EDGE ( 'NONE', *, *, #3838, .T. ) ;
#2724 = AXIS2_PLACEMENT_3D ( 'NONE', #3869, #10622, #4837 ) ;
#2725 = DIRECTION ( 'NONE',  ( 0.0000000000000000000, 0.0000000000000000000, 1.000000000000000000 ) ) ;
#2726 = AXIS2_PLACEMENT_3D ( 'NONE', #11929, #1326, #4229 ) ;
#2727 = ORIENTED_EDGE ( 'NONE', *, *, #4487, .F. ) ;
#2728 = ORIENTED_EDGE ( 'NONE', *, *, #1540, .F. ) ;
#2729 = VERTEX_POINT ( 'NONE', #3529 ) ;
#2730 = EDGE_CURVE ( 'NONE', #6470, #645, #4285, .T. ) ;
#2731 = DIRECTION ( 'NONE',  ( 0.0000000000000000000, 0.0000000000000000000, 1.000000000000000000 ) ) ;
#2732 = DIRECTION ( 'NONE',  ( -0.0000000000000000000, -1.000000000000000000, 0.0000000000000000000 ) ) ;
#2733 = CYLINDRICAL_SURFACE ( 'NONE', #1065, 2.500000000000000000 ) ;
#2734 = CONICAL_SURFACE ( 'NONE', #2236, 2.750000000000000900, 0.7853981633974500600 ) ;
#2735 = VERTEX_POINT ( 'NONE', #8988 ) ;
#2736 = CARTESIAN_POINT ( 'NONE',  ( 19.09999999999999800, 12.00000000000000000, 19.09999999999999800 ) ) ;
#2737 = ORIENTED_EDGE ( 'NONE', *, *, #10120, .F. ) ;
#2738 = ORIENTED_EDGE ( 'NONE', *, *, #3871, .T. ) ;
#2739 = CARTESIAN_POINT ( 'NONE',  ( 13.99590361883902500, -5.749999999999961800, -13.19778496308913600 ) ) ;
#2740 = AXIS2_PLACEMENT_3D ( 'NONE', #8773, #3007, #9765 ) ;
#2741 = DIRECTION ( 'NONE',  ( 3.469446951953617300E-015, 0.0000000000000000000, 1.000000000000000000 ) ) ;
#2742 = ORIENTED_EDGE ( 'NONE', *, *, #3998, .F. ) ;
#2743 = CARTESIAN_POINT ( 'NONE',  ( -0.3394521936433971800, 6.110050607254169800, 28.20000000000000300 ) ) ;
#2744 = FACE_OUTER_BOUND ( 'NONE', #5989, .T. ) ;
#2745 = CIRCLE ( 'NONE', #2077, 4.150000000000001200 ) ;
#2746 = DIRECTION ( 'NONE',  ( -0.0000000000000000000, -1.000000000000000000, -0.0000000000000000000 ) ) ;
#2747 = ORIENTED_EDGE ( 'NONE', *, *, #11591, .F. ) ;
#2748 = EDGE_CURVE ( 'NONE', #7264, #3128, #7125, .T. ) ;
#2749 = ORIENTED_EDGE ( 'NONE', *, *, #10540, .F. ) ;
#2750 = CARTESIAN_POINT ( 'NONE',  ( -15.97953669465961600, 2.610000000000006100, 15.78139040224381700 ) ) ;
#2751 = CARTESIAN_POINT ( 'NONE',  ( 6.938893903907228400E-015, 33.50000000000000000, -20.50000000000000000 ) ) ;
#2752 = DIRECTION ( 'NONE',  ( 0.0000000000000000000, 0.0000000000000000000, 1.000000000000000000 ) ) ;
#2753 = ORIENTED_EDGE ( 'NONE', *, *, #11497, .F. ) ;
#2754 = ADVANCED_FACE ( 'NONE', ( #1731 ), #8042, .F. ) ;
#2755 = VECTOR ( 'NONE', #8066, 1000.000000000000100 ) ;
#2756 = CIRCLE ( 'NONE', #5118, 25.60000000000000500 ) ;
#2757 = AXIS2_PLACEMENT_3D ( 'NONE', #5042, #11816, #5997 ) ;
#2758 = VERTEX_POINT ( 'NONE', #1598 ) ;
#2759 = DIRECTION ( 'NONE',  ( -0.0000000000000000000, -0.0000000000000000000, -1.000000000000000000 ) ) ;
#2760 = CARTESIAN_POINT ( 'NONE',  ( -15.50000000000000700, 0.0000000000000000000, 19.25000000000000000 ) ) ;
#2761 = ORIENTED_EDGE ( 'NONE', *, *, #7807, .F. ) ;
#2762 = PLANE ( 'NONE',  #3813 ) ;
#2763 = EDGE_CURVE ( 'NONE', #3064, #5344, #12010, .T. ) ;
#2764 = CARTESIAN_POINT ( 'NONE',  ( -21.00000000000000000, 12.00000000000000000, 16.37157287525380800 ) ) ;
#2765 = VECTOR ( 'NONE', #6344, 999.9999999999998900 ) ;
#2766 = AXIS2_PLACEMENT_3D ( 'NONE', #11992, #2356, #9085 ) ;
#2767 = DIRECTION ( 'NONE',  ( 0.0000000000000000000, 1.000000000000000000, -0.0000000000000000000 ) ) ;
#2768 = ORIENTED_EDGE ( 'NONE', *, *, #2348, .F. ) ;
#2769 = LINE ( 'NONE', #7241, #10172 ) ;
#2770 = CIRCLE ( 'NONE', #427, 0.5000000000000004400 ) ;
#2771 = ORIENTED_EDGE ( 'NONE', *, *, #9601, .T. ) ;
#2772 = DIRECTION ( 'NONE',  ( 0.0000000000000000000, 0.0000000000000000000, 1.000000000000000000 ) ) ;
#2773 = DIRECTION ( 'NONE',  ( 0.0000000000000000000, 0.0000000000000000000, -1.000000000000000000 ) ) ;
#2774 = FACE_OUTER_BOUND ( 'NONE', #5368, .T. ) ;
#2775 = DIRECTION ( 'NONE',  ( -0.0000000000000000000, -1.000000000000000000, -0.0000000000000000000 ) ) ;
#2776 = ORIENTED_EDGE ( 'NONE', *, *, #4889, .F. ) ;
#2777 = ADVANCED_FACE ( 'NONE', ( #11389 ), #6231, .T. ) ;
#2778 = CARTESIAN_POINT ( 'NONE',  ( -16.55338432521336500, 0.6000000000000063100, 14.36983122349146800 ) ) ;
#2779 = VECTOR ( 'NONE', #3093, 1000.000000000000100 ) ;
#2780 = ORIENTED_EDGE ( 'NONE', *, *, #11608, .T. ) ;
#2781 = EDGE_CURVE ( 'NONE', #4610, #5356, #8795, .T. ) ;
#2782 = EDGE_LOOP ( 'NONE', ( #2388, #9967, #11979, #11796 ) ) ;
#2783 = CARTESIAN_POINT ( 'NONE',  ( 14.88084507960052100, 2.610000000000029200, -15.46254419180370700 ) ) ;
#2784 = EDGE_CURVE ( 'NONE', #2735, #7635, #9104, .T. ) ;
#2785 = EDGE_CURVE ( 'NONE', #9553, #10422, #3968, .T. ) ;
#2786 = CARTESIAN_POINT ( 'NONE',  ( -14.86746421971175300, 0.6000000000000319500, -15.79169233451989000 ) ) ;
#2787 = CARTESIAN_POINT ( 'NONE',  ( 14.64103821455293400, 8.500000000000000000, 21.00000000000000400 ) ) ;
#2788 = VECTOR ( 'NONE', #10524, 1000.000000000000000 ) ;
#2789 = VERTEX_POINT ( 'NONE', #5239 ) ;
#2790 = FACE_OUTER_BOUND ( 'NONE', #3317, .T. ) ;
#2791 = DIRECTION ( 'NONE',  ( 0.0000000000000000000, 0.0000000000000000000, -1.000000000000000000 ) ) ;
#2792 = ORIENTED_EDGE ( 'NONE', *, *, #2527, .F. ) ;
#2793 = AXIS2_PLACEMENT_3D ( 'NONE', #3177, #9925, #4134 ) ;
#2794 = EDGE_CURVE ( 'NONE', #6580, #7639, #3376, .T. ) ;
#2795 = FACE_OUTER_BOUND ( 'NONE', #3659, .T. ) ;
#2796 = DIRECTION ( 'NONE',  ( 0.0000000000000000000, 1.000000000000000000, 0.0000000000000000000 ) ) ;
#2797 = EDGE_LOOP ( 'NONE', ( #7343, #7577, #7676, #11045 ) ) ;
#2798 = FACE_OUTER_BOUND ( 'NONE', #3823, .T. ) ;
#2799 = ORIENTED_EDGE ( 'NONE', *, *, #5386, .F. ) ;
#2800 = CARTESIAN_POINT ( 'NONE',  ( 14.36983122349146100, 0.6000000000000297300, -14.44661567478663500 ) ) ;
#2801 = FACE_OUTER_BOUND ( 'NONE', #6833, .T. ) ;
#2802 = DIRECTION ( 'NONE',  ( 0.5469441386039888300, 0.0000000000000000000, -0.8371691043312220500 ) ) ;
#2803 = VERTEX_POINT ( 'NONE', #8119 ) ;
#2804 = DIRECTION ( 'NONE',  ( 0.0000000000000000000, 0.0000000000000000000, -1.000000000000000000 ) ) ;
#2805 = DIRECTION ( 'NONE',  ( 0.0000000000000000000, 0.0000000000000000000, -1.000000000000000000 ) ) ;
#2806 = CARTESIAN_POINT ( 'NONE',  ( -15.74538070642587500, 1.270265698095190100, -16.10227920081800300 ) ) ;
#2807 = AXIS2_PLACEMENT_3D ( 'NONE', #5811, #15, #6755 ) ;
#2808 = CARTESIAN_POINT ( 'NONE',  ( 6.938893903907228400E-015, 34.00000000000000000, 21.00000000000000700 ) ) ;
#2809 = VERTEX_POINT ( 'NONE', #1420 ) ;
#2810 = CIRCLE ( 'NONE', #1141, 0.5559999999999988300 ) ;
#2811 = AXIS2_PLACEMENT_3D ( 'NONE', #4367, #11131, #5337 ) ;
#2812 = CARTESIAN_POINT ( 'NONE',  ( 17.00409638116095900, 0.6000000000000297300, -17.80221503691085500 ) ) ;
#2813 = LINE ( 'NONE', #6279, #7605 ) ;
#2814 = CARTESIAN_POINT ( 'NONE',  ( 5.959176464589344800E-015, 34.29999999999999700, 8.000000000000008900 ) ) ;
#2815 = CARTESIAN_POINT ( 'NONE',  ( 3.469446951953614200E-014, 36.00000000000000700, 4.150000000000031400 ) ) ;
#2816 = CARTESIAN_POINT ( 'NONE',  ( -14.91795067099119300, 2.610000000000006100, 15.28558374216748200 ) ) ;
#2817 = EDGE_CURVE ( 'NONE', #6112, #10275, #10775, .T. ) ;
#2818 = CARTESIAN_POINT ( 'NONE',  ( -15.50000000000000700, 2.610000000000031400, -15.49999999999999600 ) ) ;
#2819 = EDGE_LOOP ( 'NONE', ( #1050, #2854, #8017, #4090 ) ) ;
#2820 = CARTESIAN_POINT ( 'NONE',  ( 14.64103821455305800, 23.40000000000000600, 21.00000000000000700 ) ) ;
#2821 = CARTESIAN_POINT ( 'NONE',  ( 15.49999999999999300, 0.0000000000000000000, 15.50000000000000400 ) ) ;
#2822 = DIRECTION ( 'NONE',  ( -0.5469441386039886100, 0.0000000000000000000, 0.8371691043312222700 ) ) ;
#2823 = LINE ( 'NONE', #2553, #2235 ) ;
#2824 = AXIS2_PLACEMENT_3D ( 'NONE', #6801, #1052, #7765 ) ;
#2825 = ORIENTED_EDGE ( 'NONE', *, *, #2514, .F. ) ;
#2826 = ADVANCED_FACE ( 'NONE', ( #3677 ), #3073, .F. ) ;
#2827 = DIRECTION ( 'NONE',  ( 0.0000000000000000000, 0.0000000000000000000, 1.000000000000000000 ) ) ;
#2828 = EDGE_LOOP ( 'NONE', ( #2438, #3590, #7199, #6664, #11579, #513 ) ) ;
#2829 = CARTESIAN_POINT ( 'NONE',  ( 3.469446951953614200E-015, 2.800000000000002000, 6.938893903907228400E-015 ) ) ;
#2830 = EDGE_CURVE ( 'NONE', #6955, #10915, #11266, .T. ) ;
#2831 = AXIS2_PLACEMENT_3D ( 'NONE', #3438, #10203, #4413 ) ;
#2832 = DIRECTION ( 'NONE',  ( 1.000000000000000000, 0.0000000000000000000, 0.0000000000000000000 ) ) ;
#2833 = ADVANCED_FACE ( 'NONE', ( #11079, #5929, #8170, #5636, #500 ), #2384, .T. ) ;
#2834 = CIRCLE ( 'NONE', #11472, 11.50000000000000500 ) ;
#2835 = SHAPE_DEFINITION_REPRESENTATION ( #6006, #6047 ) ;
#2836 = DIRECTION ( 'NONE',  ( -0.0000000000000000000, -1.000000000000000000, 0.0000000000000000000 ) ) ;
#2837 = ORIENTED_EDGE ( 'NONE', *, *, #4469, .F. ) ;
#2838 = DIRECTION ( 'NONE',  ( 0.5469441386039892700, 0.0000000000000000000, -0.8371691043312217100 ) ) ;
#2839 = ORIENTED_EDGE ( 'NONE', *, *, #4404, .T. ) ;
#2840 = DIRECTION ( 'NONE',  ( 0.0000000000000000000, 0.0000000000000000000, -1.000000000000000000 ) ) ;
#2841 = ORIENTED_EDGE ( 'NONE', *, *, #5671, .F. ) ;
#2842 = EDGE_CURVE ( 'NONE', #8154, #7109, #7864, .T. ) ;
#2843 = ORIENTED_EDGE ( 'NONE', *, *, #9215, .F. ) ;
#2844 = DIRECTION ( 'NONE',  ( 0.0000000000000000000, 0.0000000000000000000, -1.000000000000000000 ) ) ;
#2845 = CIRCLE ( 'NONE', #5481, 8.000000000000005300 ) ;
#2846 = CONICAL_SURFACE ( 'NONE', #8103, 0.5560000000000002700, 0.06981317007976596500 ) ;
#2847 = AXIS2_PLACEMENT_3D ( 'NONE', #10552, #4767, #11537 ) ;
#2848 = PLANE ( 'NONE',  #10832 ) ;
#2849 = ORIENTED_EDGE ( 'NONE', *, *, #1045, .T. ) ;
#2850 = EDGE_CURVE ( 'NONE', #3282, #2789, #2769, .T. ) ;
#2851 = PLANE ( 'NONE',  #9473 ) ;
#2852 = DIRECTION ( 'NONE',  ( -0.0000000000000000000, -1.000000000000000000, -0.0000000000000000000 ) ) ;
#2853 = CARTESIAN_POINT ( 'NONE',  ( -15.28558374216748700, 2.610000000000006100, 16.08204932900881800 ) ) ;
#2854 = ORIENTED_EDGE ( 'NONE', *, *, #7737, .T. ) ;
#2855 = EDGE_CURVE ( 'NONE', #7643, #6044, #191, .T. ) ;
#2856 = CARTESIAN_POINT ( 'NONE',  ( 14.94781922401181400, 2.610000000000029200, -15.56505682615290800 ) ) ;
#2857 = DIRECTION ( 'NONE',  ( -0.5469441386039886100, 0.0000000000000000000, 0.8371691043312222700 ) ) ;
#2858 = CARTESIAN_POINT ( 'NONE',  ( 0.8530793868032574600, 6.110050607254169800, 28.20000000000000300 ) ) ;
#2859 = VERTEX_POINT ( 'NONE', #9211 ) ;
#2860 = CYLINDRICAL_SURFACE ( 'NONE', #8731, 8.000000000000000000 ) ;
#2861 = FACE_OUTER_BOUND ( 'NONE', #2862, .T. ) ;
#2862 = EDGE_LOOP ( 'NONE', ( #12312, #630, #5140 ) ) ;
#2863 = CARTESIAN_POINT ( 'NONE',  ( 15.80410094106382200, 2.610000000000027400, 15.03453397799184700 ) ) ;
#2864 = CARTESIAN_POINT ( 'NONE',  ( 4.112386521505974500E-015, 3.770162612375117700, -4.149999999999994100 ) ) ;
#2865 = CARTESIAN_POINT ( 'NONE',  ( 15.49999999999999300, 0.0000000000000000000, 15.50000000000000400 ) ) ;
#2866 = DIRECTION ( 'NONE',  ( 0.0000000000000000000, 1.000000000000000000, -0.0000000000000000000 ) ) ;
#2867 = ORIENTED_EDGE ( 'NONE', *, *, #8396, .F. ) ;
#2868 = ORIENTED_EDGE ( 'NONE', *, *, #11442, .T. ) ;
#2869 = ORIENTED_EDGE ( 'NONE', *, *, #743, .F. ) ;
#2870 = AXIS2_PLACEMENT_3D ( 'NONE', #7705, #993, #4872 ) ;
#2871 = DIRECTION ( 'NONE',  ( 0.0000000000000000000, 1.000000000000000000, -0.0000000000000000000 ) ) ;
#2872 = CIRCLE ( 'NONE', #3415, 7.700000000000005500 ) ;
#2873 = CIRCLE ( 'NONE', #3281, 0.5560000000000002700 ) ;
#2874 = CARTESIAN_POINT ( 'NONE',  ( 15.78139040224380300, 2.610000000000029200, -15.02046330534038500 ) ) ;
#2875 = ORIENTED_EDGE ( 'NONE', *, *, #8039, .T. ) ;
#2876 = CARTESIAN_POINT ( 'NONE',  ( -15.50000000000000700, 2.610000000000006100, 15.50000000000000400 ) ) ;
#2877 = ORIENTED_EDGE ( 'NONE', *, *, #9197, .T. ) ;
#2878 = DIRECTION ( 'NONE',  ( 1.000000000000000000, -0.0000000000000000000, 0.0000000000000000000 ) ) ;
#2879 = CARTESIAN_POINT ( 'NONE',  ( -16.08204932900882200, 2.610000000000031400, -15.28558374216747500 ) ) ;
#2880 = ORIENTED_EDGE ( 'NONE', *, *, #9238, .F. ) ;
#2881 = CARTESIAN_POINT ( 'NONE',  ( 0.8530793868032574600, 6.110050607254169800, 28.20000000000000300 ) ) ;
#2882 = EDGE_CURVE ( 'NONE', #3431, #5049, #7560, .T. ) ;
#2884 = DIRECTION ( 'NONE',  ( -0.0000000000000000000, -1.000000000000000000, -0.0000000000000000000 ) ) ;
#2883 = AXIS2_PLACEMENT_3D ( 'NONE', #4775, #11544, #5744 ) ;
#2885 = LINE ( 'NONE', #12005, #7680 ) ;
#2886 = CIRCLE ( 'NONE', #10474, 1.499999999999999600 ) ;
#2887 = CC_DESIGN_PERSON_AND_ORGANIZATION_ASSIGNMENT ( #11604, #1643, ( #944 ) ) ;
#2888 = EDGE_LOOP ( 'NONE', ( #1384, #7219, #5801, #6782 ) ) ;
#2889 = AXIS2_PLACEMENT_3D ( 'NONE', #105, #9749, #6843 ) ;
#2890 = ADVANCED_FACE ( 'NONE', ( #5333 ), #7273, .F. ) ;
#2891 = EDGE_CURVE ( 'NONE', #3373, #368, #9870, .T. ) ;
#2894 = VERTEX_POINT ( 'NONE', #9262 ) ;
#2893 = VERTEX_POINT ( 'NONE', #11202 ) ;
#2892 = DIRECTION ( 'NONE',  ( 0.0000000000000000000, 0.0000000000000000000, 1.000000000000000000 ) ) ;
#2895 = CARTESIAN_POINT ( 'NONE',  ( -17.78578643762688600, 33.50000000000000000, -20.41421356237309200 ) ) ;
#2896 = ORIENTED_EDGE ( 'NONE', *, *, #7370, .T. ) ;
#2897 = PLANE ( 'NONE',  #10762 ) ;
#2898 = PLANE ( 'NONE',  #4740 ) ;
#2899 = VERTEX_POINT ( 'NONE', #3470 ) ;
#2900 = FACE_OUTER_BOUND ( 'NONE', #2563, .T. ) ;
#2901 = CIRCLE ( 'NONE', #1010, 0.5559999999999988300 ) ;
#2902 = DIRECTION ( 'NONE',  ( 0.5469441386039908300, 0.0000000000000000000, -0.8371691043312209400 ) ) ;
#2903 = ORIENTED_EDGE ( 'NONE', *, *, #8686, .T. ) ;
#2904 = ADVANCED_FACE ( 'NONE', ( #4731 ), #5409, .F. ) ;
#2905 = CARTESIAN_POINT ( 'NONE',  ( -15.50000000000000700, 2.610000000000031400, -15.49999999999999600 ) ) ;
#2906 = CLOSED_SHELL ( 'NONE', ( #5917, #996, #6614, #7129, #5121, #7879, #10171, #4283, #4733, #2664, #3173, #8849, #4914, #1531, #2453, #1901, #8533, #7660, #12061, #6163, #2717, #11373, #8547, #4244, #11896, #6503, #3585, #4981 ) ) ;
#2907 = ORIENTED_EDGE ( 'NONE', *, *, #6485, .F. ) ;
#2908 = DIRECTION ( 'NONE',  ( -1.000000000000000000, 0.0000000000000000000, 0.0000000000000000000 ) ) ;
#2909 = CARTESIAN_POINT ( 'NONE',  ( 3.469446951953614200E-015, 0.0000000000000000000, -4.499999999999993800 ) ) ;
#2910 = CIRCLE ( 'NONE', #3697, 0.2794843821735011300 ) ;
#2911 = CARTESIAN_POINT ( 'NONE',  ( -15.64506694184905900, 2.610000000000006100, 14.96325836533527600 ) ) ;
#2912 = ORIENTED_EDGE ( 'NONE', *, *, #9494, .T. ) ;
#2913 = EDGE_CURVE ( 'NONE', #3431, #10539, #8994, .T. ) ;
#2914 = TOROIDAL_SURFACE ( 'NONE', #2345, 1.500000000000000000, 0.5000000000000000000 ) ;
#2915 = LINE ( 'NONE', #1046, #10320 ) ;
#2916 = ORIENTED_EDGE ( 'NONE', *, *, #4434, .F. ) ;
#2917 = DIRECTION ( 'NONE',  ( 0.0000000000000000000, 0.0000000000000000000, -1.000000000000000000 ) ) ;
#2918 = CARTESIAN_POINT ( 'NONE',  ( -15.28558374216748700, 2.610000000000006100, 16.08204932900881800 ) ) ;
#2919 = EDGE_LOOP ( 'NONE', ( #6502, #8111, #2549, #10468 ) ) ;
#2920 = CARTESIAN_POINT ( 'NONE',  ( 0.0000000000000000000, 0.5000000000000073300, 0.0000000000000000000 ) ) ;
#2921 = EDGE_CURVE ( 'NONE', #2899, #10043, #12462, .T. ) ;
#2922 = FACE_OUTER_BOUND ( 'NONE', #7743, .T. ) ;
#2923 = ORIENTED_EDGE ( 'NONE', *, *, #7395, .T. ) ;
#2924 = CARTESIAN_POINT ( 'NONE',  ( 3.469446951953614200E-014, 36.00000000000000700, -10.99999999999997300 ) ) ;
#2925 = LINE ( 'NONE', #525, #10029 ) ;
#2926 = CIRCLE ( 'NONE', #1983, 0.6965528920064416600 ) ;
#2927 = ORIENTED_EDGE ( 'NONE', *, *, #4669, .T. ) ;
#2928 = DIRECTION ( 'NONE',  ( -0.5469441386039887200, 0.0000000000000000000, 0.8371691043312221600 ) ) ;
#2929 = EDGE_CURVE ( 'NONE', #9375, #1086, #5024, .T. ) ;
#2930 = EDGE_LOOP ( 'NONE', ( #697, #406 ) ) ;
#2931 = CARTESIAN_POINT ( 'NONE',  ( -16.63016877650854000, 0.6000000000000063100, 16.55338432521336500 ) ) ;
#2932 = AXIS2_PLACEMENT_3D ( 'NONE', #7907, #2177, #8897 ) ;
#2933 = DIRECTION ( 'NONE',  ( 0.0000000000000000000, 1.000000000000000000, -0.0000000000000000000 ) ) ;
#2934 = CIRCLE ( 'NONE', #780, 1.250000000000001100 ) ;
#2935 = DIRECTION ( 'NONE',  ( 0.5469441386039886100, 0.0000000000000000000, -0.8371691043312222700 ) ) ;
#2936 = DIRECTION ( 'NONE',  ( -0.0000000000000000000, -1.000000000000000000, 0.0000000000000000000 ) ) ;
#2937 = FACE_OUTER_BOUND ( 'NONE', #1017, .T. ) ;
#2938 = DIRECTION ( 'NONE',  ( -0.0000000000000000000, -1.000000000000000000, 0.0000000000000000000 ) ) ;
#2939 = ORIENTED_EDGE ( 'NONE', *, *, #1334, .T. ) ;
#2940 = CARTESIAN_POINT ( 'NONE',  ( 13.99590361883903400, 0.6000000000000276200, 17.80221503691086600 ) ) ;
#2941 = DIRECTION ( 'NONE',  ( 0.0000000000000000000, 0.0000000000000000000, 1.000000000000000000 ) ) ;
#2942 = FACE_OUTER_BOUND ( 'NONE', #10979, .T. ) ;
#2943 = CARTESIAN_POINT ( 'NONE',  ( -16.32041620790598900, 29.60000000000000900, 16.75575365649683900 ) ) ;
#2944 = DIRECTION ( 'NONE',  ( 0.0000000000000000000, 0.0000000000000000000, 1.000000000000000000 ) ) ;
#2945 = DIRECTION ( 'NONE',  ( -0.0000000000000000000, -1.000000000000000000, 0.0000000000000000000 ) ) ;
#2946 = AXIS2_PLACEMENT_3D ( 'NONE', #1078, #7787, #2066 ) ;
#2947 = FACE_OUTER_BOUND ( 'NONE', #10114, .T. ) ;
#2948 = ORIENTED_EDGE ( 'NONE', *, *, #8889, .T. ) ;
#2949 = EDGE_CURVE ( 'NONE', #575, #6258, #2471, .T. ) ;
#2950 = CIRCLE ( 'NONE', #10113, 4.000000000000000000 ) ;
#2951 = ORIENTED_EDGE ( 'NONE', *, *, #6347, .F. ) ;
#2952 = DIRECTION ( 'NONE',  ( 0.0000000000000000000, 0.0000000000000000000, 1.000000000000000000 ) ) ;
#2953 = CARTESIAN_POINT ( 'NONE',  ( -15.79169233451989700, 0.6000000000000063100, 14.86746421971174900 ) ) ;
#2954 = CARTESIAN_POINT ( 'NONE',  ( 6.938893903907228400E-015, 34.60000000000000900, -7.999999999999996400 ) ) ;
#2955 = ORIENTED_EDGE ( 'NONE', *, *, #8733, .F. ) ;
#2956 = VERTEX_POINT ( 'NONE', #6449 ) ;
#2957 = ADVANCED_FACE ( 'NONE', ( #2173 ), #12159, .T. ) ;
#2958 = CARTESIAN_POINT ( 'NONE',  ( 14.96325836533526800, 2.610000000000029200, -15.35493305815094300 ) ) ;
#2959 = LINE ( 'NONE', #8153, #5219 ) ;
#2960 = CARTESIAN_POINT ( 'NONE',  ( -15.74686437657937800, 2.424605185108625400, 16.04381431269170100 ) ) ;
#2961 = CARTESIAN_POINT ( 'NONE',  ( 15.49999999999999300, 0.0000000000000000000, 19.25000000000002100 ) ) ;
#2962 = LINE ( 'NONE', #3878, #391 ) ;
#2963 = EDGE_CURVE ( 'NONE', #437, #4934, #6960, .T. ) ;
#2964 = ADVANCED_FACE ( 'NONE', ( #4429 ), #4116, .F. ) ;
#2965 = ORIENTED_EDGE ( 'NONE', *, *, #8898, .T. ) ;
#2966 = DIRECTION ( 'NONE',  ( -0.4894791198105034000, -0.4461977533474358900, 0.7492114228822434100 ) ) ;
#2967 = DIRECTION ( 'NONE',  ( 0.0000000000000000000, 0.0000000000000000000, 1.000000000000000000 ) ) ;
#2968 = CARTESIAN_POINT ( 'NONE',  ( -16.11915492039947800, 2.610000000000031400, -15.46254419180370700 ) ) ;
#2969 = VECTOR ( 'NONE', #7927, 1000.000000000000100 ) ;
#2970 = LINE ( 'NONE', #2140, #4932 ) ;
#2971 = DIRECTION ( 'NONE',  ( -0.0000000000000000000, -1.000000000000000000, 0.0000000000000000000 ) ) ;
#2972 = DIRECTION ( 'NONE',  ( 0.5469441386039883800, 0.0000000000000000000, -0.8371691043312223800 ) ) ;
#2973 = EDGE_LOOP ( 'NONE', ( #1418, #4557, #8585, #12016 ) ) ;
#2974 = VERTEX_POINT ( 'NONE', #719 ) ;
#2975 = CARTESIAN_POINT ( 'NONE',  ( 15.79169233451989700, 0.6000000000000276200, 16.13253578028826100 ) ) ;
#2976 = DIRECTION ( 'NONE',  ( 0.3735429735244763500, 0.8949343913984425500, 0.2440452458516484700 ) ) ;
#2977 = AXIS2_PLACEMENT_3D ( 'NONE', #7733, #1018, #3882 ) ;
#2978 = ORIENTED_EDGE ( 'NONE', *, *, #11203, .T. ) ;
#2979 = DIRECTION ( 'NONE',  ( 0.0000000000000000000, 0.0000000000000000000, 1.000000000000000000 ) ) ;
#2980 = DIRECTION ( 'NONE',  ( -0.0000000000000000000, 0.0000000000000000000, 1.000000000000000000 ) ) ;
#2981 = CARTESIAN_POINT ( 'NONE',  ( 15.80928918440700800, 2.474345677606097500, -15.97340730289245600 ) ) ;
#2982 = EDGE_CURVE ( 'NONE', #647, #5948, #9268, .T. ) ;
#2983 = FACE_OUTER_BOUND ( 'NONE', #2127, .T. ) ;
#2984 = DATE_AND_TIME ( #5558, #8081 ) ;
#2985 = CARTESIAN_POINT ( 'NONE',  ( 3.469446951953614200E-015, 7.500000000000001800, 6.938893903907228400E-015 ) ) ;
#2986 = ORIENTED_EDGE ( 'NONE', *, *, #11100, .T. ) ;
#2987 = ORIENTED_EDGE ( 'NONE', *, *, #2253, .F. ) ;
#2988 = DIRECTION ( 'NONE',  ( -0.7071067811865479100, -0.7071067811865471300, 0.0000000000000000000 ) ) ;
#2989 = ORIENTED_EDGE ( 'NONE', *, *, #11048, .T. ) ;
#2990 = DIRECTION ( 'NONE',  ( 0.3867479093371160600, -0.7071067811865462400, -0.5919679506724765400 ) ) ;
#2991 = CARTESIAN_POINT ( 'NONE',  ( 15.20830766548010100, 0.6000000000000297300, -16.13253578028825100 ) ) ;
#2992 = EDGE_CURVE ( 'NONE', #4374, #1290, #11848, .T. ) ;
#2993 = DIRECTION ( 'NONE',  ( 0.0000000000000000000, -1.000000000000000000, 0.0000000000000000000 ) ) ;
#2994 = DIRECTION ( 'NONE',  ( 0.0000000000000000000, 0.0000000000000000000, 1.000000000000000000 ) ) ;
#2995 = AXIS2_PLACEMENT_3D ( 'NONE', #11433, #5641, #12423 ) ;
#2996 = CIRCLE ( 'NONE', #10410, 0.2999999999999999300 ) ;
#2997 = LINE ( 'NONE', #4113, #5569 ) ;
#2998 = DIRECTION ( 'NONE',  ( 0.0000000000000000000, 0.0000000000000000000, -1.000000000000000000 ) ) ;
#2999 = DIRECTION ( 'NONE',  ( -1.000000000000000000, 0.0000000000000000000, 0.0000000000000000000 ) ) ;
#3000 = ORIENTED_EDGE ( 'NONE', *, *, #9939, .F. ) ;
#3001 = CARTESIAN_POINT ( 'NONE',  ( -16.05218077598818700, 2.610000000000006100, 15.43494317384709000 ) ) ;
#3002 = DIRECTION ( 'NONE',  ( 0.0000000000000000000, -0.0000000000000000000, 1.000000000000000000 ) ) ;
#3003 = EDGE_CURVE ( 'NONE', #4265, #9624, #11529, .T. ) ;
#3004 = VERTEX_POINT ( 'NONE', #10389 ) ;
#3005 = DIRECTION ( 'NONE',  ( -0.0000000000000000000, -1.000000000000000000, -0.0000000000000000000 ) ) ;
#3006 = ORIENTED_EDGE ( 'NONE', *, *, #5181, .F. ) ;
#3007 = DIRECTION ( 'NONE',  ( 0.0000000000000000000, 1.000000000000000000, 0.0000000000000000000 ) ) ;
#3008 = VECTOR ( 'NONE', #12074, 1000.000000000000100 ) ;
#3010 = PLANE ( 'NONE',  #992 ) ;
#3009 = CIRCLE ( 'NONE', #8355, 2.500000000000000000 ) ;
#3011 = CARTESIAN_POINT ( 'NONE',  ( 3.812348055714872900E-015, 2.800000000000002500, 2.800000000000006900 ) ) ;
#3012 = ORIENTED_EDGE ( 'NONE', *, *, #10333, .F. ) ;
#3013 = CARTESIAN_POINT ( 'NONE',  ( 15.49999999999999300, 26.00000000000000400, 15.50000000000000400 ) ) ;
#3014 = ORIENTED_EDGE ( 'NONE', *, *, #7996, .T. ) ;
#3015 = CLOSED_SHELL ( 'NONE', ( #10504, #10682, #563, #6253, #1759, #3213, #8834, #3161, #5096, #6859, #7849, #5805, #11636, #7253, #4342, #2754, #4219, #723, #8004, #4925, #2170, #2087, #12184, #541, #3854, #113, #9668, #1473, #11060, #2777, #4653, #3769, #3292, #5163, #9436, #2639, #11778, #1286, #221, #12245, #4472 ) ) ;
#3016 = ADVANCED_FACE ( 'NONE', ( #6373 ), #11230, .F. ) ;
#3017 = AXIS2_PLACEMENT_3D ( 'NONE', #12349, #6524, #750 ) ;
#3018 = EDGE_CURVE ( 'NONE', #1801, #561, #1267, .T. ) ;
#3019 = DIRECTION ( 'NONE',  ( 0.0000000000000000000, 1.000000000000000000, 0.0000000000000000000 ) ) ;
#3020 = VECTOR ( 'NONE', #6581, 1000.000000000000000 ) ;
#3021 = CIRCLE ( 'NONE', #4970, 2.500000000000000000 ) ;
#3022 = ORIENTED_EDGE ( 'NONE', *, *, #973, .F. ) ;
#3023 = EDGE_CURVE ( 'NONE', #11491, #3170, #8940, .T. ) ;
#3024 = PLANE ( 'NONE',  #4941 ) ;
#3025 = DIRECTION ( 'NONE',  ( 0.5469441386039908300, 0.0000000000000000000, -0.8371691043312209400 ) ) ;
#3026 = ORIENTED_EDGE ( 'NONE', *, *, #4, .T. ) ;
#3027 = ORIENTED_EDGE ( 'NONE', *, *, #9570, .T. ) ;
#3028 = ADVANCED_FACE ( 'NONE', ( #6662 ), #950, .F. ) ;
#3029 = PLANE ( 'NONE',  #4062 ) ;
#3030 = VERTEX_POINT ( 'NONE', #2750 ) ;
#3031 = LINE ( 'NONE', #10619, #7829 ) ;
#3032 = FACE_OUTER_BOUND ( 'NONE', #6117, .T. ) ;
#3033 = PLANE ( 'NONE',  #9298 ) ;
#3034 = DIRECTION ( 'NONE',  ( -0.7071067811865475700, 0.0000000000000000000, -0.7071067811865475700 ) ) ;
#3035 = ORIENTED_EDGE ( 'NONE', *, *, #7861, .F. ) ;
#3036 = CARTESIAN_POINT ( 'NONE',  ( 16.37157287525380800, 33.50000000000000000, -19.00000000000000000 ) ) ;
#3037 = AXIS2_PLACEMENT_3D ( 'NONE', #1717, #6538, #11371 ) ;
#3038 = EDGE_CURVE ( 'NONE', #7423, #1094, #6070, .T. ) ;
#3039 = AXIS2_PLACEMENT_3D ( 'NONE', #3135, #5573, #2602 ) ;
#3040 = VERTEX_POINT ( 'NONE', #3711 ) ;
#3041 = EDGE_LOOP ( 'NONE', ( #10712, #2161, #970, #11429 ) ) ;
#3042 = CARTESIAN_POINT ( 'NONE',  ( 15.49999999999999300, 34.00000000000000000, -17.05000000000003300 ) ) ;
#3043 = ORIENTED_EDGE ( 'NONE', *, *, #337, .T. ) ;
#3044 = ORIENTED_EDGE ( 'NONE', *, *, #6410, .F. ) ;
#3045 = ADVANCED_FACE ( 'NONE', ( #8326 ), #3220, .T. ) ;
#3046 = CARTESIAN_POINT ( 'NONE',  ( 6.938893903907228400E-015, 26.00000000000000400, -7.999999999999996400 ) ) ;
#3047 = CARTESIAN_POINT ( 'NONE',  ( 15.64506694184905600, 2.610000000000027400, 16.03674163466472900 ) ) ;
#3048 = VERTEX_POINT ( 'NONE', #848 ) ;
#3049 = CIRCLE ( 'NONE', #8881, 4.150000000000001200 ) ;
#3050 = CIRCLE ( 'NONE', #12030, 25.60000000000001900 ) ;
#3051 = ORIENTED_EDGE ( 'NONE', *, *, #7434, .T. ) ;
#3052 = DIRECTION ( 'NONE',  ( -0.0000000000000000000, -1.000000000000000000, 0.0000000000000000000 ) ) ;
#3053 = CARTESIAN_POINT ( 'NONE',  ( 15.49999999999999300, 33.70000000000000300, 16.75000000000001400 ) ) ;
#3054 =( BOUNDED_CURVE ( )  B_SPLINE_CURVE ( 3, ( #5020, #9838, #10811, #5979 ),
 .UNSPECIFIED., .F., .T. ) 
 B_SPLINE_CURVE_WITH_KNOTS ( ( 4, 4 ),
 ( 5.754796812637096100, 6.811573801722079000 ),
 .UNSPECIFIED. ) 
 CURVE ( )  GEOMETRIC_REPRESENTATION_ITEM ( )  RATIONAL_B_SPLINE_CURVE ( ( 1.000000000000000000, 0.9090804130449043900, 0.9090804130449043900, 1.000000000000000000 ) ) 
 REPRESENTATION_ITEM ( '' )  );
#3055 = ORIENTED_EDGE ( 'NONE', *, *, #337, .F. ) ;
#3056 = ORIENTED_EDGE ( 'NONE', *, *, #8480, .T. ) ;
#3058 = CARTESIAN_POINT ( 'NONE',  ( -15.19071081559299300, 2.474345677606079300, 15.02659269710754600 ) ) ;
#3057 = AXIS2_PLACEMENT_3D ( 'NONE', #10266, #4482, #11242 ) ;
#3059 = EDGE_LOOP ( 'NONE', ( #4723, #5094, #6210, #157, #2485, #2965, #5633, #10089 ) ) ;
#3060 = EDGE_CURVE ( 'NONE', #1705, #2475, #5775, .T. ) ;
#3061 = AXIS2_PLACEMENT_3D ( 'NONE', #10454, #1773, #2731 ) ;
#3062 = VECTOR ( 'NONE', #10936, 999.9999999999998900 ) ;
#3063 = LINE ( 'NONE', #9324, #491 ) ;
#3064 = VERTEX_POINT ( 'NONE', #7564 ) ;
#3065 = EDGE_CURVE ( 'NONE', #8096, #10006, #654, .T. ) ;
#3066 = CARTESIAN_POINT ( 'NONE',  ( 2.277125011045397300, 0.5000000000000073300, 1.031843827365119400 ) ) ;
#3067 = DIRECTION ( 'NONE',  ( 0.0000000000000000000, 0.0000000000000000000, 1.000000000000000000 ) ) ;
#3068 = ORIENTED_EDGE ( 'NONE', *, *, #1162, .T. ) ;
#3069 = DIRECTION ( 'NONE',  ( -0.0000000000000000000, -1.000000000000000000, -0.0000000000000000000 ) ) ;
#3070 = CIRCLE ( 'NONE', #4600, 2.500000000000000900 ) ;
#3071 = CARTESIAN_POINT ( 'NONE',  ( 0.5735950046297769700, 4.110050607254169800, 30.20000000000000300 ) ) ;
#3072 = CARTESIAN_POINT ( 'NONE',  ( -14.04187701221969700, 0.6000000000000319500, -14.98933636069656600 ) ) ;
#3073 = CYLINDRICAL_SURFACE ( 'NONE', #11240, 1.250000000000001100 ) ;
#3074 = DIRECTION ( 'NONE',  ( -0.0000000000000000000, -0.0000000000000000000, -1.000000000000000000 ) ) ;
#3075 = LINE ( 'NONE', #5534, #192 ) ;
#3076 = AXIS2_PLACEMENT_3D ( 'NONE', #5527, #12303, #6471 ) ;
#3077 = ORIENTED_EDGE ( 'NONE', *, *, #11514, .F. ) ;
#3079 = ORIENTED_EDGE ( 'NONE', *, *, #9376, .T. ) ;
#3078 = ORIENTED_EDGE ( 'NONE', *, *, #1082, .F. ) ;
#3080 = PLANE ( 'NONE',  #7396 ) ;
#3081 = DIRECTION ( 'NONE',  ( 0.0000000000000000000, -1.000000000000000000, 0.0000000000000000000 ) ) ;
#3082 = DIRECTION ( 'NONE',  ( 0.0000000000000000000, 1.000000000000000000, -0.0000000000000000000 ) ) ;
#3083 = EDGE_CURVE ( 'NONE', #2675, #2613, #3522, .T. ) ;
#3084 = DIRECTION ( 'NONE',  ( 0.0000000000000000000, 0.0000000000000000000, 1.000000000000000000 ) ) ;
#3085 = LINE ( 'NONE', #3630, #6240 ) ;
#3086 = ORIENTED_EDGE ( 'NONE', *, *, #11864, .T. ) ;
#3087 = ADVANCED_FACE ( 'NONE', ( #3816 ), #12488, .F. ) ;
#3088 = CIRCLE ( 'NONE', #2220, 1.999999999999998200 ) ;
#3089 = CARTESIAN_POINT ( 'NONE',  ( 6.938893903907228400E-015, 29.89999999999999500, -7.700000000000002000 ) ) ;
#3090 = EDGE_LOOP ( 'NONE', ( #6753, #4736 ) ) ;
#3091 = CARTESIAN_POINT ( 'NONE',  ( 2.894712078817836000, 3.496391672960942100, 21.50000000000000400 ) ) ;
#3092 = ORIENTED_EDGE ( 'NONE', *, *, #1686, .F. ) ;
#3093 = DIRECTION ( 'NONE',  ( -0.8371691043312221600, 0.0000000000000000000, -0.5469441386039887200 ) ) ;
#3094 = ADVANCED_FACE ( 'NONE', ( #8620 ), #10319, .T. ) ;
#3095 = DIRECTION ( 'NONE',  ( -0.0000000000000000000, 1.000000000000000000, -0.0000000000000000000 ) ) ;
#3096 = LINE ( 'NONE', #6736, #1889 ) ;
#3097 = DIRECTION ( 'NONE',  ( 0.0000000000000000000, 0.0000000000000000000, 1.000000000000000000 ) ) ;
#3098 = ORIENTED_EDGE ( 'NONE', *, *, #4752, .T. ) ;
#3099 = CARTESIAN_POINT ( 'NONE',  ( -20.99999999999998200, 33.50000000000000000, 16.37157287525381800 ) ) ;
#3100 = CIRCLE ( 'NONE', #2690, 0.5559999999999988300 ) ;
#3101 = AXIS2_PLACEMENT_3D ( 'NONE', #1878, #8583, #2832 ) ;
#3102 = EDGE_CURVE ( 'NONE', #5100, #8268, #342, .T. ) ;
#3103 = ORIENTED_EDGE ( 'NONE', *, *, #8201, .F. ) ;
#3104 = EDGE_CURVE ( 'NONE', #11249, #6399, #8011, .T. ) ;
#3105 = LINE ( 'NONE', #7119, #835 ) ;
#3106 = CARTESIAN_POINT ( 'NONE',  ( -15.50000000000000700, 8.500000000000000000, 15.50000000000000400 ) ) ;
#3107 = DIRECTION ( 'NONE',  ( -0.7492114228822416300, -0.4461977533474358900, -0.4894791198105060700 ) ) ;
#3108 = FACE_OUTER_BOUND ( 'NONE', #5006, .T. ) ;
#3109 = ORIENTED_EDGE ( 'NONE', *, *, #2385, .T. ) ;
#3110 = CARTESIAN_POINT ( 'NONE',  ( 14.64103821455298200, 23.40000000000000600, -21.00000000000000000 ) ) ;
#3111 = ORIENTED_EDGE ( 'NONE', *, *, #1201, .T. ) ;
#3112 = ADVANCED_FACE ( 'NONE', ( #5174 ), #2914, .T. ) ;
#3113 = TOROIDAL_SURFACE ( 'NONE', #3880, 4.150000000000000400, 0.5000000000000000000 ) ;
#3114 = DIRECTION ( 'NONE',  ( 0.7071067811865475700, -0.0000000000000000000, 0.7071067811865475700 ) ) ;
#3115 = EDGE_LOOP ( 'NONE', ( #12573, #2978, #1105, #11238 ) ) ;
#3116 = PLANE ( 'NONE',  #11145 ) ;
#3117 = CARTESIAN_POINT ( 'NONE',  ( 15.25313562342062400, 2.424605185108648100, -14.95618568730829900 ) ) ;
#3118 = AXIS2_PLACEMENT_3D ( 'NONE', #9185, #8181, #6257 ) ;
#3119 = EDGE_CURVE ( 'NONE', #6399, #3040, #2622, .T. ) ;
#3120 = VERTEX_POINT ( 'NONE', #977 ) ;
#3121 = AXIS2_PLACEMENT_3D ( 'NONE', #5156, #10690, #4948 ) ;
#3122 = CARTESIAN_POINT ( 'NONE',  ( 16.37157287525380800, 34.00000000000000000, -20.50000000000000000 ) ) ;
#3123 = VECTOR ( 'NONE', #2572, 1000.000000000000000 ) ;
#3124 = CARTESIAN_POINT ( 'NONE',  ( 13.13154598666890900, 26.00000000000000400, 17.14999999999999900 ) ) ;
#3125 = CARTESIAN_POINT ( 'NONE',  ( 15.49999999999999300, 2.500000000000019500, 15.50000000000000400 ) ) ;
#3126 = FACE_OUTER_BOUND ( 'NONE', #7729, .T. ) ;
#3127 = DIRECTION ( 'NONE',  ( 0.0000000000000000000, 0.0000000000000000000, 1.000000000000000000 ) ) ;
#3128 = VERTEX_POINT ( 'NONE', #9669 ) ;
#3129 = DIRECTION ( 'NONE',  ( 0.0000000000000000000, 1.000000000000000000, 0.0000000000000000000 ) ) ;
#3130 = DIRECTION ( 'NONE',  ( 0.5469441386039886100, 0.0000000000000000000, -0.8371691043312221600 ) ) ;
#3131 = CARTESIAN_POINT ( 'NONE',  ( 2.027165091052717500, 2.628844685195824000, 21.50000000000000400 ) ) ;
#3132 = EDGE_CURVE ( 'NONE', #9969, #6426, #7421, .T. ) ;
#3133 = VERTEX_POINT ( 'NONE', #5778 ) ;
#3134 = AXIS2_PLACEMENT_3D ( 'NONE', #1477, #8179, #2436 ) ;
#3135 = CARTESIAN_POINT ( 'NONE',  ( -16.37157287525380400, 0.0000000000000000000, 19.00000000000000400 ) ) ;
#3136 = AXIS2_PLACEMENT_3D ( 'NONE', #12314, #2669, #9421 ) ;
#3137 = CARTESIAN_POINT ( 'NONE',  ( 20.41421356237308900, 34.00000000000000000, 17.78578643762691100 ) ) ;
#3138 = CYLINDRICAL_SURFACE ( 'NONE', #1037, 8.000000000000005300 ) ;
#3139 = DIRECTION ( 'NONE',  ( 0.0000000000000000000, 0.0000000000000000000, -1.000000000000000000 ) ) ;
#3140 = CARTESIAN_POINT ( 'NONE',  ( 15.49999999999999300, 8.500000000000000000, -16.74999999999999600 ) ) ;
#3141 = EDGE_LOOP ( 'NONE', ( #9667, #3514 ) ) ;
#3142 = EDGE_CURVE ( 'NONE', #10159, #8425, #6731, .T. ) ;
#3143 = CARTESIAN_POINT ( 'NONE',  ( -15.20830766548011500, 0.6000000000000319500, -14.86746421971174200 ) ) ;
#3144 = ORIENTED_EDGE ( 'NONE', *, *, #10579, .T. ) ;
#3145 = ORIENTED_EDGE ( 'NONE', *, *, #5896, .T. ) ;
#3146 = ORIENTED_EDGE ( 'NONE', *, *, #5424, .F. ) ;
#3147 = CARTESIAN_POINT ( 'NONE',  ( 16.08204932900881800, 2.610000000000027400, 15.28558374216748400 ) ) ;
#3148 = ADVANCED_FACE ( 'NONE', ( #5489 ), #4580, .F. ) ;
#3149 = CARTESIAN_POINT ( 'NONE',  ( 14.98933636069657800, 0.6000000000000276200, 16.95812298778031400 ) ) ;
#3150 = DIRECTION ( 'NONE',  ( 0.0000000000000000000, 0.0000000000000000000, -1.000000000000000000 ) ) ;
#3151 = VECTOR ( 'NONE', #11409, 1000.000000000000000 ) ;
#3152 = FACE_OUTER_BOUND ( 'NONE', #1537, .T. ) ;
#3153 = AXIS2_PLACEMENT_3D ( 'NONE', #4315, #5278, #12065 ) ;
#3154 = VERTEX_POINT ( 'NONE', #2958 ) ;
#3155 = CARTESIAN_POINT ( 'NONE',  ( -15.50000000000000700, 2.610000000000031400, -15.49999999999999600 ) ) ;
#3156 = EDGE_LOOP ( 'NONE', ( #5580, #11237, #2916, #5659 ) ) ;
#3157 = VERTEX_POINT ( 'NONE', #9714 ) ;
#3158 = DIRECTION ( 'NONE',  ( 0.7071067811865475700, 0.0000000000000000000, 0.7071067811865475700 ) ) ;
#3159 = CARTESIAN_POINT ( 'NONE',  ( 3.469446951953614200E-015, 25.63749999999999900, -4.149999999999994100 ) ) ;
#3160 = EDGE_CURVE ( 'NONE', #437, #692, #2023, .T. ) ;
#3161 = ADVANCED_FACE ( 'NONE', ( #9710 ), #4896, .T. ) ;
#3162 = LINE ( 'NONE', #8638, #888 ) ;
#3163 = CIRCLE ( 'NONE', #11385, 2.799999999999999800 ) ;
#3164 = ORIENTED_EDGE ( 'NONE', *, *, #2460, .F. ) ;
#3165 = ORIENTED_EDGE ( 'NONE', *, *, #2627, .F. ) ;
#3166 = DIRECTION ( 'NONE',  ( 0.8371691043312240500, 0.0000000000000000000, 0.5469441386039859400 ) ) ;
#3167 = DIRECTION ( 'NONE',  ( 0.0000000000000000000, 0.0000000000000000000, -1.000000000000000000 ) ) ;
#3168 = CARTESIAN_POINT ( 'NONE',  ( 15.71441625783252500, 2.610000000000027400, 16.08204932900882200 ) ) ;
#3169 = CARTESIAN_POINT ( 'NONE',  ( -16.37157287525381100, 0.5000000000000000000, -20.99999999999999600 ) ) ;
#3170 = VERTEX_POINT ( 'NONE', #9756 ) ;
#3171 = ORIENTED_EDGE ( 'NONE', *, *, #4638, .T. ) ;
#3172 = DIRECTION ( 'NONE',  ( -0.0000000000000000000, -1.000000000000000000, 0.0000000000000000000 ) ) ;
#3173 = ADVANCED_FACE ( 'NONE', ( #12307 ), #12000, .T. ) ;
#3174 = CIRCLE ( 'NONE', #7436, 25.60000000000000500 ) ;
#3175 = FACE_OUTER_BOUND ( 'NONE', #5728, .T. ) ;
#3176 = PLANE ( 'NONE',  #1332 ) ;
#3177 = CARTESIAN_POINT ( 'NONE',  ( -17.14999999999999900, 8.500000000000000000, 13.13154598666893100 ) ) ;
#3178 = ORIENTED_EDGE ( 'NONE', *, *, #4828, .T. ) ;
#3179 = EDGE_CURVE ( 'NONE', #5114, #8946, #10017, .T. ) ;
#3180 = ORIENTED_EDGE ( 'NONE', *, *, #358, .F. ) ;
#3181 = CARTESIAN_POINT ( 'NONE',  ( -20.06066017177982300, 0.5000000000000004400, 17.43223304703363000 ) ) ;
#3182 = ORIENTED_EDGE ( 'NONE', *, *, #2373, .T. ) ;
#3183 = CARTESIAN_POINT ( 'NONE',  ( 16.08204932900880700, 2.610000000000029200, -15.71441625783251800 ) ) ;
#3184 = ORIENTED_EDGE ( 'NONE', *, *, #7117, .T. ) ;
#3185 = DIRECTION ( 'NONE',  ( -0.0000000000000000000, -1.000000000000000000, 0.0000000000000000000 ) ) ;
#3186 = CARTESIAN_POINT ( 'NONE',  ( 3.469446951953614200E-014, 34.00000000000000000, 3.122502256758252800E-014 ) ) ;
#3187 = LINE ( 'NONE', #10108, #2581 ) ;
#3188 = LINE ( 'NONE', #2347, #612 ) ;
#3189 = EDGE_LOOP ( 'NONE', ( #12474, #8509, #2361, #12417 ) ) ;
#3191 = ORIENTED_EDGE ( 'NONE', *, *, #411, .T. ) ;
#3190 = DIRECTION ( 'NONE',  ( 0.0000000000000000000, 0.0000000000000000000, -1.000000000000000000 ) ) ;
#3192 = ORIENTED_EDGE ( 'NONE', *, *, #3119, .T. ) ;
#3193 = AXIS2_PLACEMENT_3D ( 'NONE', #10291, #4506, #11269 ) ;
#3194 = VERTEX_POINT ( 'NONE', #8759 ) ;
#3195 = EDGE_CURVE ( 'NONE', #8831, #10929, #20, .T. ) ;
#3196 = CARTESIAN_POINT ( 'NONE',  ( 15.79169233451988700, 0.6000000000000297300, -14.86746421971174200 ) ) ;
#3197 = EDGE_CURVE ( 'NONE', #11536, #1926, #7110, .T. ) ;
#3198 = VECTOR ( 'NONE', #446, 1000.000000000000000 ) ;
#3199 = EDGE_CURVE ( 'NONE', #9556, #8344, #9414, .T. ) ;
#3201 = CARTESIAN_POINT ( 'NONE',  ( 14.24202848121082000, 2.581370849898507300, -13.57451106003818500 ) ) ;
#3200 = LINE ( 'NONE', #2321, #8298 ) ;
#3202 = CARTESIAN_POINT ( 'NONE',  ( -15.25461929357413700, 1.270265698095163700, 16.10227920081800700 ) ) ;
#3203 = ORIENTED_EDGE ( 'NONE', *, *, #6699, .T. ) ;
#3204 = CARTESIAN_POINT ( 'NONE',  ( -20.41421356237309600, 0.5000000000000000000, -17.78578643762690000 ) ) ;
#3205 = ORIENTED_EDGE ( 'NONE', *, *, #5181, .T. ) ;
#3206 = DIRECTION ( 'NONE',  ( 1.000000000000000000, 0.0000000000000000000, 0.0000000000000000000 ) ) ;
#3207 = CARTESIAN_POINT ( 'NONE',  ( 6.938893903907228400E-015, 26.00000000000000400, 3.469446951953614200E-015 ) ) ;
#3208 = DIRECTION ( 'NONE',  ( 0.0000000000000000000, 0.0000000000000000000, 1.000000000000000000 ) ) ;
#3209 = LINE ( 'NONE', #10463, #7997 ) ;
#3210 = CIRCLE ( 'NONE', #10956, 3.749999999999996400 ) ;
#3211 = AXIS2_PLACEMENT_3D ( 'NONE', #11838, #10888, #9923 ) ;
#3212 = EDGE_CURVE ( 'NONE', #8123, #11513, #2322, .T. ) ;
#3213 = ADVANCED_FACE ( 'NONE', ( #11681 ), #1415, .T. ) ;
#3214 = VERTEX_POINT ( 'NONE', #5018 ) ;
#3215 = DIRECTION ( 'NONE',  ( -0.0000000000000000000, -1.000000000000000000, 0.0000000000000000000 ) ) ;
#3216 = B_SPLINE_CURVE_WITH_KNOTS ( 'NONE', 3,
 ( #48, #11639, #1034, #7751 ),
 .UNSPECIFIED., .F., .F.,
 ( 4, 4 ),
 ( 0.001380840031689470600, 0.003398373201679219000 ),
 .UNSPECIFIED. ) ;
#3217 = VERTEX_POINT ( 'NONE', #11789 ) ;
#3218 = LINE ( 'NONE', #828, #10606 ) ;
#3219 = ORIENTED_EDGE ( 'NONE', *, *, #3764, .F. ) ;
#3220 = CYLINDRICAL_SURFACE ( 'NONE', #10989, 2.749999999999999600 ) ;
#3221 = FACE_BOUND ( 'NONE', #2426, .T. ) ;
#3222 = DIRECTION ( 'NONE',  ( 0.0000000000000000000, 0.0000000000000000000, -1.000000000000000000 ) ) ;
#3223 = ORIENTED_EDGE ( 'NONE', *, *, #9790, .F. ) ;
#3224 = PLANE ( 'NONE',  #9411 ) ;
#3225 = AXIS2_PLACEMENT_3D ( 'NONE', #7093, #1358, #8061 ) ;
#3226 = ORIENTED_EDGE ( 'NONE', *, *, #1276, .T. ) ;
#3227 = ORIENTED_EDGE ( 'NONE', *, *, #7496, .T. ) ;
#3228 = CARTESIAN_POINT ( 'NONE',  ( -2.081668171172168500E-014, 8.500000000000000000, -1.734723475976807100E-014 ) ) ;
#3229 = CARTESIAN_POINT ( 'NONE',  ( -14.91795067099119300, 2.610000000000006100, 15.28558374216748200 ) ) ;
#3230 = AXIS2_PLACEMENT_3D ( 'NONE', #8295, #2547, #9307 ) ;
#3231 = CIRCLE ( 'NONE', #1617, 0.5559999999999997200 ) ;
#3232 = CARTESIAN_POINT ( 'NONE',  ( 16.32041620790598600, -5.749999999999963600, 14.24424634350317300 ) ) ;
#3233 = ORIENTED_EDGE ( 'NONE', *, *, #3510, .T. ) ;
#3234 = EDGE_CURVE ( 'NONE', #8088, #6181, #9090, .T. ) ;
#3235 = DIRECTION ( 'NONE',  ( 0.0000000000000000000, 1.000000000000000000, 0.0000000000000000000 ) ) ;
#3236 = VECTOR ( 'NONE', #8126, 1000.000000000000000 ) ;
#3237 = VECTOR ( 'NONE', #5944, 1000.000000000000000 ) ;
#3238 = ORIENTED_EDGE ( 'NONE', *, *, #1984, .F. ) ;
#3239 = ADVANCED_FACE ( 'NONE', ( #4270 ), #6217, .T. ) ;
#3240 = ORIENTED_EDGE ( 'NONE', *, *, #5934, .T. ) ;
#3241 = CARTESIAN_POINT ( 'NONE',  ( 2.248699879518739800, 53.76036669716649600, -0.1168497933401235900 ) ) ;
#3242 = PLANE ( 'NONE',  #12171 ) ;
#3243 = DIRECTION ( 'NONE',  ( 1.000000000000000000, -0.0000000000000000000, 0.0000000000000000000 ) ) ;
#3244 = DIRECTION ( 'NONE',  ( 0.0000000000000000000, 1.000000000000000000, 0.0000000000000000000 ) ) ;
#3245 = CIRCLE ( 'NONE', #12056, 0.4999999999999982200 ) ;
#3246 = ORIENTED_EDGE ( 'NONE', *, *, #9868, .F. ) ;
#3247 = AXIS2_PLACEMENT_3D ( 'NONE', #10081, #4302, #11057 ) ;
#3248 = CIRCLE ( 'NONE', #9807, 1.734314575050763400 ) ;
#3249 = DIRECTION ( 'NONE',  ( 0.5469441386039877200, 0.0000000000000000000, -0.8371691043312229400 ) ) ;
#3250 = DIRECTION ( 'NONE',  ( -0.0000000000000000000, -1.000000000000000000, 0.0000000000000000000 ) ) ;
#3251 = CARTESIAN_POINT ( 'NONE',  ( 15.49999999999999300, 2.500000000000019500, 16.75000000000000400 ) ) ;
#3252 = DIRECTION ( 'NONE',  ( 0.0000000000000000000, 0.0000000000000000000, -1.000000000000000000 ) ) ;
#3253 = EDGE_CURVE ( 'NONE', #10685, #12530, #6518, .T. ) ;
#3254 = LINE ( 'NONE', #808, #684 ) ;
#3255 = CARTESIAN_POINT ( 'NONE',  ( 16.01066363930342700, 0.6000000000000276200, 14.04187701221969300 ) ) ;
#3256 = LINE ( 'NONE', #11948, #10957 ) ;
#3257 = CARTESIAN_POINT ( 'NONE',  ( 18.99999999999999600, 33.50000000000000000, -16.37157287525381100 ) ) ;
#3258 = ORIENTED_EDGE ( 'NONE', *, *, #7917, .T. ) ;
#3259 = CARTESIAN_POINT ( 'NONE',  ( -1.426404995370243800, 6.110050607254169800, 28.20000000000000300 ) ) ;
#3260 = FACE_OUTER_BOUND ( 'NONE', #9984, .T. ) ;
#3261 = ORIENTED_EDGE ( 'NONE', *, *, #3956, .F. ) ;
#3262 = DIRECTION ( 'NONE',  ( -1.000000000000000000, -0.0000000000000000000, -0.0000000000000000000 ) ) ;
#3263 = ORIENTED_EDGE ( 'NONE', *, *, #11804, .F. ) ;
#3264 = CARTESIAN_POINT ( 'NONE',  ( 3.894712078817836000, 1.628844685195823100, 18.00000000000000700 ) ) ;
#3265 = CARTESIAN_POINT ( 'NONE',  ( 14.89767972042399800, 1.940406951505564600, -15.45154568734831600 ) ) ;
#3266 = AXIS2_PLACEMENT_3D ( 'NONE', #6147, #381, #7107 ) ;
#3267 = FACE_OUTER_BOUND ( 'NONE', #6759, .T. ) ;
#3268 = EDGE_CURVE ( 'NONE', #5049, #10476, #3957, .T. ) ;
#3269 = VERTEX_POINT ( 'NONE', #6013 ) ;
#3270 = CARTESIAN_POINT ( 'NONE',  ( -14.88084507960053500, 2.610000000000031400, -15.53745580819628600 ) ) ;
#3271 = LINE ( 'NONE', #11574, #8375 ) ;
#3272 = CARTESIAN_POINT ( 'NONE',  ( -16.32041620790598900, -5.749999999999959100, -14.24424634350316200 ) ) ;
#3273 = EDGE_CURVE ( 'NONE', #11365, #9151, #8465, .T. ) ;
#3274 = LINE ( 'NONE', #8493, #701 ) ;
#3275 = ADVANCED_FACE ( 'NONE', ( #3661 ), #2209, .T. ) ;
#3276 = EDGE_LOOP ( 'NONE', ( #7312, #340 ) ) ;
#3277 = DIRECTION ( 'NONE',  ( 0.0000000000000000000, 0.0000000000000000000, 1.000000000000000000 ) ) ;
#3278 = CARTESIAN_POINT ( 'NONE',  ( -14.94781922401182700, 2.610000000000031400, -15.43494317384708300 ) ) ;
#3279 = FACE_OUTER_BOUND ( 'NONE', #1038, .T. ) ;
#3280 = CIRCLE ( 'NONE', #134, 6.350000000000005000 ) ;
#3281 = AXIS2_PLACEMENT_3D ( 'NONE', #7198, #1469, #8167 ) ;
#3282 = VERTEX_POINT ( 'NONE', #7932 ) ;
#3283 = AXIS2_PLACEMENT_3D ( 'NONE', #5724, #5738, #5713 ) ;
#3284 = VERTEX_POINT ( 'NONE', #288 ) ;
#3285 = ORIENTED_EDGE ( 'NONE', *, *, #2551, .F. ) ;
#3286 = CARTESIAN_POINT ( 'NONE',  ( 6.938893903907228400E-015, 33.32983738762488500, 3.469446951953614200E-015 ) ) ;
#3287 = PLANE ( 'NONE',  #11917 ) ;
#3288 = LINE ( 'NONE', #10800, #10683 ) ;
#3289 = PERSON_AND_ORGANIZATION ( #9551, #9632 ) ;
#3290 = DIRECTION ( 'NONE',  ( 0.0000000000000000000, 1.000000000000000000, -0.0000000000000000000 ) ) ;
#3291 = ORIENTED_EDGE ( 'NONE', *, *, #10557, .T. ) ;
#3292 = ADVANCED_FACE ( 'NONE', ( #3360 ), #5621, .F. ) ;
#3293 = DIRECTION ( 'NONE',  ( 0.0000000000000000000, 1.000000000000000000, -0.0000000000000000000 ) ) ;
#3294 = ORIENTED_EDGE ( 'NONE', *, *, #1370, .T. ) ;
#3295 = AXIS2_PLACEMENT_3D ( 'NONE', #7063, #1328, #8035 ) ;
#3296 = AXIS2_PLACEMENT_3D ( 'NONE', #6263, #1439, #12046 ) ;
#3297 = CARTESIAN_POINT ( 'NONE',  ( -15.28558374216748700, 2.610000000000006100, 16.08204932900881800 ) ) ;
#3298 = DIRECTION ( 'NONE',  ( -0.8371691043312221600, 0.0000000000000000000, -0.5469441386039887200 ) ) ;
#3299 = EDGE_CURVE ( 'NONE', #11996, #8931, #8155, .T. ) ;
#3300 = FACE_OUTER_BOUND ( 'NONE', #2169, .T. ) ;
#3301 = FACE_BOUND ( 'NONE', #1839, .T. ) ;
#3302 = ORIENTED_EDGE ( 'NONE', *, *, #10676, .T. ) ;
#3303 = CARTESIAN_POINT ( 'NONE',  ( 15.64506694184904700, 2.610000000000029200, -14.96325836533526900 ) ) ;
#3304 = ORIENTED_EDGE ( 'NONE', *, *, #3083, .T. ) ;
#3305 = DIRECTION ( 'NONE',  ( 0.0000000000000000000, 0.0000000000000000000, 1.000000000000000000 ) ) ;
#3306 = AXIS2_PLACEMENT_3D ( 'NONE', #5010, #10837, #5055 ) ;
#3307 = DIRECTION ( 'NONE',  ( 0.0000000000000000000, -1.000000000000000000, 0.0000000000000000000 ) ) ;
#3308 = LINE ( 'NONE', #11170, #10407 ) ;
#3309 = LINE ( 'NONE', #9961, #10706 ) ;
#3310 = ORIENTED_EDGE ( 'NONE', *, *, #10273, .T. ) ;
#3311 = DIRECTION ( 'NONE',  ( 0.03815289444402843200, -0.9975640502598247500, -0.05839796464566778000 ) ) ;
#3312 = CARTESIAN_POINT ( 'NONE',  ( 3.610281333855560200E-014, 33.30000000000000400, -11.49999999999997300 ) ) ;
#3313 = DIRECTION ( 'NONE',  ( 0.0000000000000000000, 0.0000000000000000000, 1.000000000000000000 ) ) ;
#3314 = EDGE_CURVE ( 'NONE', #4726, #4274, #10760, .T. ) ;
#3315 = ORIENTED_EDGE ( 'NONE', *, *, #10080, .T. ) ;
#3316 = AXIS2_PLACEMENT_3D ( 'NONE', #10418, #4640, #11398 ) ;
#3317 = EDGE_LOOP ( 'NONE', ( #4095, #8917, #5129, #2014 ) ) ;
#3318 = CARTESIAN_POINT ( 'NONE',  ( 20.49999999999999600, 34.00000000000000000, -16.37157287525381100 ) ) ;
#3319 = CYLINDRICAL_SURFACE ( 'NONE', #2530, 1.250000000000011500 ) ;
#3320 = VECTOR ( 'NONE', #4854, 1000.000000000000000 ) ;
#3321 = DIRECTION ( 'NONE',  ( 0.0000000000000000000, 1.000000000000000000, -0.0000000000000000000 ) ) ;
#3322 = CARTESIAN_POINT ( 'NONE',  ( 20.99999999999999600, 23.40000000000000600, -14.64103821455301500 ) ) ;
#3323 = ORIENTED_EDGE ( 'NONE', *, *, #6585, .F. ) ;
#3324 = DIRECTION ( 'NONE',  ( 0.0000000000000000000, -1.000000000000000000, 0.0000000000000000000 ) ) ;
#3325 = ADVANCED_FACE ( 'NONE', ( #11068 ), #7847, .T. ) ;
#3326 = EDGE_LOOP ( 'NONE', ( #12568, #9420 ) ) ;
#3327 = VERTEX_POINT ( 'NONE', #3255 ) ;
#3328 = DIRECTION ( 'NONE',  ( 8.659560562354979700E-017, 0.7071067811865436900, -0.7071067811865513500 ) ) ;
#3329 = DIRECTION ( 'NONE',  ( 0.0000000000000000000, 0.0000000000000000000, -1.000000000000000000 ) ) ;
#3330 = VERTEX_POINT ( 'NONE', #10004 ) ;
#3331 = DIRECTION ( 'NONE',  ( 0.0000000000000000000, 0.0000000000000000000, -1.000000000000000000 ) ) ;
#3332 = AXIS2_PLACEMENT_3D ( 'NONE', #8255, #2518, #9271 ) ;
#3333 = EDGE_CURVE ( 'NONE', #10371, #8086, #10461, .T. ) ;
#3334 = FACE_BOUND ( 'NONE', #9727, .T. ) ;
#3335 = CIRCLE ( 'NONE', #1590, 16.49999999999998900 ) ;
#3336 = AXIS2_PLACEMENT_3D ( 'NONE', #3424, #5365, #12151 ) ;
#3337 = ORIENTED_EDGE ( 'NONE', *, *, #11166, .F. ) ;
#3338 = DIRECTION ( 'NONE',  ( 0.0000000000000000000, 0.0000000000000000000, 1.000000000000000000 ) ) ;
#3339 = EDGE_CURVE ( 'NONE', #9483, #9538, #490, .T. ) ;
#3340 = DIRECTION ( 'NONE',  ( 0.5469441386039886100, 0.0000000000000000000, -0.8371691043312222700 ) ) ;
#3341 = EDGE_LOOP ( 'NONE', ( #3035, #8774, #3724, #2176, #7749, #6992, #1928, #11763, #8584, #1220, #3906 ) ) ;
#3342 = ORIENTED_EDGE ( 'NONE', *, *, #9640, .F. ) ;
#3343 = DIRECTION ( 'NONE',  ( -0.0000000000000000000, -1.000000000000000000, 0.0000000000000000000 ) ) ;
#3344 = ORIENTED_EDGE ( 'NONE', *, *, #8684, .F. ) ;
#3345 = ORIENTED_EDGE ( 'NONE', *, *, #4501, .T. ) ;
#3346 = LINE ( 'NONE', #229, #775 ) ;
#3347 = LINE ( 'NONE', #10955, #3653 ) ;
#3348 = ORIENTED_EDGE ( 'NONE', *, *, #9979, .T. ) ;
#3349 = AXIS2_PLACEMENT_3D ( 'NONE', #4883, #9652, #1007 ) ;
#3350 = EDGE_CURVE ( 'NONE', #3214, #8412, #5915, .T. ) ;
#3351 = EDGE_CURVE ( 'NONE', #1975, #302, #788, .T. ) ;
#3352 = DIRECTION ( 'NONE',  ( 0.0000000000000000000, 0.0000000000000000000, -1.000000000000000000 ) ) ;
#3353 = VERTEX_POINT ( 'NONE', #10052 ) ;
#3354 = ORIENTED_EDGE ( 'NONE', *, *, #184, .F. ) ;
#3355 = ADVANCED_FACE ( 'NONE', ( #175 ), #6188, .F. ) ;
#3356 = DIRECTION ( 'NONE',  ( 0.5469441386039886100, 0.0000000000000000000, -0.8371691043312222700 ) ) ;
#3357 = CARTESIAN_POINT ( 'NONE',  ( 15.49999999999999300, 26.00000000000000400, 14.24999999999999100 ) ) ;
#3358 = VERTEX_POINT ( 'NONE', #4264 ) ;
#3359 = DIRECTION ( 'NONE',  ( 0.0000000000000000000, 0.0000000000000000000, -1.000000000000000000 ) ) ;
#3360 = FACE_OUTER_BOUND ( 'NONE', #2615, .T. ) ;
#3361 = CIRCLE ( 'NONE', #3193, 1.500000000000001300 ) ;
#3362 = ORIENTED_EDGE ( 'NONE', *, *, #8321, .F. ) ;
#3363 = DIRECTION ( 'NONE',  ( 0.0000000000000000000, 1.000000000000000000, -0.0000000000000000000 ) ) ;
#3364 = DIRECTION ( 'NONE',  ( -0.7492114228822416300, -0.4461977533474358900, -0.4894791198105060700 ) ) ;
#3365 = ORIENTED_EDGE ( 'NONE', *, *, #2817, .F. ) ;
#3366 = PLANE ( 'NONE',  #9029 ) ;
#3367 = DIRECTION ( 'NONE',  ( -0.0000000000000000000, -1.000000000000000000, 0.0000000000000000000 ) ) ;
#3368 = EDGE_CURVE ( 'NONE', #2974, #7608, #7545, .T. ) ;
#3369 = CARTESIAN_POINT ( 'NONE',  ( 15.49999999999999100, 2.790655351105521200, -15.49999999999999600 ) ) ;
#3370 = AXIS2_PLACEMENT_3D ( 'NONE', #54, #6789, #1043 ) ;
#3371 = EDGE_CURVE ( 'NONE', #3591, #334, #5014, .T. ) ;
#3372 = FACE_OUTER_BOUND ( 'NONE', #1574, .T. ) ;
#3373 = VERTEX_POINT ( 'NONE', #10085 ) ;
#3374 = EDGE_CURVE ( 'NONE', #5846, #5284, #9853, .T. ) ;
#3375 = AXIS2_PLACEMENT_3D ( 'NONE', #2376, #9114, #3338 ) ;
#3376 = LINE ( 'NONE', #10064, #803 ) ;
#3377 = TOROIDAL_SURFACE ( 'NONE', #2380, 2.299999999999999800, 0.8000000000000000400 ) ;
#3378 = CARTESIAN_POINT ( 'NONE',  ( 15.78139040224381300, 2.610000000000027400, 15.97953669465961600 ) ) ;
#3379 = DIRECTION ( 'NONE',  ( 6.938893903907228400E-015, 0.0000000000000000000, 1.000000000000000000 ) ) ;
#3380 = ORIENTED_EDGE ( 'NONE', *, *, #7567, .T. ) ;
#3381 = EDGE_CURVE ( 'NONE', #3040, #6399, #12448, .T. ) ;
#3382 = CARTESIAN_POINT ( 'NONE',  ( 3.469446951953614200E-014, 34.00000000000000000, -16.49999999999995700 ) ) ;
#3383 = DIRECTION ( 'NONE',  ( 1.000000000000000000, 0.0000000000000000000, 0.0000000000000000000 ) ) ;
#3384 = VERTEX_POINT ( 'NONE', #11062 ) ;
#3385 = DIRECTION ( 'NONE',  ( 0.0000000000000000000, 0.0000000000000000000, 1.000000000000000000 ) ) ;
#3386 = DIRECTION ( 'NONE',  ( 1.000000000000000000, -0.0000000000000000000, 0.0000000000000000000 ) ) ;
#3387 = VECTOR ( 'NONE', #5498, 1000.000000000000000 ) ;
#3388 = DIRECTION ( 'NONE',  ( 0.0000000000000000000, 0.0000000000000000000, 1.000000000000000000 ) ) ;
#3389 = VECTOR ( 'NONE', #2095, 1000.000000000000000 ) ;
#3390 = VERTEX_POINT ( 'NONE', #9148 ) ;
#3391 = CARTESIAN_POINT ( 'NONE',  ( 15.49999999999999300, 2.790655351105521200, -15.49999999999999800 ) ) ;
#3392 = AXIS2_PLACEMENT_3D ( 'NONE', #12057, #6233, #452 ) ;
#3393 = ORIENTED_EDGE ( 'NONE', *, *, #8240, .T. ) ;
#3394 = CARTESIAN_POINT ( 'NONE',  ( 3.469446951953614200E-015, 2.500000000000004000, 6.938893903907228400E-015 ) ) ;
#3395 = ADVANCED_FACE ( 'NONE', ( #4716, #10155 ), #9106, .T. ) ;
#3396 = EDGE_CURVE ( 'NONE', #1506, #957, #9543, .T. ) ;
#3397 = VECTOR ( 'NONE', #9398, 1000.000000000000000 ) ;
#3398 = ORIENTED_EDGE ( 'NONE', *, *, #12521, .F. ) ;
#3399 = DIRECTION ( 'NONE',  ( -0.0000000000000000000, -0.0000000000000000000, -1.000000000000000000 ) ) ;
#3400 = FACE_OUTER_BOUND ( 'NONE', #10327, .T. ) ;
#3401 = CARTESIAN_POINT ( 'NONE',  ( 0.0000000000000000000, 2.628844685195824000, 21.50000000000000400 ) ) ;
#3402 = DIRECTION ( 'NONE',  ( -0.0000000000000000000, 1.000000000000000000, -0.0000000000000000000 ) ) ;
#3403 = DIRECTION ( 'NONE',  ( -1.000000000000000000, 0.0000000000000000000, -0.0000000000000000000 ) ) ;
#3404 = CARTESIAN_POINT ( 'NONE',  ( -20.32592592592592200, 26.00000000000000400, 15.56331376197799400 ) ) ;
#3405 = VECTOR ( 'NONE', #3932, 1000.000000000000200 ) ;
#3406 = VECTOR ( 'NONE', #9581, 999.9999999999998900 ) ;
#3407 = ORIENTED_EDGE ( 'NONE', *, *, #4013, .T. ) ;
#3408 = CARTESIAN_POINT ( 'NONE',  ( -15.53745580819629900, 2.610000000000006100, 14.88084507960053100 ) ) ;
#3409 = PLANE ( 'NONE',  #5233 ) ;
#3410 = CIRCLE ( 'NONE', #1310, 25.60000000000001900 ) ;
#3411 = DIRECTION ( 'NONE',  ( 0.8371691043312222700, 0.0000000000000000000, 0.5469441386039884900 ) ) ;
#3412 = VERTEX_POINT ( 'NONE', #3378 ) ;
#3413 = EDGE_CURVE ( 'NONE', #12149, #379, #6950, .T. ) ;
#3414 = ORIENTED_EDGE ( 'NONE', *, *, #10040, .T. ) ;
#3415 = AXIS2_PLACEMENT_3D ( 'NONE', #8177, #2434, #9181 ) ;
#3416 = ORIENTED_EDGE ( 'NONE', *, *, #10899, .T. ) ;
#3417 = CARTESIAN_POINT ( 'NONE',  ( 15.94063962904086800, 2.520634500420022600, 15.13997493632110600 ) ) ;
#3418 = DIRECTION ( 'NONE',  ( -0.5469441386039886100, 0.0000000000000000000, 0.8371691043312222700 ) ) ;
#3419 = ADVANCED_FACE ( 'NONE', ( #4417 ), #9253, .F. ) ;
#3420 = DIRECTION ( 'NONE',  ( -0.7071067811865479100, -0.7071067811865471300, 0.0000000000000000000 ) ) ;
#3421 = LINE ( 'NONE', #5349, #5973 ) ;
#3422 = VECTOR ( 'NONE', #11026, 1000.000000000000000 ) ;
#3423 = DIRECTION ( 'NONE',  ( 0.0000000000000000000, 0.0000000000000000000, -1.000000000000000000 ) ) ;
#3424 = CARTESIAN_POINT ( 'NONE',  ( -15.46254419180371500, 2.610000000000031400, -14.88084507960052400 ) ) ;
#3425 = AXIS2_PLACEMENT_3D ( 'NONE', #7840, #2119, #8835 ) ;
#3426 = VERTEX_POINT ( 'NONE', #7275 ) ;
#3427 = EDGE_CURVE ( 'NONE', #3979, #6044, #12146, .T. ) ;
#3428 = EDGE_CURVE ( 'NONE', #5266, #801, #2461, .T. ) ;
#3429 = VECTOR ( 'NONE', #10417, 1000.000000000000000 ) ;
#3430 =( BOUNDED_CURVE ( )  B_SPLINE_CURVE ( 3, ( #2874, #8628, #3848, #10596 ),
 .UNSPECIFIED., .F., .T. ) 
 B_SPLINE_CURVE_WITH_KNOTS ( ( 4, 4 ),
 ( 5.754796812637095200, 6.811573801722079000 ),
 .UNSPECIFIED. ) 
 CURVE ( )  GEOMETRIC_REPRESENTATION_ITEM ( )  RATIONAL_B_SPLINE_CURVE ( ( 1.000000000000000000, 0.9090804130449041700, 0.9090804130449041700, 1.000000000000000000 ) ) 
 REPRESENTATION_ITEM ( '' )  );
#3431 = VERTEX_POINT ( 'NONE', #544 ) ;
#3432 = DIRECTION ( 'NONE',  ( 0.7071067811865474600, 0.0000000000000000000, -0.7071067811865474600 ) ) ;
#3433 = DIRECTION ( 'NONE',  ( -0.5469441386039886100, 0.0000000000000000000, 0.8371691043312222700 ) ) ;
#3434 = EDGE_LOOP ( 'NONE', ( #9394, #7383, #9257 ) ) ;
#3435 = DIRECTION ( 'NONE',  ( -0.0000000000000000000, -1.000000000000000000, -0.0000000000000000000 ) ) ;
#3436 = ORIENTED_EDGE ( 'NONE', *, *, #10669, .F. ) ;
#3437 = CARTESIAN_POINT ( 'NONE',  ( 3.469446951953614200E-015, 7.200000000000002800, 6.938893903907228400E-015 ) ) ;
#3438 = CARTESIAN_POINT ( 'NONE',  ( 15.49999999999999300, 0.0000000000000000000, -15.49999999999999600 ) ) ;
#3439 = DIRECTION ( 'NONE',  ( -0.5469441386039886100, 0.0000000000000000000, 0.8371691043312222700 ) ) ;
#3440 = CARTESIAN_POINT ( 'NONE',  ( 18.99999999999999600, 34.00000000000000000, 16.37157287525381800 ) ) ;
#3441 = DIRECTION ( 'NONE',  ( -0.9108500044181590000, 0.0000000000000000000, -0.4127375309460478700 ) ) ;
#3442 = VERTEX_POINT ( 'NONE', #3453 ) ;
#3443 = AXIS2_PLACEMENT_3D ( 'NONE', #8851, #1191, #7900 ) ;
#3444 = CIRCLE ( 'NONE', #8858, 0.5560000000000002700 ) ;
#3445 = VECTOR ( 'NONE', #7210, 1000.000000000000000 ) ;
#3446 = ORIENTED_EDGE ( 'NONE', *, *, #7841, .T. ) ;
#3447 = DIRECTION ( 'NONE',  ( 1.000000000000000000, 0.0000000000000000000, 0.0000000000000000000 ) ) ;
#3448 = DIRECTION ( 'NONE',  ( -0.0000000000000000000, -1.000000000000000000, 0.0000000000000000000 ) ) ;
#3449 = DIRECTION ( 'NONE',  ( 0.0000000000000000000, 0.0000000000000000000, 1.000000000000000000 ) ) ;
#3450 = CARTESIAN_POINT ( 'NONE',  ( 3.604158099859823500E-014, 35.50000000000000700, 11.00000000000003600 ) ) ;
#3451 = VERTEX_POINT ( 'NONE', #12180 ) ;
#3452 = ADVANCED_FACE ( 'NONE', ( #1859 ), #2495, .T. ) ;
#3453 = CARTESIAN_POINT ( 'NONE',  ( 3.469446951953614200E-015, 7.500000000000001800, -7.699999999999998400 ) ) ;
#3454 = CARTESIAN_POINT ( 'NONE',  ( -19.00000000000000400, 12.00000000000000000, 16.37157287525380800 ) ) ;
#3455 = CIRCLE ( 'NONE', #2883, 2.000000000000001800 ) ;
#3456 = TOROIDAL_SURFACE ( 'NONE', #8767, 2.799999999999999800, 0.2999999999999999300 ) ;
#3457 = DIRECTION ( 'NONE',  ( 0.0000000000000000000, 1.000000000000000000, -0.0000000000000000000 ) ) ;
#3458 = AXIS2_PLACEMENT_3D ( 'NONE', #9662, #3876, #10630 ) ;
#3459 = ORIENTED_EDGE ( 'NONE', *, *, #6119, .T. ) ;
#3460 = AXIS2_PLACEMENT_3D ( 'NONE', #10951, #5157, #11938 ) ;
#3461 = ORIENTED_EDGE ( 'NONE', *, *, #12105, .F. ) ;
#3462 = DIRECTION ( 'NONE',  ( 0.5469441386039857200, 0.0000000000000000000, -0.8371691043312240500 ) ) ;
#3463 = CARTESIAN_POINT ( 'NONE',  ( -15.50000000000000700, 0.6000000000000063100, 15.50000000000000400 ) ) ;
#3464 = DIRECTION ( 'NONE',  ( 0.5469441386039871600, 0.0000000000000000000, -0.8371691043312232700 ) ) ;
#3465 = ORIENTED_EDGE ( 'NONE', *, *, #5611, .F. ) ;
#3466 = EDGE_CURVE ( 'NONE', #4679, #1812, #11833, .T. ) ;
#3467 = CARTESIAN_POINT ( 'NONE',  ( 14.91795067099117800, 2.610000000000029200, -15.28558374216747500 ) ) ;
#3468 = FACE_BOUND ( 'NONE', #10727, .T. ) ;
#3469 = CIRCLE ( 'NONE', #4737, 11.00000000000000500 ) ;
#3470 = CARTESIAN_POINT ( 'NONE',  ( -16.44857319131949000, 2.015685424949270400, -14.04808542057616600 ) ) ;
#3471 = ORIENTED_EDGE ( 'NONE', *, *, #7857, .F. ) ;
#3472 = DIRECTION ( 'NONE',  ( -0.5469441386039886100, 0.0000000000000000000, 0.8371691043312222700 ) ) ;
#3473 = DIRECTION ( 'NONE',  ( -0.5469441386039857200, 0.0000000000000000000, 0.8371691043312240500 ) ) ;
#3474 = VERTEX_POINT ( 'NONE', #11232 ) ;
#3475 = ORIENTED_EDGE ( 'NONE', *, *, #1885, .F. ) ;
#3476 = AXIS2_PLACEMENT_3D ( 'NONE', #8757, #5850, #2994 ) ;
#3477 = ORIENTED_EDGE ( 'NONE', *, *, #11686, .T. ) ;
#3478 = CARTESIAN_POINT ( 'NONE',  ( 3.469446951953614200E-014, 36.00000000000000700, 3.122502256758252800E-014 ) ) ;
#3479 = VERTEX_POINT ( 'NONE', #5394 ) ;
#3480 = ADVANCED_FACE ( 'NONE', ( #1559 ), #1248, .F. ) ;
#3481 = CARTESIAN_POINT ( 'NONE',  ( -20.99999999999998200, 23.40000000000000600, 14.64103821455299400 ) ) ;
#3482 = CARTESIAN_POINT ( 'NONE',  ( 0.0000000000000000000, 8.500000000000000000, -20.99999999999999600 ) ) ;
#3483 = FACE_OUTER_BOUND ( 'NONE', #1663, .T. ) ;
#3485 = CARTESIAN_POINT ( 'NONE',  ( -14.24424634350317300, 29.60000000000000900, 16.32041620790598600 ) ) ;
#3484 = FACE_OUTER_BOUND ( 'NONE', #1504, .T. ) ;
#3486 = DIRECTION ( 'NONE',  ( 0.0000000000000000000, 0.0000000000000000000, 1.000000000000000000 ) ) ;
#3487 = DIRECTION ( 'NONE',  ( 1.000000000000000000, 0.0000000000000000000, 0.0000000000000000000 ) ) ;
#3488 = ORIENTED_EDGE ( 'NONE', *, *, #10333, .T. ) ;
#3489 = EDGE_CURVE ( 'NONE', #4876, #171, #3802, .T. ) ;
#3490 = AXIS2_PLACEMENT_3D ( 'NONE', #9182, #10151, #2435 ) ;
#3491 = ORIENTED_EDGE ( 'NONE', *, *, #5827, .F. ) ;
#3492 = VERTEX_POINT ( 'NONE', #4473 ) ;
#3493 = CARTESIAN_POINT ( 'NONE',  ( 3.469446951953614200E-014, 23.40000000000000600, 3.122502256758252800E-014 ) ) ;
#3494 = CARTESIAN_POINT ( 'NONE',  ( -15.35493305815095300, 2.610000000000006100, 16.03674163466472900 ) ) ;
#3495 = DIRECTION ( 'NONE',  ( 1.000000000000000000, -0.0000000000000000000, 0.0000000000000000000 ) ) ;
#3496 = CARTESIAN_POINT ( 'NONE',  ( 6.938893903907228400E-015, 11.46249999999999700, 3.469446951953614200E-015 ) ) ;
#3497 = DIRECTION ( 'NONE',  ( 0.0000000000000000000, 1.000000000000000000, -0.0000000000000000000 ) ) ;
#3498 = FACE_OUTER_BOUND ( 'NONE', #9729, .T. ) ;
#3499 = LINE ( 'NONE', #9003, #923 ) ;
#3500 = ORIENTED_EDGE ( 'NONE', *, *, #5969, .T. ) ;
#3501 = EDGE_CURVE ( 'NONE', #2041, #10978, #4102, .T. ) ;
#3502 = DIRECTION ( 'NONE',  ( 2.257862093665814800E-016, 1.000000000000000000, 1.475119460951876700E-016 ) ) ;
#3503 = VERTEX_POINT ( 'NONE', #3549 ) ;
#3504 = DIRECTION ( 'NONE',  ( 0.0000000000000000000, 1.000000000000000000, -0.0000000000000000000 ) ) ;
#3505 = AXIS2_PLACEMENT_3D ( 'NONE', #10639, #4853, #11621 ) ;
#3506 = CARTESIAN_POINT ( 'NONE',  ( -15.50000000000000700, 2.499999999999999600, 16.75000000000000000 ) ) ;
#3507 = EDGE_CURVE ( 'NONE', #10275, #6221, #8927, .T. ) ;
#3508 = ORIENTED_EDGE ( 'NONE', *, *, #12578, .T. ) ;
#3509 = CARTESIAN_POINT ( 'NONE',  ( 15.49999999999999300, 2.790655351105521200, -15.49999999999999500 ) ) ;
#3510 = EDGE_CURVE ( 'NONE', #6466, #3623, #11217, .T. ) ;
#3511 = LINE ( 'NONE', #7472, #932 ) ;
#3512 = CYLINDRICAL_SURFACE ( 'NONE', #11606, 8.000000000000005300 ) ;
#3513 = DIRECTION ( 'NONE',  ( -0.0000000000000000000, 1.000000000000000000, -0.0000000000000000000 ) ) ;
#3514 = ORIENTED_EDGE ( 'NONE', *, *, #2093, .T. ) ;
#3515 = VERTEX_POINT ( 'NONE', #8369 ) ;
#3516 = VERTEX_POINT ( 'NONE', #2624 ) ;
#3517 = DIRECTION ( 'NONE',  ( -3.469446951953614200E-015, 0.0000000000000000000, 1.000000000000000000 ) ) ;
#3518 = VECTOR ( 'NONE', #12419, 1000.000000000000200 ) ;
#3519 = EDGE_LOOP ( 'NONE', ( #2989, #6429, #9562, #5217, #1718, #4766 ) ) ;
#3520 = ADVANCED_FACE ( 'NONE', ( #6057 ), #1698, .T. ) ;
#3521 = DIRECTION ( 'NONE',  ( 0.5469441386039857200, 0.0000000000000000000, -0.8371691043312240500 ) ) ;
#3522 = CIRCLE ( 'NONE', #9696, 3.750000000000000000 ) ;
#3523 = CIRCLE ( 'NONE', #9492, 0.6965528920064416600 ) ;
#3524 = AXIS2_PLACEMENT_3D ( 'NONE', #859, #7574, #1846 ) ;
#3525 = EDGE_CURVE ( 'NONE', #2613, #2675, #6360, .T. ) ;
#3526 = ORIENTED_EDGE ( 'NONE', *, *, #538, .T. ) ;
#3527 = AXIS2_PLACEMENT_3D ( 'NONE', #3013, #8820, #8462 ) ;
#3528 = DIRECTION ( 'NONE',  ( 0.0000000000000000000, -1.000000000000000000, 0.0000000000000000000 ) ) ;
#3529 = CARTESIAN_POINT ( 'NONE',  ( -16.19643099708685300, 0.6000000000000319500, -15.51303064308314800 ) ) ;
#3531 = VERTEX_POINT ( 'NONE', #11354 ) ;
#3530 = EDGE_LOOP ( 'NONE', ( #289, #11291, #6061, #9384 ) ) ;
#3532 = EDGE_LOOP ( 'NONE', ( #10884, #8059, #8580, #8721, #8713, #2324, #3951, #9840, #3789, #4494, #8750, #11464 ) ) ;
#3533 = DIRECTION ( 'NONE',  ( 1.000000000000000000, 0.0000000000000000000, 0.0000000000000000000 ) ) ;
#3534 = PLANE ( 'NONE',  #8253 ) ;
#3535 = LINE ( 'NONE', #1013, #10931 ) ;
#3536 = ORIENTED_EDGE ( 'NONE', *, *, #8054, .T. ) ;
#3537 = FACE_OUTER_BOUND ( 'NONE', #12114, .T. ) ;
#3538 = VECTOR ( 'NONE', #8888, 1000.000000000000000 ) ;
#3539 = ORIENTED_EDGE ( 'NONE', *, *, #7074, .F. ) ;
#3540 = DIRECTION ( 'NONE',  ( -0.5469441386039886100, 0.0000000000000000000, 0.8371691043312221600 ) ) ;
#3541 = DIRECTION ( 'NONE',  ( -0.0000000000000000000, -1.000000000000000000, -0.0000000000000000000 ) ) ;
#3542 = EDGE_CURVE ( 'NONE', #7853, #7213, #3511, .T. ) ;
#3543 = AXIS2_PLACEMENT_3D ( 'NONE', #10560, #12541, #1841 ) ;
#3544 = CARTESIAN_POINT ( 'NONE',  ( 3.977675373599766000E-015, 2.500000000000004000, 4.150000000000007500 ) ) ;
#3545 = ORIENTED_EDGE ( 'NONE', *, *, #8768, .F. ) ;
#3546 = CC_DESIGN_DATE_AND_TIME_ASSIGNMENT ( #1340, #8353, ( #944 ) ) ;
#3547 = EDGE_CURVE ( 'NONE', #3979, #4239, #6648, .T. ) ;
#3548 = AXIS2_PLACEMENT_3D ( 'NONE', #7805, #4966, #11747 ) ;
#3549 = CARTESIAN_POINT ( 'NONE',  ( 15.35493305815094100, 2.610000000000029200, -16.03674163466472500 ) ) ;
#3550 = CYLINDRICAL_SURFACE ( 'NONE', #9446, 2.500000000000000000 ) ;
#3551 = CARTESIAN_POINT ( 'NONE',  ( -16.37157287525381100, 0.5000000000000004400, -18.99999999999999600 ) ) ;
#3552 = EDGE_CURVE ( 'NONE', #8572, #1134, #10908, .T. ) ;
#3553 = ADVANCED_FACE ( 'NONE', ( #641 ), #3622, .F. ) ;
#3554 = CARTESIAN_POINT ( 'NONE',  ( 20.32592592592590800, 26.00000000000000400, -15.56331376197800700 ) ) ;
#3555 = LINE ( 'NONE', #3605, #11259 ) ;
#3556 = VERTEX_POINT ( 'NONE', #12383 ) ;
#3557 = DIRECTION ( 'NONE',  ( -0.0000000000000000000, -0.0000000000000000000, -1.000000000000000000 ) ) ;
#3558 = CIRCLE ( 'NONE', #4166, 1.250000000000011500 ) ;
#3559 = CARTESIAN_POINT ( 'NONE',  ( -15.50000000000000700, 33.70000000000000300, 14.24999999999999100 ) ) ;
#3560 = VECTOR ( 'NONE', #2274, 1000.000000000000200 ) ;
#3561 = EDGE_LOOP ( 'NONE', ( #5531, #3337, #9361, #7938 ) ) ;
#3562 = EDGE_CURVE ( 'NONE', #9721, #12441, #8313, .T. ) ;
#3563 = CIRCLE ( 'NONE', #6219, 0.8000000000000009300 ) ;
#3564 = DIRECTION ( 'NONE',  ( -0.8371691043312221600, 0.0000000000000000000, -0.5469441386039887200 ) ) ;
#3565 = CARTESIAN_POINT ( 'NONE',  ( 4.412424987297076900E-015, 7.200000000000002800, 7.700000000000012600 ) ) ;
#3566 = DIRECTION ( 'NONE',  ( 0.0000000000000000000, 0.0000000000000000000, -1.000000000000000000 ) ) ;
#3567 = EDGE_CURVE ( 'NONE', #11365, #1801, #3209, .T. ) ;
#3568 = CARTESIAN_POINT ( 'NONE',  ( 6.938893903907228400E-015, 34.29999999999999700, 3.469446951953614200E-015 ) ) ;
#3569 = VERTEX_POINT ( 'NONE', #12428 ) ;
#3570 = DIRECTION ( 'NONE',  ( -0.0000000000000000000, -1.000000000000000000, -0.0000000000000000000 ) ) ;
#3571 = DIRECTION ( 'NONE',  ( -0.5469441386039888300, -5.359117379318553400E-017, 0.8371691043312222700 ) ) ;
#3572 = DIRECTION ( 'NONE',  ( -0.7071067811865474600, 0.0000000000000000000, 0.7071067811865474600 ) ) ;
#3573 = CIRCLE ( 'NONE', #10195, 16.49999999999998900 ) ;
#3574 = PERSON_AND_ORGANIZATION_ROLE ( 'creator' ) ;
#3575 = CARTESIAN_POINT ( 'NONE',  ( 15.71441625783252500, 2.610000000000027400, 16.08204932900882200 ) ) ;
#3576 = DIRECTION ( 'NONE',  ( 0.5469441386039884900, 0.0000000000000000000, -0.8371691043312222700 ) ) ;
#3577 = VERTEX_POINT ( 'NONE', #834 ) ;
#3578 = DIRECTION ( 'NONE',  ( -1.000000000000000000, 0.0000000000000000000, 0.0000000000000000000 ) ) ;
#3579 = AXIS2_PLACEMENT_3D ( 'NONE', #6911, #1170, #7878 ) ;
#3580 = CARTESIAN_POINT ( 'NONE',  ( 20.32592592592590800, 26.00000000000000400, 15.56331376197798400 ) ) ;
#3581 = CARTESIAN_POINT ( 'NONE',  ( 16.37157287525380800, 12.00000000000000000, 21.00000000000000400 ) ) ;
#3582 = EDGE_CURVE ( 'NONE', #8831, #4462, #328, .T. ) ;
#3583 = DIRECTION ( 'NONE',  ( 0.3735429735244763500, 0.8949343913984425500, 0.2440452458516484700 ) ) ;
#3584 = CIRCLE ( 'NONE', #58, 2.000000000000001800 ) ;
#3585 = ADVANCED_FACE ( 'NONE', ( #2900 ), #8607, .T. ) ;
#3586 = CIRCLE ( 'NONE', #10740, 1.999999999999998200 ) ;
#3587 = VERTEX_POINT ( 'NONE', #8520 ) ;
#3588 = CARTESIAN_POINT ( 'NONE',  ( -3.888629745115985700, 1.628844685195823100, 21.50000000000000400 ) ) ;
#3589 = VERTEX_POINT ( 'NONE', #4718 ) ;
#3590 = ORIENTED_EDGE ( 'NONE', *, *, #11382, .T. ) ;
#3591 = VERTEX_POINT ( 'NONE', #5683 ) ;
#3592 = DIRECTION ( 'NONE',  ( -0.0000000000000000000, -1.000000000000000000, 0.0000000000000000000 ) ) ;
#3593 = CARTESIAN_POINT ( 'NONE',  ( -16.63016877650854000, 0.6000000000000063100, 16.55338432521336500 ) ) ;
#3594 = CIRCLE ( 'NONE', #8601, 1.650000000000000400 ) ;
#3595 = LOCAL_TIME ( 13, 17, 15.00000000000000000, #6143 ) ;
#3596 = AXIS2_PLACEMENT_3D ( 'NONE', #7710, #7750, #5832 ) ;
#3597 = B_SPLINE_CURVE_WITH_KNOTS ( 'NONE', 3,
 ( #3143, #5988, #7869, #9895 ),
 .UNSPECIFIED., .F., .F.,
 ( 4, 4 ),
 ( 0.001013853424283301300, 0.003031486302290191000 ),
 .UNSPECIFIED. ) ;
#3598 = ORIENTED_EDGE ( 'NONE', *, *, #4821, .F. ) ;
#3599 = EDGE_CURVE ( 'NONE', #11683, #9375, #5160, .T. ) ;
#3600 = DIRECTION ( 'NONE',  ( 0.0000000000000000000, 1.000000000000000000, 0.0000000000000000000 ) ) ;
#3601 = ORIENTED_EDGE ( 'NONE', *, *, #10415, .F. ) ;
#3602 = CARTESIAN_POINT ( 'NONE',  ( -4.000000000000001800, 8.500000000000000000, 18.00000000000000700 ) ) ;
#3603 = DIRECTION ( 'NONE',  ( -0.0000000000000000000, -1.000000000000000000, 0.0000000000000000000 ) ) ;
#3604 = ORIENTED_EDGE ( 'NONE', *, *, #3888, .F. ) ;
#3605 = CARTESIAN_POINT ( 'NONE',  ( -20.99999999999998200, 34.00000000000000000, 16.37157287525381800 ) ) ;
#3606 = ADVANCED_FACE ( 'NONE', ( #2610 ), #7405, .F. ) ;
#3607 = CIRCLE ( 'NONE', #5867, 1.500000000000001300 ) ;
#3608 = LINE ( 'NONE', #3071, #8715 ) ;
#3609 = EDGE_LOOP ( 'NONE', ( #4450, #1980, #12287 ) ) ;
#3610 = DIRECTION ( 'NONE',  ( 1.000000000000000000, 0.0000000000000000000, 0.0000000000000000000 ) ) ;
#3611 = DIRECTION ( 'NONE',  ( -0.0000000000000000000, -0.0000000000000000000, -1.000000000000000000 ) ) ;
#3612 = CARTESIAN_POINT ( 'NONE',  ( -2.888629745115985700, 0.0000000000000000000, 18.00000000000000700 ) ) ;
#3613 = VERTEX_POINT ( 'NONE', #2815 ) ;
#3614 = AXIS2_PLACEMENT_3D ( 'NONE', #7276, #5395, #12182 ) ;
#3615 = AXIS2_PLACEMENT_3D ( 'NONE', #990, #7703, #1974 ) ;
#3616 = CARTESIAN_POINT ( 'NONE',  ( 19.10000000000000100, 33.50000000000000000, -19.09999999999999100 ) ) ;
#3617 = CIRCLE ( 'NONE', #7188, 0.5559999999999997200 ) ;
#3618 = LINE ( 'NONE', #11881, #1049 ) ;
#3619 = ORIENTED_EDGE ( 'NONE', *, *, #12523, .T. ) ;
#3620 = CARTESIAN_POINT ( 'NONE',  ( 2.440806305255389700, 39.00000000000000000, -0.5407999447351443700 ) ) ;
#3621 = ORIENTED_EDGE ( 'NONE', *, *, #7510, .F. ) ;
#3622 = PLANE ( 'NONE',  #5257 ) ;
#3623 = VERTEX_POINT ( 'NONE', #10534 ) ;
#3624 = DIRECTION ( 'NONE',  ( 0.0000000000000000000, 0.0000000000000000000, 1.000000000000000000 ) ) ;
#3625 = AXIS2_PLACEMENT_3D ( 'NONE', #12199, #6372, #605 ) ;
#3626 = CYLINDRICAL_SURFACE ( 'NONE', #583, 0.5000000000000004400 ) ;
#3627 = CIRCLE ( 'NONE', #3682, 2.799999999999999800 ) ;
#3628 = ORIENTED_EDGE ( 'NONE', *, *, #8342, .T. ) ;
#3629 = AXIS2_PLACEMENT_3D ( 'NONE', #65, #6805, #1057 ) ;
#3630 = CARTESIAN_POINT ( 'NONE',  ( 16.37157287525380800, 8.500000000000000000, 21.00000000000000400 ) ) ;
#3631 = CARTESIAN_POINT ( 'NONE',  ( 3.469446951953614200E-015, 25.63749999999999900, 6.938893903907228400E-015 ) ) ;
#3632 = DIRECTION ( 'NONE',  ( -0.0000000000000000000, -1.000000000000000000, 0.0000000000000000000 ) ) ;
#3633 = EDGE_CURVE ( 'NONE', #10289, #5164, #5, .T. ) ;
#3634 = ORIENTED_EDGE ( 'NONE', *, *, #11125, .T. ) ;
#3635 = VERTEX_POINT ( 'NONE', #4755 ) ;
#3636 = VERTEX_POINT ( 'NONE', #8557 ) ;
#3637 = VECTOR ( 'NONE', #3541, 1000.000000000000000 ) ;
#3638 = TOROIDAL_SURFACE ( 'NONE', #926, 2.299999999999999800, 0.8000000000000000400 ) ;
#3639 = DIRECTION ( 'NONE',  ( -0.5469441386039857200, 0.0000000000000000000, 0.8371691043312240500 ) ) ;
#3640 = ADVANCED_FACE ( 'NONE', ( #10598 ), #7628, .F. ) ;
#3641 = ORIENTED_EDGE ( 'NONE', *, *, #7885, .F. ) ;
#3642 = AXIS2_PLACEMENT_3D ( 'NONE', #6558, #10373, #5596 ) ;
#3643 = CARTESIAN_POINT ( 'NONE',  ( 15.50000000000000400, 2.015685424949265900, 15.50000000000000500 ) ) ;
#3644 = ORIENTED_EDGE ( 'NONE', *, *, #7244, .F. ) ;
#3645 = ORIENTED_EDGE ( 'NONE', *, *, #9112, .T. ) ;
#3646 = DIRECTION ( 'NONE',  ( 0.0000000000000000000, 0.0000000000000000000, 1.000000000000000000 ) ) ;
#3647 = CARTESIAN_POINT ( 'NONE',  ( 6.938893903907228400E-015, 34.29999999999999700, 3.469446951953614200E-015 ) ) ;
#3648 = VERTEX_POINT ( 'NONE', #5720 ) ;
#3649 = DIRECTION ( 'NONE',  ( 0.0000000000000000000, 0.0000000000000000000, 1.000000000000000000 ) ) ;
#3650 = CARTESIAN_POINT ( 'NONE',  ( -15.50000000000000700, 2.500000000000017800, -15.49999999999999600 ) ) ;
#3651 = EDGE_CURVE ( 'NONE', #8192, #8268, #2308, .T. ) ;
#3652 = VECTOR ( 'NONE', #6916, 1000.000000000000000 ) ;
#3653 = VECTOR ( 'NONE', #1300, 1000.000000000000000 ) ;
#3654 = AXIS2_PLACEMENT_3D ( 'NONE', #3945, #11692, #5881 ) ;
#3655 = ORIENTED_EDGE ( 'NONE', *, *, #11263, .T. ) ;
#3656 = DIRECTION ( 'NONE',  ( 0.0000000000000000000, -1.000000000000000000, 0.0000000000000000000 ) ) ;
#3657 = ORIENTED_EDGE ( 'NONE', *, *, #7586, .F. ) ;
#3658 = CARTESIAN_POINT ( 'NONE',  ( 15.49999999999999300, 8.500000000000000000, 15.50000000000000400 ) ) ;
#3659 = EDGE_LOOP ( 'NONE', ( #8391, #6865, #1265, #11812, #7748, #9252, #9568, #7850, #7498, #4745, #6766, #2031, #11229, #9333, #11088, #8168 ) ) ;
#3660 = CARTESIAN_POINT ( 'NONE',  ( -15.50000000000000700, 26.00000000000000400, -14.24999999999998600 ) ) ;
#3661 = FACE_OUTER_BOUND ( 'NONE', #11321, .T. ) ;
#3662 = CONICAL_SURFACE ( 'NONE', #9900, 0.5560000000000012700, 0.06981317007976596500 ) ;
#3663 = CARTESIAN_POINT ( 'NONE',  ( 14.04187701221968400, 0.6000000000000297300, -16.01066363930342700 ) ) ;
#3664 = CARTESIAN_POINT ( 'NONE',  ( -15.50000000000000700, 2.610000000000031400, -15.49999999999999600 ) ) ;
#3665 = ORIENTED_EDGE ( 'NONE', *, *, #10941, .T. ) ;
#3666 = ADVANCED_FACE ( 'NONE', ( #4856 ), #5762, .T. ) ;
#3667 = AXIS2_PLACEMENT_3D ( 'NONE', #5570, #7473, #1739 ) ;
#3668 = DIRECTION ( 'NONE',  ( -0.0000000000000000000, -1.000000000000000000, 0.0000000000000000000 ) ) ;
#3669 = EDGE_CURVE ( 'NONE', #5158, #1047, #9697, .T. ) ;
#3670 = ORIENTED_EDGE ( 'NONE', *, *, #5306, .F. ) ;
#3671 = CARTESIAN_POINT ( 'NONE',  ( -15.50000000000000700, 1.000000000000010900, 15.50000000000000400 ) ) ;
#3672 = EDGE_CURVE ( 'NONE', #8995, #9260, #10001, .T. ) ;
#3673 = DIRECTION ( 'NONE',  ( 0.0000000000000000000, 0.0000000000000000000, -1.000000000000000000 ) ) ;
#3674 = FACE_OUTER_BOUND ( 'NONE', #7371, .T. ) ;
#3675 = CARTESIAN_POINT ( 'NONE',  ( -15.34730683633249600, 2.520634500419999900, 14.95185209393133100 ) ) ;
#3676 = ORIENTED_EDGE ( 'NONE', *, *, #5767, .F. ) ;
#3677 = FACE_OUTER_BOUND ( 'NONE', #2621, .T. ) ;
#3678 = FACE_OUTER_BOUND ( 'NONE', #3532, .T. ) ;
#3679 = ORIENTED_EDGE ( 'NONE', *, *, #4209, .F. ) ;
#3680 = DIRECTION ( 'NONE',  ( -0.0000000000000000000, -1.000000000000000000, -0.0000000000000000000 ) ) ;
#3681 = ORIENTED_EDGE ( 'NONE', *, *, #10255, .F. ) ;
#3682 = AXIS2_PLACEMENT_3D ( 'NONE', #1835, #8532, #2791 ) ;
#3683 = VECTOR ( 'NONE', #12274, 1000.000000000000200 ) ;
#3684 = AXIS2_PLACEMENT_3D ( 'NONE', #6825, #4613, #3846 ) ;
#3685 = CIRCLE ( 'NONE', #258, 2.799999999999999800 ) ;
#3686 = DIRECTION ( 'NONE',  ( 0.0000000000000000000, 1.000000000000000000, 0.0000000000000000000 ) ) ;
#3687 = ORIENTED_EDGE ( 'NONE', *, *, #3333, .T. ) ;
#3688 = DIRECTION ( 'NONE',  ( -0.0000000000000000000, -1.000000000000000000, -0.0000000000000000000 ) ) ;
#3689 = CARTESIAN_POINT ( 'NONE',  ( 15.50000000000000400, 2.610000000000027400, 15.50000000000000500 ) ) ;
#3690 = FACE_OUTER_BOUND ( 'NONE', #10335, .T. ) ;
#3691 = VERTEX_POINT ( 'NONE', #9649 ) ;
#3692 = DIRECTION ( 'NONE',  ( -1.000000000000000000, -0.0000000000000000000, -0.0000000000000000000 ) ) ;
#3693 = FACE_OUTER_BOUND ( 'NONE', #10680, .T. ) ;
#3694 = AXIS2_PLACEMENT_3D ( 'NONE', #6404, #643, #7357 ) ;
#3695 = EDGE_CURVE ( 'NONE', #4046, #1506, #2010, .T. ) ;
#3696 = ADVANCED_FACE ( 'NONE', ( #7099 ), #11669, .F. ) ;
#3697 = AXIS2_PLACEMENT_3D ( 'NONE', #12505, #6665, #907 ) ;
#3698 = EDGE_LOOP ( 'NONE', ( #6767, #5116, #3012 ) ) ;
#3699 = CARTESIAN_POINT ( 'NONE',  ( 20.99999999999999600, 33.50000000000000000, 16.37157287525381800 ) ) ;
#3700 = FACE_OUTER_BOUND ( 'NONE', #10600, .T. ) ;
#3701 = CARTESIAN_POINT ( 'NONE',  ( -20.50000000000000000, 0.5000000000000000000, 16.37157287525380800 ) ) ;
#3702 = EDGE_CURVE ( 'NONE', #5874, #8780, #1708, .T. ) ;
#3703 = FACE_OUTER_BOUND ( 'NONE', #213, .T. ) ;
#3704 = CIRCLE ( 'NONE', #11257, 0.2999999999999999300 ) ;
#3705 = DIRECTION ( 'NONE',  ( -0.0000000000000000000, 0.0000000000000000000, 1.000000000000000000 ) ) ;
#3706 = EDGE_LOOP ( 'NONE', ( #10668, #5411 ) ) ;
#3707 = CARTESIAN_POINT ( 'NONE',  ( 17.43223304703363000, 34.00000000000000000, -20.06066017177981900 ) ) ;
#3708 = DIRECTION ( 'NONE',  ( 0.0000000000000000000, 1.000000000000000000, 0.0000000000000000000 ) ) ;
#3709 = EDGE_LOOP ( 'NONE', ( #1387, #3226, #10239, #2907 ) ) ;
#3710 = AXIS2_PLACEMENT_3D ( 'NONE', #3658, #10409, #4633 ) ;
#3711 = CARTESIAN_POINT ( 'NONE',  ( 4.449164391271497700E-015, 2.800000000000002000, 8.000000000000012400 ) ) ;
#3712 = CIRCLE ( 'NONE', #477, 0.5559999999999988300 ) ;
#3713 = DIRECTION ( 'NONE',  ( 0.0000000000000000000, 0.0000000000000000000, -1.000000000000000000 ) ) ;
#3714 = EDGE_CURVE ( 'NONE', #5814, #5158, #12295, .T. ) ;
#3715 = CYLINDRICAL_SURFACE ( 'NONE', #12477, 15.49999999999997900 ) ;
#3716 = CARTESIAN_POINT ( 'NONE',  ( 16.37157287525380800, 0.5000000000000004400, 21.00000000000000400 ) ) ;
#3717 = ADVANCED_FACE ( 'NONE', ( #9076 ), #4880, .T. ) ;
#3718 = DIRECTION ( 'NONE',  ( 8.659560562354929200E-017, -0.7071067811865479100, 0.7071067811865472400 ) ) ;
#3719 = VERTEX_POINT ( 'NONE', #2033 ) ;
#3720 = PLANE ( 'NONE',  #5105 ) ;
#3721 = EDGE_CURVE ( 'NONE', #6795, #593, #9400, .T. ) ;
#3722 = DIRECTION ( 'NONE',  ( -0.0000000000000000000, -1.000000000000000000, 0.0000000000000000000 ) ) ;
#3723 = DIRECTION ( 'NONE',  ( 0.8371691043312241600, -5.359117379318552800E-017, 0.5469441386039858300 ) ) ;
#3724 = ORIENTED_EDGE ( 'NONE', *, *, #9718, .T. ) ;
#3725 = DIRECTION ( 'NONE',  ( 0.5469441386039891600, 0.0000000000000000000, -0.8371691043312219400 ) ) ;
#3726 = VECTOR ( 'NONE', #8444, 1000.000000000000000 ) ;
#3727 = ORIENTED_EDGE ( 'NONE', *, *, #9329, .T. ) ;
#3728 = CARTESIAN_POINT ( 'NONE',  ( -15.50000000000000700, 0.6000000000000319500, -15.49999999999999600 ) ) ;
#3729 = AXIS2_PLACEMENT_3D ( 'NONE', #856, #3756, #10521 ) ;
#3730 = ORIENTED_EDGE ( 'NONE', *, *, #2221, .F. ) ;
#3731 = DIRECTION ( 'NONE',  ( 0.8371691043312240500, 0.0000000000000000000, 0.5469441386039859400 ) ) ;
#3732 = EDGE_CURVE ( 'NONE', #302, #12496, #11983, .T. ) ;
#3733 = PLANE ( 'NONE',  #6848 ) ;
#3734 = VERTEX_POINT ( 'NONE', #11693 ) ;
#3735 = DIRECTION ( 'NONE',  ( -0.0000000000000000000, -0.0000000000000000000, -1.000000000000000000 ) ) ;
#3736 = EDGE_CURVE ( 'NONE', #3358, #12322, #1403, .T. ) ;
#3737 = DIRECTION ( 'NONE',  ( 0.0000000000000000000, 0.0000000000000000000, -1.000000000000000000 ) ) ;
#3738 = VECTOR ( 'NONE', #6486, 1000.000000000000000 ) ;
#3739 = CIRCLE ( 'NONE', #4425, 1.250000000000011500 ) ;
#3740 = CARTESIAN_POINT ( 'NONE',  ( 0.5735950046297562100, 6.110050607254169800, 28.20000000000000300 ) ) ;
#3741 = ORIENTED_EDGE ( 'NONE', *, *, #274, .T. ) ;
#3742 = ORIENTED_EDGE ( 'NONE', *, *, #11925, .T. ) ;
#3743 = CARTESIAN_POINT ( 'NONE',  ( -15.50000000000000700, 2.500000000000017800, -15.49999999999999600 ) ) ;
#3744 = CARTESIAN_POINT ( 'NONE',  ( -15.50000000000000700, 2.610000000000031400, -15.49999999999999600 ) ) ;
#3745 = CARTESIAN_POINT ( 'NONE',  ( 3.469446951953614200E-015, 2.500000000000004000, 8.000000000000007100 ) ) ;
#3746 = EDGE_LOOP ( 'NONE', ( #295, #10698, #7238, #7187 ) ) ;
#3747 = AXIS2_PLACEMENT_3D ( 'NONE', #2481, #9228, #3441 ) ;
#3748 = EDGE_CURVE ( 'NONE', #6808, #12532, #4524, .T. ) ;
#3749 = AXIS2_PLACEMENT_3D ( 'NONE', #860, #390, #2802 ) ;
#3750 = VECTOR ( 'NONE', #3718, 1000.000000000000000 ) ;
#3751 = FACE_OUTER_BOUND ( 'NONE', #4994, .T. ) ;
#3752 = CARTESIAN_POINT ( 'NONE',  ( 0.8530793868032783300, 4.110050607254169800, 28.20000000000000300 ) ) ;
#3753 = VERTEX_POINT ( 'NONE', #9780 ) ;
#3754 = ADVANCED_FACE ( 'NONE', ( #1087 ), #4258, .F. ) ;
#3755 = EDGE_LOOP ( 'NONE', ( #11831, #12531, #4947, #721 ) ) ;
#3756 = DIRECTION ( 'NONE',  ( 0.8371691043312241600, -5.359117379318552800E-017, 0.5469441386039858300 ) ) ;
#3757 = DIRECTION ( 'NONE',  ( -0.0000000000000000000, -1.000000000000000000, 0.0000000000000000000 ) ) ;
#3758 = CIRCLE ( 'NONE', #2932, 0.4999999999999982200 ) ;
#3759 = LINE ( 'NONE', #5021, #11179 ) ;
#3760 = EDGE_CURVE ( 'NONE', #11566, #8281, #6203, .T. ) ;
#3761 = CARTESIAN_POINT ( 'NONE',  ( 15.49999999999999300, 34.00000000000000000, -16.75000000000000700 ) ) ;
#3762 = ORIENTED_EDGE ( 'NONE', *, *, #1830, .F. ) ;
#3763 = AXIS2_PLACEMENT_3D ( 'NONE', #11995, #9087, #3313 ) ;
#3764 = EDGE_CURVE ( 'NONE', #10036, #8567, #11361, .T. ) ;
#3765 = AXIS2_PLACEMENT_3D ( 'NONE', #4644, #11408, #5610 ) ;
#3766 = ORIENTED_EDGE ( 'NONE', *, *, #1654, .T. ) ;
#3767 = VERTEX_POINT ( 'NONE', #5966 ) ;
#3768 = ORIENTED_EDGE ( 'NONE', *, *, #843, .T. ) ;
#3769 = ADVANCED_FACE ( 'NONE', ( #8455 ), #11058, .F. ) ;
#3770 = EDGE_CURVE ( 'NONE', #156, #3824, #3346, .T. ) ;
#3771 = DIRECTION ( 'NONE',  ( 0.0000000000000000000, 1.000000000000000000, 0.0000000000000000000 ) ) ;
#3772 = CARTESIAN_POINT ( 'NONE',  ( -16.37157287525379300, 34.00000000000000000, 19.00000000000000700 ) ) ;
#3773 = DIRECTION ( 'NONE',  ( 0.0000000000000000000, 0.0000000000000000000, 1.000000000000000000 ) ) ;
#3774 = CARTESIAN_POINT ( 'NONE',  ( -15.50000000000000700, 8.500000000000000000, -16.74999999999999600 ) ) ;
#3775 = DIRECTION ( 'NONE',  ( 0.0000000000000000000, -1.000000000000000000, 0.0000000000000000000 ) ) ;
#3776 = FACE_OUTER_BOUND ( 'NONE', #1465, .T. ) ;
#3777 = CIRCLE ( 'NONE', #3921, 0.8074684195533451400 ) ;
#3778 = ORIENTED_EDGE ( 'NONE', *, *, #8605, .F. ) ;
#3779 = CARTESIAN_POINT ( 'NONE',  ( -14.98933636069658200, 0.6000000000000319500, -16.95812298778030700 ) ) ;
#3780 = DIRECTION ( 'NONE',  ( 0.0000000000000000000, 1.000000000000000000, -0.0000000000000000000 ) ) ;
#3781 = CARTESIAN_POINT ( 'NONE',  ( 14.91795067099117800, 2.610000000000029200, -15.28558374216747500 ) ) ;
#3783 = ORIENTED_EDGE ( 'NONE', *, *, #3018, .T. ) ;
#3782 = ORIENTED_EDGE ( 'NONE', *, *, #1444, .F. ) ;
#3784 = ORIENTED_EDGE ( 'NONE', *, *, #9075, .F. ) ;
#3785 = ADVANCED_FACE ( 'NONE', ( #10746 ), #10793, .T. ) ;
#3786 = CARTESIAN_POINT ( 'NONE',  ( 15.43494317384709200, 2.610000000000027400, 16.05218077598818700 ) ) ;
#3787 = AXIS2_PLACEMENT_3D ( 'NONE', #1459, #465, #8158 ) ;
#3788 = EDGE_LOOP ( 'NONE', ( #899, #4276, #9860, #1710 ) ) ;
#3789 = ORIENTED_EDGE ( 'NONE', *, *, #6620, .T. ) ;
#3790 = DIRECTION ( 'NONE',  ( -0.0000000000000000000, -0.0000000000000000000, -1.000000000000000000 ) ) ;
#3791 = LINE ( 'NONE', #11173, #11820 ) ;
#3792 = VECTOR ( 'NONE', #7963, 999.9999999999998900 ) ;
#3793 = DIRECTION ( 'NONE',  ( 0.0000000000000000000, 0.0000000000000000000, 1.000000000000000000 ) ) ;
#3794 = CARTESIAN_POINT ( 'NONE',  ( -14.91795067099119300, 2.610000000000006100, 15.28558374216748200 ) ) ;
#3795 = ORIENTED_EDGE ( 'NONE', *, *, #11939, .F. ) ;
#3796 = EDGE_CURVE ( 'NONE', #6695, #4108, #6507, .T. ) ;
#3797 = ORIENTED_EDGE ( 'NONE', *, *, #10355, .T. ) ;
#3798 = ORIENTED_EDGE ( 'NONE', *, *, #9156, .T. ) ;
#3799 = DIRECTION ( 'NONE',  ( -0.5469441386039886100, 0.0000000000000000000, 0.8371691043312222700 ) ) ;
#3800 = DIRECTION ( 'NONE',  ( 0.0000000000000000000, 0.0000000000000000000, -1.000000000000000000 ) ) ;
#3801 = EDGE_LOOP ( 'NONE', ( #5142, #3079 ) ) ;
#3802 = CIRCLE ( 'NONE', #11819, 2.500000000000000000 ) ;
#3803 = LINE ( 'NONE', #864, #2164 ) ;
#3804 = ORIENTED_EDGE ( 'NONE', *, *, #11751, .F. ) ;
#3805 = DIRECTION ( 'NONE',  ( -0.0000000000000000000, 1.000000000000000000, -0.0000000000000000000 ) ) ;
#3806 = ORIENTED_EDGE ( 'NONE', *, *, #6130, .F. ) ;
#3807 = EDGE_LOOP ( 'NONE', ( #12326, #5565, #8249, #8908 ) ) ;
#3808 = CARTESIAN_POINT ( 'NONE',  ( 5.959176464589344800E-015, 29.89999999999999500, 8.000000000000008900 ) ) ;
#3809 = DIRECTION ( 'NONE',  ( 0.5469441386039886100, 0.0000000000000000000, -0.8371691043312222700 ) ) ;
#3810 = DIRECTION ( 'NONE',  ( 1.000000000000000000, -0.0000000000000000000, 0.0000000000000000000 ) ) ;
#3811 = EDGE_CURVE ( 'NONE', #8096, #1070, #5612, .T. ) ;
#3812 = CIRCLE ( 'NONE', #9771, 0.5560000000000002700 ) ;
#3813 = AXIS2_PLACEMENT_3D ( 'NONE', #9510, #10486, #4698 ) ;
#3814 = EDGE_LOOP ( 'NONE', ( #6884, #11343, #12122 ) ) ;
#3815 = CARTESIAN_POINT ( 'NONE',  ( -16.37157287525381100, 0.5000000000000004400, -18.99999999999999600 ) ) ;
#3816 = FACE_OUTER_BOUND ( 'NONE', #3842, .T. ) ;
#3817 = LINE ( 'NONE', #8614, #11231 ) ;
#3818 = ORIENTED_EDGE ( 'NONE', *, *, #9168, .F. ) ;
#3819 = CARTESIAN_POINT ( 'NONE',  ( 3.469446951953614200E-015, 2.500000000000004000, -6.349999999999997900 ) ) ;
#3820 = CARTESIAN_POINT ( 'NONE',  ( 17.78578643762690000, 34.00000000000000000, -20.41421356237309200 ) ) ;
#3821 = DIRECTION ( 'NONE',  ( 0.5469441386039886100, 2.697020329565932900E-016, -0.8371691043312222700 ) ) ;
#3822 = DIRECTION ( 'NONE',  ( -1.000000000000000000, 0.0000000000000000000, -0.0000000000000000000 ) ) ;
#3824 = VERTEX_POINT ( 'NONE', #10869 ) ;
#3823 = EDGE_LOOP ( 'NONE', ( #7536, #754, #29, #10952 ) ) ;
#3825 = CARTESIAN_POINT ( 'NONE',  ( 14.98933636069657800, 0.6000000000000276200, 16.95812298778031400 ) ) ;
#3826 = VERTEX_POINT ( 'NONE', #4111 ) ;
#3827 = CARTESIAN_POINT ( 'NONE',  ( 6.938893903907228400E-015, 11.46249999999999700, 3.469446951953614200E-015 ) ) ;
#3828 = LINE ( 'NONE', #10543, #1277 ) ;
#3829 = DIRECTION ( 'NONE',  ( 1.000000000000000000, 0.0000000000000000000, 0.0000000000000000000 ) ) ;
#3830 = VERTEX_POINT ( 'NONE', #8960 ) ;
#3831 = DIRECTION ( 'NONE',  ( 0.0000000000000000000, 0.0000000000000000000, -1.000000000000000000 ) ) ;
#3832 = CIRCLE ( 'NONE', #9526, 1.550000000000037600 ) ;
#3833 = AXIS2_PLACEMENT_3D ( 'NONE', #3493, #5429, #2525 ) ;
#3834 = ORIENTED_EDGE ( 'NONE', *, *, #5273, .T. ) ;
#3835 = EDGE_CURVE ( 'NONE', #12077, #2735, #3049, .T. ) ;
#3836 = ORIENTED_EDGE ( 'NONE', *, *, #11797, .T. ) ;
#3837 = DIRECTION ( 'NONE',  ( -0.0000000000000000000, -1.000000000000000000, 0.0000000000000000000 ) ) ;
#3838 = EDGE_CURVE ( 'NONE', #2475, #1705, #472, .T. ) ;
#3839 = EDGE_CURVE ( 'NONE', #12113, #10289, #5903, .T. ) ;
#3840 = CARTESIAN_POINT ( 'NONE',  ( -2.081668171172168500E-014, 26.00000000000000400, -1.734723475976807100E-014 ) ) ;
#3841 = DIRECTION ( 'NONE',  ( 0.0000000000000000000, 0.0000000000000000000, 1.000000000000000000 ) ) ;
#3842 = EDGE_LOOP ( 'NONE', ( #5466, #8432, #8596 ) ) ;
#3843 = ADVANCED_FACE ( 'NONE', ( #2744 ), #10449, .T. ) ;
#3844 = CIRCLE ( 'NONE', #7183, 0.5560000000000012700 ) ;
#3845 = DIRECTION ( 'NONE',  ( -0.0000000000000000000, -1.000000000000000000, 0.0000000000000000000 ) ) ;
#3846 = DIRECTION ( 'NONE',  ( -0.5469441386039886100, 0.0000000000000000000, 0.8371691043312222700 ) ) ;
#3847 = CARTESIAN_POINT ( 'NONE',  ( -14.92894917544658500, 1.940406951505540700, 15.30241838299095900 ) ) ;
#3848 = CARTESIAN_POINT ( 'NONE',  ( 16.04381431269168700, 2.424605185108647600, -15.25313562342062400 ) ) ;
#3849 = AXIS2_PLACEMENT_3D ( 'NONE', #2211, #3172, #7933 ) ;
#3850 = VECTOR ( 'NONE', #3898, 999.9999999999998900 ) ;
#3851 = EDGE_CURVE ( 'NONE', #8482, #5305, #163, .T. ) ;
#3852 = AXIS2_PLACEMENT_3D ( 'NONE', #3440, #8223, #10204 ) ;
#3853 = DIRECTION ( 'NONE',  ( 0.5469441386039886100, 0.0000000000000000000, -0.8371691043312222700 ) ) ;
#3854 = ADVANCED_FACE ( 'NONE', ( #4997 ), #3242, .T. ) ;
#3855 = DIRECTION ( 'NONE',  ( -0.0000000000000000000, -1.000000000000000000, 0.0000000000000000000 ) ) ;
#3856 = LINE ( 'NONE', #10743, #11267 ) ;
#3857 = ORIENTED_EDGE ( 'NONE', *, *, #489, .F. ) ;
#3858 = LINE ( 'NONE', #1655, #1304 ) ;
#3859 = CARTESIAN_POINT ( 'NONE',  ( 3.469446951953614200E-014, 35.50000000000000700, 3.122502256758252800E-014 ) ) ;
#3860 = ORIENTED_EDGE ( 'NONE', *, *, #9440, .F. ) ;
#3861 = VERTEX_POINT ( 'NONE', #3278 ) ;
#3862 = AXIS2_PLACEMENT_3D ( 'NONE', #8018, #11911, #2283 ) ;
#3863 = DIRECTION ( 'NONE',  ( -0.8371691043312241600, 2.697020329565932900E-016, -0.5469441386039857200 ) ) ;
#3864 = CARTESIAN_POINT ( 'NONE',  ( -1.146920613196721600, 4.110050607254169800, 28.20000000000000300 ) ) ;
#3865 = CIRCLE ( 'NONE', #12161, 2.000000000000000000 ) ;
#3866 = AXIS2_PLACEMENT_3D ( 'NONE', #4527, #11286, #5508 ) ;
#3867 = CIRCLE ( 'NONE', #9616, 2.749999999999999600 ) ;
#3868 = CARTESIAN_POINT ( 'NONE',  ( -14.64103821455298900, 23.40000000000000600, 21.00000000000000700 ) ) ;
#3869 = CARTESIAN_POINT ( 'NONE',  ( 6.938893903907228400E-015, 34.59999999999999400, 3.469446951953614200E-015 ) ) ;
#3870 = CARTESIAN_POINT ( 'NONE',  ( -16.04381431269170100, 2.424605185108625000, 15.25313562342063100 ) ) ;
#3871 = EDGE_CURVE ( 'NONE', #8523, #2395, #8146, .T. ) ;
#3872 = DIRECTION ( 'NONE',  ( 0.5469441386039871600, 0.0000000000000000000, -0.8371691043312232700 ) ) ;
#3873 = ORIENTED_EDGE ( 'NONE', *, *, #4391, .F. ) ;
#3874 = DIRECTION ( 'NONE',  ( 1.000000000000000000, -0.0000000000000000000, 0.0000000000000000000 ) ) ;
#3875 = CIRCLE ( 'NONE', #11323, 0.8074684195533452500 ) ;
#3876 = DIRECTION ( 'NONE',  ( -0.0000000000000000000, -1.000000000000000000, 0.0000000000000000000 ) ) ;
#3877 = CARTESIAN_POINT ( 'NONE',  ( -2.081668171172168500E-014, 8.500000000000000000, -1.734723475976807100E-014 ) ) ;
#3878 = CARTESIAN_POINT ( 'NONE',  ( 15.49999999999999300, 8.500000000000000000, 14.25000000000000200 ) ) ;
#3879 = CIRCLE ( 'NONE', #12068, 0.6965528920064416600 ) ;
#3880 = AXIS2_PLACEMENT_3D ( 'NONE', #2405, #7176, #9145 ) ;
#3881 = ORIENTED_EDGE ( 'NONE', *, *, #10459, .T. ) ;
#3882 = DIRECTION ( 'NONE',  ( 0.5469441386039886100, 0.0000000000000000000, -0.8371691043312222700 ) ) ;
#3883 = ORIENTED_EDGE ( 'NONE', *, *, #2312, .T. ) ;
#3884 = DIRECTION ( 'NONE',  ( -0.0000000000000000000, -1.000000000000000000, 0.0000000000000000000 ) ) ;
#3885 = ORIENTED_EDGE ( 'NONE', *, *, #11897, .T. ) ;
#3886 = DIRECTION ( 'NONE',  ( -0.9108500044181590000, 0.0000000000000000000, -0.4127375309460477600 ) ) ;
#3887 = CARTESIAN_POINT ( 'NONE',  ( 21.00000000000000000, 8.500000000000000000, 14.64103821455293700 ) ) ;
#3888 = EDGE_CURVE ( 'NONE', #9646, #2470, #2451, .T. ) ;
#3889 = AXIS2_PLACEMENT_3D ( 'NONE', #579, #7309, #1567 ) ;
#3890 = DIRECTION ( 'NONE',  ( 0.0000000000000000000, 1.000000000000000000, -0.0000000000000000000 ) ) ;
#3891 = FACE_OUTER_BOUND ( 'NONE', #10742, .T. ) ;
#3892 = CALENDAR_DATE ( 2017, 6, 3 ) ;
#3893 = DIRECTION ( 'NONE',  ( -1.000000000000000000, 0.0000000000000000000, 0.0000000000000000000 ) ) ;
#3894 = VERTEX_POINT ( 'NONE', #5212 ) ;
#3895 = ORIENTED_EDGE ( 'NONE', *, *, #12584, .F. ) ;
#3896 = CARTESIAN_POINT ( 'NONE',  ( 15.71441625783251400, 2.610000000000029200, -14.91795067099118200 ) ) ;
#3897 = VERTEX_POINT ( 'NONE', #10038 ) ;
#3898 = DIRECTION ( 'NONE',  ( 0.8371691043312221600, 0.0000000000000000000, 0.5469441386039886100 ) ) ;
#3899 = ORIENTED_EDGE ( 'NONE', *, *, #9753, .F. ) ;
#3900 = ADVANCED_FACE ( 'NONE', ( #5308 ), #9533, .T. ) ;
#3901 = CARTESIAN_POINT ( 'NONE',  ( -20.41421356237307400, 34.00000000000000000, -17.78578643762690300 ) ) ;
#3902 = CARTESIAN_POINT ( 'NONE',  ( 15.53745580819629500, 2.610000000000027400, 16.11915492039947400 ) ) ;
#3903 = CIRCLE ( 'NONE', #1368, 0.2794843821735011300 ) ;
#3904 = LINE ( 'NONE', #93, #11617 ) ;
#3905 = AXIS2_PLACEMENT_3D ( 'NONE', #6064, #11924, #8978 ) ;
#3906 = ORIENTED_EDGE ( 'NONE', *, *, #5608, .T. ) ;
#3907 = EDGE_CURVE ( 'NONE', #8868, #1181, #12133, .T. ) ;
#3908 = CARTESIAN_POINT ( 'NONE',  ( 15.49999999999999300, 0.0000000000000000000, 11.74999999999998600 ) ) ;
#3909 = VERTEX_POINT ( 'NONE', #11043 ) ;
#3910 = CARTESIAN_POINT ( 'NONE',  ( 16.13253578028825800, 0.6000000000000276200, 15.20830766548011000 ) ) ;
#3911 = CARTESIAN_POINT ( 'NONE',  ( 6.938893903907228400E-015, 23.40000000000000600, 21.00000000000000700 ) ) ;
#3912 = CARTESIAN_POINT ( 'NONE',  ( 0.8530793868032783300, 4.110050607254169800, 18.20000000000000300 ) ) ;
#3913 = ADVANCED_FACE ( 'NONE', ( #7532 ), #12040, .F. ) ;
#3914 = DIRECTION ( 'NONE',  ( 0.0000000000000000000, 1.000000000000000000, 0.0000000000000000000 ) ) ;
#3915 = FACE_OUTER_BOUND ( 'NONE', #5193, .T. ) ;
#3916 = EDGE_LOOP ( 'NONE', ( #10719, #3766, #11188, #11521, #1552, #2149, #11313, #1481, #2185, #11815, #10388 ) ) ;
#3917 = CARTESIAN_POINT ( 'NONE',  ( 17.78578643762690000, 23.40000000000000600, 20.41421356237309900 ) ) ;
#3918 = CARTESIAN_POINT ( 'NONE',  ( -15.69758161700905000, 1.940406951505540900, 14.92894917544658100 ) ) ;
#3919 = DIRECTION ( 'NONE',  ( -0.0000000000000000000, -1.000000000000000000, -0.0000000000000000000 ) ) ;
#3920 = ORIENTED_EDGE ( 'NONE', *, *, #9640, .T. ) ;
#3921 = AXIS2_PLACEMENT_3D ( 'NONE', #9078, #3305, #10065 ) ;
#3922 = VERTEX_POINT ( 'NONE', #3312 ) ;
#3923 = AXIS2_PLACEMENT_3D ( 'NONE', #1236, #9799, #8932 ) ;
#3924 = CARTESIAN_POINT ( 'NONE',  ( 6.938893903907228400E-015, 11.46249999999999700, 3.469446951953614200E-015 ) ) ;
#3925 = FACE_OUTER_BOUND ( 'NONE', #11954, .T. ) ;
#3926 = LINE ( 'NONE', #11417, #5879 ) ;
#3927 = ORIENTED_EDGE ( 'NONE', *, *, #3253, .T. ) ;
#3928 = ORIENTED_EDGE ( 'NONE', *, *, #8981, .T. ) ;
#3929 = CARTESIAN_POINT ( 'NONE',  ( 3.469446951953614200E-015, 2.800000000000002900, 6.938893903907228400E-015 ) ) ;
#3930 = VERTEX_POINT ( 'NONE', #1431 ) ;
#3931 = AXIS2_PLACEMENT_3D ( 'NONE', #3183, #11887, #6072 ) ;
#3932 = DIRECTION ( 'NONE',  ( 0.8371691043312240500, 0.0000000000000000000, 0.5469441386039857200 ) ) ;
#3933 = LINE ( 'NONE', #7341, #6192 ) ;
#3934 = CYLINDRICAL_SURFACE ( 'NONE', #7596, 2.749999999999999100 ) ;
#3935 = CARTESIAN_POINT ( 'NONE',  ( -15.28558374216748700, 2.610000000000031400, -14.91795067099118200 ) ) ;
#3936 = ORIENTED_EDGE ( 'NONE', *, *, #11864, .F. ) ;
#3937 = EDGE_CURVE ( 'NONE', #5653, #1147, #9842, .T. ) ;
#3938 = ORIENTED_EDGE ( 'NONE', *, *, #9118, .T. ) ;
#3939 = EDGE_LOOP ( 'NONE', ( #12557, #9460, #8623, #6197 ) ) ;
#3940 = CARTESIAN_POINT ( 'NONE',  ( 15.49999999999999300, 2.610000000000029200, -15.49999999999999600 ) ) ;
#3941 = CARTESIAN_POINT ( 'NONE',  ( -17.78578643762690300, 12.00000000000000000, -20.41421356237309200 ) ) ;
#3942 = VERTEX_POINT ( 'NONE', #3357 ) ;
#3943 = VECTOR ( 'NONE', #5882, 999.9999999999998900 ) ;
#3945 = CARTESIAN_POINT ( 'NONE',  ( -15.28558374216748700, 2.610000000000006100, 16.08204932900881800 ) ) ;
#3944 = LINE ( 'NONE', #1208, #8766 ) ;
#3946 = ORIENTED_EDGE ( 'NONE', *, *, #252, .F. ) ;
#3947 = DIRECTION ( 'NONE',  ( -0.0000000000000000000, -1.000000000000000000, 0.0000000000000000000 ) ) ;
#3948 = DIRECTION ( 'NONE',  ( 0.0000000000000000000, 0.0000000000000000000, -1.000000000000000000 ) ) ;
#3949 = AXIS2_PLACEMENT_3D ( 'NONE', #3207, #9955, #4172 ) ;
#3951 = ORIENTED_EDGE ( 'NONE', *, *, #1177, .T. ) ;
#3950 = ORIENTED_EDGE ( 'NONE', *, *, #180, .F. ) ;
#3952 = ORIENTED_EDGE ( 'NONE', *, *, #10516, .F. ) ;
#3953 = CARTESIAN_POINT ( 'NONE',  ( -15.50000000000000700, 29.60000000000003300, -15.49999999999999600 ) ) ;
#3954 = CARTESIAN_POINT ( 'NONE',  ( 15.50000000000000400, 2.610000000000027400, 15.50000000000000500 ) ) ;
#3955 = ORIENTED_EDGE ( 'NONE', *, *, #8145, .F. ) ;
#3956 = EDGE_CURVE ( 'NONE', #8387, #8866, #2151, .T. ) ;
#3957 = LINE ( 'NONE', #11837, #1102 ) ;
#3958 = FACE_OUTER_BOUND ( 'NONE', #9464, .T. ) ;
#3959 = ADVANCED_FACE ( 'NONE', ( #7246 ), #6641, .T. ) ;
#3960 = EDGE_LOOP ( 'NONE', ( #6337, #6103, #9851, #7709 ) ) ;
#3961 = ORIENTED_EDGE ( 'NONE', *, *, #10475, .T. ) ;
#3962 = ORIENTED_EDGE ( 'NONE', *, *, #3179, .T. ) ;
#3963 = DIRECTION ( 'NONE',  ( 0.0000000000000000000, 1.000000000000000000, 0.0000000000000000000 ) ) ;
#3964 = VECTOR ( 'NONE', #3249, 999.9999999999998900 ) ;
#3965 = ORIENTED_EDGE ( 'NONE', *, *, #6130, .T. ) ;
#3966 = DIRECTION ( 'NONE',  ( 0.0000000000000000000, 0.0000000000000000000, 1.000000000000000000 ) ) ;
#3967 = ADVANCED_FACE ( 'NONE', ( #1847 ), #8913, .F. ) ;
#3968 = LINE ( 'NONE', #1380, #8475 ) ;
#3969 = FACE_BOUND ( 'NONE', #8615, .T. ) ;
#3970 = DIRECTION ( 'NONE',  ( -0.0000000000000000000, -1.000000000000000000, 0.0000000000000000000 ) ) ;
#3971 = DIRECTION ( 'NONE',  ( -0.0000000000000000000, -1.000000000000000000, 0.0000000000000000000 ) ) ;
#3972 =( BOUNDED_CURVE ( )  B_SPLINE_CURVE ( 3, ( #11752, #11787, #5975, #198 ),
 .UNSPECIFIED., .F., .T. ) 
 B_SPLINE_CURVE_WITH_KNOTS ( ( 4, 4 ),
 ( 5.754796812637095200, 6.811573801722078200 ),
 .UNSPECIFIED. ) 
 CURVE ( )  GEOMETRIC_REPRESENTATION_ITEM ( )  RATIONAL_B_SPLINE_CURVE ( ( 1.000000000000000000, 0.9090804130449043900, 0.9090804130449043900, 1.000000000000000000 ) ) 
 REPRESENTATION_ITEM ( '' )  );
#3973 = DIRECTION ( 'NONE',  ( -0.7071067811865474600, -0.0000000000000000000, -0.7071067811865474600 ) ) ;
#3974 = EDGE_LOOP ( 'NONE', ( #1578, #2573, #12430, #9983 ) ) ;
#3975 = DIRECTION ( 'NONE',  ( -0.5469441386039888300, -5.359117379318553400E-017, 0.8371691043312222700 ) ) ;
#3976 = AXIS2_PLACEMENT_3D ( 'NONE', #2555, #3528, #4492 ) ;
#3977 = DIRECTION ( 'NONE',  ( -1.224646799147340400E-016, 0.0000000000000000000, -1.000000000000000000 ) ) ;
#3978 = EDGE_CURVE ( 'NONE', #12255, #10554, #2288, .T. ) ;
#3979 = VERTEX_POINT ( 'NONE', #8178 ) ;
#3980 = DIRECTION ( 'NONE',  ( -0.5469441386039886100, 0.0000000000000000000, 0.8371691043312222700 ) ) ;
#3981 = EDGE_CURVE ( 'NONE', #12416, #7213, #4088, .T. ) ;
#3982 = FACE_OUTER_BOUND ( 'NONE', #9786, .T. ) ;
#3983 = ORIENTED_EDGE ( 'NONE', *, *, #7918, .T. ) ;
#3984 = DIRECTION ( 'NONE',  ( -0.0000000000000000000, -1.000000000000000000, 0.0000000000000000000 ) ) ;
#3985 = CARTESIAN_POINT ( 'NONE',  ( -15.50000000000000700, 2.610000000000006100, 15.50000000000000400 ) ) ;
#3986 = ORIENTED_EDGE ( 'NONE', *, *, #11867, .F. ) ;
#3987 = FACE_OUTER_BOUND ( 'NONE', #2230, .T. ) ;
#3988 = EDGE_LOOP ( 'NONE', ( #7281, #11379, #4105, #5769 ) ) ;
#3989 = CARTESIAN_POINT ( 'NONE',  ( -3.888629745115985700, 1.628844685195823100, 18.00000000000000700 ) ) ;
#3990 = ADVANCED_FACE ( 'NONE', ( #6937 ), #1238, .F. ) ;
#3991 = ORIENTED_EDGE ( 'NONE', *, *, #9196, .T. ) ;
#3992 = DIRECTION ( 'NONE',  ( -0.2440452458516469400, 0.8949343913984425500, 0.3735429735244773500 ) ) ;
#3993 = VECTOR ( 'NONE', #8579, 1000.000000000000100 ) ;
#3994 = CARTESIAN_POINT ( 'NONE',  ( 15.71441625783252500, 2.610000000000027400, 16.08204932900882200 ) ) ;
#3995 = EDGE_CURVE ( 'NONE', #9483, #6895, #3791, .T. ) ;
#3996 = VECTOR ( 'NONE', #9359, 1000.000000000000000 ) ;
#3997 = VERTEX_POINT ( 'NONE', #12167 ) ;
#3998 = EDGE_CURVE ( 'NONE', #5987, #5112, #1545, .T. ) ;
#3999 = CIRCLE ( 'NONE', #6148, 1.250000000000011500 ) ;
#4000 = CARTESIAN_POINT ( 'NONE',  ( 6.938893903907228400E-015, 29.59999999999999400, -2.799999999999996700 ) ) ;
#4001 = DIRECTION ( 'NONE',  ( 0.0000000000000000000, 1.000000000000000000, -0.0000000000000000000 ) ) ;
#4002 = CARTESIAN_POINT ( 'NONE',  ( 14.67958379209402000, -5.749999999999963600, 16.75575365649683900 ) ) ;
#4003 = ORIENTED_EDGE ( 'NONE', *, *, #3160, .T. ) ;
#4004 = VECTOR ( 'NONE', #307, 1000.000000000000000 ) ;
#4005 = CARTESIAN_POINT ( 'NONE',  ( 20.49999999999999600, 33.50000000000000000, -16.37157287525381100 ) ) ;
#4006 = CIRCLE ( 'NONE', #1106, 0.2999999999999999300 ) ;
#4007 = DIRECTION ( 'NONE',  ( 0.0000000000000000000, 0.0000000000000000000, 1.000000000000000000 ) ) ;
#4008 = DIRECTION ( 'NONE',  ( -0.5469441386039857200, 0.0000000000000000000, 0.8371691043312240500 ) ) ;
#4009 = VECTOR ( 'NONE', #6009, 1000.000000000000100 ) ;
#4010 = EDGE_CURVE ( 'NONE', #9068, #2699, #6348, .T. ) ;
#4011 = ORIENTED_EDGE ( 'NONE', *, *, #2586, .T. ) ;
#4012 = AXIS2_PLACEMENT_3D ( 'NONE', #3912, #10666, #4882 ) ;
#4013 = EDGE_CURVE ( 'NONE', #2893, #259, #9240, .T. ) ;
#4014 = AXIS2_PLACEMENT_3D ( 'NONE', #6195, #423, #7152 ) ;
#4015 = DIRECTION ( 'NONE',  ( 0.0000000000000000000, 0.0000000000000000000, -1.000000000000000000 ) ) ;
#4016 = DIRECTION ( 'NONE',  ( 0.0000000000000000000, 0.0000000000000000000, -1.000000000000000000 ) ) ;
#4017 = ORIENTED_EDGE ( 'NONE', *, *, #12124, .T. ) ;
#4018 = CARTESIAN_POINT ( 'NONE',  ( 16.95812298778031000, 0.6000000000000276200, 16.01066363930343400 ) ) ;
#4019 = EDGE_CURVE ( 'NONE', #2231, #5512, #8593, .T. ) ;
#4020 = CARTESIAN_POINT ( 'NONE',  ( 20.49999999999999600, 33.50000000000000000, 16.37157287525381800 ) ) ;
#4021 = LINE ( 'NONE', #11101, #11434 ) ;
#4022 = LINE ( 'NONE', #2340, #11136 ) ;
#4023 = ADVANCED_FACE ( 'NONE', ( #3498 ), #5750, .F. ) ;
#4024 = PLANE ( 'NONE',  #217 ) ;
#4025 = ORIENTED_EDGE ( 'NONE', *, *, #910, .F. ) ;
#4026 = AXIS2_PLACEMENT_3D ( 'NONE', #7822, #6862, #10726 ) ;
#4027 = CARTESIAN_POINT ( 'NONE',  ( -14.92894917544658500, 1.940406951505566400, -15.69758161700903900 ) ) ;
#4028 = AXIS2_PLACEMENT_3D ( 'NONE', #5188, #416, #7144 ) ;
#4029 = ORIENTED_EDGE ( 'NONE', *, *, #184, .T. ) ;
#4030 = DIRECTION ( 'NONE',  ( -0.0000000000000000000, -1.000000000000000000, 0.0000000000000000000 ) ) ;
#4031 = DIRECTION ( 'NONE',  ( 0.0000000000000000000, 0.0000000000000000000, -1.000000000000000000 ) ) ;
#4032 = DIRECTION ( 'NONE',  ( 0.0000000000000000000, 0.7071067811865436900, 0.7071067811865513500 ) ) ;
#4033 = DIRECTION ( 'NONE',  ( 8.659560562354987100E-017, 0.7071067811865431300, -0.7071067811865519000 ) ) ;
#4034 = EDGE_CURVE ( 'NONE', #1744, #8748, #10895, .T. ) ;
#4035 = ADVANCED_FACE ( 'NONE', ( #922 ), #11912, .F. ) ;
#4036 = CONICAL_SURFACE ( 'NONE', #9691, 3.750000000000017300, 0.7853981633974477200 ) ;
#4037 = VERTEX_POINT ( 'NONE', #10930 ) ;
#4038 = ORIENTED_EDGE ( 'NONE', *, *, #4899, .T. ) ;
#4039 = ORIENTED_EDGE ( 'NONE', *, *, #4924, .F. ) ;
#4040 = CARTESIAN_POINT ( 'NONE',  ( 0.8530793868032783300, 4.110050607254169800, 28.20000000000000300 ) ) ;
#4041 = CARTESIAN_POINT ( 'NONE',  ( 16.37157287525380800, 8.500000000000000000, -18.99999999999999600 ) ) ;
#4042 = LINE ( 'NONE', #2631, #3738 ) ;
#4043 = LINE ( 'NONE', #11089, #8865 ) ;
#4044 = DIRECTION ( 'NONE',  ( 0.0000000000000000000, 0.0000000000000000000, -1.000000000000000000 ) ) ;
#4045 = DIRECTION ( 'NONE',  ( 0.0000000000000000000, 1.000000000000000000, 0.0000000000000000000 ) ) ;
#4046 = VERTEX_POINT ( 'NONE', #3251 ) ;
#4047 = ADVANCED_FACE ( 'NONE', ( #10585 ), #9998, .F. ) ;
#4048 = EDGE_CURVE ( 'NONE', #5834, #9777, #628, .T. ) ;
#4049 = ORIENTED_EDGE ( 'NONE', *, *, #5896, .F. ) ;
#4050 = AXIS2_PLACEMENT_3D ( 'NONE', #6212, #438, #5251 ) ;
#4051 = CARTESIAN_POINT ( 'NONE',  ( -14.88084507960053500, 2.610000000000006100, 15.46254419180371400 ) ) ;
#4052 = VERTEX_POINT ( 'NONE', #371 ) ;
#4053 = CARTESIAN_POINT ( 'NONE',  ( -15.50000000000000700, 34.00000000000000000, 15.50000000000000400 ) ) ;
#4054 = CARTESIAN_POINT ( 'NONE',  ( -19.09999999999999800, 0.5000000000000004400, 19.09999999999999800 ) ) ;
#4055 = VECTOR ( 'NONE', #12368, 1000.000000000000000 ) ;
#4057 = PLANE ( 'NONE',  #4871 ) ;
#4056 = LINE ( 'NONE', #6433, #8551 ) ;
#4058 = ORIENTED_EDGE ( 'NONE', *, *, #759, .F. ) ;
#4059 = DIRECTION ( 'NONE',  ( 0.0000000000000000000, 0.0000000000000000000, 1.000000000000000000 ) ) ;
#4060 = ORIENTED_EDGE ( 'NONE', *, *, #3038, .F. ) ;
#4061 = ORIENTED_EDGE ( 'NONE', *, *, #802, .F. ) ;
#4062 = AXIS2_PLACEMENT_3D ( 'NONE', #3994, #10752, #4962 ) ;
#4063 = EDGE_CURVE ( 'NONE', #2419, #601, #7984, .T. ) ;
#4064 = FACE_OUTER_BOUND ( 'NONE', #9641, .T. ) ;
#4065 = LINE ( 'NONE', #10770, #11482 ) ;
#4066 = ORIENTED_EDGE ( 'NONE', *, *, #12227, .T. ) ;
#4067 = EDGE_CURVE ( 'NONE', #3922, #1812, #8297, .T. ) ;
#4068 = ORIENTED_EDGE ( 'NONE', *, *, #11442, .F. ) ;
#4069 = ORIENTED_EDGE ( 'NONE', *, *, #6094, .T. ) ;
#4070 = CARTESIAN_POINT ( 'NONE',  ( -15.78139040224381700, 2.610000000000031400, -15.97953669465960600 ) ) ;
#4071 = EDGE_LOOP ( 'NONE', ( #11800, #4411, #2465, #11455, #8495, #7801, #2381, #3965, #2576, #6448, #2042 ) ) ;
#4072 = DIRECTION ( 'NONE',  ( -0.0000000000000000000, -1.000000000000000000, 0.0000000000000000000 ) ) ;
#4073 = VECTOR ( 'NONE', #1171, 999.9999999999998900 ) ;
#4074 = LINE ( 'NONE', #11857, #8901 ) ;
#4075 = DIRECTION ( 'NONE',  ( 0.0000000000000000000, 0.0000000000000000000, 1.000000000000000000 ) ) ;
#4076 = DIRECTION ( 'NONE',  ( 0.0000000000000000000, 0.0000000000000000000, 1.000000000000000000 ) ) ;
#4077 = ORIENTED_EDGE ( 'NONE', *, *, #1558, .F. ) ;
#4078 = AXIS2_PLACEMENT_3D ( 'NONE', #7983, #2247, #8980 ) ;
#4079 = EDGE_CURVE ( 'NONE', #1134, #6931, #2885, .T. ) ;
#4080 = ADVANCED_FACE ( 'NONE', ( #2593 ), #3287, .T. ) ;
#4081 = AXIS2_PLACEMENT_3D ( 'NONE', #1986, #7713, #9693 ) ;
#4082 = ORIENTED_EDGE ( 'NONE', *, *, #11624, .F. ) ;
#4083 = ORIENTED_EDGE ( 'NONE', *, *, #4789, .T. ) ;
#4084 = CARTESIAN_POINT ( 'NONE',  ( -1.426404995370222500, 4.110050607254169800, 30.20000000000000300 ) ) ;
#4085 = VERTEX_POINT ( 'NONE', #3322 ) ;
#4086 = CARTESIAN_POINT ( 'NONE',  ( 20.99999999999999600, 23.40000000000000600, 3.469446951953614200E-015 ) ) ;
#4087 = CARTESIAN_POINT ( 'NONE',  ( 14.89772079918198600, 1.270265698095187900, -15.25461929357412500 ) ) ;
#4088 = CIRCLE ( 'NONE', #2831, 3.750000000000003600 ) ;
#4089 = VECTOR ( 'NONE', #11824, 999.9999999999998900 ) ;
#4090 = ORIENTED_EDGE ( 'NONE', *, *, #12031, .T. ) ;
#4091 = ADVANCED_FACE ( 'NONE', ( #12592 ), #2295, .F. ) ;
#4092 = PLANE ( 'NONE',  #3931 ) ;
#4093 = DIRECTION ( 'NONE',  ( 0.5469441386039886100, 2.697020329565932900E-016, -0.8371691043312222700 ) ) ;
#4094 = ORIENTED_EDGE ( 'NONE', *, *, #3234, .F. ) ;
#4095 = ORIENTED_EDGE ( 'NONE', *, *, #5947, .F. ) ;
#4096 = AXIS2_PLACEMENT_3D ( 'NONE', #3840, #12570, #11571 ) ;
#4097 = DIRECTION ( 'NONE',  ( 0.4894791198105034000, -0.4461977533474358900, -0.7492114228822434100 ) ) ;
#4098 = CARTESIAN_POINT ( 'NONE',  ( -15.50000000000000700, 34.00000000000000000, -13.94999999999995800 ) ) ;
#4099 = ORIENTED_EDGE ( 'NONE', *, *, #1682, .F. ) ;
#4100 = EDGE_CURVE ( 'NONE', #7986, #6863, #7390, .T. ) ;
#4101 = AXIS2_PLACEMENT_3D ( 'NONE', #6332, #566, #7295 ) ;
#4102 = LINE ( 'NONE', #4512, #11518 ) ;
#4103 = VECTOR ( 'NONE', #4670, 1000.000000000000000 ) ;
#4104 = DIRECTION ( 'NONE',  ( 0.0000000000000000000, 1.000000000000000000, 0.0000000000000000000 ) ) ;
#4105 = ORIENTED_EDGE ( 'NONE', *, *, #9075, .T. ) ;
#4106 = EDGE_CURVE ( 'NONE', #11039, #12532, #10294, .T. ) ;
#4107 = DIRECTION ( 'NONE',  ( 0.5469441386039871600, 0.0000000000000000000, -0.8371691043312232700 ) ) ;
#4108 = VERTEX_POINT ( 'NONE', #2403 ) ;
#4109 = ADVANCED_FACE ( 'NONE', ( #12284 ), #1998, .T. ) ;
#4110 = ORIENTED_EDGE ( 'NONE', *, *, #2586, .F. ) ;
#4111 = CARTESIAN_POINT ( 'NONE',  ( 15.48696935691685500, 0.6000000000000276200, 16.19643099708685000 ) ) ;
#4112 = VECTOR ( 'NONE', #1692, 1000.000000000000000 ) ;
#4113 = CARTESIAN_POINT ( 'NONE',  ( 17.00409638116097000, -5.749999999999963600, 13.19778496308914300 ) ) ;
#4114 = ORIENTED_EDGE ( 'NONE', *, *, #3427, .F. ) ;
#4115 = DIRECTION ( 'NONE',  ( 0.0000000000000000000, 1.000000000000000000, 0.0000000000000000000 ) ) ;
#4116 = CYLINDRICAL_SURFACE ( 'NONE', #7072, 25.60000000000002300 ) ;
#4117 = DIRECTION ( 'NONE',  ( 0.0000000000000000000, 0.0000000000000000000, 1.000000000000000000 ) ) ;
#4118 = VECTOR ( 'NONE', #8522, 1000.000000000000200 ) ;
#4119 = AXIS2_PLACEMENT_3D ( 'NONE', #108, #6846, #1101 ) ;
#4120 = ORIENTED_EDGE ( 'NONE', *, *, #11843, .T. ) ;
#4121 = VERTEX_POINT ( 'NONE', #10118 ) ;
#4122 = ORIENTED_EDGE ( 'NONE', *, *, #9825, .T. ) ;
#4123 = DIRECTION ( 'NONE',  ( 0.5469441386039886100, 2.697020329565932900E-016, -0.8371691043312222700 ) ) ;
#4124 = EDGE_CURVE ( 'NONE', #12399, #3284, #7081, .T. ) ;
#4125 = CARTESIAN_POINT ( 'NONE',  ( -0.8674362310232414100, 6.110050607254169800, 30.20000000000000300 ) ) ;
#4126 = FACE_OUTER_BOUND ( 'NONE', #4277, .T. ) ;
#4127 = AXIS2_PLACEMENT_3D ( 'NONE', #11087, #12079, #8130 ) ;
#4128 = EDGE_LOOP ( 'NONE', ( #2314, #5609, #1543, #10490 ) ) ;
#4129 = FACE_OUTER_BOUND ( 'NONE', #12142, .T. ) ;
#4130 = LINE ( 'NONE', #8850, #6388 ) ;
#4131 = DIRECTION ( 'NONE',  ( 0.0000000000000000000, 1.000000000000000000, 0.0000000000000000000 ) ) ;
#4132 = ORIENTED_EDGE ( 'NONE', *, *, #2276, .T. ) ;
#4133 = DIRECTION ( 'NONE',  ( -0.5469441386039886100, 0.0000000000000000000, 0.8371691043312222700 ) ) ;
#4134 = DIRECTION ( 'NONE',  ( 8.673617379884031500E-016, 0.0000000000000000000, 1.000000000000000000 ) ) ;
#4135 = CARTESIAN_POINT ( 'NONE',  ( -17.00409638116097400, -5.749999999999959100, -13.19778496308913600 ) ) ;
#4136 = ORIENTED_EDGE ( 'NONE', *, *, #1072, .T. ) ;
#4137 = DIRECTION ( 'NONE',  ( 0.7071067811865475700, 0.0000000000000000000, -0.7071067811865475700 ) ) ;
#4138 = EDGE_CURVE ( 'NONE', #10346, #1093, #4555, .T. ) ;
#4139 = CARTESIAN_POINT ( 'NONE',  ( -1.146920613196742700, 6.110050607254169800, 28.20000000000000300 ) ) ;
#4140 = VECTOR ( 'NONE', #6772, 1000.000000000000100 ) ;
#4141 = CARTESIAN_POINT ( 'NONE',  ( -1.954389032750088100, 6.110050607254169800, 18.20000000000000300 ) ) ;
#4142 = EDGE_LOOP ( 'NONE', ( #891, #8543, #12576, #3936 ) ) ;
#4143 = CARTESIAN_POINT ( 'NONE',  ( -13.99590361883903700, -5.749999999999984000, 13.19778496308914100 ) ) ;
#4144 = LINE ( 'NONE', #9352, #6401 ) ;
#4145 = AXIS2_PLACEMENT_3D ( 'NONE', #6726, #979, #7690 ) ;
#4146 = EDGE_CURVE ( 'NONE', #4572, #6882, #9685, .T. ) ;
#4147 = ORIENTED_EDGE ( 'NONE', *, *, #1428, .T. ) ;
#4148 = EDGE_CURVE ( 'NONE', #1296, #6953, #5149, .T. ) ;
#4149 = VECTOR ( 'NONE', #901, 1000.000000000000000 ) ;
#4150 = CARTESIAN_POINT ( 'NONE',  ( -15.50000000000000700, 2.610000000000006100, 15.50000000000000400 ) ) ;
#4151 = ADVANCED_FACE ( 'NONE', ( #9986 ), #1527, .T. ) ;
#4152 = DIRECTION ( 'NONE',  ( -1.000000000000000000, 0.0000000000000000000, 0.0000000000000000000 ) ) ;
#4153 = LINE ( 'NONE', #8738, #11880 ) ;
#4154 = ORIENTED_EDGE ( 'NONE', *, *, #7868, .F. ) ;
#4155 = DIRECTION ( 'NONE',  ( 0.0000000000000000000, 1.000000000000000000, 0.0000000000000000000 ) ) ;
#4156 = CYLINDRICAL_SURFACE ( 'NONE', #11662, 0.4999999999999982200 ) ;
#4157 = VERTEX_POINT ( 'NONE', #5348 ) ;
#4158 = EDGE_CURVE ( 'NONE', #760, #9247, #9387, .T. ) ;
#4159 = DIRECTION ( 'NONE',  ( 0.5469441386039889400, 0.0000000000000000000, -0.8371691043312219400 ) ) ;
#4160 = CARTESIAN_POINT ( 'NONE',  ( -15.30241838299096300, 1.940406951505541500, 16.07105082455342400 ) ) ;
#4161 = DIRECTION ( 'NONE',  ( 0.0000000000000000000, 1.000000000000000000, -0.0000000000000000000 ) ) ;
#4162 = ORIENTED_EDGE ( 'NONE', *, *, #11475, .T. ) ;
#4163 = AXIS2_PLACEMENT_3D ( 'NONE', #8508, #3723, #10489 ) ;
#4164 = EDGE_CURVE ( 'NONE', #1881, #1147, #6774, .T. ) ;
#4165 = ORIENTED_EDGE ( 'NONE', *, *, #8104, .T. ) ;
#4166 = AXIS2_PLACEMENT_3D ( 'NONE', #1977, #2933, #4822 ) ;
#4167 = ORIENTED_EDGE ( 'NONE', *, *, #3582, .F. ) ;
#4168 = CARTESIAN_POINT ( 'NONE',  ( 15.50000000000000400, 2.610000000000027400, 15.50000000000000500 ) ) ;
#4169 = VECTOR ( 'NONE', #3731, 999.9999999999998900 ) ;
#4170 = CARTESIAN_POINT ( 'NONE',  ( 3.999999999999998200, 1.500000000000000400, 21.00000000000000400 ) ) ;
#4171 = CARTESIAN_POINT ( 'NONE',  ( -15.50000000000000700, 26.00000000000000400, -16.75000000000000700 ) ) ;
#4172 = DIRECTION ( 'NONE',  ( 0.0000000000000000000, 0.0000000000000000000, -1.000000000000000000 ) ) ;
#4173 = DIRECTION ( 'NONE',  ( -1.000000000000000000, -0.0000000000000000000, -0.0000000000000000000 ) ) ;
#4174 = CIRCLE ( 'NONE', #8955, 0.2794843821735011300 ) ;
#4175 = ORIENTED_EDGE ( 'NONE', *, *, #10655, .T. ) ;
#4176 = CARTESIAN_POINT ( 'NONE',  ( 3.469446951953614200E-014, 33.30000000000000400, 11.50000000000003600 ) ) ;
#4177 = ADVANCED_FACE ( 'NONE', ( #1694, #4246, #4843, #11657, #9060, #6493 ), #2526, .T. ) ;
#4178 = CARTESIAN_POINT ( 'NONE',  ( 0.0000000000000000000, 54.00000000000000000, 0.0000000000000000000 ) ) ;
#4179 = CARTESIAN_POINT ( 'NONE',  ( -2.081668171172168500E-014, 26.00000000000000400, -1.734723475976807100E-014 ) ) ;
#4180 = EDGE_CURVE ( 'NONE', #3569, #8734, #11349, .T. ) ;
#4181 = AXIS2_PLACEMENT_3D ( 'NONE', #9633, #3855, #10601 ) ;
#4182 = ORIENTED_EDGE ( 'NONE', *, *, #1466, .F. ) ;
#4183 = LINE ( 'NONE', #5812, #9328 ) ;
#4184 = PRODUCT_DEFINITION_FORMATION_WITH_SPECIFIED_SOURCE ( 'ANY', '', #10851, .NOT_KNOWN. ) ;
#4185 = EDGE_CURVE ( 'NONE', #9556, #6289, #3933, .T. ) ;
#4186 = EDGE_CURVE ( 'NONE', #7843, #10790, #11, .T. ) ;
#4187 = CIRCLE ( 'NONE', #8784, 1.734314575050762300 ) ;
#4188 = DIRECTION ( 'NONE',  ( 0.0000000000000000000, 0.0000000000000000000, 1.000000000000000000 ) ) ;
#4189 = ORIENTED_EDGE ( 'NONE', *, *, #5554, .F. ) ;
#4190 = EDGE_CURVE ( 'NONE', #11597, #6470, #8753, .T. ) ;
#4191 = DIRECTION ( 'NONE',  ( -0.2440452458516469700, 0.8949343913984425500, 0.3735429735244773000 ) ) ;
#4192 = VERTEX_POINT ( 'NONE', #671 ) ;
#4193 = ORIENTED_EDGE ( 'NONE', *, *, #10720, .T. ) ;
#4194 = VERTEX_POINT ( 'NONE', #7386 ) ;
#4195 = DIRECTION ( 'NONE',  ( 0.0000000000000000000, -1.000000000000000000, 0.0000000000000000000 ) ) ;
#4196 = CARTESIAN_POINT ( 'NONE',  ( -15.28558374216748700, 2.610000000000006100, 16.08204932900881800 ) ) ;
#4197 = DIRECTION ( 'NONE',  ( 0.5469441386039887200, 0.0000000000000000000, -0.8371691043312221600 ) ) ;
#4198 = CIRCLE ( 'NONE', #6027, 4.150000000000000400 ) ;
#4199 = DATE_AND_TIME ( #6730, #9342 ) ;
#4200 = AXIS2_PLACEMENT_3D ( 'NONE', #1788, #6608, #846 ) ;
#4201 = EDGE_LOOP ( 'NONE', ( #1519, #3500, #6537, #7079 ) ) ;
#4202 = EDGE_LOOP ( 'NONE', ( #8929, #12045, #7543, #12354 ) ) ;
#4203 = ORIENTED_EDGE ( 'NONE', *, *, #6590, .T. ) ;
#4204 = CARTESIAN_POINT ( 'NONE',  ( 2.040103292525627500, 53.93517130343111200, 0.3434916777850856000 ) ) ;
#4205 = DIRECTION ( 'NONE',  ( 0.0000000000000000000, 0.0000000000000000000, 1.000000000000000000 ) ) ;
#4206 = DIRECTION ( 'NONE',  ( 0.0000000000000000000, -1.000000000000000000, 0.0000000000000000000 ) ) ;
#4207 = DIRECTION ( 'NONE',  ( 0.0000000000000000000, 1.000000000000000000, 0.0000000000000000000 ) ) ;
#4208 = DIRECTION ( 'NONE',  ( 0.0000000000000000000, 1.000000000000000000, -0.0000000000000000000 ) ) ;
#4209 = EDGE_CURVE ( 'NONE', #5813, #6067, #8439, .T. ) ;
#4210 = CONICAL_SURFACE ( 'NONE', #10651, 0.5560000000000002700, 0.06981317007976596500 ) ;
#4211 = CIRCLE ( 'NONE', #7221, 1.249999999999999300 ) ;
#4212 = EDGE_LOOP ( 'NONE', ( #10372, #10088, #12179, #1714 ) ) ;
#4213 = DIRECTION ( 'NONE',  ( -0.0000000000000000000, -1.000000000000000000, -0.0000000000000000000 ) ) ;
#4214 = EDGE_CURVE ( 'NONE', #7243, #2009, #1074, .T. ) ;
#4215 = DIRECTION ( 'NONE',  ( 0.0000000000000000000, 1.000000000000000000, -0.0000000000000000000 ) ) ;
#4216 = DIRECTION ( 'NONE',  ( -0.0000000000000000000, -0.0000000000000000000, -1.000000000000000000 ) ) ;
#4217 = CARTESIAN_POINT ( 'NONE',  ( 4.412424987297076900E-015, 2.800000000000002900, 7.700000000000012600 ) ) ;
#4218 = EDGE_LOOP ( 'NONE', ( #4017, #5902, #4499, #10541 ) ) ;
#4219 = ADVANCED_FACE ( 'NONE', ( #10731 ), #12259, .F. ) ;
#4220 = ORIENTED_EDGE ( 'NONE', *, *, #12111, .F. ) ;
#4221 = FACE_OUTER_BOUND ( 'NONE', #11801, .T. ) ;
#4222 = FACE_OUTER_BOUND ( 'NONE', #4201, .T. ) ;
#4223 = DIRECTION ( 'NONE',  ( -0.0000000000000000000, -1.000000000000000000, -0.0000000000000000000 ) ) ;
#4224 = AXIS2_PLACEMENT_3D ( 'NONE', #11735, #4956, #5921 ) ;
#4225 = ORIENTED_EDGE ( 'NONE', *, *, #7597, .F. ) ;
#4226 = EDGE_CURVE ( 'NONE', #8931, #9448, #763, .T. ) ;
#4227 = AXIS2_PLACEMENT_3D ( 'NONE', #11723, #11761, #8816 ) ;
#4228 = ORIENTED_EDGE ( 'NONE', *, *, #680, .F. ) ;
#4229 = DIRECTION ( 'NONE',  ( 0.0000000000000000000, 0.0000000000000000000, 1.000000000000000000 ) ) ;
#4230 = DIRECTION ( 'NONE',  ( 0.0000000000000000000, 1.000000000000000000, -0.0000000000000000000 ) ) ;
#4231 = CARTESIAN_POINT ( 'NONE',  ( 15.71441625783251400, 2.610000000000029200, -14.91795067099118200 ) ) ;
#4232 = ORIENTED_EDGE ( 'NONE', *, *, #4991, .T. ) ;
#4233 = CARTESIAN_POINT ( 'NONE',  ( 14.95019439558398800, 2.610000000000029200, -15.41723649745961700 ) ) ;
#4234 = DIRECTION ( 'NONE',  ( -0.0000000000000000000, -1.000000000000000000, 0.0000000000000000000 ) ) ;
#4235 = FACE_OUTER_BOUND ( 'NONE', #131, .T. ) ;
#4236 = CYLINDRICAL_SURFACE ( 'NONE', #11705, 2.000000000000000000 ) ;
#4237 = ORIENTED_EDGE ( 'NONE', *, *, #9903, .T. ) ;
#4238 = DIRECTION ( 'NONE',  ( -0.0000000000000000000, -1.000000000000000000, -0.0000000000000000000 ) ) ;
#4239 = VERTEX_POINT ( 'NONE', #2814 ) ;
#4240 = ORIENTED_EDGE ( 'NONE', *, *, #10057, .T. ) ;
#4241 = ORIENTED_EDGE ( 'NONE', *, *, #7345, .F. ) ;
#4242 = EDGE_CURVE ( 'NONE', #6661, #8038, #8127, .T. ) ;
#4243 = CARTESIAN_POINT ( 'NONE',  ( 3.469446951953614200E-015, 2.500000000000004000, 6.938893903907228400E-015 ) ) ;
#4244 = ADVANCED_FACE ( 'NONE', ( #1389, #3334 ), #8556, .T. ) ;
#4245 = DIRECTION ( 'NONE',  ( -0.5469441386039886100, 0.0000000000000000000, 0.8371691043312222700 ) ) ;
#4246 = FACE_BOUND ( 'NONE', #8294, .T. ) ;
#4248 = CARTESIAN_POINT ( 'NONE',  ( -15.50000000000000700, 34.00000000000000000, 15.50000000000000400 ) ) ;
#4247 = CIRCLE ( 'NONE', #6329, 2.749999999999998200 ) ;
#4249 = DIRECTION ( 'NONE',  ( 1.000000000000000000, -0.0000000000000000000, 0.0000000000000000000 ) ) ;
#4250 = VERTEX_POINT ( 'NONE', #2856 ) ;
#4251 = VERTEX_POINT ( 'NONE', #11304 ) ;
#4252 = ORIENTED_EDGE ( 'NONE', *, *, #2270, .F. ) ;
#4253 = DIRECTION ( 'NONE',  ( -0.0000000000000000000, -1.000000000000000000, 0.0000000000000000000 ) ) ;
#4254 = DIRECTION ( 'NONE',  ( 0.0000000000000000000, 0.0000000000000000000, 1.000000000000000000 ) ) ;
#4255 = CARTESIAN_POINT ( 'NONE',  ( 3.469446951953614200E-015, 2.500000000000004000, 6.938893903907228400E-015 ) ) ;
#4256 = ORIENTED_EDGE ( 'NONE', *, *, #2657, .T. ) ;
#4257 = DIRECTION ( 'NONE',  ( -1.000000000000000000, 0.0000000000000000000, -1.224646799147353200E-016 ) ) ;
#4258 = CYLINDRICAL_SURFACE ( 'NONE', #5661, 1.249999999999999300 ) ;
#4259 = VECTOR ( 'NONE', #10825, 1000.000000000000000 ) ;
#4260 = AXIS2_PLACEMENT_3D ( 'NONE', #3551, #10299, #4514 ) ;
#4261 = EDGE_CURVE ( 'NONE', #7687, #6235, #458, .T. ) ;
#4262 = EDGE_LOOP ( 'NONE', ( #10271, #7811, #5449, #2825 ) ) ;
#4263 = AXIS2_PLACEMENT_3D ( 'NONE', #7653, #2884, #9638 ) ;
#4264 = CARTESIAN_POINT ( 'NONE',  ( 14.67958379209400900, 2.581370849898507300, -14.24424634350316400 ) ) ;
#4265 = VERTEX_POINT ( 'NONE', #4793 ) ;
#4266 = ORIENTED_EDGE ( 'NONE', *, *, #910, .T. ) ;
#4267 = CARTESIAN_POINT ( 'NONE',  ( -16.01066363930343100, 0.6000000000000063100, 16.95812298778031400 ) ) ;
#4268 = LINE ( 'NONE', #3902, #6799 ) ;
#4269 = ORIENTED_EDGE ( 'NONE', *, *, #7928, .T. ) ;
#4270 = FACE_OUTER_BOUND ( 'NONE', #742, .T. ) ;
#4271 = FACE_OUTER_BOUND ( 'NONE', #3059, .T. ) ;
#4272 = DIRECTION ( 'NONE',  ( 0.0000000000000000000, 1.000000000000000000, 0.0000000000000000000 ) ) ;
#4273 = CARTESIAN_POINT ( 'NONE',  ( 17.00409638116097000, 0.6000000000000276200, 13.19778496308914300 ) ) ;
#4274 = VERTEX_POINT ( 'NONE', #10577 ) ;
#4275 = AXIS2_PLACEMENT_3D ( 'NONE', #7290, #1549, #8251 ) ;
#4277 = EDGE_LOOP ( 'NONE', ( #12231, #9495, #4989, #4560, #4969, #9356, #467, #10453 ) ) ;
#4276 = ORIENTED_EDGE ( 'NONE', *, *, #9861, .F. ) ;
#4278 = VERTEX_POINT ( 'NONE', #11562 ) ;
#4279 = DIRECTION ( 'NONE',  ( 0.0000000000000000000, 1.000000000000000000, -0.0000000000000000000 ) ) ;
#4280 = VECTOR ( 'NONE', #4213, 1000.000000000000000 ) ;
#4281 = CARTESIAN_POINT ( 'NONE',  ( 0.0000000000000000000, 8.500000000000000000, 21.00000000000000400 ) ) ;
#4282 = ORIENTED_EDGE ( 'NONE', *, *, #3633, .T. ) ;
#4283 = ADVANCED_FACE ( 'NONE', ( #10434 ), #2733, .F. ) ;
#4284 = EDGE_CURVE ( 'NONE', #8775, #11220, #3031, .T. ) ;
#4285 = CIRCLE ( 'NONE', #3460, 1.250000000000011500 ) ;
#4286 = LINE ( 'NONE', #11108, #11699 ) ;
#4287 = ORIENTED_EDGE ( 'NONE', *, *, #9478, .F. ) ;
#4288 = DIRECTION ( 'NONE',  ( -0.7071067811865474600, -0.0000000000000000000, 0.7071067811865474600 ) ) ;
#4289 = CARTESIAN_POINT ( 'NONE',  ( 20.41421356237308900, 23.40000000000000600, -17.78578643762690300 ) ) ;
#4290 = CARTESIAN_POINT ( 'NONE',  ( 14.44661567478664600, 0.6000000000000276200, 14.36983122349147000 ) ) ;
#4291 = CARTESIAN_POINT ( 'NONE',  ( -16.95812298778031400, 0.6000000000000063100, 14.98933636069657300 ) ) ;
#4292 = CARTESIAN_POINT ( 'NONE',  ( -15.50000000000000700, 2.581370849898484200, 15.50000000000000400 ) ) ;
#4293 = VECTOR ( 'NONE', #6403, 1000.000000000000000 ) ;
#4294 = ORIENTED_EDGE ( 'NONE', *, *, #10824, .T. ) ;
#4295 = AXIS2_PLACEMENT_3D ( 'NONE', #10497, #4712, #11474 ) ;
#4296 = EDGE_LOOP ( 'NONE', ( #6386, #8847 ) ) ;
#4297 = FACE_BOUND ( 'NONE', #5589, .T. ) ;
#4298 = ORIENTED_EDGE ( 'NONE', *, *, #6582, .T. ) ;
#4299 = CARTESIAN_POINT ( 'NONE',  ( 15.49999999999999300, 33.70000000000000300, 15.50000000000000400 ) ) ;
#4300 = CARTESIAN_POINT ( 'NONE',  ( -15.50000000000000700, 26.00000000000000400, -14.24999999999998600 ) ) ;
#4301 = EDGE_CURVE ( 'NONE', #8252, #8764, #5597, .T. ) ;
#4302 = DIRECTION ( 'NONE',  ( 1.084202172485504400E-016, -1.000000000000000000, 0.0000000000000000000 ) ) ;
#4303 = ORIENTED_EDGE ( 'NONE', *, *, #518, .T. ) ;
#4304 = VECTOR ( 'NONE', #9776, 1000.000000000000000 ) ;
#4305 = AXIS2_PLACEMENT_3D ( 'NONE', #9819, #4030, #10792 ) ;
#4306 = LINE ( 'NONE', #8311, #9447 ) ;
#4307 = VERTEX_POINT ( 'NONE', #959 ) ;
#4308 = ADVANCED_FACE ( 'NONE', ( #10129 ), #2432, .T. ) ;
#4309 = CYLINDRICAL_SURFACE ( 'NONE', #4224, 1.999999999999998200 ) ;
#4310 = VERTEX_POINT ( 'NONE', #2940 ) ;
#4311 = ORIENTED_EDGE ( 'NONE', *, *, #1177, .F. ) ;
#4312 = CARTESIAN_POINT ( 'NONE',  ( -14.24424634350317300, 29.60000000000003300, -14.67958379209401300 ) ) ;
#4313 = CARTESIAN_POINT ( 'NONE',  ( -14.04187701221969700, 0.6000000000000319500, -14.98933636069656600 ) ) ;
#4314 = FACE_OUTER_BOUND ( 'NONE', #8945, .T. ) ;
#4315 = CARTESIAN_POINT ( 'NONE',  ( 15.71441625783251400, 2.610000000000029200, -14.91795067099118200 ) ) ;
#4316 = AXIS2_PLACEMENT_3D ( 'NONE', #5605, #12388, #6564 ) ;
#4317 = CYLINDRICAL_SURFACE ( 'NONE', #9755, 0.5000000000000004400 ) ;
#4318 = EDGE_CURVE ( 'NONE', #7658, #2041, #10339, .T. ) ;
#4319 = LINE ( 'NONE', #1228, #4009 ) ;
#4320 = CARTESIAN_POINT ( 'NONE',  ( 3.469446951953614200E-015, 3.770162612375117700, 6.938893903907228400E-015 ) ) ;
#4321 = EDGE_LOOP ( 'NONE', ( #4225, #10099, #5722, #12135 ) ) ;
#4322 = EDGE_CURVE ( 'NONE', #5493, #1690, #150, .T. ) ;
#4323 = ORIENTED_EDGE ( 'NONE', *, *, #10421, .T. ) ;
#4324 = CARTESIAN_POINT ( 'NONE',  ( -15.48696935691685900, 0.6000000000000319500, -16.19643099708684300 ) ) ;
#4325 = ORIENTED_EDGE ( 'NONE', *, *, #8272, .F. ) ;
#4326 = CARTESIAN_POINT ( 'NONE',  ( -16.37157287525380400, 12.00000000000000000, 19.00000000000000400 ) ) ;
#4327 = CARTESIAN_POINT ( 'NONE',  ( -15.48277406361290800, 1.270265698095189900, -14.84988063100717600 ) ) ;
#4328 = CIRCLE ( 'NONE', #7800, 2.500000000000000000 ) ;
#4329 = CARTESIAN_POINT ( 'NONE',  ( -15.21860959775619500, 2.610000000000031400, -15.02046330534038500 ) ) ;
#4330 = ORIENTED_EDGE ( 'NONE', *, *, #3374, .F. ) ;
#4331 = CARTESIAN_POINT ( 'NONE',  ( 18.74644660940672800, 33.50000000000000000, 18.74644660940672500 ) ) ;
#4332 = FACE_OUTER_BOUND ( 'NONE', #7105, .T. ) ;
#4333 = AXIS2_PLACEMENT_3D ( 'NONE', #2751, #10479, #3713 ) ;
#4334 = EDGE_CURVE ( 'NONE', #12406, #12113, #5293, .T. ) ;
#4335 = AXIS2_PLACEMENT_3D ( 'NONE', #1704, #5007, #2741 ) ;
#4336 = VERTEX_POINT ( 'NONE', #8658 ) ;
#4337 = CARTESIAN_POINT ( 'NONE',  ( 19.10000000000000100, 34.00000000000000000, -19.09999999999999100 ) ) ;
#4338 = CARTESIAN_POINT ( 'NONE',  ( 6.938893903907228400E-015, 29.59999999999999800, 3.469446951953614200E-015 ) ) ;
#4339 = DIRECTION ( 'NONE',  ( 0.5469441386039857200, 0.0000000000000000000, -0.8371691043312240500 ) ) ;
#4340 = CARTESIAN_POINT ( 'NONE',  ( 7.918611343225109600E-015, 34.60000000000000900, 8.000000000000003600 ) ) ;
#4341 = ORIENTED_EDGE ( 'NONE', *, *, #2062, .F. ) ;
#4342 = ADVANCED_FACE ( 'NONE', ( #7520 ), #9740, .F. ) ;
#4343 = VECTOR ( 'NONE', #11180, 999.9999999999998900 ) ;
#4344 = DIRECTION ( 'NONE',  ( 0.0000000000000000000, -1.000000000000000000, 0.0000000000000000000 ) ) ;
#4345 = CARTESIAN_POINT ( 'NONE',  ( -14.95019439558400300, 2.610000000000031400, -15.58276350254037500 ) ) ;
#4346 = ORIENTED_EDGE ( 'NONE', *, *, #11953, .F. ) ;
#4347 = ORIENTED_EDGE ( 'NONE', *, *, #6557, .T. ) ;
#4348 = PLANE ( 'NONE',  #8426 ) ;
#4349 = EDGE_CURVE ( 'NONE', #11950, #3997, #7231, .T. ) ;
#4350 = AXIS2_PLACEMENT_3D ( 'NONE', #7711, #1982, #8693 ) ;
#4351 = PLANE ( 'NONE',  #9198 ) ;
#4352 = EDGE_CURVE ( 'NONE', #3753, #10147, #4692, .T. ) ;
#4353 = FACE_OUTER_BOUND ( 'NONE', #5375, .T. ) ;
#4355 = DIRECTION ( 'NONE',  ( -0.0000000000000000000, -1.000000000000000000, 0.0000000000000000000 ) ) ;
#4354 = FACE_BOUND ( 'NONE', #11836, .T. ) ;
#4356 = ORIENTED_EDGE ( 'NONE', *, *, #3212, .F. ) ;
#4357 = CARTESIAN_POINT ( 'NONE',  ( 0.0000000000000000000, 0.0000000000000000000, 18.20000000000000300 ) ) ;
#4358 = DIRECTION ( 'NONE',  ( 0.0000000000000000000, 0.0000000000000000000, 1.000000000000000000 ) ) ;
#4359 = DIRECTION ( 'NONE',  ( 0.0000000000000000000, 0.0000000000000000000, -1.000000000000000000 ) ) ;
#4360 =( BOUNDED_CURVE ( )  B_SPLINE_CURVE ( 3, ( #7720, #1091, #2076, #8793 ),
 .UNSPECIFIED., .F., .F. ) 
 B_SPLINE_CURVE_WITH_KNOTS ( ( 4, 4 ),
 ( -8.881784197001252300E-015, 0.5283884945424923700 ),
 .UNSPECIFIED. ) 
 CURVE ( )  GEOMETRIC_REPRESENTATION_ITEM ( )  RATIONAL_B_SPLINE_CURVE ( ( 1.000000000000000000, 0.9768688144526042100, 0.9768688144526042100, 1.000000000000000000 ) ) 
 REPRESENTATION_ITEM ( '' )  );
#4361 = AXIS2_PLACEMENT_3D ( 'NONE', #12341, #4595, #6514 ) ;
#4362 = DIRECTION ( 'NONE',  ( -1.000000000000000000, -0.0000000000000000000, -0.0000000000000000000 ) ) ;
#4363 = ADVANCED_FACE ( 'NONE', ( #4986 ), #3024, .F. ) ;
#4364 = CIRCLE ( 'NONE', #9597, 4.150000000000001200 ) ;
#4365 = LINE ( 'NONE', #9293, #1809 ) ;
#4366 = CARTESIAN_POINT ( 'NONE',  ( 16.75575365649683900, 29.60000000000003000, 16.32041620790598900 ) ) ;
#4367 = CARTESIAN_POINT ( 'NONE',  ( 6.938893903907228400E-015, 33.32983738762488500, 3.469446951953614200E-015 ) ) ;
#4368 = ORIENTED_EDGE ( 'NONE', *, *, #11551, .T. ) ;
#4369 = PLANE ( 'NONE',  #6621 ) ;
#4370 = CARTESIAN_POINT ( 'NONE',  ( -15.45154568734832200, 1.940406951505565500, -14.89767972042400100 ) ) ;
#4371 = DIRECTION ( 'NONE',  ( 0.0000000000000000000, 1.000000000000000000, -0.0000000000000000000 ) ) ;
#4372 = CARTESIAN_POINT ( 'NONE',  ( 14.89767972042400900, 1.940406951505562600, 15.54845431265168900 ) ) ;
#4373 = EDGE_CURVE ( 'NONE', #3327, #5331, #6924, .T. ) ;
#4374 = VERTEX_POINT ( 'NONE', #6877 ) ;
#4375 = ORIENTED_EDGE ( 'NONE', *, *, #5708, .T. ) ;
#4376 = DIRECTION ( 'NONE',  ( -0.0000000000000000000, -1.000000000000000000, 0.0000000000000000000 ) ) ;
#4377 = DIRECTION ( 'NONE',  ( -0.3735429735244764600, 0.8949343913984425500, -0.2440452458516482700 ) ) ;
#4378 = VECTOR ( 'NONE', #7702, 1000.000000000000200 ) ;
#4379 = FACE_OUTER_BOUND ( 'NONE', #10441, .T. ) ;
#4380 = DIRECTION ( 'NONE',  ( 0.0000000000000000000, 1.000000000000000000, 0.0000000000000000000 ) ) ;
#4381 = ORIENTED_EDGE ( 'NONE', *, *, #3018, .F. ) ;
#4382 = CARTESIAN_POINT ( 'NONE',  ( 6.938893903907228400E-015, 32.09999999999999400, 5.250000000000003600 ) ) ;
#4383 = ORIENTED_EDGE ( 'NONE', *, *, #507, .F. ) ;
#4384 = EDGE_LOOP ( 'NONE', ( #4029, #346 ) ) ;
#4385 = ORIENTED_EDGE ( 'NONE', *, *, #10659, .T. ) ;
#4386 = EDGE_CURVE ( 'NONE', #3128, #4336, #4387, .T. ) ;
#4387 = CIRCLE ( 'NONE', #4305, 0.5559999999999988300 ) ;
#4388 = FACE_OUTER_BOUND ( 'NONE', #10246, .T. ) ;
#4389 = ORIENTED_EDGE ( 'NONE', *, *, #6485, .T. ) ;
#4390 = CARTESIAN_POINT ( 'NONE',  ( -16.01066363930343100, 0.6000000000000063100, 16.95812298778031400 ) ) ;
#4391 = EDGE_CURVE ( 'NONE', #2578, #9468, #2142, .T. ) ;
#4392 = DIRECTION ( 'NONE',  ( 0.0000000000000000000, 1.000000000000000000, -0.0000000000000000000 ) ) ;
#4393 = CARTESIAN_POINT ( 'NONE',  ( -20.41421356237307400, 23.40000000000000600, 17.78578643762691100 ) ) ;
#4395 = ORIENTED_EDGE ( 'NONE', *, *, #8380, .T. ) ;
#4394 = VERTEX_POINT ( 'NONE', #1089 ) ;
#4396 = ORIENTED_EDGE ( 'NONE', *, *, #12239, .T. ) ;
#4397 = ORIENTED_EDGE ( 'NONE', *, *, #10014, .F. ) ;
#4398 = ORIENTED_EDGE ( 'NONE', *, *, #12484, .F. ) ;
#4399 = VECTOR ( 'NONE', #10109, 1000.000000000000000 ) ;
#4400 = LINE ( 'NONE', #11777, #9534 ) ;
#4401 = ADVANCED_FACE ( 'NONE', ( #9221 ), #8900, .F. ) ;
#4402 = ORIENTED_EDGE ( 'NONE', *, *, #4615, .F. ) ;
#4403 = AXIS2_PLACEMENT_3D ( 'NONE', #1601, #8312, #2562 ) ;
#4404 = EDGE_CURVE ( 'NONE', #11491, #10317, #11494, .T. ) ;
#4405 = AXIS2_PLACEMENT_3D ( 'NONE', #8899, #11980, #1335 ) ;
#4406 = DIRECTION ( 'NONE',  ( 0.0000000000000000000, 1.000000000000000000, 0.0000000000000000000 ) ) ;
#4408 = EDGE_LOOP ( 'NONE', ( #5757, #11453 ) ) ;
#4407 = ORIENTED_EDGE ( 'NONE', *, *, #3582, .T. ) ;
#4409 = EDGE_LOOP ( 'NONE', ( #5898, #11775, #12100, #6646 ) ) ;
#4410 = DIRECTION ( 'NONE',  ( 0.0000000000000000000, 0.0000000000000000000, -1.000000000000000000 ) ) ;
#4411 = ORIENTED_EDGE ( 'NONE', *, *, #10545, .T. ) ;
#4412 = DIRECTION ( 'NONE',  ( 0.0000000000000000000, 0.0000000000000000000, -1.000000000000000000 ) ) ;
#4413 = DIRECTION ( 'NONE',  ( 0.0000000000000000000, 0.0000000000000000000, 1.000000000000000000 ) ) ;
#4414 = DIRECTION ( 'NONE',  ( 0.6440682147678800100, 0.7071067811865440200, 0.2918495069821444000 ) ) ;
#4415 = CARTESIAN_POINT ( 'NONE',  ( 17.14999999999998400, 26.00000000000000400, 13.13154598666892500 ) ) ;
#4416 = CARTESIAN_POINT ( 'NONE',  ( 14.84988063100718300, 1.270265698095185900, 15.51722593638710300 ) ) ;
#4417 = FACE_OUTER_BOUND ( 'NONE', #8431, .T. ) ;
#4418 = CYLINDRICAL_SURFACE ( 'NONE', #8340, 25.60000000000000500 ) ;
#4419 = ORIENTED_EDGE ( 'NONE', *, *, #6275, .F. ) ;
#4420 = ORIENTED_EDGE ( 'NONE', *, *, #116, .F. ) ;
#4421 = DIRECTION ( 'NONE',  ( -0.0000000000000000000, -0.0000000000000000000, -1.000000000000000000 ) ) ;
#4422 = ORIENTED_EDGE ( 'NONE', *, *, #8485, .T. ) ;
#4423 = CARTESIAN_POINT ( 'NONE',  ( 3.977675373599766000E-015, 6.229837387624887600, 4.150000000000007500 ) ) ;
#4424 = EDGE_CURVE ( 'NONE', #6895, #10189, #1535, .T. ) ;
#4425 = AXIS2_PLACEMENT_3D ( 'NONE', #10152, #4371, #11134 ) ;
#4426 = LINE ( 'NONE', #704, #4112 ) ;
#4427 = EDGE_LOOP ( 'NONE', ( #1184, #10286, #849, #2588 ) ) ;
#4428 = AXIS2_PLACEMENT_3D ( 'NONE', #3671, #10382, #10427 ) ;
#4429 = FACE_OUTER_BOUND ( 'NONE', #10022, .T. ) ;
#4430 = CONICAL_SURFACE ( 'NONE', #3667, 0.5560000000000002700, 0.06981317007976596500 ) ;
#4431 = DIRECTION ( 'NONE',  ( 1.000000000000000000, -0.0000000000000000000, 0.0000000000000000000 ) ) ;
#4432 = DIRECTION ( 'NONE',  ( 0.0000000000000000000, 0.0000000000000000000, 1.000000000000000000 ) ) ;
#4433 = ORIENTED_EDGE ( 'NONE', *, *, #5770, .F. ) ;
#4434 = EDGE_CURVE ( 'NONE', #3719, #1690, #6630, .T. ) ;
#4435 = ADVANCED_FACE ( 'NONE', ( #1833 ), #6333, .T. ) ;
#4436 = DIRECTION ( 'NONE',  ( -0.8371691043312248200, 0.0000000000000000000, -0.5469441386039847200 ) ) ;
#4437 = CARTESIAN_POINT ( 'NONE',  ( 20.49999999999999600, 33.50000000000000000, 3.469446951953614200E-015 ) ) ;
#4438 = DIRECTION ( 'NONE',  ( -0.0000000000000000000, -1.000000000000000000, 0.0000000000000000000 ) ) ;
#4439 = EDGE_LOOP ( 'NONE', ( #7106, #9040, #5718 ) ) ;
#4440 = CARTESIAN_POINT ( 'NONE',  ( -15.50000000000000700, 26.00000000000000400, -15.49999999999999600 ) ) ;
#4441 = DIRECTION ( 'NONE',  ( 0.5469441386039891600, 0.0000000000000000000, -0.8371691043312219400 ) ) ;
#4442 = LINE ( 'NONE', #4801, #8949 ) ;
#4443 = CARTESIAN_POINT ( 'NONE',  ( 20.41421356237308900, 23.40000000000000600, -17.78578643762690300 ) ) ;
#4444 = ORIENTED_EDGE ( 'NONE', *, *, #2062, .T. ) ;
#4445 = B_SPLINE_CURVE_WITH_KNOTS ( 'NONE', 3,
 ( #11466, #818, #6583, #5668 ),
 .UNSPECIFIED., .F., .F.,
 ( 4, 4 ),
 ( 0.001380840031772738700, 0.003398373201762472700 ),
 .UNSPECIFIED. ) ;
#4446 = DIRECTION ( 'NONE',  ( 0.0000000000000000000, 1.000000000000000000, 0.0000000000000000000 ) ) ;
#4447 = LINE ( 'NONE', #2091, #11861 ) ;
#4448 = AXIS2_PLACEMENT_3D ( 'NONE', #7236, #1500, #8206 ) ;
#4449 = ORIENTED_EDGE ( 'NONE', *, *, #9279, .F. ) ;
#4450 = ORIENTED_EDGE ( 'NONE', *, *, #2882, .F. ) ;
#4451 = EDGE_CURVE ( 'NONE', #10043, #6380, #11805, .T. ) ;
#4452 = CARTESIAN_POINT ( 'NONE',  ( 14.55142680868051000, 2.015685424949268200, -14.04808542057616600 ) ) ;
#4453 = CYLINDRICAL_SURFACE ( 'NONE', #4263, 11.00000000000000500 ) ;
#4454 = ORIENTED_EDGE ( 'NONE', *, *, #1256, .T. ) ;
#4455 = DIRECTION ( 'NONE',  ( 0.0000000000000000000, 0.0000000000000000000, -1.000000000000000000 ) ) ;
#4456 = VECTOR ( 'NONE', #10237, 1000.000000000000000 ) ;
#4457 = DIRECTION ( 'NONE',  ( 0.0000000000000000000, 1.000000000000000000, 0.0000000000000000000 ) ) ;
#4458 = ORIENTED_EDGE ( 'NONE', *, *, #11649, .T. ) ;
#4459 = EDGE_LOOP ( 'NONE', ( #10749, #9751, #7570, #9883 ) ) ;
#4460 = LINE ( 'NONE', #471, #8660 ) ;
#4461 = LINE ( 'NONE', #3941, #8974 ) ;
#4462 = VERTEX_POINT ( 'NONE', #11868 ) ;
#4463 = DIRECTION ( 'NONE',  ( -0.0000000000000000000, -1.000000000000000000, 0.0000000000000000000 ) ) ;
#4464 = DIRECTION ( 'NONE',  ( 0.0000000000000000000, 1.000000000000000000, -0.0000000000000000000 ) ) ;
#4465 = CIRCLE ( 'NONE', #405, 6.350000000000005000 ) ;
#4466 = DIRECTION ( 'NONE',  ( 0.0000000000000000000, 1.000000000000000000, -0.0000000000000000000 ) ) ;
#4467 = DIRECTION ( 'NONE',  ( -0.0000000000000000000, -1.000000000000000000, 0.0000000000000000000 ) ) ;
#4468 = ORIENTED_EDGE ( 'NONE', *, *, #7162, .F. ) ;
#4469 = EDGE_CURVE ( 'NONE', #6580, #3358, #1222, .T. ) ;
#4470 = CARTESIAN_POINT ( 'NONE',  ( -16.13253578028826100, 0.6000000000000319500, -15.20830766548010300 ) ) ;
#4471 = AXIS2_PLACEMENT_3D ( 'NONE', #5702, #12497, #6657 ) ;
#4472 = ADVANCED_FACE ( 'NONE', ( #3776 ), #8285, .F. ) ;
#4473 = CARTESIAN_POINT ( 'NONE',  ( 14.04187701221968400, 0.6000000000000297300, -16.01066363930342700 ) ) ;
#4474 = ORIENTED_EDGE ( 'NONE', *, *, #6291, .F. ) ;
#4475 = CARTESIAN_POINT ( 'NONE',  ( 16.37157287525380800, 0.0000000000000000000, 20.50000000000000400 ) ) ;
#4476 = EDGE_LOOP ( 'NONE', ( #10542, #348, #1602, #161 ) ) ;
#4477 = CARTESIAN_POINT ( 'NONE',  ( 6.938893903907228400E-015, 34.29999999999999700, 3.469446951953614200E-015 ) ) ;
#4478 = EDGE_LOOP ( 'NONE', ( #1080, #11103, #657, #9973 ) ) ;
#4479 = LINE ( 'NONE', #12421, #1918 ) ;
#4480 = DIRECTION ( 'NONE',  ( -0.0000000000000000000, -1.000000000000000000, 0.0000000000000000000 ) ) ;
#4481 = VECTOR ( 'NONE', #3513, 1000.000000000000000 ) ;
#4482 = DIRECTION ( 'NONE',  ( 0.0000000000000000000, 1.000000000000000000, -0.0000000000000000000 ) ) ;
#4483 = AXIS2_PLACEMENT_3D ( 'NONE', #4550, #11301, #5522 ) ;
#4484 = EDGE_LOOP ( 'NONE', ( #5434, #6394, #6198, #11061 ) ) ;
#4485 = EDGE_CURVE ( 'NONE', #1398, #6955, #10880, .T. ) ;
#4486 = CARTESIAN_POINT ( 'NONE',  ( 16.10232027957599900, 1.940406951505562000, 15.45154568734832300 ) ) ;
#4487 = EDGE_CURVE ( 'NONE', #11746, #6955, #8045, .T. ) ;
#4488 = FACE_OUTER_BOUND ( 'NONE', #12546, .T. ) ;
#4489 = DIRECTION ( 'NONE',  ( -1.000000000000000000, -0.0000000000000000000, 1.224646799147353200E-016 ) ) ;
#4490 = CIRCLE ( 'NONE', #7476, 0.5560000000000012700 ) ;
#4491 = ORIENTED_EDGE ( 'NONE', *, *, #11091, .F. ) ;
#4492 = DIRECTION ( 'NONE',  ( 0.0000000000000000000, 0.0000000000000000000, -1.000000000000000000 ) ) ;
#4493 = ADVANCED_FACE ( 'NONE', ( #6028 ), #6131, .F. ) ;
#4494 = ORIENTED_EDGE ( 'NONE', *, *, #8898, .F. ) ;
#4495 = ORIENTED_EDGE ( 'NONE', *, *, #2785, .T. ) ;
#4496 = APPLICATION_CONTEXT ( 'configuration controlled 3d designs of mechanical parts and assemblies' ) ;
#4497 = CARTESIAN_POINT ( 'NONE',  ( 6.938893903907228400E-015, 34.29999999999999700, -2.499999999999996400 ) ) ;
#4498 = CARTESIAN_POINT ( 'NONE',  ( 15.71441625783251400, 2.610000000000029200, -14.91795067099118200 ) ) ;
#4499 = ORIENTED_EDGE ( 'NONE', *, *, #11367, .F. ) ;
#4500 = AXIS2_PLACEMENT_3D ( 'NONE', #1189, #5064, #204 ) ;
#4501 = EDGE_CURVE ( 'NONE', #9822, #8137, #912, .T. ) ;
#4502 = AXIS2_PLACEMENT_3D ( 'NONE', #9226, #12209, #6383 ) ;
#4503 = FACE_OUTER_BOUND ( 'NONE', #7823, .T. ) ;
#4504 = PERSON_AND_ORGANIZATION ( #9551, #9632 ) ;
#4505 = ORIENTED_EDGE ( 'NONE', *, *, #3981, .F. ) ;
#4506 = DIRECTION ( 'NONE',  ( 0.0000000000000000000, 1.000000000000000000, -0.0000000000000000000 ) ) ;
#4507 = ORIENTED_EDGE ( 'NONE', *, *, #5876, .T. ) ;
#4508 = CARTESIAN_POINT ( 'NONE',  ( 15.58276350254037400, 2.610000000000029200, -14.95019439558399200 ) ) ;
#4509 = CARTESIAN_POINT ( 'NONE',  ( -16.10232027957600200, 1.940406951505566200, -15.45154568734831500 ) ) ;
#4510 = DIRECTION ( 'NONE',  ( 0.7071067811865475700, 0.0000000000000000000, -0.7071067811865475700 ) ) ;
#4511 = ORIENTED_EDGE ( 'NONE', *, *, #10255, .T. ) ;
#4512 = CARTESIAN_POINT ( 'NONE',  ( 15.53745580819629500, 2.610000000000027400, 16.11915492039947400 ) ) ;
#4513 = ORIENTED_EDGE ( 'NONE', *, *, #12385, .T. ) ;
#4514 = DIRECTION ( 'NONE',  ( 0.0000000000000000000, 0.0000000000000000000, 1.000000000000000000 ) ) ;
#4515 = VECTOR ( 'NONE', #4016, 1000.000000000000000 ) ;
#4516 = LINE ( 'NONE', #7718, #1959 ) ;
#4517 = AXIS2_PLACEMENT_3D ( 'NONE', #12004, #6177, #408 ) ;
#4518 = ORIENTED_EDGE ( 'NONE', *, *, #4638, .F. ) ;
#4519 = AXIS2_PLACEMENT_3D ( 'NONE', #4574, #11326, #5543 ) ;
#4520 = CARTESIAN_POINT ( 'NONE',  ( 15.46254419180371200, 2.610000000000027400, 14.88084507960053500 ) ) ;
#4521 = VERTEX_POINT ( 'NONE', #2318 ) ;
#4522 = EDGE_CURVE ( 'NONE', #334, #3591, #8575, .T. ) ;
#4523 = DIRECTION ( 'NONE',  ( -0.0000000000000000000, -1.000000000000000000, 0.0000000000000000000 ) ) ;
#4524 =( BOUNDED_CURVE ( )  B_SPLINE_CURVE ( 3, ( #141, #7795, #92, #6878 ),
 .UNSPECIFIED., .F., .T. ) 
 B_SPLINE_CURVE_WITH_KNOTS ( ( 4, 4 ),
 ( 5.754796812637098700, 6.283185307179584500 ),
 .UNSPECIFIED. ) 
 CURVE ( )  GEOMETRIC_REPRESENTATION_ITEM ( )  RATIONAL_B_SPLINE_CURVE ( ( 1.000000000000000000, 0.9768688144526055400, 0.9768688144526055400, 1.000000000000000000 ) ) 
 REPRESENTATION_ITEM ( '' )  );
#4525 = FACE_OUTER_BOUND ( 'NONE', #10918, .T. ) ;
#4526 = CIRCLE ( 'NONE', #8581, 1.250000000000011500 ) ;
#4527 = CARTESIAN_POINT ( 'NONE',  ( -1.146920613196742700, 6.110050607254169800, 28.20000000000000300 ) ) ;
#4528 = DIRECTION ( 'NONE',  ( 0.2440452458516470500, 0.8949343913984425500, -0.3735429735244772400 ) ) ;
#4529 = ORIENTED_EDGE ( 'NONE', *, *, #100, .T. ) ;
#4530 = ADVANCED_FACE ( 'NONE', ( #3483 ), #10037, .T. ) ;
#4531 = ORIENTED_EDGE ( 'NONE', *, *, #2722, .T. ) ;
#4532 = ORIENTED_EDGE ( 'NONE', *, *, #10771, .F. ) ;
#4533 = AXIS2_PLACEMENT_3D ( 'NONE', #4382, #11144, #5351 ) ;
#4534 = EDGE_LOOP ( 'NONE', ( #9999, #2430 ) ) ;
#4535 = PLANE ( 'NONE',  #9154 ) ;
#4536 = ORIENTED_EDGE ( 'NONE', *, *, #2216, .F. ) ;
#4537 = VECTOR ( 'NONE', #10241, 1000.000000000000200 ) ;
#4539 = DIRECTION ( 'NONE',  ( -0.0000000000000000000, -1.000000000000000000, -0.0000000000000000000 ) ) ;
#4538 = CIRCLE ( 'NONE', #9752, 0.4999999999999982200 ) ;
#4540 = SECURITY_CLASSIFICATION_LEVEL ( 'unclassified' ) ;
#4541 = DIRECTION ( 'NONE',  ( -0.5469441386039886100, 0.0000000000000000000, 0.8371691043312222700 ) ) ;
#4542 = ORIENTED_EDGE ( 'NONE', *, *, #1870, .T. ) ;
#4543 = PLANE ( 'NONE',  #10875 ) ;
#4544 = EDGE_CURVE ( 'NONE', #7818, #10886, #11192, .T. ) ;
#4545 = AXIS2_PLACEMENT_3D ( 'NONE', #8230, #9236, #3449 ) ;
#4546 = ORIENTED_EDGE ( 'NONE', *, *, #11183, .T. ) ;
#4547 = EDGE_LOOP ( 'NONE', ( #9733, #1641 ) ) ;
#4548 = ORIENTED_EDGE ( 'NONE', *, *, #10688, .F. ) ;
#4549 = ORIENTED_EDGE ( 'NONE', *, *, #8296, .T. ) ;
#4550 = CARTESIAN_POINT ( 'NONE',  ( 3.598034865864086700E-014, 35.50000000000000700, -10.49999999999997300 ) ) ;
#4551 = CARTESIAN_POINT ( 'NONE',  ( 20.99999999999999600, 34.00000000000000000, -16.37157287525381100 ) ) ;
#4552 = EDGE_CURVE ( 'NONE', #1864, #3330, #611, .T. ) ;
#4553 = DIRECTION ( 'NONE',  ( 0.0000000000000000000, 1.000000000000000000, 0.0000000000000000000 ) ) ;
#4554 = CARTESIAN_POINT ( 'NONE',  ( 14.04187701221969500, 0.6000000000000276200, 14.98933636069657500 ) ) ;
#4555 = CIRCLE ( 'NONE', #1966, 8.000000000000000000 ) ;
#4556 = LINE ( 'NONE', #10205, #11972 ) ;
#4557 = ORIENTED_EDGE ( 'NONE', *, *, #9192, .T. ) ;
#4558 = DIRECTION ( 'NONE',  ( -1.000000000000000000, 0.0000000000000000000, 0.0000000000000000000 ) ) ;
#4559 = DIRECTION ( 'NONE',  ( -0.3735429735244764600, 0.8949343913984425500, -0.2440452458516482500 ) ) ;
#4560 = ORIENTED_EDGE ( 'NONE', *, *, #7480, .F. ) ;
#4561 = ADVANCED_FACE ( 'NONE', ( #5444 ), #10280, .F. ) ;
#4562 = DIRECTION ( 'NONE',  ( -1.000000000000000000, 0.0000000000000000000, 0.0000000000000000000 ) ) ;
#4563 = ORIENTED_EDGE ( 'NONE', *, *, #8282, .T. ) ;
#4564 = EDGE_CURVE ( 'NONE', #12126, #7843, #308, .T. ) ;
#4565 = VERTEX_POINT ( 'NONE', #2392 ) ;
#4566 = EDGE_CURVE ( 'NONE', #2237, #5696, #3187, .T. ) ;
#4567 = VECTOR ( 'NONE', #9612, 1000.000000000000000 ) ;
#4568 = FACE_OUTER_BOUND ( 'NONE', #3561, .T. ) ;
#4569 = CARTESIAN_POINT ( 'NONE',  ( 4.247097669412184600E-015, 25.63749999999999900, 6.350000000000012100 ) ) ;
#4570 = DIRECTION ( 'NONE',  ( -0.0000000000000000000, -1.000000000000000000, -0.0000000000000000000 ) ) ;
#4571 = ORIENTED_EDGE ( 'NONE', *, *, #10421, .F. ) ;
#4572 = VERTEX_POINT ( 'NONE', #6256 ) ;
#4573 = ORIENTED_EDGE ( 'NONE', *, *, #9440, .T. ) ;
#4574 = CARTESIAN_POINT ( 'NONE',  ( -17.43223304703361600, 33.50000000000000000, 20.06066017177982600 ) ) ;
#4575 = CYLINDRICAL_SURFACE ( 'NONE', #6276, 4.150000000000001200 ) ;
#4576 = CARTESIAN_POINT ( 'NONE',  ( 15.49999999999999300, -997.2093446488944400, -15.49999999999999600 ) ) ;
#4577 = EDGE_LOOP ( 'NONE', ( #4154, #4232, #7337, #11549 ) ) ;
#4578 = EDGE_CURVE ( 'NONE', #8123, #3515, #2872, .T. ) ;
#4579 = CARTESIAN_POINT ( 'NONE',  ( 15.50000000000000400, 2.610000000000027400, 15.50000000000000500 ) ) ;
#4580 = CONICAL_SURFACE ( 'NONE', #2977, 3077.683537175311800, 1.256637061435922800 ) ;
#4581 = CYLINDRICAL_SURFACE ( 'NONE', #5994, 0.8074684195533452500 ) ;
#4582 = AXIS2_PLACEMENT_3D ( 'NONE', #10027, #4238, #9034 ) ;
#4583 = ORIENTED_EDGE ( 'NONE', *, *, #12242, .T. ) ;
#4584 = AXIS2_PLACEMENT_3D ( 'NONE', #10219, #8239, #1533 ) ;
#4585 = VERTEX_POINT ( 'NONE', #484 ) ;
#4586 = DIRECTION ( 'NONE',  ( 0.0000000000000000000, 0.0000000000000000000, 1.000000000000000000 ) ) ;
#4587 = DIRECTION ( 'NONE',  ( 0.0000000000000000000, 1.000000000000000000, -0.0000000000000000000 ) ) ;
#4588 = PLANE ( 'NONE',  #12200 ) ;
#4589 = VECTOR ( 'NONE', #10879, 1000.000000000000000 ) ;
#4590 = ORIENTED_EDGE ( 'NONE', *, *, #3542, .T. ) ;
#4591 = VECTOR ( 'NONE', #11213, 1000.000000000000100 ) ;
#4592 = LINE ( 'NONE', #1452, #9427 ) ;
#4593 = ORIENTED_EDGE ( 'NONE', *, *, #4063, .F. ) ;
#4594 = CARTESIAN_POINT ( 'NONE',  ( -20.99999999999998200, 33.50000000000000000, 3.469446951953614200E-015 ) ) ;
#4595 = DIRECTION ( 'NONE',  ( -0.0000000000000000000, -1.000000000000000000, -0.0000000000000000000 ) ) ;
#4596 = AXIS2_PLACEMENT_3D ( 'NONE', #10944, #5152, #11931 ) ;
#4597 = PLANE ( 'NONE',  #1054 ) ;
#4598 = ORIENTED_EDGE ( 'NONE', *, *, #10859, .F. ) ;
#4599 = ADVANCED_FACE ( 'NONE', ( #5132 ), #7665, .T. ) ;
#4600 = AXIS2_PLACEMENT_3D ( 'NONE', #7266, #1523, #8228 ) ;
#4601 = FACE_OUTER_BOUND ( 'NONE', #5845, .T. ) ;
#4602 = CARTESIAN_POINT ( 'NONE',  ( 3.469446951953614200E-015, 7.200000000000002800, -7.699999999999998400 ) ) ;
#4603 = ORIENTED_EDGE ( 'NONE', *, *, #10688, .T. ) ;
#4604 = DIRECTION ( 'NONE',  ( 0.7492114228822416300, -0.4461977533474358900, 0.4894791198105061800 ) ) ;
#4605 = EDGE_CURVE ( 'NONE', #6158, #12399, #5824, .T. ) ;
#4606 = VECTOR ( 'NONE', #8634, 999.9999999999998900 ) ;
#4607 = CARTESIAN_POINT ( 'NONE',  ( 15.46254419180370100, 2.610000000000029200, -16.11915492039946700 ) ) ;
#4608 = FACE_OUTER_BOUND ( 'NONE', #12156, .T. ) ;
#4609 = LINE ( 'NONE', #1557, #4908 ) ;
#4610 = VERTEX_POINT ( 'NONE', #7256 ) ;
#4611 = AXIS2_PLACEMENT_3D ( 'NONE', #3168, #4123, #10883 ) ;
#4612 = VECTOR ( 'NONE', #10741, 1000.000000000000000 ) ;
#4613 = DIRECTION ( 'NONE',  ( 0.0000000000000000000, 1.000000000000000000, 0.0000000000000000000 ) ) ;
#4614 = DIRECTION ( 'NONE',  ( -1.000000000000000000, -0.0000000000000000000, -0.0000000000000000000 ) ) ;
#4615 = EDGE_CURVE ( 'NONE', #171, #4876, #7374, .T. ) ;
#4616 = CARTESIAN_POINT ( 'NONE',  ( 15.71441625783251400, 2.610000000000029200, -14.91795067099118200 ) ) ;
#4617 = ORIENTED_EDGE ( 'NONE', *, *, #7202, .T. ) ;
#4618 = CIRCLE ( 'NONE', #11128, 1.500000000000001300 ) ;
#4619 = AXIS2_PLACEMENT_3D ( 'NONE', #4677, #11438, #5643 ) ;
#4620 = DIRECTION ( 'NONE',  ( 0.5469441386039886100, 0.0000000000000000000, -0.8371691043312223800 ) ) ;
#4621 = ADVANCED_FACE ( 'NONE', ( #12579 ), #4369, .T. ) ;
#4622 = VECTOR ( 'NONE', #1702, 1000.000000000000000 ) ;
#4623 = DIRECTION ( 'NONE',  ( -0.0000000000000000000, -1.000000000000000000, 0.0000000000000000000 ) ) ;
#4624 = FACE_OUTER_BOUND ( 'NONE', #9929, .T. ) ;
#4625 = EDGE_CURVE ( 'NONE', #9678, #7252, #2281, .T. ) ;
#4626 = CARTESIAN_POINT ( 'NONE',  ( 15.49999999999999300, 34.00000000000000000, 14.24999999999999100 ) ) ;
#4627 = DIRECTION ( 'NONE',  ( 0.0000000000000000000, 0.0000000000000000000, 1.000000000000000000 ) ) ;
#4628 = DIRECTION ( 'NONE',  ( -0.0000000000000000000, -1.000000000000000000, 0.0000000000000000000 ) ) ;
#4629 = ORIENTED_EDGE ( 'NONE', *, *, #2383, .T. ) ;
#4630 = CARTESIAN_POINT ( 'NONE',  ( -2.081668171172168500E-014, 26.00000000000000400, -1.734723475976807100E-014 ) ) ;
#4631 = CARTESIAN_POINT ( 'NONE',  ( 0.8530793868032783300, 4.110050607254169800, 28.20000000000000300 ) ) ;
#4632 = AXIS2_PLACEMENT_3D ( 'NONE', #6252, #9129, #3352 ) ;
#4633 = DIRECTION ( 'NONE',  ( 0.0000000000000000000, 0.0000000000000000000, 1.000000000000000000 ) ) ;
#4634 = EDGE_CURVE ( 'NONE', #454, #9673, #9976, .T. ) ;
#4635 = DIRECTION ( 'NONE',  ( 0.0000000000000000000, -1.000000000000000000, 0.0000000000000000000 ) ) ;
#4636 = VECTOR ( 'NONE', #8064, 1000.000000000000000 ) ;
#4637 = AXIS2_PLACEMENT_3D ( 'NONE', #1627, #8338, #2589 ) ;
#4638 = EDGE_CURVE ( 'NONE', #6158, #7484, #12271, .T. ) ;
#4639 = VECTOR ( 'NONE', #212, 1000.000000000000000 ) ;
#4640 = DIRECTION ( 'NONE',  ( 0.0000000000000000000, 1.000000000000000000, 0.0000000000000000000 ) ) ;
#4641 = CARTESIAN_POINT ( 'NONE',  ( -16.07105082455342800, 1.940406951505567100, -15.30241838299095400 ) ) ;
#4642 = ORIENTED_EDGE ( 'NONE', *, *, #6069, .F. ) ;
#4643 = CARTESIAN_POINT ( 'NONE',  ( -1.891847917304329000E-014, 8.500000000000000000, 15.49999999999996100 ) ) ;
#4644 = CARTESIAN_POINT ( 'NONE',  ( 15.50000000000000400, 2.610000000000027400, 15.50000000000000500 ) ) ;
#4645 = LINE ( 'NONE', #6265, #7177 ) ;
#4646 = CLOSED_SHELL ( 'NONE', ( #9348, #4091, #7740, #1815, #6105, #2826, #2601, #9377, #5066, #12157, #1446, #5685, #6934, #7551, #9856, #3754, #2890, #11084, #9079, #9488, #9036, #7181, #5224, #4151, #3606, #8367, #6350, #1008, #5943, #9524, #927, #433, #7055, #2208, #5514, #6414, #3967, #1210, #1129, #11212, #8232, #11585, #7814, #8690, #505, #6230, #1840, #8484, #7599, #2352, #9013, #749, #10361, #3094, #8977, #7911, #7373, #12220, #5860, #3112, #10734, #8256, #1509, #12563, #5796, #8105, #3717 ) ) ;
#4647 = EDGE_CURVE ( 'NONE', #6863, #757, #4833, .T. ) ;
#4648 = CARTESIAN_POINT ( 'NONE',  ( -2.081668171172168500E-014, 8.500000000000000000, -1.734723475976807100E-014 ) ) ;
#4649 = ORIENTED_EDGE ( 'NONE', *, *, #5047, .T. ) ;
#4650 = DIRECTION ( 'NONE',  ( 0.5469441386039888300, 0.0000000000000000000, -0.8371691043312220500 ) ) ;
#4651 = ORIENTED_EDGE ( 'NONE', *, *, #297, .F. ) ;
#4652 = CARTESIAN_POINT ( 'NONE',  ( 15.58276350254038400, 2.610000000000027400, 16.04980560441601200 ) ) ;
#4653 = ADVANCED_FACE ( 'NONE', ( #1987 ), #7332, .T. ) ;
#4654 = ORIENTED_EDGE ( 'NONE', *, *, #6523, .T. ) ;
#4655 = DIRECTION ( 'NONE',  ( -0.0000000000000000000, -1.000000000000000000, 0.0000000000000000000 ) ) ;
#4656 = FACE_OUTER_BOUND ( 'NONE', #9146, .T. ) ;
#4657 = FACE_BOUND ( 'NONE', #4534, .T. ) ;
#4658 = DIRECTION ( 'NONE',  ( 0.0000000000000000000, 0.0000000000000000000, 1.000000000000000000 ) ) ;
#4659 = EDGE_LOOP ( 'NONE', ( #7781, #5300, #7087, #3180 ) ) ;
#4660 = CARTESIAN_POINT ( 'NONE',  ( 3.469446951953614200E-015, 7.200000000000002800, 6.938893903907228400E-015 ) ) ;
#4661 = EDGE_CURVE ( 'NONE', #9541, #11840, #6762, .T. ) ;
#4662 = CARTESIAN_POINT ( 'NONE',  ( 20.06066017177981600, 33.50000000000000000, 17.43223304703363800 ) ) ;
#4663 = DIRECTION ( 'NONE',  ( 0.5469441386039908300, 0.0000000000000000000, -0.8371691043312209400 ) ) ;
#4664 = VERTEX_POINT ( 'NONE', #613 ) ;
#4665 = AXIS2_PLACEMENT_3D ( 'NONE', #9650, #11602, #6674 ) ;
#4666 = EDGE_CURVE ( 'NONE', #11700, #5768, #7068, .T. ) ;
#4667 = AXIS2_PLACEMENT_3D ( 'NONE', #9063, #5194, #6153 ) ;
#4668 = VERTEX_POINT ( 'NONE', #11214 ) ;
#4669 = EDGE_CURVE ( 'NONE', #9646, #2587, #11643, .T. ) ;
#4670 = DIRECTION ( 'NONE',  ( 0.0000000000000000000, 1.000000000000000000, -0.0000000000000000000 ) ) ;
#4671 = CARTESIAN_POINT ( 'NONE',  ( 15.49999999999999300, 2.610000000000029200, -15.49999999999999600 ) ) ;
#4672 = FACE_OUTER_BOUND ( 'NONE', #2797, .T. ) ;
#4673 = VECTOR ( 'NONE', #9200, 1000.000000000000000 ) ;
#4674 = CARTESIAN_POINT ( 'NONE',  ( -15.50000000000000700, -5.749999999999959100, -15.49999999999999600 ) ) ;
#4675 = ORIENTED_EDGE ( 'NONE', *, *, #8605, .T. ) ;
#4676 = DIRECTION ( 'NONE',  ( 0.0000000000000000000, 1.000000000000000000, 0.0000000000000000000 ) ) ;
#4677 = CARTESIAN_POINT ( 'NONE',  ( 15.49999999999999300, 8.500000000000000000, 15.50000000000000400 ) ) ;
#4678 = DIRECTION ( 'NONE',  ( 1.000000000000000000, 0.0000000000000000000, 0.0000000000000000000 ) ) ;
#4679 = VERTEX_POINT ( 'NONE', #9357 ) ;
#4680 = ADVANCED_FACE ( 'NONE', ( #4235 ), #1378, .F. ) ;
#4681 = DIRECTION ( 'NONE',  ( 0.0000000000000000000, 1.000000000000000000, -0.0000000000000000000 ) ) ;
#4682 = AXIS2_PLACEMENT_3D ( 'NONE', #11721, #5908, #124 ) ;
#4683 = LINE ( 'NONE', #11589, #9508 ) ;
#4684 = CIRCLE ( 'NONE', #11456, 0.5000000000000004400 ) ;
#4685 = VERTEX_POINT ( 'NONE', #12292 ) ;
#4686 = AXIS2_PLACEMENT_3D ( 'NONE', #10123, #4344, #11104 ) ;
#4687 = PLANE ( 'NONE',  #6977 ) ;
#4688 = EDGE_CURVE ( 'NONE', #3587, #3909, #1680, .T. ) ;
#4689 = ORIENTED_EDGE ( 'NONE', *, *, #2420, .F. ) ;
#4690 = ORIENTED_EDGE ( 'NONE', *, *, #7510, .T. ) ;
#4691 = VERTEX_POINT ( 'NONE', #6459 ) ;
#4692 = LINE ( 'NONE', #8698, #12119 ) ;
#4693 = FACE_OUTER_BOUND ( 'NONE', #2089, .T. ) ;
#4694 = CARTESIAN_POINT ( 'NONE',  ( -2.081668171172168500E-014, 26.00000000000000400, -15.49999999999999600 ) ) ;
#4695 = ORIENTED_EDGE ( 'NONE', *, *, #4158, .T. ) ;
#4696 =( BOUNDED_CURVE ( )  B_SPLINE_CURVE ( 3, ( #2359, #6172, #402, #9089 ),
 .UNSPECIFIED., .F., .T. ) 
 B_SPLINE_CURVE_WITH_KNOTS ( ( 4, 4 ),
 ( 5.754796812637095200, 6.811573801722079000 ),
 .UNSPECIFIED. ) 
 CURVE ( )  GEOMETRIC_REPRESENTATION_ITEM ( )  RATIONAL_B_SPLINE_CURVE ( ( 1.000000000000000000, 0.9090804130449041700, 0.9090804130449041700, 1.000000000000000000 ) ) 
 REPRESENTATION_ITEM ( '' )  );
#4697 = CARTESIAN_POINT ( 'NONE',  ( 20.06066017177981600, 34.00000000000000000, -17.43223304703363400 ) ) ;
#4698 = DIRECTION ( 'NONE',  ( 1.000000000000000000, 0.0000000000000000000, 0.0000000000000000000 ) ) ;
#4699 = VERTEX_POINT ( 'NONE', #7426 ) ;
#4700 = CARTESIAN_POINT ( 'NONE',  ( 21.14999999999998400, 26.00000000000000400, 14.42350512184888500 ) ) ;
#4701 = DIRECTION ( 'NONE',  ( 0.0000000000000000000, 0.0000000000000000000, -1.000000000000000000 ) ) ;
#4702 = EDGE_CURVE ( 'NONE', #12574, #201, #6482, .T. ) ;
#4703 = PLANE ( 'NONE',  #8922 ) ;
#4704 = VECTOR ( 'NONE', #11993, 1000.000000000000000 ) ;
#4705 = LINE ( 'NONE', #2195, #4089 ) ;
#4706 = AXIS2_PLACEMENT_3D ( 'NONE', #12078, #3402, #10150 ) ;
#4707 = ORIENTED_EDGE ( 'NONE', *, *, #4100, .T. ) ;
#4709 = EDGE_LOOP ( 'NONE', ( #122, #3895, #1053, #8598, #7328, #5847, #747, #4818, #7575, #5153, #5312, #9229, #2923, #6973, #4926, #2912 ) ) ;
#4708 = DIRECTION ( 'NONE',  ( 0.0000000000000000000, -1.000000000000000000, 0.0000000000000000000 ) ) ;
#4710 = CARTESIAN_POINT ( 'NONE',  ( -19.00000000000000400, 12.00000000000000000, -16.37157287525380400 ) ) ;
#4711 = ORIENTED_EDGE ( 'NONE', *, *, #7677, .F. ) ;
#4712 = DIRECTION ( 'NONE',  ( 0.0000000000000000000, 1.000000000000000000, -0.0000000000000000000 ) ) ;
#4713 = CARTESIAN_POINT ( 'NONE',  ( 0.8530793868032574600, 6.110050607254169800, 30.20000000000000300 ) ) ;
#4714 = ADVANCED_FACE ( 'NONE', ( #11337 ), #3626, .T. ) ;
#4715 = DIRECTION ( 'NONE',  ( 0.0000000000000000000, 1.000000000000000000, -0.0000000000000000000 ) ) ;
#4716 = FACE_OUTER_BOUND ( 'NONE', #2362, .T. ) ;
#4717 = VECTOR ( 'NONE', #3656, 1000.000000000000000 ) ;
#4718 = CARTESIAN_POINT ( 'NONE',  ( -17.78578643762690300, 0.5000000000000004400, -20.41421356237309200 ) ) ;
#4719 = CARTESIAN_POINT ( 'NONE',  ( 6.938893903907228400E-015, 11.46250000000000000, -8.000000000000001800 ) ) ;
#4720 = ORIENTED_EDGE ( 'NONE', *, *, #12340, .F. ) ;
#4721 = CARTESIAN_POINT ( 'NONE',  ( -15.53745580819629900, 2.610000000000006100, 14.88084507960053300 ) ) ;
#4722 = EDGE_CURVE ( 'NONE', #4310, #6964, #6175, .T. ) ;
#4724 = ORIENTED_EDGE ( 'NONE', *, *, #2692, .T. ) ;
#4723 = ORIENTED_EDGE ( 'NONE', *, *, #12437, .T. ) ;
#4725 = EDGE_LOOP ( 'NONE', ( #11500, #3491, #1381 ) ) ;
#4726 = VERTEX_POINT ( 'NONE', #8430 ) ;
#4727 = DIRECTION ( 'NONE',  ( 0.0000000000000000000, 0.0000000000000000000, 1.000000000000000000 ) ) ;
#4728 = DIRECTION ( 'NONE',  ( 0.5469441386039871600, 0.0000000000000000000, -0.8371691043312232700 ) ) ;
#4729 = CIRCLE ( 'NONE', #8443, 1.250000000000011500 ) ;
#4730 = ORIENTED_EDGE ( 'NONE', *, *, #5749, .F. ) ;
#4731 = FACE_OUTER_BOUND ( 'NONE', #11027, .T. ) ;
#4732 = TOROIDAL_SURFACE ( 'NONE', #5606, 2.799999999999999800, 0.2999999999999999300 ) ;
#4733 = ADVANCED_FACE ( 'NONE', ( #3925 ), #8739, .T. ) ;
#4734 = EDGE_LOOP ( 'NONE', ( #10107, #894, #5008, #1076, #10148, #1939 ) ) ;
#4735 = DIRECTION ( 'NONE',  ( 1.000000000000000000, 0.0000000000000000000, 0.0000000000000000000 ) ) ;
#4736 = ORIENTED_EDGE ( 'NONE', *, *, #8358, .F. ) ;
#4737 = AXIS2_PLACEMENT_3D ( 'NONE', #10940, #5147, #11927 ) ;
#4738 = LINE ( 'NONE', #2783, #9573 ) ;
#4739 = EDGE_LOOP ( 'NONE', ( #10967, #7412, #448 ) ) ;
#4740 = AXIS2_PLACEMENT_3D ( 'NONE', #10663, #51, #6783 ) ;
#4741 = ADVANCED_FACE ( 'NONE', ( #9379 ), #3319, .F. ) ;
#4742 = LINE ( 'NONE', #9797, #6681 ) ;
#4743 = ORIENTED_EDGE ( 'NONE', *, *, #10186, .F. ) ;
#4744 = CARTESIAN_POINT ( 'NONE',  ( -15.50000000000000700, 0.6000000000000063100, 15.50000000000000400 ) ) ;
#4745 = ORIENTED_EDGE ( 'NONE', *, *, #8441, .T. ) ;
#4746 = B_SPLINE_CURVE_WITH_KNOTS ( 'NONE', 3,
 ( #9456, #10419, #4641, #11400 ),
 .UNSPECIFIED., .F., .F.,
 ( 4, 4 ),
 ( 0.001013853424283301100, 0.003031486302290191500 ),
 .UNSPECIFIED. ) ;
#4747 = LINE ( 'NONE', #4778, #9892 ) ;
#4748 = CARTESIAN_POINT ( 'NONE',  ( -14.36983122349147600, 0.6000000000000319500, -16.55338432521336100 ) ) ;
#4749 = DIRECTION ( 'NONE',  ( 0.0000000000000000000, -1.000000000000000000, 0.0000000000000000000 ) ) ;
#4750 = CIRCLE ( 'NONE', #3332, 0.2999999999999999300 ) ;
#4751 = AXIS2_PLACEMENT_3D ( 'NONE', #8710, #2952, #9706 ) ;
#4752 = EDGE_CURVE ( 'NONE', #11249, #7184, #8428, .T. ) ;
#4753 = AXIS2_PLACEMENT_3D ( 'NONE', #10149, #7207, #9179 ) ;
#4754 = ORIENTED_EDGE ( 'NONE', *, *, #3562, .T. ) ;
#4755 = CARTESIAN_POINT ( 'NONE',  ( 3.469446951953614200E-014, 33.50000000000000000, -16.49999999999995700 ) ) ;
#4756 = FACE_OUTER_BOUND ( 'NONE', #11293, .T. ) ;
#4757 = ORIENTED_EDGE ( 'NONE', *, *, #12221, .T. ) ;
#4758 = EDGE_CURVE ( 'NONE', #9485, #1032, #11031, .T. ) ;
#4759 = FACE_OUTER_BOUND ( 'NONE', #8815, .T. ) ;
#4760 = EDGE_LOOP ( 'NONE', ( #686, #8183, #12464, #6342 ) ) ;
#4761 = CIRCLE ( 'NONE', #5176, 2.000000000000000000 ) ;
#4762 = CARTESIAN_POINT ( 'NONE',  ( 19.00000000000000400, 12.00000000000000000, -16.37157287525380400 ) ) ;
#4763 = CARTESIAN_POINT ( 'NONE',  ( -15.50000000000000700, 0.0000000000000000000, -15.49999999999999600 ) ) ;
#4764 = CARTESIAN_POINT ( 'NONE',  ( -13.13154598666894500, 26.00000000000000400, -17.15000000000000200 ) ) ;
#4765 = ORIENTED_EDGE ( 'NONE', *, *, #10739, .T. ) ;
#4766 = ORIENTED_EDGE ( 'NONE', *, *, #185, .T. ) ;
#4767 = DIRECTION ( 'NONE',  ( -0.0000000000000000000, -1.000000000000000000, 0.0000000000000000000 ) ) ;
#4768 = LINE ( 'NONE', #5595, #12510 ) ;
#4769 = DIRECTION ( 'NONE',  ( 0.0000000000000000000, 0.0000000000000000000, -1.000000000000000000 ) ) ;
#4770 = ORIENTED_EDGE ( 'NONE', *, *, #11073, .T. ) ;
#4771 = EDGE_CURVE ( 'NONE', #182, #3930, #1059, .T. ) ;
#4772 = CIRCLE ( 'NONE', #6993, 2.750000000000000400 ) ;
#4773 = AXIS2_PLACEMENT_3D ( 'NONE', #526, #7257, #8220 ) ;
#4774 = PLANE ( 'NONE',  #5675 ) ;
#4775 = CARTESIAN_POINT ( 'NONE',  ( 16.37157287525380800, 0.5000000000000004400, -18.99999999999999600 ) ) ;
#4776 = ORIENTED_EDGE ( 'NONE', *, *, #3199, .T. ) ;
#4777 = PLANE ( 'NONE',  #8982 ) ;
#4778 = CARTESIAN_POINT ( 'NONE',  ( -15.50000000000000700, 0.0000000000000000000, 11.75000000000000700 ) ) ;
#4779 = DIRECTION ( 'NONE',  ( 0.0000000000000000000, 1.000000000000000000, -0.0000000000000000000 ) ) ;
#4780 = FACE_OUTER_BOUND ( 'NONE', #174, .T. ) ;
#4781 = EDGE_CURVE ( 'NONE', #368, #5697, #10714, .T. ) ;
#4782 = FACE_OUTER_BOUND ( 'NONE', #10607, .T. ) ;
#4783 = ORIENTED_EDGE ( 'NONE', *, *, #9391, .T. ) ;
#4784 = ADVANCED_FACE ( 'NONE', ( #5583 ), #2762, .T. ) ;
#4785 = DIRECTION ( 'NONE',  ( 0.0000000000000000000, 0.0000000000000000000, -1.000000000000000000 ) ) ;
#4786 = CARTESIAN_POINT ( 'NONE',  ( -15.50000000000000700, 34.00000000000000000, 16.75000000000001400 ) ) ;
#4787 = AXIS2_PLACEMENT_3D ( 'NONE', #12533, #9587, #6688 ) ;
#4788 = EDGE_LOOP ( 'NONE', ( #8283, #9418, #7553, #4114 ) ) ;
#4789 = EDGE_CURVE ( 'NONE', #7109, #284, #7815, .T. ) ;
#4790 = CARTESIAN_POINT ( 'NONE',  ( 3.894712078817836000, 8.500000000000000000, 18.00000000000000700 ) ) ;
#4791 = ORIENTED_EDGE ( 'NONE', *, *, #10917, .F. ) ;
#4792 = DIRECTION ( 'NONE',  ( -0.7071067811865474600, -0.0000000000000000000, -0.7071067811865474600 ) ) ;
#4793 = CARTESIAN_POINT ( 'NONE',  ( 16.32041620790598600, 2.581370849898505100, 14.24424634350317300 ) ) ;
#4794 = DIRECTION ( 'NONE',  ( 0.5469441386039857200, 0.0000000000000000000, -0.8371691043312240500 ) ) ;
#4795 = CARTESIAN_POINT ( 'NONE',  ( -16.37157287525379300, 34.00000000000000000, -19.00000000000000000 ) ) ;
#4796 = ADVANCED_FACE ( 'NONE', ( #10424, #5281 ), #3720, .T. ) ;
#4797 = CIRCLE ( 'NONE', #3458, 0.5559999999999997200 ) ;
#4798 = ORIENTED_EDGE ( 'NONE', *, *, #1779, .T. ) ;
#4799 = ORIENTED_EDGE ( 'NONE', *, *, #9849, .F. ) ;
#4800 = ORIENTED_EDGE ( 'NONE', *, *, #4669, .F. ) ;
#4801 = CARTESIAN_POINT ( 'NONE',  ( 17.78578643762690300, 0.5000000000000000000, -20.41421356237309200 ) ) ;
#4802 = CARTESIAN_POINT ( 'NONE',  ( 14.88084507960053100, 2.610000000000027400, 15.53745580819629500 ) ) ;
#4803 = AXIS2_PLACEMENT_3D ( 'NONE', #1884, #8592, #2840 ) ;
#4804 = AXIS2_PLACEMENT_3D ( 'NONE', #12108, #11807, #8685 ) ;
#4805 = CIRCLE ( 'NONE', #9369, 1.500000000000001300 ) ;
#4806 = CIRCLE ( 'NONE', #4012, 0.8074684195533451400 ) ;
#4807 = CARTESIAN_POINT ( 'NONE',  ( 14.36983122349147200, 0.6000000000000276200, 16.55338432521336900 ) ) ;
#4808 = VERTEX_POINT ( 'NONE', #11465 ) ;
#4809 = PLANE ( 'NONE',  #3684 ) ;
#4810 = ORIENTED_EDGE ( 'NONE', *, *, #9052, .T. ) ;
#4811 = CARTESIAN_POINT ( 'NONE',  ( 4.247097669412184600E-015, 7.500000000000001800, 6.350000000000012100 ) ) ;
#4812 = DIRECTION ( 'NONE',  ( -0.8371691043312221600, 0.0000000000000000000, -0.5469441386039887200 ) ) ;
#4813 = FACE_OUTER_BOUND ( 'NONE', #480, .T. ) ;
#4815 = DIRECTION ( 'NONE',  ( 1.000000000000000000, 0.0000000000000000000, -0.0000000000000000000 ) ) ;
#4814 = VECTOR ( 'NONE', #1108, 1000.000000000000100 ) ;
#4817 = CARTESIAN_POINT ( 'NONE',  ( -17.00409638116097400, 0.6000000000000063100, 17.80221503691086600 ) ) ;
#4816 = AXIS2_PLACEMENT_3D ( 'NONE', #11586, #936, #5789 ) ;
#4818 = ORIENTED_EDGE ( 'NONE', *, *, #10256, .T. ) ;
#4819 = DIRECTION ( 'NONE',  ( 0.0000000000000000000, 0.0000000000000000000, 1.000000000000000000 ) ) ;
#4820 = APPROVAL ( #2605, 'UNSPECIFIED' ) ;
#4821 = EDGE_CURVE ( 'NONE', #5875, #593, #2720, .T. ) ;
#4822 = DIRECTION ( 'NONE',  ( 0.0000000000000000000, 0.0000000000000000000, 1.000000000000000000 ) ) ;
#4823 = EDGE_CURVE ( 'NONE', #2803, #5875, #10115, .T. ) ;
#4824 = AXIS2_PLACEMENT_3D ( 'NONE', #9874, #4072, #10836 ) ;
#4825 = ORIENTED_EDGE ( 'NONE', *, *, #9052, .F. ) ;
#4826 = ORIENTED_EDGE ( 'NONE', *, *, #8646, .F. ) ;
#4827 = ORIENTED_EDGE ( 'NONE', *, *, #372, .T. ) ;
#4828 = EDGE_CURVE ( 'NONE', #6568, #5446, #137, .T. ) ;
#4829 = EDGE_LOOP ( 'NONE', ( #3192, #12528, #3621, #7646 ) ) ;
#4830 = CARTESIAN_POINT ( 'NONE',  ( -18.99999999999998200, 33.50000000000000000, 16.37157287525381800 ) ) ;
#4831 = CARTESIAN_POINT ( 'NONE',  ( 1.132563768976779400, 4.110050607254169800, 28.20000000000000300 ) ) ;
#4832 = DIRECTION ( 'NONE',  ( 1.000000000000000000, 0.0000000000000000000, 0.0000000000000000000 ) ) ;
#4833 = LINE ( 'NONE', #7296, #11958 ) ;
#4834 = VECTOR ( 'NONE', #5372, 1000.000000000000000 ) ;
#4835 = VERTEX_POINT ( 'NONE', #12454 ) ;
#4836 = DIRECTION ( 'NONE',  ( 0.0000000000000000000, 1.000000000000000000, 0.0000000000000000000 ) ) ;
#4837 = DIRECTION ( 'NONE',  ( 0.0000000000000000000, 0.0000000000000000000, -1.000000000000000000 ) ) ;
#4838 = ORIENTED_EDGE ( 'NONE', *, *, #6517, .F. ) ;
#4839 = ORIENTED_EDGE ( 'NONE', *, *, #4138, .T. ) ;
#4840 = PLANE ( 'NONE',  #12104 ) ;
#4841 = AXIS2_PLACEMENT_3D ( 'NONE', #6683, #924, #7637 ) ;
#4842 = VERTEX_POINT ( 'NONE', #3808 ) ;
#4843 = FACE_BOUND ( 'NONE', #10849, .T. ) ;
#4844 = FACE_OUTER_BOUND ( 'NONE', #2919, .T. ) ;
#4845 = DIRECTION ( 'NONE',  ( 0.0000000000000000000, 0.0000000000000000000, 1.000000000000000000 ) ) ;
#4846 = ORIENTED_EDGE ( 'NONE', *, *, #8122, .T. ) ;
#4847 = EDGE_CURVE ( 'NONE', #3474, #6543, #444, .T. ) ;
#4848 = DIRECTION ( 'NONE',  ( -0.0000000000000000000, -1.000000000000000000, 0.0000000000000000000 ) ) ;
#4849 = ADVANCED_FACE ( 'NONE', ( #12409 ), #12106, .F. ) ;
#4850 = VERTEX_POINT ( 'NONE', #8641 ) ;
#4851 = ORIENTED_EDGE ( 'NONE', *, *, #10857, .T. ) ;
#4852 = DIRECTION ( 'NONE',  ( 0.0000000000000000000, 1.000000000000000000, 0.0000000000000000000 ) ) ;
#4853 = DIRECTION ( 'NONE',  ( 0.0000000000000000000, 1.000000000000000000, 0.0000000000000000000 ) ) ;
#4854 = DIRECTION ( 'NONE',  ( 0.03815289444402843200, -0.9975640502598247500, -0.05839796464566778000 ) ) ;
#4855 = ORIENTED_EDGE ( 'NONE', *, *, #4564, .F. ) ;
#4856 = FACE_OUTER_BOUND ( 'NONE', #9953, .T. ) ;
#4857 = LINE ( 'NONE', #11733, #9698 ) ;
#4858 = EDGE_LOOP ( 'NONE', ( #4077, #11545 ) ) ;
#4859 = DIRECTION ( 'NONE',  ( 0.0000000000000000000, 1.000000000000000000, 0.0000000000000000000 ) ) ;
#4860 = ADVANCED_FACE ( 'NONE', ( #2129, #7511 ), #4777, .T. ) ;
#4861 = DIRECTION ( 'NONE',  ( 0.0000000000000000000, 1.000000000000000000, 0.0000000000000000000 ) ) ;
#4862 = CARTESIAN_POINT ( 'NONE',  ( -15.50000000000000700, 0.6000000000000319500, -15.49999999999999600 ) ) ;
#4863 = VERTEX_POINT ( 'NONE', #9636 ) ;
#4864 = ORIENTED_EDGE ( 'NONE', *, *, #2784, .T. ) ;
#4865 = CARTESIAN_POINT ( 'NONE',  ( 3.469446951953614200E-015, 6.229837387624887600, 6.938893903907228400E-015 ) ) ;
#4866 = AXIS2_PLACEMENT_3D ( 'NONE', #3155, #9904, #4107 ) ;
#4867 = DIRECTION ( 'NONE',  ( 0.5469441386039871600, 0.0000000000000000000, -0.8371691043312232700 ) ) ;
#4868 = DIRECTION ( 'NONE',  ( -0.5469441386039886100, 0.0000000000000000000, 0.8371691043312222700 ) ) ;
#4869 = EDGE_CURVE ( 'NONE', #7024, #7292, #4683, .T. ) ;
#4870 = VECTOR ( 'NONE', #11557, 1000.000000000000000 ) ;
#4871 = AXIS2_PLACEMENT_3D ( 'NONE', #9806, #10817, #5029 ) ;
#4872 = DIRECTION ( 'NONE',  ( 1.000000000000000000, 0.0000000000000000000, 0.0000000000000000000 ) ) ;
#4873 = VERTEX_POINT ( 'NONE', #988 ) ;
#4874 = VECTOR ( 'NONE', #10637, 1000.000000000000000 ) ;
#4875 = CIRCLE ( 'NONE', #5366, 1.250000000000011500 ) ;
#4876 = VERTEX_POINT ( 'NONE', #1973 ) ;
#4877 = DIRECTION ( 'NONE',  ( -0.0000000000000000000, -1.000000000000000000, 0.0000000000000000000 ) ) ;
#4878 = CARTESIAN_POINT ( 'NONE',  ( 4.247097669412184600E-015, 3.770162612375122600, -6.349999999999997900 ) ) ;
#4879 = VERTEX_POINT ( 'NONE', #8680 ) ;
#4880 = PLANE ( 'NONE',  #1796 ) ;
#4881 = LINE ( 'NONE', #1221, #2632 ) ;
#4882 = DIRECTION ( 'NONE',  ( 1.000000000000000000, 0.0000000000000000000, 0.0000000000000000000 ) ) ;
#4883 = CARTESIAN_POINT ( 'NONE',  ( 3.469446951953614200E-015, 25.63749999999999900, 6.938893903907228400E-015 ) ) ;
#4884 = VECTOR ( 'NONE', #10240, 1000.000000000000000 ) ;
#4885 = DIRECTION ( 'NONE',  ( 0.5469441386039886100, 0.0000000000000000000, -0.8371691043312221600 ) ) ;
#4886 = CIRCLE ( 'NONE', #5201, 0.5000000000000004400 ) ;
#4887 = AXIS2_PLACEMENT_3D ( 'NONE', #4992, #11771, #5958 ) ;
#4888 = ORIENTED_EDGE ( 'NONE', *, *, #396, .F. ) ;
#4889 = EDGE_CURVE ( 'NONE', #7635, #3830, #2422, .T. ) ;
#4890 = ORIENTED_EDGE ( 'NONE', *, *, #1466, .T. ) ;
#4891 = DIRECTION ( 'NONE',  ( 0.0000000000000000000, 0.0000000000000000000, 1.000000000000000000 ) ) ;
#4892 = DIRECTION ( 'NONE',  ( -0.0000000000000000000, -1.000000000000000000, 0.0000000000000000000 ) ) ;
#4893 = CYLINDRICAL_SURFACE ( 'NONE', #4667, 4.150000000000001200 ) ;
#4894 = EDGE_LOOP ( 'NONE', ( #1640, #2875, #6370, #9074, #1345, #668, #826, #7077 ) ) ;
#4895 = FACE_OUTER_BOUND ( 'NONE', #11275, .T. ) ;
#4896 = PLANE ( 'NONE',  #5574 ) ;
#4897 = DIRECTION ( 'NONE',  ( 8.659560562354927900E-017, -0.7071067811865479100, 0.7071067811865471300 ) ) ;
#4898 = DIRECTION ( 'NONE',  ( 0.0000000000000000000, 0.0000000000000000000, -1.000000000000000000 ) ) ;
#4899 = EDGE_CURVE ( 'NONE', #5331, #12496, #6912, .T. ) ;
#4900 = ORIENTED_EDGE ( 'NONE', *, *, #10201, .F. ) ;
#4901 = AXIS2_PLACEMENT_3D ( 'NONE', #5439, #12225, #6398 ) ;
#4902 = EDGE_CURVE ( 'NONE', #3767, #4565, #9816, .T. ) ;
#4903 = LINE ( 'NONE', #8705, #7448 ) ;
#4904 = AXIS2_PLACEMENT_3D ( 'NONE', #7747, #2018, #8728 ) ;
#4905 = DIRECTION ( 'NONE',  ( 0.0000000000000000000, 1.000000000000000000, 0.0000000000000000000 ) ) ;
#4906 = DIRECTION ( 'NONE',  ( 0.0000000000000000000, -1.000000000000000000, 0.0000000000000000000 ) ) ;
#4907 =( BOUNDED_CURVE ( )  B_SPLINE_CURVE ( 3, ( #1751, #2670, #3675, #10428 ),
 .UNSPECIFIED., .F., .T. ) 
 B_SPLINE_CURVE_WITH_KNOTS ( ( 4, 4 ),
 ( -4.440892098500626200E-015, 0.5283884945424923700 ),
 .UNSPECIFIED. ) 
 CURVE ( )  GEOMETRIC_REPRESENTATION_ITEM ( )  RATIONAL_B_SPLINE_CURVE ( ( 1.000000000000000000, 0.9768688144526045400, 0.9768688144526045400, 1.000000000000000000 ) ) 
 REPRESENTATION_ITEM ( '' )  );
#4908 = VECTOR ( 'NONE', #9277, 1000.000000000000000 ) ;
#4909 = EDGE_LOOP ( 'NONE', ( #8014, #10700, #832, #9227 ) ) ;
#4910 = PLANE ( 'NONE',  #12264 ) ;
#4911 = CIRCLE ( 'NONE', #12082, 1.999999999999998200 ) ;
#4912 = CARTESIAN_POINT ( 'NONE',  ( 17.78578643762690300, 12.00000000000000000, -20.41421356237309200 ) ) ;
#4913 = ORIENTED_EDGE ( 'NONE', *, *, #5887, .F. ) ;
#4914 = ADVANCED_FACE ( 'NONE', ( #7215 ), #9209, .T. ) ;
#4915 = DIRECTION ( 'NONE',  ( 0.8371691043312240500, 0.0000000000000000000, 0.5469441386039857200 ) ) ;
#4916 = DIRECTION ( 'NONE',  ( 0.5469441386039888300, 0.0000000000000000000, -0.8371691043312220500 ) ) ;
#4917 = FACE_OUTER_BOUND ( 'NONE', #1090, .T. ) ;
#4918 = DIRECTION ( 'NONE',  ( 0.5469441386039892700, 0.0000000000000000000, -0.8371691043312217100 ) ) ;
#4919 = CARTESIAN_POINT ( 'NONE',  ( -17.43223304703362700, 0.5000000000000004400, 20.06066017177982600 ) ) ;
#4920 = CIRCLE ( 'NONE', #5415, 0.4999999999999982200 ) ;
#4921 = AXIS2_PLACEMENT_3D ( 'NONE', #4005, #10764, #4974 ) ;
#4922 = CARTESIAN_POINT ( 'NONE',  ( -15.50000000000000700, 2.610000000000006100, 15.50000000000000400 ) ) ;
#4923 = CARTESIAN_POINT ( 'NONE',  ( 15.49999999999999300, 26.00000000000000400, 14.24999999999999100 ) ) ;
#4924 = EDGE_CURVE ( 'NONE', #8213, #2729, #6615, .T. ) ;
#4925 = ADVANCED_FACE ( 'NONE', ( #1822 ), #4910, .T. ) ;
#4926 = ORIENTED_EDGE ( 'NONE', *, *, #840, .T. ) ;
#4927 = CARTESIAN_POINT ( 'NONE',  ( -18.99999999999998200, 33.50000000000000000, 16.37157287525381800 ) ) ;
#4928 = LINE ( 'NONE', #7095, #4636 ) ;
#4929 = DIRECTION ( 'NONE',  ( 0.5469441386039883800, 0.0000000000000000000, -0.8371691043312222700 ) ) ;
#4930 = DIRECTION ( 'NONE',  ( 0.5469441386039908300, 0.0000000000000000000, -0.8371691043312209400 ) ) ;
#4931 = CARTESIAN_POINT ( 'NONE',  ( 0.0000000000000000000, 0.0000000000000000000, 18.00000000000000700 ) ) ;
#4932 = VECTOR ( 'NONE', #3973, 1000.000000000000100 ) ;
#4933 = AXIS2_PLACEMENT_3D ( 'NONE', #6628, #868, #7583 ) ;
#4934 = VERTEX_POINT ( 'NONE', #11677 ) ;
#4935 = DIRECTION ( 'NONE',  ( 0.0000000000000000000, 1.000000000000000000, 0.0000000000000000000 ) ) ;
#4936 = ADVANCED_FACE ( 'NONE', ( #4064 ), #3010, .T. ) ;
#4937 = CARTESIAN_POINT ( 'NONE',  ( -15.50000000000000700, 33.70000000000000300, 15.50000000000000400 ) ) ;
#4938 = DIRECTION ( 'NONE',  ( 0.5469441386039892700, 0.0000000000000000000, -0.8371691043312217100 ) ) ;
#4939 = EDGE_CURVE ( 'NONE', #4808, #3194, #1524, .T. ) ;
#4940 = VERTEX_POINT ( 'NONE', #127 ) ;
#4941 = AXIS2_PLACEMENT_3D ( 'NONE', #9779, #10748, #4959 ) ;
#4942 = CARTESIAN_POINT ( 'NONE',  ( -15.19071081559299300, 2.474345677606101500, -15.97340730289245600 ) ) ;
#4943 = CIRCLE ( 'NONE', #6438, 4.150000000000001200 ) ;
#4944 = DIRECTION ( 'NONE',  ( 0.5469441386039871600, 0.0000000000000000000, -0.8371691043312232700 ) ) ;
#4945 = PLANE ( 'NONE',  #4682 ) ;
#4946 = ORIENTED_EDGE ( 'NONE', *, *, #8396, .T. ) ;
#4947 = ORIENTED_EDGE ( 'NONE', *, *, #4939, .F. ) ;
#4948 = DIRECTION ( 'NONE',  ( 0.0000000000000000000, 0.0000000000000000000, 1.000000000000000000 ) ) ;
#4949 = DIRECTION ( 'NONE',  ( -0.0000000000000000000, -1.000000000000000000, 0.0000000000000000000 ) ) ;
#4950 = DIRECTION ( 'NONE',  ( 0.5469441386039886100, 0.0000000000000000000, -0.8371691043312222700 ) ) ;
#4951 = CIRCLE ( 'NONE', #1121, 0.2794843821735011300 ) ;
#4952 = VECTOR ( 'NONE', #4206, 1000.000000000000000 ) ;
#4953 = AXIS2_PLACEMENT_3D ( 'NONE', #10466, #4681, #11439 ) ;
#4954 = ORIENTED_EDGE ( 'NONE', *, *, #9523, .F. ) ;
#4955 = EDGE_CURVE ( 'NONE', #4462, #3516, #6321, .T. ) ;
#4956 = DIRECTION ( 'NONE',  ( 0.0000000000000000000, -1.000000000000000000, 0.0000000000000000000 ) ) ;
#4957 = ORIENTED_EDGE ( 'NONE', *, *, #7339, .F. ) ;
#4958 = EDGE_CURVE ( 'NONE', #3909, #3587, #11481, .T. ) ;
#4959 = DIRECTION ( 'NONE',  ( 0.0000000000000000000, -0.0000000000000000000, -1.000000000000000000 ) ) ;
#4960 = CARTESIAN_POINT ( 'NONE',  ( 15.49999999999999300, 2.581370849898507300, -15.49999999999999600 ) ) ;
#4961 = PLANE ( 'NONE',  #6570 ) ;
#4962 = DIRECTION ( 'NONE',  ( -1.475119460951884600E-016, 1.000000000000000000, 2.257862093665809900E-016 ) ) ;
#4963 = ORIENTED_EDGE ( 'NONE', *, *, #6947, .F. ) ;
#4964 = FACE_OUTER_BOUND ( 'NONE', #882, .T. ) ;
#4965 = ORIENTED_EDGE ( 'NONE', *, *, #9811, .F. ) ;
#4966 = DIRECTION ( 'NONE',  ( -0.7071067811865475700, 0.0000000000000000000, -0.7071067811865475700 ) ) ;
#4967 = DIRECTION ( 'NONE',  ( 0.0000000000000000000, 0.0000000000000000000, 1.000000000000000000 ) ) ;
#4968 = DIRECTION ( 'NONE',  ( -0.0000000000000000000, -1.000000000000000000, 0.0000000000000000000 ) ) ;
#4969 = ORIENTED_EDGE ( 'NONE', *, *, #4209, .T. ) ;
#4970 = AXIS2_PLACEMENT_3D ( 'NONE', #2829, #9588, #3800 ) ;
#4971 = ORIENTED_EDGE ( 'NONE', *, *, #4226, .F. ) ;
#4972 = ADVANCED_FACE ( 'NONE', ( #1211 ), #6016, .F. ) ;
#4973 = AXIS2_PLACEMENT_3D ( 'NONE', #3815, #5861, #2718 ) ;
#4974 = DIRECTION ( 'NONE',  ( 1.000000000000000000, 0.0000000000000000000, 0.0000000000000000000 ) ) ;
#4975 = CARTESIAN_POINT ( 'NONE',  ( -15.50000000000000700, -5.749999999999959100, -15.49999999999999600 ) ) ;
#4976 = VECTOR ( 'NONE', #898, 1000.000000000000200 ) ;
#4977 = CIRCLE ( 'NONE', #8844, 8.000000000000000000 ) ;
#4978 = ORIENTED_EDGE ( 'NONE', *, *, #429, .T. ) ;
#4979 = VERTEX_POINT ( 'NONE', #8856 ) ;
#4980 = VERTEX_POINT ( 'NONE', #3099 ) ;
#4981 = ADVANCED_FACE ( 'NONE', ( #3468, #8886 ), #4057, .T. ) ;
#4982 = CARTESIAN_POINT ( 'NONE',  ( -15.50000000000000700, 33.70000000000000300, 14.24999999999999100 ) ) ;
#4983 = ORIENTED_EDGE ( 'NONE', *, *, #7918, .F. ) ;
#4984 = DIRECTION ( 'NONE',  ( 1.000000000000000000, 0.0000000000000000000, 0.0000000000000000000 ) ) ;
#4985 = AXIS2_PLACEMENT_3D ( 'NONE', #594, #5404, #1626 ) ;
#4986 = FACE_OUTER_BOUND ( 'NONE', #591, .T. ) ;
#4987 = FACE_OUTER_BOUND ( 'NONE', #10733, .T. ) ;
#4988 = EDGE_CURVE ( 'NONE', #8086, #1777, #3758, .T. ) ;
#4989 = ORIENTED_EDGE ( 'NONE', *, *, #3065, .T. ) ;
#4990 = AXIS2_PLACEMENT_3D ( 'NONE', #997, #2936, #12596 ) ;
#4991 = EDGE_CURVE ( 'NONE', #12467, #10429, #3597, .T. ) ;
#4993 = ORIENTED_EDGE ( 'NONE', *, *, #10516, .T. ) ;
#4992 = CARTESIAN_POINT ( 'NONE',  ( 3.469446951953614200E-014, 36.00000000000000700, 3.122502256758252800E-014 ) ) ;
#4994 = EDGE_LOOP ( 'NONE', ( #11613, #12435, #3986, #8078 ) ) ;
#4995 = ADVANCED_FACE ( 'NONE', ( #8565 ), #5726, .T. ) ;
#4996 = ORIENTED_EDGE ( 'NONE', *, *, #4828, .F. ) ;
#4997 = FACE_OUTER_BOUND ( 'NONE', #5065, .T. ) ;
#4998 = DIRECTION ( 'NONE',  ( -0.0000000000000000000, -1.000000000000000000, 0.0000000000000000000 ) ) ;
#4999 = PLANE ( 'NONE',  #9844 ) ;
#5000 = VERTEX_POINT ( 'NONE', #257 ) ;
#5001 = DIRECTION ( 'NONE',  ( 0.5469441386039886100, 0.0000000000000000000, -0.8371691043312222700 ) ) ;
#5002 = DIRECTION ( 'NONE',  ( 0.8371691043312240500, 0.0000000000000000000, 0.5469441386039859400 ) ) ;
#5003 = AXIS2_PLACEMENT_3D ( 'NONE', #706, #8403, #1653 ) ;
#5005 = ORIENTED_EDGE ( 'NONE', *, *, #6317, .T. ) ;
#5004 = ORIENTED_EDGE ( 'NONE', *, *, #4544, .F. ) ;
#5006 = EDGE_LOOP ( 'NONE', ( #6526, #5935, #7208, #4548 ) ) ;
#5007 = DIRECTION ( 'NONE',  ( -0.0000000000000000000, -1.000000000000000000, 0.0000000000000000000 ) ) ;
#5008 = ORIENTED_EDGE ( 'NONE', *, *, #4869, .F. ) ;
#5009 = DIRECTION ( 'NONE',  ( -0.0000000000000000000, -1.000000000000000000, 0.0000000000000000000 ) ) ;
#5010 = CARTESIAN_POINT ( 'NONE',  ( -15.28558374216748700, 2.610000000000031400, -14.91795067099118200 ) ) ;
#5011 = ORIENTED_EDGE ( 'NONE', *, *, #7695, .T. ) ;
#5012 = EDGE_CURVE ( 'NONE', #9687, #7307, #8270, .T. ) ;
#5013 = CARTESIAN_POINT ( 'NONE',  ( -21.14999999999999900, 8.500000000000000000, 13.13154598666893100 ) ) ;
#5014 = CIRCLE ( 'NONE', #3392, 1.550000000000037600 ) ;
#5015 = VECTOR ( 'NONE', #6467, 1000.000000000000000 ) ;
#5016 = AXIS2_PLACEMENT_3D ( 'NONE', #8870, #3114, #9863 ) ;
#5017 = ORIENTED_EDGE ( 'NONE', *, *, #6275, .T. ) ;
#5018 = CARTESIAN_POINT ( 'NONE',  ( 16.01066363930341700, 0.6000000000000297300, -16.95812298778030700 ) ) ;
#5019 = EDGE_LOOP ( 'NONE', ( #7964, #10510 ) ) ;
#5020 = CARTESIAN_POINT ( 'NONE',  ( -15.97953669465961600, 2.610000000000031400, -15.21860959775618500 ) ) ;
#5021 = CARTESIAN_POINT ( 'NONE',  ( 7.918611343225109600E-015, 34.60000000000000900, 8.000000000000003600 ) ) ;
#5022 = CYLINDRICAL_SURFACE ( 'NONE', #7784, 0.8074684195533452500 ) ;
#5023 = ORIENTED_EDGE ( 'NONE', *, *, #9739, .T. ) ;
#5024 = CIRCLE ( 'NONE', #3866, 0.2794843821735011300 ) ;
#5025 = CIRCLE ( 'NONE', #1741, 25.60000000000003300 ) ;
#5026 = DIRECTION ( 'NONE',  ( 0.0000000000000000000, 0.0000000000000000000, 1.000000000000000000 ) ) ;
#5027 = CARTESIAN_POINT ( 'NONE',  ( 0.0000000000000000000, 54.00000000000000000, 0.0000000000000000000 ) ) ;
#5028 = ORIENTED_EDGE ( 'NONE', *, *, #6984, .T. ) ;
#5029 = DIRECTION ( 'NONE',  ( 0.0000000000000000000, 0.0000000000000000000, 1.000000000000000000 ) ) ;
#5030 = AXIS2_PLACEMENT_3D ( 'NONE', #2876, #9630, #3853 ) ;
#5031 = EDGE_CURVE ( 'NONE', #379, #12149, #11178, .T. ) ;
#5032 = ORIENTED_EDGE ( 'NONE', *, *, #12537, .F. ) ;
#5033 = DIRECTION ( 'NONE',  ( 0.0000000000000000000, 0.0000000000000000000, 1.000000000000000000 ) ) ;
#5034 = EDGE_CURVE ( 'NONE', #4664, #11094, #896, .T. ) ;
#5035 = VECTOR ( 'NONE', #1787, 1000.000000000000000 ) ;
#5036 = CARTESIAN_POINT ( 'NONE',  ( 15.71441625783252500, 2.610000000000027400, 16.08204932900882200 ) ) ;
#5037 = ORIENTED_EDGE ( 'NONE', *, *, #11091, .T. ) ;
#5038 = ADVANCED_FACE ( 'NONE', ( #10866 ), #2860, .F. ) ;
#5039 = CARTESIAN_POINT ( 'NONE',  ( -20.99999999999998200, 26.00000000000000400, 3.469446951953614200E-015 ) ) ;
#5040 = CYLINDRICAL_SURFACE ( 'NONE', #4787, 4.000000000000000000 ) ;
#5041 = ORIENTED_EDGE ( 'NONE', *, *, #12537, .T. ) ;
#5042 = CARTESIAN_POINT ( 'NONE',  ( 3.469446951953614200E-015, 2.500000000000004000, 6.938893903907228400E-015 ) ) ;
#5043 = ORIENTED_EDGE ( 'NONE', *, *, #11751, .T. ) ;
#5044 = ADVANCED_FACE ( 'NONE', ( #7958 ), #3224, .T. ) ;
#5045 = PLANE ( 'NONE',  #10538 ) ;
#5046 = AXIS2_PLACEMENT_3D ( 'NONE', #5423, #12210, #6384 ) ;
#5047 = EDGE_CURVE ( 'NONE', #3930, #8868, #3174, .T. ) ;
#5048 = FACE_OUTER_BOUND ( 'NONE', #11688, .T. ) ;
#5049 = VERTEX_POINT ( 'NONE', #6120 ) ;
#5050 = AXIS2_PLACEMENT_3D ( 'NONE', #8544, #943, #6159 ) ;
#5051 = CYLINDRICAL_SURFACE ( 'NONE', #4632, 1.999999999999998200 ) ;
#5052 = ORIENTED_EDGE ( 'NONE', *, *, #10494, .F. ) ;
#5053 = DIRECTION ( 'NONE',  ( 0.0000000000000000000, 1.000000000000000000, 0.0000000000000000000 ) ) ;
#5054 = CARTESIAN_POINT ( 'NONE',  ( -15.50000000000000700, -5.749999999999984000, 15.50000000000000400 ) ) ;
#5055 = DIRECTION ( 'NONE',  ( -0.5469441386039886100, 0.0000000000000000000, 0.8371691043312222700 ) ) ;
#5056 = CARTESIAN_POINT ( 'NONE',  ( -15.28558374216748700, 2.610000000000006100, 16.08204932900881800 ) ) ;
#5057 = ORIENTED_EDGE ( 'NONE', *, *, #1077, .F. ) ;
#5058 = FACE_BOUND ( 'NONE', #12229, .T. ) ;
#5059 = ORIENTED_EDGE ( 'NONE', *, *, #5680, .T. ) ;
#5060 = ORIENTED_EDGE ( 'NONE', *, *, #797, .T. ) ;
#5061 = DIRECTION ( 'NONE',  ( 0.5469441386039886100, 0.0000000000000000000, -0.8371691043312221600 ) ) ;
#5062 = MANIFOLD_SOLID_BREP ( 'radial ball bearing_68_din-1-solid1', #12520 ) ;
#5063 = LINE ( 'NONE', #12509, #12495 ) ;
#5064 = DIRECTION ( 'NONE',  ( 0.0000000000000000000, -1.000000000000000000, 0.0000000000000000000 ) ) ;
#5065 = EDGE_LOOP ( 'NONE', ( #8857, #7897, #2286, #11009 ) ) ;
#5066 = ADVANCED_FACE ( 'NONE', ( #10561 ), #5122, .F. ) ;
#5067 = FACE_OUTER_BOUND ( 'NONE', #7059, .T. ) ;
#5068 = DIRECTION ( 'NONE',  ( 0.7071067811865472400, 0.0000000000000000000, -0.7071067811865479100 ) ) ;
#5069 = EDGE_LOOP ( 'NONE', ( #2285, #6402, #7858, #10763 ) ) ;
#5070 = EDGE_CURVE ( 'NONE', #6777, #3269, #5431, .T. ) ;
#5071 = AXIS2_PLACEMENT_3D ( 'NONE', #8351, #2603, #9355 ) ;
#5072 = AXIS2_PLACEMENT_3D ( 'NONE', #12041, #11044, #6213 ) ;
#5073 = EDGE_CURVE ( 'NONE', #6375, #504, #1363, .T. ) ;
#5074 = AXIS2_PLACEMENT_3D ( 'NONE', #9496, #3705, #10469 ) ;
#5075 = DIRECTION ( 'NONE',  ( -0.0000000000000000000, -1.000000000000000000, 0.0000000000000000000 ) ) ;
#5076 = CARTESIAN_POINT ( 'NONE',  ( -15.28558374216748700, 2.610000000000006100, 16.08204932900881800 ) ) ;
#5077 = ORIENTED_EDGE ( 'NONE', *, *, #10457, .T. ) ;
#5078 = EDGE_CURVE ( 'NONE', #7659, #7233, #2569, .T. ) ;
#5079 = DIRECTION ( 'NONE',  ( 0.0000000000000000000, 0.0000000000000000000, -1.000000000000000000 ) ) ;
#5080 = LINE ( 'NONE', #1774, #7005 ) ;
#5081 = LINE ( 'NONE', #8243, #7318 ) ;
#5082 = DIRECTION ( 'NONE',  ( 0.0000000000000000000, -1.000000000000000000, 0.0000000000000000000 ) ) ;
#5083 = ORIENTED_EDGE ( 'NONE', *, *, #1125, .F. ) ;
#5084 = DIRECTION ( 'NONE',  ( -0.0000000000000000000, -1.000000000000000000, 0.0000000000000000000 ) ) ;
#5085 = CARTESIAN_POINT ( 'NONE',  ( -15.50000000000000700, 0.6000000000000319500, -15.49999999999999600 ) ) ;
#5086 = CIRCLE ( 'NONE', #6750, 4.000000000000000000 ) ;
#5087 = CARTESIAN_POINT ( 'NONE',  ( 4.150000000000004800, 7.500000000000003600, 6.938893903907228400E-015 ) ) ;
#5088 = DIRECTION ( 'NONE',  ( -0.7071067811865475700, 0.0000000000000000000, -0.7071067811865475700 ) ) ;
#5089 = EDGE_CURVE ( 'NONE', #1134, #6700, #290, .T. ) ;
#5090 = FACE_BOUND ( 'NONE', #902, .T. ) ;
#5091 = CARTESIAN_POINT ( 'NONE',  ( -14.67958379209402300, 29.60000000000003300, -16.75575365649683200 ) ) ;
#5092 = EDGE_LOOP ( 'NONE', ( #2246, #5190, #11052, #5496 ) ) ;
#5093 = ORIENTED_EDGE ( 'NONE', *, *, #9215, .T. ) ;
#5094 = ORIENTED_EDGE ( 'NONE', *, *, #10618, .T. ) ;
#5095 = CARTESIAN_POINT ( 'NONE',  ( 15.49999999999999300, 26.00000000000000400, 14.24999999999999100 ) ) ;
#5096 = ADVANCED_FACE ( 'NONE', ( #9962 ), #11028, .T. ) ;
#5097 = LINE ( 'NONE', #1867, #9940 ) ;
#5098 = DIRECTION ( 'NONE',  ( -0.0000000000000000000, 0.0000000000000000000, 1.000000000000000000 ) ) ;
#5099 = DIRECTION ( 'NONE',  ( 0.8371691043312221600, 0.0000000000000000000, 0.5469441386039886100 ) ) ;
#5100 = VERTEX_POINT ( 'NONE', #2342 ) ;
#5101 = DIRECTION ( 'NONE',  ( 1.000000000000000000, 0.0000000000000000000, 0.0000000000000000000 ) ) ;
#5102 = ORIENTED_EDGE ( 'NONE', *, *, #4566, .T. ) ;
#5103 = EDGE_CURVE ( 'NONE', #6375, #4250, #12257, .T. ) ;
#5104 = ORIENTED_EDGE ( 'NONE', *, *, #5542, .F. ) ;
#5105 = AXIS2_PLACEMENT_3D ( 'NONE', #5666, #1843, #8541 ) ;
#5106 = CARTESIAN_POINT ( 'NONE',  ( -21.00000000000000000, 12.00000000000000000, -14.64103821455297600 ) ) ;
#5107 = DIRECTION ( 'NONE',  ( 1.000000000000000000, 0.0000000000000000000, 0.0000000000000000000 ) ) ;
#5108 = CARTESIAN_POINT ( 'NONE',  ( 6.938893903907228400E-015, 26.00000000000000400, 3.469446951953614200E-015 ) ) ;
#5109 = LINE ( 'NONE', #8677, #12550 ) ;
#5111 = CARTESIAN_POINT ( 'NONE',  ( 3.469446951953614200E-014, 34.60000000000000900, 3.122502256758252800E-014 ) ) ;
#5110 = CYLINDRICAL_SURFACE ( 'NONE', #12054, 4.000000000000000000 ) ;
#5112 = VERTEX_POINT ( 'NONE', #6199 ) ;
#5113 = DIRECTION ( 'NONE',  ( 0.5469441386039886100, 0.0000000000000000000, -0.8371691043312222700 ) ) ;
#5114 = VERTEX_POINT ( 'NONE', #426 ) ;
#5115 = DIRECTION ( 'NONE',  ( 0.5469441386039886100, 0.0000000000000000000, -0.8371691043312222700 ) ) ;
#5116 = ORIENTED_EDGE ( 'NONE', *, *, #12422, .F. ) ;
#5117 = DIRECTION ( 'NONE',  ( -0.0000000000000000000, -1.000000000000000000, -0.0000000000000000000 ) ) ;
#5118 = AXIS2_PLACEMENT_3D ( 'NONE', #11345, #5560, #12337 ) ;
#5119 = EDGE_CURVE ( 'NONE', #2809, #8047, #2267, .T. ) ;
#5120 = CARTESIAN_POINT ( 'NONE',  ( 15.71441625783251400, 2.610000000000029200, -14.91795067099118200 ) ) ;
#5121 = ADVANCED_FACE ( 'NONE', ( #4813 ), #11943, .F. ) ;
#5122 = CYLINDRICAL_SURFACE ( 'NONE', #11351, 1.249999999999999300 ) ;
#5123 = CIRCLE ( 'NONE', #6010, 2.750000000000000900 ) ;
#5124 = ORIENTED_EDGE ( 'NONE', *, *, #662, .T. ) ;
#5125 = CARTESIAN_POINT ( 'NONE',  ( 3.469446951953614200E-015, 7.500000000000001800, 6.938893903907228400E-015 ) ) ;
#5126 = CARTESIAN_POINT ( 'NONE',  ( 2.094712078817835700, 0.0000000000000000000, 18.00000000000000700 ) ) ;
#5127 = CARTESIAN_POINT ( 'NONE',  ( 16.44857319131947200, 2.015685424949268200, -16.95191457942383200 ) ) ;
#5128 = VERTEX_POINT ( 'NONE', #1460 ) ;
#5129 = ORIENTED_EDGE ( 'NONE', *, *, #4146, .T. ) ;
#5130 = ORIENTED_EDGE ( 'NONE', *, *, #10021, .F. ) ;
#5131 = DIRECTION ( 'NONE',  ( 0.5469441386039908300, 0.0000000000000000000, -0.8371691043312209400 ) ) ;
#5132 = FACE_OUTER_BOUND ( 'NONE', #6724, .T. ) ;
#5133 = TOROIDAL_SURFACE ( 'NONE', #7767, 5.250000000000000000, 1.650000000000000100 ) ;
#5134 = CARTESIAN_POINT ( 'NONE',  ( 15.30241838299095900, 1.940406951505561800, 14.92894917544658300 ) ) ;
#5135 = EDGE_LOOP ( 'NONE', ( #3393, #4397, #1227, #5032 ) ) ;
#5136 = DIRECTION ( 'NONE',  ( 0.0000000000000000000, -1.000000000000000000, 0.0000000000000000000 ) ) ;
#5137 = AXIS2_PLACEMENT_3D ( 'NONE', #5144, #11921, #6108 ) ;
#5138 = EDGE_CURVE ( 'NONE', #2371, #6808, #1971, .T. ) ;
#5139 = AXIS2_PLACEMENT_3D ( 'NONE', #9318, #11216, #10284 ) ;
#5141 = ORIENTED_EDGE ( 'NONE', *, *, #11505, .T. ) ;
#5140 = ORIENTED_EDGE ( 'NONE', *, *, #546, .F. ) ;
#5142 = ORIENTED_EDGE ( 'NONE', *, *, #180, .T. ) ;
#5143 = CARTESIAN_POINT ( 'NONE',  ( 16.37157287525380800, 0.5000000000000000000, 20.50000000000000400 ) ) ;
#5144 = CARTESIAN_POINT ( 'NONE',  ( 15.49999999999999300, 26.00000000000000400, 15.50000000000000400 ) ) ;
#5145 = EDGE_LOOP ( 'NONE', ( #8447, #6656, #9080, #170 ) ) ;
#5146 = DIRECTION ( 'NONE',  ( -0.9108500044181590000, 0.0000000000000000000, -0.4127375309460478100 ) ) ;
#5147 = DIRECTION ( 'NONE',  ( -0.0000000000000000000, -1.000000000000000000, 0.0000000000000000000 ) ) ;
#5148 = DIRECTION ( 'NONE',  ( -0.0000000000000000000, -1.000000000000000000, -0.0000000000000000000 ) ) ;
#5149 = LINE ( 'NONE', #12130, #11971 ) ;
#5150 = VECTOR ( 'NONE', #6216, 1000.000000000000000 ) ;
#5151 = EDGE_LOOP ( 'NONE', ( #2240, #148, #10612, #11502, #4996, #7466 ) ) ;
#5152 = DIRECTION ( 'NONE',  ( 0.0000000000000000000, 1.000000000000000000, -0.0000000000000000000 ) ) ;
#5153 = ORIENTED_EDGE ( 'NONE', *, *, #79, .F. ) ;
#5154 = CARTESIAN_POINT ( 'NONE',  ( -15.50000000000000700, 8.500000000000000000, 15.50000000000000400 ) ) ;
#5155 = AXIS2_PLACEMENT_3D ( 'NONE', #8098, #2366, #9098 ) ;
#5156 = CARTESIAN_POINT ( 'NONE',  ( 3.469446951953614200E-015, 5.000000000000002700, 6.938893903907228400E-015 ) ) ;
#5157 = DIRECTION ( 'NONE',  ( 0.0000000000000000000, 1.000000000000000000, -0.0000000000000000000 ) ) ;
#5158 = VERTEX_POINT ( 'NONE', #2421 ) ;
#5159 = AXIS2_PLACEMENT_3D ( 'NONE', #7413, #649, #1672 ) ;
#5160 = LINE ( 'NONE', #11477, #5473 ) ;
#5161 = VECTOR ( 'NONE', #47, 1000.000000000000000 ) ;
#5162 = CARTESIAN_POINT ( 'NONE',  ( 14.91795067099118900, 2.610000000000027400, 15.71441625783252900 ) ) ;
#5163 = ADVANCED_FACE ( 'NONE', ( #4525 ), #9037, .F. ) ;
#5164 = VERTEX_POINT ( 'NONE', #5325 ) ;
#5165 = EDGE_CURVE ( 'NONE', #10592, #6580, #6751, .T. ) ;
#5166 = CARTESIAN_POINT ( 'NONE',  ( -17.43223304703363000, 0.0000000000000000000, -20.06066017177981600 ) ) ;
#5167 = CARTESIAN_POINT ( 'NONE',  ( 15.50000000000000400, 1.000000000000032200, 15.50000000000000500 ) ) ;
#5168 = ORIENTED_EDGE ( 'NONE', *, *, #5783, .F. ) ;
#5169 = CARTESIAN_POINT ( 'NONE',  ( 1.877268033525632000, 54.00000000000000000, 0.7028447418003990200 ) ) ;
#5170 = VECTOR ( 'NONE', #5710, 1000.000000000000200 ) ;
#5171 = DIRECTION ( 'NONE',  ( -0.8371691043312240500, 0.0000000000000000000, -0.5469441386039857200 ) ) ;
#5172 = ORIENTED_EDGE ( 'NONE', *, *, #4048, .T. ) ;
#5173 = CARTESIAN_POINT ( 'NONE',  ( 2.094712078817835700, 8.500000000000000000, 18.20000000000000300 ) ) ;
#5174 = FACE_OUTER_BOUND ( 'NONE', #12507, .T. ) ;
#5175 = LINE ( 'NONE', #8749, #2623 ) ;
#5176 = AXIS2_PLACEMENT_3D ( 'NONE', #9287, #3497, #10253 ) ;
#5177 = VERTEX_POINT ( 'NONE', #11118 ) ;
#5178 = CARTESIAN_POINT ( 'NONE',  ( 6.938893903907228400E-015, 34.59999999999999400, 3.469446951953614200E-015 ) ) ;
#5179 = ORIENTED_EDGE ( 'NONE', *, *, #6857, .T. ) ;
#5180 = CARTESIAN_POINT ( 'NONE',  ( -15.50000000000000700, 8.500000000000000000, 16.75000000000000000 ) ) ;
#5181 = EDGE_CURVE ( 'NONE', #2074, #5112, #1670, .T. ) ;
#5182 = DIRECTION ( 'NONE',  ( -1.224646799147340400E-016, 0.0000000000000000000, -1.000000000000000000 ) ) ;
#5183 = FACE_OUTER_BOUND ( 'NONE', #6464, .T. ) ;
#5184 = AXIS2_PLACEMENT_3D ( 'NONE', #9286, #3495, #10250 ) ;
#5185 = ORIENTED_EDGE ( 'NONE', *, *, #2148, .T. ) ;
#5186 = CYLINDRICAL_SURFACE ( 'NONE', #4753, 4.150000000000001200 ) ;
#5187 = VECTOR ( 'NONE', #11065, 999.9999999999998900 ) ;
#5188 = CARTESIAN_POINT ( 'NONE',  ( -14.42350512184890300, 26.00000000000000400, -21.15000000000000200 ) ) ;
#5189 = PLANE ( 'NONE',  #9012 ) ;
#5190 = ORIENTED_EDGE ( 'NONE', *, *, #46, .F. ) ;
#5191 = ADVANCED_FACE ( 'NONE', ( #4221 ), #11159, .T. ) ;
#5192 = DIRECTION ( 'NONE',  ( 0.0000000000000000000, 0.0000000000000000000, -1.000000000000000000 ) ) ;
#5193 = EDGE_LOOP ( 'NONE', ( #2197, #11712, #7012, #5665 ) ) ;
#5194 = DIRECTION ( 'NONE',  ( 0.0000000000000000000, 1.000000000000000000, 0.0000000000000000000 ) ) ;
#5195 = CARTESIAN_POINT ( 'NONE',  ( 4.000000000000001800, 8.500000000000000000, 18.00000000000000700 ) ) ;
#5196 = FACE_OUTER_BOUND ( 'NONE', #6036, .T. ) ;
#5197 = ORIENTED_EDGE ( 'NONE', *, *, #12332, .F. ) ;
#5198 = ORIENTED_EDGE ( 'NONE', *, *, #7117, .F. ) ;
#5199 = DIRECTION ( 'NONE',  ( -0.0000000000000000000, -1.000000000000000000, -0.0000000000000000000 ) ) ;
#5200 = CIRCLE ( 'NONE', #1810, 25.60000000000001600 ) ;
#5201 = AXIS2_PLACEMENT_3D ( 'NONE', #7148, #1408, #8110 ) ;
#5202 = EDGE_CURVE ( 'NONE', #9637, #3909, #11629, .T. ) ;
#5203 = PLANE ( 'NONE',  #7600 ) ;
#5204 = EDGE_CURVE ( 'NONE', #10738, #11926, #9657, .T. ) ;
#5205 = LINE ( 'NONE', #8783, #9742 ) ;
#5206 = DIRECTION ( 'NONE',  ( 0.8371691043312222700, 0.0000000000000000000, 0.5469441386039884900 ) ) ;
#5207 = CIRCLE ( 'NONE', #11878, 0.5559999999999988300 ) ;
#5208 = ORIENTED_EDGE ( 'NONE', *, *, #1580, .T. ) ;
#5209 = DIRECTION ( 'NONE',  ( 0.0000000000000000000, 0.0000000000000000000, -1.000000000000000000 ) ) ;
#5210 = LINE ( 'NONE', #1000, #2653 ) ;
#5211 = DIRECTION ( 'NONE',  ( 0.0000000000000000000, 0.0000000000000000000, 1.000000000000000000 ) ) ;
#5212 = CARTESIAN_POINT ( 'NONE',  ( -15.50000000000000700, 8.500000000000000000, 16.75000000000001400 ) ) ;
#5213 = CARTESIAN_POINT ( 'NONE',  ( -15.20830766548011500, 0.6000000000000319500, -14.86746421971174200 ) ) ;
#5214 = DIRECTION ( 'NONE',  ( -0.0000000000000000000, -1.000000000000000000, -0.0000000000000000000 ) ) ;
#5215 = ORIENTED_EDGE ( 'NONE', *, *, #5314, .T. ) ;
#5216 = AXIS2_PLACEMENT_3D ( 'NONE', #7159, #7123, #1422 ) ;
#5217 = ORIENTED_EDGE ( 'NONE', *, *, #7786, .F. ) ;
#5218 = AXIS2_PLACEMENT_3D ( 'NONE', #5698, #5766, #705 ) ;
#5219 = VECTOR ( 'NONE', #2704, 1000.000000000000100 ) ;
#5220 = CARTESIAN_POINT ( 'NONE',  ( -14.36983122349147600, 0.6000000000000319500, -16.55338432521336100 ) ) ;
#5221 = LINE ( 'NONE', #2954, #69 ) ;
#5222 = CARTESIAN_POINT ( 'NONE',  ( 0.0000000000000000000, 12.00000000000000000, 0.0000000000000000000 ) ) ;
#5223 = DIRECTION ( 'NONE',  ( 0.0000000000000000000, 0.0000000000000000000, -1.000000000000000000 ) ) ;
#5224 = ADVANCED_FACE ( 'NONE', ( #11324 ), #7282, .F. ) ;
#5225 = DIRECTION ( 'NONE',  ( -0.0000000000000000000, -1.000000000000000000, 0.0000000000000000000 ) ) ;
#5226 = ORIENTED_EDGE ( 'NONE', *, *, #558, .T. ) ;
#5227 = DIRECTION ( 'NONE',  ( 0.0000000000000000000, -1.000000000000000000, 0.0000000000000000000 ) ) ;
#5228 = DIRECTION ( 'NONE',  ( -0.0000000000000000000, -1.000000000000000000, -0.0000000000000000000 ) ) ;
#5229 = AXIS2_PLACEMENT_3D ( 'NONE', #1242, #7989, #7019 ) ;
#5230 = FACE_OUTER_BOUND ( 'NONE', #7504, .T. ) ;
#5231 = EDGE_CURVE ( 'NONE', #3330, #5905, #11654, .T. ) ;
#5232 = EDGE_CURVE ( 'NONE', #5305, #8926, #8725, .T. ) ;
#5233 = AXIS2_PLACEMENT_3D ( 'NONE', #8187, #3364, #4377 ) ;
#5234 = VECTOR ( 'NONE', #10778, 1000.000000000000100 ) ;
#5235 = CARTESIAN_POINT ( 'NONE',  ( 15.19589905893618600, 2.610000000000027400, 15.96546602200816300 ) ) ;
#5236 = EDGE_CURVE ( 'NONE', #2443, #11034, #1365, .T. ) ;
#5237 = DIRECTION ( 'NONE',  ( -0.5469441386039888300, -5.359117379318553400E-017, 0.8371691043312222700 ) ) ;
#5238 = ORIENTED_EDGE ( 'NONE', *, *, #9703, .T. ) ;
#5239 = CARTESIAN_POINT ( 'NONE',  ( 20.06066017177981600, 34.00000000000000000, 17.43223304703363800 ) ) ;
#5240 = CARTESIAN_POINT ( 'NONE',  ( 16.08204932900880700, 2.610000000000029200, -15.71441625783251800 ) ) ;
#5241 = VECTOR ( 'NONE', #6141, 1000.000000000000000 ) ;
#5242 = LOCAL_TIME ( 13, 17, 15.00000000000000000, #7775 ) ;
#5243 = EDGE_CURVE ( 'NONE', #1864, #8319, #3617, .T. ) ;
#5244 = AXIS2_PLACEMENT_3D ( 'NONE', #8970, #6101, #7971 ) ;
#5245 = ORIENTED_EDGE ( 'NONE', *, *, #9601, .F. ) ;
#5246 = CARTESIAN_POINT ( 'NONE',  ( -2.081668171172168500E-014, 8.500000000000000000, -1.734723475976807100E-014 ) ) ;
#5247 = ADVANCED_FACE ( 'NONE', ( #11021 ), #7360, .T. ) ;
#5248 = ORIENTED_EDGE ( 'NONE', *, *, #6572, .T. ) ;
#5249 = CARTESIAN_POINT ( 'NONE',  ( 20.41421356237308900, 23.40000000000000600, 17.78578643762691100 ) ) ;
#5250 = ORIENTED_EDGE ( 'NONE', *, *, #8943, .T. ) ;
#5251 = DIRECTION ( 'NONE',  ( 0.0000000000000000000, 0.0000000000000000000, -1.000000000000000000 ) ) ;
#5252 = CARTESIAN_POINT ( 'NONE',  ( 15.71441625783252500, 2.610000000000027400, 16.08204932900882200 ) ) ;
#5253 = DIRECTION ( 'NONE',  ( 0.0000000000000000000, 0.0000000000000000000, -1.000000000000000000 ) ) ;
#5254 = DIRECTION ( 'NONE',  ( 0.5469441386039889400, 0.0000000000000000000, -0.8371691043312219400 ) ) ;
#5255 = EDGE_CURVE ( 'NONE', #3284, #10576, #9403, .T. ) ;
#5256 = ORIENTED_EDGE ( 'NONE', *, *, #7799, .F. ) ;
#5257 = AXIS2_PLACEMENT_3D ( 'NONE', #6561, #790, #7506 ) ;
#5258 = LINE ( 'NONE', #4313, #2701 ) ;
#5259 = FACE_BOUND ( 'NONE', #3706, .T. ) ;
#5260 = VERTEX_POINT ( 'NONE', #9176 ) ;
#5261 = DIRECTION ( 'NONE',  ( 0.0000000000000000000, 0.0000000000000000000, 1.000000000000000000 ) ) ;
#5262 = CARTESIAN_POINT ( 'NONE',  ( 6.938893903907228400E-015, 34.29999999999999700, 3.469446951953614200E-015 ) ) ;
#5263 = CARTESIAN_POINT ( 'NONE',  ( -15.28558374216748700, 2.610000000000031400, -14.91795067099118200 ) ) ;
#5264 = ORIENTED_EDGE ( 'NONE', *, *, #10206, .F. ) ;
#5265 = CARTESIAN_POINT ( 'NONE',  ( -14.42350512184887600, 26.00000000000000400, 21.14999999999999900 ) ) ;
#5266 = VERTEX_POINT ( 'NONE', #7206 ) ;
#5267 = CARTESIAN_POINT ( 'NONE',  ( 3.469446951953614200E-015, 25.63749999999999900, 6.938893903907228400E-015 ) ) ;
#5268 = LINE ( 'NONE', #11292, #9804 ) ;
#5269 = TOROIDAL_SURFACE ( 'NONE', #10976, 7.700000000000005500, 0.2999999999999994900 ) ;
#5270 = CARTESIAN_POINT ( 'NONE',  ( -4.760541378675434900, 4.760541378675431400, 21.50000000000000400 ) ) ;
#5271 = AXIS2_PLACEMENT_3D ( 'NONE', #8173, #3399, #10104 ) ;
#5272 = ORIENTED_EDGE ( 'NONE', *, *, #11048, .F. ) ;
#5273 = EDGE_CURVE ( 'NONE', #11535, #2458, #5864, .T. ) ;
#5274 = AXIS2_PLACEMENT_3D ( 'NONE', #2506, #5407, #12192 ) ;
#5275 = ORIENTED_EDGE ( 'NONE', *, *, #7610, .F. ) ;
#5276 = EDGE_CURVE ( 'NONE', #10189, #10467, #1048, .T. ) ;
#5277 = DIRECTION ( 'NONE',  ( -0.0000000000000000000, -1.000000000000000000, 0.0000000000000000000 ) ) ;
#5278 = DIRECTION ( 'NONE',  ( 0.0000000000000000000, 1.000000000000000000, 0.0000000000000000000 ) ) ;
#5279 = ORIENTED_EDGE ( 'NONE', *, *, #3995, .F. ) ;
#5280 = DIRECTION ( 'NONE',  ( -0.8371691043312221600, 0.0000000000000000000, -0.5469441386039887200 ) ) ;
#5281 = FACE_BOUND ( 'NONE', #9406, .T. ) ;
#5282 = FACE_OUTER_BOUND ( 'NONE', #8241, .T. ) ;
#5283 = DIRECTION ( 'NONE',  ( 0.0000000000000000000, 0.0000000000000000000, 1.000000000000000000 ) ) ;
#5284 = VERTEX_POINT ( 'NONE', #5336 ) ;
#5285 = ADVANCED_FACE ( 'NONE', ( #10705 ), #2478, .T. ) ;
#5286 = ORIENTED_EDGE ( 'NONE', *, *, #7832, .F. ) ;
#5287 = EDGE_LOOP ( 'NONE', ( #7003, #520 ) ) ;
#5288 = B_SPLINE_CURVE_WITH_KNOTS ( 'NONE', 3,
 ( #8627, #5736, #3847, #10595 ),
 .UNSPECIFIED., .F., .F.,
 ( 4, 4 ),
 ( 0.001013853424362995800, 0.003031486302369885100 ),
 .UNSPECIFIED. ) ;
#5289 = VERTEX_POINT ( 'NONE', #524 ) ;
#5290 = EDGE_CURVE ( 'NONE', #4052, #12277, #8108, .T. ) ;
#5291 = DIRECTION ( 'NONE',  ( 0.0000000000000000000, 0.0000000000000000000, 1.000000000000000000 ) ) ;
#5292 = DIRECTION ( 'NONE',  ( -0.0000000000000000000, -1.000000000000000000, 0.0000000000000000000 ) ) ;
#5293 = LINE ( 'NONE', #1041, #12424 ) ;
#5295 = DIRECTION ( 'NONE',  ( 0.8371691043312221600, 0.0000000000000000000, 0.5469441386039886100 ) ) ;
#5294 = CIRCLE ( 'NONE', #4803, 8.000000000000005300 ) ;
#5296 = DIRECTION ( 'NONE',  ( 0.7071067811865474600, 0.0000000000000000000, 0.7071067811865474600 ) ) ;
#5297 = EDGE_LOOP ( 'NONE', ( #9230, #1435, #11427 ) ) ;
#5298 = DIRECTION ( 'NONE',  ( 0.0000000000000000000, 1.000000000000000000, 0.0000000000000000000 ) ) ;
#5299 = ORIENTED_EDGE ( 'NONE', *, *, #1100, .T. ) ;
#5300 = ORIENTED_EDGE ( 'NONE', *, *, #3811, .T. ) ;
#5301 = EDGE_LOOP ( 'NONE', ( #2662, #8463, #12377, #3784 ) ) ;
#5302 = DIRECTION ( 'NONE',  ( -0.7071067811865474600, 0.0000000000000000000, -0.7071067811865474600 ) ) ;
#5303 = DIRECTION ( 'NONE',  ( 0.0000000000000000000, 0.0000000000000000000, -1.000000000000000000 ) ) ;
#5304 = CARTESIAN_POINT ( 'NONE',  ( -1.146920613196742700, 6.110050607254169800, 30.20000000000000300 ) ) ;
#5305 = VERTEX_POINT ( 'NONE', #564 ) ;
#5306 = EDGE_CURVE ( 'NONE', #958, #2475, #3308, .T. ) ;
#5307 = EDGE_CURVE ( 'NONE', #6568, #6795, #8416, .T. ) ;
#5308 = FACE_OUTER_BOUND ( 'NONE', #5745, .T. ) ;
#5309 = LINE ( 'NONE', #11742, #7247 ) ;
#5310 = AXIS2_PLACEMENT_3D ( 'NONE', #4922, #1006, #11695 ) ;
#5311 = EDGE_CURVE ( 'NONE', #11622, #919, #7802, .T. ) ;
#5312 = ORIENTED_EDGE ( 'NONE', *, *, #3851, .T. ) ;
#5313 = AXIS2_PLACEMENT_3D ( 'NONE', #463, #7189, #1456 ) ;
#5314 = EDGE_CURVE ( 'NONE', #5446, #10790, #434, .T. ) ;
#5315 = ORIENTED_EDGE ( 'NONE', *, *, #3428, .T. ) ;
#5316 = ADVANCED_FACE ( 'NONE', ( #125 ), #7204, .F. ) ;
#5317 = CARTESIAN_POINT ( 'NONE',  ( 6.161243186448658000E-015, 30.87016261237511500, -6.350000000000001400 ) ) ;
#5318 = ORIENTED_EDGE ( 'NONE', *, *, #10720, .F. ) ;
#5319 = CARTESIAN_POINT ( 'NONE',  ( -15.50000000000000700, 8.500000000000000000, 15.50000000000000400 ) ) ;
#5320 = VECTOR ( 'NONE', #11968, 1000.000000000000000 ) ;
#5321 = FACE_OUTER_BOUND ( 'NONE', #4218, .T. ) ;
#5322 = DIRECTION ( 'NONE',  ( 0.8371691043312221600, 0.0000000000000000000, 0.5469441386039887200 ) ) ;
#5323 = CARTESIAN_POINT ( 'NONE',  ( -15.50000000000000700, 2.790655351105523400, -15.49999999999999500 ) ) ;
#5324 = VERTEX_POINT ( 'NONE', #8306 ) ;
#5325 = CARTESIAN_POINT ( 'NONE',  ( 16.37157287525380800, 34.00000000000000000, 20.50000000000000700 ) ) ;
#5326 = AXIS2_PLACEMENT_3D ( 'NONE', #8854, #3097, #9848 ) ;
#5327 = VERTEX_POINT ( 'NONE', #2558 ) ;
#5328 = ORIENTED_EDGE ( 'NONE', *, *, #6540, .T. ) ;
#5329 = DIRECTION ( 'NONE',  ( 1.000000000000000000, 0.0000000000000000000, 0.0000000000000000000 ) ) ;
#5330 = VECTOR ( 'NONE', #3540, 999.9999999999998900 ) ;
#5331 = VERTEX_POINT ( 'NONE', #609 ) ;
#5332 = EDGE_CURVE ( 'NONE', #2395, #9309, #7502, .T. ) ;
#5333 = FACE_OUTER_BOUND ( 'NONE', #11215, .T. ) ;
#5334 = FACE_OUTER_BOUND ( 'NONE', #11615, .T. ) ;
#5335 = ORIENTED_EDGE ( 'NONE', *, *, #12031, .F. ) ;
#5336 = CARTESIAN_POINT ( 'NONE',  ( 13.13154598666890900, 26.00000000000000400, 21.14999999999999500 ) ) ;
#5337 = DIRECTION ( 'NONE',  ( 0.0000000000000000000, 0.0000000000000000000, 1.000000000000000000 ) ) ;
#5338 = ORIENTED_EDGE ( 'NONE', *, *, #2913, .T. ) ;
#5339 = CARTESIAN_POINT ( 'NONE',  ( -15.41723649745962600, 2.610000000000031400, -14.95019439558399200 ) ) ;
#5340 = CARTESIAN_POINT ( 'NONE',  ( -1.426404995370222500, 4.110050607254169800, 28.20000000000000300 ) ) ;
#5341 = CARTESIAN_POINT ( 'NONE',  ( 21.00000000000000000, 12.00000000000000000, 14.64103821455293700 ) ) ;
#5342 = CONICAL_SURFACE ( 'NONE', #543, 0.5559999999999997200, 0.06981317007976596500 ) ;
#5343 = CONICAL_SURFACE ( 'NONE', #10855, 3077.683537175311800, 1.256637061435922800 ) ;
#5344 = VERTEX_POINT ( 'NONE', #9315 ) ;
#5345 = PLANE ( 'NONE',  #1903 ) ;
#5346 = CARTESIAN_POINT ( 'NONE',  ( 0.8530793868032783300, 4.110050607254169800, 28.20000000000000300 ) ) ;
#5347 = DIRECTION ( 'NONE',  ( 0.0000000000000000000, -1.000000000000000000, 0.0000000000000000000 ) ) ;
#5348 = CARTESIAN_POINT ( 'NONE',  ( 3.604158099859823500E-014, 33.30000000000000400, 11.00000000000003600 ) ) ;
#5349 = CARTESIAN_POINT ( 'NONE',  ( -2.888629745115985700, 2.628844685195824000, 18.00000000000000700 ) ) ;
#5350 = EDGE_CURVE ( 'NONE', #6060, #3691, #2410, .T. ) ;
#5351 = DIRECTION ( 'NONE',  ( 0.0000000000000000000, 0.0000000000000000000, -1.000000000000000000 ) ) ;
#5352 = ADVANCED_FACE ( 'NONE', ( #4964 ), #7329, .T. ) ;
#5353 = CARTESIAN_POINT ( 'NONE',  ( 3.469446951953614200E-014, 34.60000000000000900, 3.122502256758252800E-014 ) ) ;
#5354 = LINE ( 'NONE', #7612, #211 ) ;
#5355 = CARTESIAN_POINT ( 'NONE',  ( 15.80928918440701700, 2.474345677606098400, 15.02659269710754800 ) ) ;
#5356 = VERTEX_POINT ( 'NONE', #1639 ) ;
#5357 = CARTESIAN_POINT ( 'NONE',  ( 17.43223304703363000, 0.5000000000000000000, 20.06066017177982300 ) ) ;
#5358 = FACE_OUTER_BOUND ( 'NONE', #10503, .T. ) ;
#5359 = ORIENTED_EDGE ( 'NONE', *, *, #11678, .T. ) ;
#5360 = CARTESIAN_POINT ( 'NONE',  ( -15.50000000000000700, 8.500000000000000000, -15.49999999999999600 ) ) ;
#5361 = CARTESIAN_POINT ( 'NONE',  ( 15.19589905893617600, 2.610000000000029200, -15.03453397799183700 ) ) ;
#5362 = LINE ( 'NONE', #3270, #219 ) ;
#5363 = DIRECTION ( 'NONE',  ( 0.0000000000000000000, -1.000000000000000000, 0.0000000000000000000 ) ) ;
#5364 = ORIENTED_EDGE ( 'NONE', *, *, #12143, .F. ) ;
#5365 = DIRECTION ( 'NONE',  ( 0.4894791198105034000, -0.4461977533474358900, -0.7492114228822434100 ) ) ;
#5366 = AXIS2_PLACEMENT_3D ( 'NONE', #7886, #2158, #8872 ) ;
#5367 = CIRCLE ( 'NONE', #10806, 1.500000000000001300 ) ;
#5368 = EDGE_LOOP ( 'NONE', ( #12431, #10528, #2325, #1219 ) ) ;
#5369 = EDGE_CURVE ( 'NONE', #2497, #10176, #5268, .T. ) ;
#5370 = DIRECTION ( 'NONE',  ( 0.0000000000000000000, 1.000000000000000000, 0.0000000000000000000 ) ) ;
#5371 = ORIENTED_EDGE ( 'NONE', *, *, #4647, .T. ) ;
#5372 = DIRECTION ( 'NONE',  ( 0.0000000000000000000, 1.000000000000000000, 0.0000000000000000000 ) ) ;
#5373 = CARTESIAN_POINT ( 'NONE',  ( 14.36983122349146100, 0.6000000000000297300, -14.44661567478663500 ) ) ;
#5374 = ORIENTED_EDGE ( 'NONE', *, *, #598, .T. ) ;
#5375 = EDGE_LOOP ( 'NONE', ( #4825, #987, #10634, #1451 ) ) ;
#5376 = CARTESIAN_POINT ( 'NONE',  ( 6.161243186448658000E-015, 33.32983738762487700, -6.350000000000001400 ) ) ;
#5377 = ADVANCED_FACE ( 'NONE', ( #2120 ), #695, .F. ) ;
#5378 = ORIENTED_EDGE ( 'NONE', *, *, #4352, .T. ) ;
#5379 = DIRECTION ( 'NONE',  ( 0.7071067811865472400, 0.7071067811865479100, 0.0000000000000000000 ) ) ;
#5380 = DIRECTION ( 'NONE',  ( 0.5469441386039857200, 0.0000000000000000000, -0.8371691043312240500 ) ) ;
#5381 = FACE_OUTER_BOUND ( 'NONE', #2973, .T. ) ;
#5382 = DIRECTION ( 'NONE',  ( 0.0000000000000000000, 0.0000000000000000000, 1.000000000000000000 ) ) ;
#5383 = DIRECTION ( 'NONE',  ( 0.5469441386039857200, 0.0000000000000000000, -0.8371691043312240500 ) ) ;
#5384 = FACE_OUTER_BOUND ( 'NONE', #768, .T. ) ;
#5385 = AXIS2_PLACEMENT_3D ( 'NONE', #10980, #3845, #10594 ) ;
#5386 = EDGE_CURVE ( 'NONE', #8780, #5874, #12096, .T. ) ;
#5387 = AXIS2_PLACEMENT_3D ( 'NONE', #8785, #3019, #9778 ) ;
#5388 = ORIENTED_EDGE ( 'NONE', *, *, #10180, .F. ) ;
#5389 = CARTESIAN_POINT ( 'NONE',  ( -15.50000000000000700, 0.6000000000000319500, -15.49999999999999600 ) ) ;
#5390 = CARTESIAN_POINT ( 'NONE',  ( 14.88084507960053100, 2.610000000000027400, 15.53745580819629500 ) ) ;
#5391 = DIRECTION ( 'NONE',  ( 0.0000000000000000000, 0.0000000000000000000, -1.000000000000000000 ) ) ;
#5392 = CARTESIAN_POINT ( 'NONE',  ( 15.50000000000000400, -5.749999999999963600, 15.50000000000000500 ) ) ;
#5393 = CIRCLE ( 'NONE', #1703, 6.350000000000005000 ) ;
#5394 = CARTESIAN_POINT ( 'NONE',  ( -15.50000000000000700, 2.499999999999999600, 14.25000000000000400 ) ) ;
#5395 = DIRECTION ( 'NONE',  ( 0.4894791198105034000, -0.4461977533474358900, -0.7492114228822434100 ) ) ;
#5396 = VERTEX_POINT ( 'NONE', #5516 ) ;
#5397 = CARTESIAN_POINT ( 'NONE',  ( 16.05218077598817300, 2.610000000000029200, -15.43494317384708300 ) ) ;
#5398 = VERTEX_POINT ( 'NONE', #6504 ) ;
#5399 = CARTESIAN_POINT ( 'NONE',  ( 6.938893903907228400E-015, 11.46250000000000000, -6.350000000000001400 ) ) ;
#5400 = AXIS2_PLACEMENT_3D ( 'NONE', #6378, #610, #7331 ) ;
#5401 = ORIENTED_EDGE ( 'NONE', *, *, #7754, .F. ) ;
#5402 = DIRECTION ( 'NONE',  ( 0.0000000000000000000, 0.0000000000000000000, -1.000000000000000000 ) ) ;
#5403 = VERTEX_POINT ( 'NONE', #10279 ) ;
#5404 = DIRECTION ( 'NONE',  ( 0.0000000000000000000, 1.000000000000000000, 0.0000000000000000000 ) ) ;
#5405 = EDGE_CURVE ( 'NONE', #11672, #9541, #12396, .T. ) ;
#5406 = CIRCLE ( 'NONE', #867, 3.750000000000017300 ) ;
#5407 = DIRECTION ( 'NONE',  ( -0.7071067811865475700, 0.0000000000000000000, -0.7071067811865475700 ) ) ;
#5408 = EDGE_LOOP ( 'NONE', ( #11210, #1067, #1962, #4649 ) ) ;
#5409 = PLANE ( 'NONE',  #3230 ) ;
#5410 = ORIENTED_EDGE ( 'NONE', *, *, #1352, .T. ) ;
#5411 = ORIENTED_EDGE ( 'NONE', *, *, #2730, .T. ) ;
#5412 = CARTESIAN_POINT ( 'NONE',  ( -20.50000000000000000, 0.0000000000000000000, -16.37157287525380400 ) ) ;
#5413 = ADVANCED_FACE ( 'NONE', ( #4672 ), #11782, .F. ) ;
#5414 = CARTESIAN_POINT ( 'NONE',  ( 16.01066363930341700, 0.6000000000000297300, -16.95812298778030700 ) ) ;
#5415 = AXIS2_PLACEMENT_3D ( 'NONE', #7846, #2125, #8842 ) ;
#5416 = CARTESIAN_POINT ( 'NONE',  ( 21.14999999999998400, 26.00000000000000400, -13.13154598666895000 ) ) ;
#5417 = VECTOR ( 'NONE', #4812, 1000.000000000000100 ) ;
#5418 = CIRCLE ( 'NONE', #10082, 1.999999999999998200 ) ;
#5419 = DIRECTION ( 'NONE',  ( 0.0000000000000000000, -1.000000000000000000, -0.0000000000000000000 ) ) ;
#5420 = ORIENTED_EDGE ( 'NONE', *, *, #6481, .F. ) ;
#5421 = DIRECTION ( 'NONE',  ( -0.0000000000000000000, -1.000000000000000000, -0.0000000000000000000 ) ) ;
#5422 = PLANE ( 'NONE',  #4502 ) ;
#5423 = CARTESIAN_POINT ( 'NONE',  ( -15.50000000000000700, 2.610000000000031400, -15.49999999999999600 ) ) ;
#5424 = EDGE_CURVE ( 'NONE', #11826, #3922, #1808, .T. ) ;
#5425 = ORIENTED_EDGE ( 'NONE', *, *, #11035, .F. ) ;
#5426 = AXIS2_PLACEMENT_3D ( 'NONE', #6053, #281, #7007 ) ;
#5427 = EDGE_LOOP ( 'NONE', ( #9966, #4546, #930, #3051 ) ) ;
#5428 = ORIENTED_EDGE ( 'NONE', *, *, #11686, .F. ) ;
#5429 = DIRECTION ( 'NONE',  ( 0.0000000000000000000, 1.000000000000000000, 0.0000000000000000000 ) ) ;
#5430 = CARTESIAN_POINT ( 'NONE',  ( 1.660547806356602800, 6.110050607254169800, 18.20000000000000300 ) ) ;
#5431 = LINE ( 'NONE', #10985, #10269 ) ;
#5432 = CYLINDRICAL_SURFACE ( 'NONE', #7300, 2.000000000000001800 ) ;
#5433 = CARTESIAN_POINT ( 'NONE',  ( 14.64103821455293400, 12.00000000000000000, 21.00000000000000400 ) ) ;
#5434 = ORIENTED_EDGE ( 'NONE', *, *, #11768, .T. ) ;
#5435 = DIRECTION ( 'NONE',  ( 0.0000000000000000000, -1.000000000000000000, 0.0000000000000000000 ) ) ;
#5436 = ORIENTED_EDGE ( 'NONE', *, *, #8162, .T. ) ;
#5437 = EDGE_LOOP ( 'NONE', ( #3946, #11064 ) ) ;
#5438 = EDGE_CURVE ( 'NONE', #11926, #10738, #4364, .T. ) ;
#5439 = CARTESIAN_POINT ( 'NONE',  ( 6.938893903907228400E-015, 33.50000000000000000, 3.469446951953614200E-015 ) ) ;
#5440 = EDGE_LOOP ( 'NONE', ( #9818, #8354, #11813, #5763, #10723, #2651 ) ) ;
#5441 = ADVANCED_FACE ( 'NONE', ( #9498, #6901 ), #6545, .T. ) ;
#5442 = AXIS2_PLACEMENT_3D ( 'NONE', #6764, #1021, #7735 ) ;
#5443 = EDGE_CURVE ( 'NONE', #12399, #1738, #1510, .T. ) ;
#5444 = FACE_OUTER_BOUND ( 'NONE', #9051, .T. ) ;
#5445 = FACE_OUTER_BOUND ( 'NONE', #9554, .T. ) ;
#5446 = VERTEX_POINT ( 'NONE', #12408 ) ;
#5447 = DIRECTION ( 'NONE',  ( -0.5201747870687639700, -0.3090169943749421200, 0.7961951319151877600 ) ) ;
#5448 = DIRECTION ( 'NONE',  ( -0.0000000000000000000, -1.000000000000000000, 0.0000000000000000000 ) ) ;
#5449 = ORIENTED_EDGE ( 'NONE', *, *, #10924, .F. ) ;
#5450 = VERTEX_POINT ( 'NONE', #6579 ) ;
#5451 = DIRECTION ( 'NONE',  ( 0.5469441386039877200, 0.0000000000000000000, -0.8371691043312229400 ) ) ;
#5452 = MANIFOLD_SOLID_BREP ( 'nema17_middle_34-1-solid1', #2168 ) ;
#5453 = ORIENTED_EDGE ( 'NONE', *, *, #3669, .F. ) ;
#5454 = ORIENTED_EDGE ( 'NONE', *, *, #10224, .T. ) ;
#5455 = EDGE_LOOP ( 'NONE', ( #6546, #11899, #12194, #8124 ) ) ;
#5456 = EDGE_LOOP ( 'NONE', ( #920, #5978, #6409, #8786 ) ) ;
#5457 = CARTESIAN_POINT ( 'NONE',  ( 16.19643099708685000, 0.6000000000000276200, 15.51303064308315500 ) ) ;
#5458 = VECTOR ( 'NONE', #9050, 1000.000000000000000 ) ;
#5459 = LINE ( 'NONE', #3404, #2296 ) ;
#5460 = DIRECTION ( 'NONE',  ( 0.0000000000000000000, 0.0000000000000000000, -1.000000000000000000 ) ) ;
#5461 = ORIENTED_EDGE ( 'NONE', *, *, #8145, .T. ) ;
#5462 = AXIS2_PLACEMENT_3D ( 'NONE', #5706, #12500, #6659 ) ;
#5463 = EDGE_CURVE ( 'NONE', #11597, #334, #11470, .T. ) ;
#5464 = AXIS2_PLACEMENT_3D ( 'NONE', #1337, #9073, #8948 ) ;
#5465 = CARTESIAN_POINT ( 'NONE',  ( 6.295954334354868100E-015, 33.32983738762488500, -4.149999999999997700 ) ) ;
#5466 = ORIENTED_EDGE ( 'NONE', *, *, #10224, .F. ) ;
#5467 = ORIENTED_EDGE ( 'NONE', *, *, #4124, .F. ) ;
#5468 = CARTESIAN_POINT ( 'NONE',  ( 16.37157287525380800, 23.40000000000000600, -19.00000000000000000 ) ) ;
#5469 = DIRECTION ( 'NONE',  ( 0.0000000000000000000, 1.000000000000000000, 0.0000000000000000000 ) ) ;
#5470 = PERSON_AND_ORGANIZATION_ROLE ( 'design_owner' ) ;
#5471 = ORIENTED_EDGE ( 'NONE', *, *, #5487, .T. ) ;
#5472 = DIRECTION ( 'NONE',  ( 0.0000000000000000000, 1.000000000000000000, 0.0000000000000000000 ) ) ;
#5473 = VECTOR ( 'NONE', #875, 1000.000000000000000 ) ;
#5474 = LINE ( 'NONE', #6828, #2309 ) ;
#5475 = EDGE_LOOP ( 'NONE', ( #4690, #4695 ) ) ;
#5476 = ORIENTED_EDGE ( 'NONE', *, *, #4301, .F. ) ;
#5477 = DIRECTION ( 'NONE',  ( -0.0000000000000000000, -1.000000000000000000, -0.0000000000000000000 ) ) ;
#5478 = ORIENTED_EDGE ( 'NONE', *, *, #4469, .T. ) ;
#5479 = DIRECTION ( 'NONE',  ( -0.0000000000000000000, -1.000000000000000000, 0.0000000000000000000 ) ) ;
#5480 = EDGE_CURVE ( 'NONE', #601, #8088, #9202, .T. ) ;
#5481 = AXIS2_PLACEMENT_3D ( 'NONE', #10644, #4861, #11627 ) ;
#5482 = CARTESIAN_POINT ( 'NONE',  ( 3.469446951953614200E-014, 36.00000000000000700, 10.50000000000003600 ) ) ;
#5483 = CC_DESIGN_APPROVAL ( #4820, ( #4184 ) ) ;
#5484 = VECTOR ( 'NONE', #7579, 1000.000000000000000 ) ;
#5485 = VERTEX_POINT ( 'NONE', #4697 ) ;
#5486 = ADVANCED_FACE ( 'NONE', ( #11168 ), #6004, .T. ) ;
#5487 = EDGE_CURVE ( 'NONE', #4668, #6258, #8550, .T. ) ;
#5488 = AXIS2_PLACEMENT_3D ( 'NONE', #4040, #195, #6923 ) ;
#5489 = FACE_OUTER_BOUND ( 'NONE', #4071, .T. ) ;
#5490 = LINE ( 'NONE', #9871, #9415 ) ;
#5491 = CARTESIAN_POINT ( 'NONE',  ( 3.469446951953614200E-015, 7.200000000000002800, 6.938893903907228400E-015 ) ) ;
#5492 = DIRECTION ( 'NONE',  ( -0.5469441386039887200, 0.0000000000000000000, 0.8371691043312221600 ) ) ;
#5493 = VERTEX_POINT ( 'NONE', #8539 ) ;
#5494 = EDGE_CURVE ( 'NONE', #8458, #2419, #8876, .T. ) ;
#5495 = DIRECTION ( 'NONE',  ( 1.000000000000000000, 0.0000000000000000000, 0.0000000000000000000 ) ) ;
#5496 = ORIENTED_EDGE ( 'NONE', *, *, #12455, .T. ) ;
#5497 = ORIENTED_EDGE ( 'NONE', *, *, #6180, .F. ) ;
#5498 = DIRECTION ( 'NONE',  ( -0.0000000000000000000, -1.000000000000000000, -0.0000000000000000000 ) ) ;
#5499 = CYLINDRICAL_SURFACE ( 'NONE', #2889, 1.999999999999998200 ) ;
#5500 = CARTESIAN_POINT ( 'NONE',  ( 0.8530793868032574600, 6.110050607254169800, 30.20000000000000300 ) ) ;
#5501 = ORIENTED_EDGE ( 'NONE', *, *, #1745, .F. ) ;
#5502 = LINE ( 'NONE', #483, #8023 ) ;
#5503 = DIRECTION ( 'NONE',  ( 0.8371691043312241600, -5.359117379318552800E-017, 0.5469441386039858300 ) ) ;
#5504 = VECTOR ( 'NONE', #5101, 1000.000000000000000 ) ;
#5505 = EDGE_CURVE ( 'NONE', #10159, #4192, #1202, .T. ) ;
#5506 = AXIS2_PLACEMENT_3D ( 'NONE', #886, #8570, #2822 ) ;
#5507 = ORIENTED_EDGE ( 'NONE', *, *, #5680, .F. ) ;
#5508 = DIRECTION ( 'NONE',  ( 1.000000000000000000, 0.0000000000000000000, 0.0000000000000000000 ) ) ;
#5509 = ORIENTED_EDGE ( 'NONE', *, *, #10355, .F. ) ;
#5510 = EDGE_CURVE ( 'NONE', #1645, #11224, #3455, .T. ) ;
#5511 = CIRCLE ( 'NONE', #3375, 1.250000000000001100 ) ;
#5512 = VERTEX_POINT ( 'NONE', #7607 ) ;
#5513 = CARTESIAN_POINT ( 'NONE',  ( 0.0000000000000000000, 1.628844685195823100, 18.00000000000000700 ) ) ;
#5514 = ADVANCED_FACE ( 'NONE', ( #6309 ), #10548, .F. ) ;
#5515 = CIRCLE ( 'NONE', #11110, 0.5559999999999997200 ) ;
#5516 = CARTESIAN_POINT ( 'NONE',  ( -14.94781922401182700, 2.610000000000006100, 15.56505682615291500 ) ) ;
#5517 = CARTESIAN_POINT ( 'NONE',  ( 6.938893903907228400E-015, 33.50000000000000000, 20.50000000000000700 ) ) ;
#5518 = DATE_TIME_ROLE ( 'classification_date' ) ;
#5519 = CARTESIAN_POINT ( 'NONE',  ( 4.449164391271497000E-015, 2.500000000000004000, -7.999999999999992900 ) ) ;
#5520 = LINE ( 'NONE', #12565, #4304 ) ;
#5521 = ORIENTED_EDGE ( 'NONE', *, *, #11151, .T. ) ;
#5522 = DIRECTION ( 'NONE',  ( 1.224646799147349500E-016, 0.0000000000000000000, -1.000000000000000000 ) ) ;
#5523 = CARTESIAN_POINT ( 'NONE',  ( 15.49999999999999300, 33.70000000000000300, 15.50000000000000400 ) ) ;
#5524 = FACE_OUTER_BOUND ( 'NONE', #621, .T. ) ;
#5525 = AXIS2_PLACEMENT_3D ( 'NONE', #8867, #181, #226 ) ;
#5526 = CARTESIAN_POINT ( 'NONE',  ( -15.28558374216748700, 2.610000000000006100, 16.08204932900881800 ) ) ;
#5527 = CARTESIAN_POINT ( 'NONE',  ( 15.49999999999999300, 29.60000000000003300, -15.49999999999999600 ) ) ;
#5528 = EDGE_CURVE ( 'NONE', #9777, #8425, #587, .T. ) ;
#5529 = DIRECTION ( 'NONE',  ( -0.0000000000000000000, -1.000000000000000000, 0.0000000000000000000 ) ) ;
#5530 = AXIS2_PLACEMENT_3D ( 'NONE', #5111, #11890, #6075 ) ;
#5531 = ORIENTED_EDGE ( 'NONE', *, *, #5934, .F. ) ;
#5532 = EDGE_LOOP ( 'NONE', ( #3398, #1285, #6571 ) ) ;
#5533 = DIRECTION ( 'NONE',  ( 1.000000000000000000, 0.0000000000000000000, -1.202705903538683300E-016 ) ) ;
#5534 = CARTESIAN_POINT ( 'NONE',  ( -0.8674362310232414100, 6.110050607254169800, 30.20000000000000300 ) ) ;
#5535 = VECTOR ( 'NONE', #6237, 1000.000000000000200 ) ;
#5536 = FACE_OUTER_BOUND ( 'NONE', #4427, .T. ) ;
#5537 = CARTESIAN_POINT ( 'NONE',  ( 0.5735950046297769700, 4.110050607254169800, 28.20000000000000300 ) ) ;
#5538 = DIRECTION ( 'NONE',  ( 0.0000000000000000000, 0.0000000000000000000, 1.000000000000000000 ) ) ;
#5539 = DIRECTION ( 'NONE',  ( 0.7071067811865475700, -0.0000000000000000000, 0.7071067811865475700 ) ) ;
#5540 = AXIS2_PLACEMENT_3D ( 'NONE', #6869, #8781, #1131 ) ;
#5541 = ORIENTED_EDGE ( 'NONE', *, *, #4067, .T. ) ;
#5542 = EDGE_CURVE ( 'NONE', #7252, #6244, #3162, .T. ) ;
#5543 = DIRECTION ( 'NONE',  ( 0.7071067811865475700, 0.0000000000000000000, -0.7071067811865475700 ) ) ;
#5544 = FACE_OUTER_BOUND ( 'NONE', #3041, .T. ) ;
#5545 = CARTESIAN_POINT ( 'NONE',  ( -16.37157287525381100, 0.5000000000000000000, -20.49999999999999600 ) ) ;
#5546 = ADVANCED_FACE ( 'NONE', ( #7944 ), #10260, .F. ) ;
#5547 = CARTESIAN_POINT ( 'NONE',  ( -15.50000000000000700, 2.581370849898509500, -15.49999999999999600 ) ) ;
#5548 = VECTOR ( 'NONE', #7776, 999.9999999999998900 ) ;
#5549 = DIRECTION ( 'NONE',  ( 0.0000000000000000000, -1.000000000000000000, 0.0000000000000000000 ) ) ;
#5550 = DIRECTION ( 'NONE',  ( -0.0000000000000000000, -1.000000000000000000, 0.0000000000000000000 ) ) ;
#5551 = ORIENTED_EDGE ( 'NONE', *, *, #3562, .F. ) ;
#5552 = DIRECTION ( 'NONE',  ( 0.0000000000000000000, 1.000000000000000000, 0.0000000000000000000 ) ) ;
#5553 = EDGE_CURVE ( 'NONE', #3503, #10096, #276, .T. ) ;
#5554 = EDGE_CURVE ( 'NONE', #4842, #11513, #2845, .T. ) ;
#5555 = CARTESIAN_POINT ( 'NONE',  ( 15.80928918440700800, 2.474345677606097500, -15.97340730289245600 ) ) ;
#5556 = AXIS2_PLACEMENT_3D ( 'NONE', #3896, #10652, #4868 ) ;
#5557 = CIRCLE ( 'NONE', #2580, 4.150000000000001200 ) ;
#5558 = CALENDAR_DATE ( 2017, 6, 3 ) ;
#5559 = ORIENTED_EDGE ( 'NONE', *, *, #2093, .F. ) ;
#5560 = DIRECTION ( 'NONE',  ( 0.0000000000000000000, 1.000000000000000000, -0.0000000000000000000 ) ) ;
#5561 = ORIENTED_EDGE ( 'NONE', *, *, #6813, .T. ) ;
#5562 = CARTESIAN_POINT ( 'NONE',  ( -14.80356900291316400, 0.6000000000000063100, 15.51303064308315300 ) ) ;
#5563 = CARTESIAN_POINT ( 'NONE',  ( -15.50000000000000700, 2.610000000000006100, 15.50000000000000400 ) ) ;
#5564 = EDGE_LOOP ( 'NONE', ( #6229, #1855, #6146, #4094 ) ) ;
#5565 = ORIENTED_EDGE ( 'NONE', *, *, #8506, .F. ) ;
#5566 = DIRECTION ( 'NONE',  ( 0.0000000000000000000, 0.0000000000000000000, 1.000000000000000000 ) ) ;
#5567 = ADVANCED_FACE ( 'NONE', ( #8257, #5711 ), #9681, .T. ) ;
#5568 = FACE_OUTER_BOUND ( 'NONE', #5427, .T. ) ;
#5569 = VECTOR ( 'NONE', #10870, 1000.000000000000000 ) ;
#5570 = CARTESIAN_POINT ( 'NONE',  ( -15.50000000000000700, 2.610000000000031400, -15.49999999999999600 ) ) ;
#5571 = AXIS2_PLACEMENT_3D ( 'NONE', #689, #7420, #1675 ) ;
#5572 = VERTEX_POINT ( 'NONE', #1970 ) ;
#5573 = DIRECTION ( 'NONE',  ( -0.0000000000000000000, -1.000000000000000000, 0.0000000000000000000 ) ) ;
#5574 = AXIS2_PLACEMENT_3D ( 'NONE', #8716, #7769, #2051 ) ;
#5575 = CARTESIAN_POINT ( 'NONE',  ( 15.49999999999999300, 0.0000000000000000000, -15.49999999999999600 ) ) ;
#5576 = EDGE_CURVE ( 'NONE', #9659, #11034, #5109, .T. ) ;
#5577 = VECTOR ( 'NONE', #9272, 1000.000000000000100 ) ;
#5578 = FACE_OUTER_BOUND ( 'NONE', #9055, .T. ) ;
#5579 = DIRECTION ( 'NONE',  ( -0.0000000000000000000, 1.000000000000000000, -0.0000000000000000000 ) ) ;
#5580 = ORIENTED_EDGE ( 'NONE', *, *, #11205, .T. ) ;
#5581 = CARTESIAN_POINT ( 'NONE',  ( -14.98933636069658200, 0.6000000000000063100, 14.04187701221969100 ) ) ;
#5582 = VERTEX_POINT ( 'NONE', #9725 ) ;
#5583 = FACE_OUTER_BOUND ( 'NONE', #9802, .T. ) ;
#5584 = VECTOR ( 'NONE', #851, 1000.000000000000000 ) ;
#5585 = DIRECTION ( 'NONE',  ( -0.0000000000000000000, 1.000000000000000000, -0.0000000000000000000 ) ) ;
#5586 = ORIENTED_EDGE ( 'NONE', *, *, #8459, .T. ) ;
#5587 = EDGE_CURVE ( 'NONE', #3004, #6426, #7640, .T. ) ;
#5588 = AXIS2_PLACEMENT_3D ( 'NONE', #5965, #186, #6915 ) ;
#5589 = EDGE_LOOP ( 'NONE', ( #6137, #7725 ) ) ;
#5590 = EDGE_LOOP ( 'NONE', ( #7286, #1605, #11285, #816 ) ) ;
#5591 = ORIENTED_EDGE ( 'NONE', *, *, #23, .T. ) ;
#5592 = DIRECTION ( 'NONE',  ( -0.2440452458516469400, 0.8949343913984423300, 0.3735429735244777900 ) ) ;
#5593 = DIRECTION ( 'NONE',  ( 1.000000000000000000, 0.0000000000000000000, 0.0000000000000000000 ) ) ;
#5594 = DIRECTION ( 'NONE',  ( -0.0000000000000000000, -1.000000000000000000, -0.0000000000000000000 ) ) ;
#5595 = CARTESIAN_POINT ( 'NONE',  ( 0.5735950046297562100, 6.110050607254169800, 30.20000000000000300 ) ) ;
#5596 = DIRECTION ( 'NONE',  ( 0.0000000000000000000, 0.0000000000000000000, 1.000000000000000000 ) ) ;
#5597 = CIRCLE ( 'NONE', #412, 4.150000000000001200 ) ;
#5598 = LINE ( 'NONE', #9599, #9830 ) ;
#5599 = ADVANCED_FACE ( 'NONE', ( #2556 ), #10853, .T. ) ;
#5600 = ORIENTED_EDGE ( 'NONE', *, *, #8496, .F. ) ;
#5601 = DIRECTION ( 'NONE',  ( 0.9108500044181590000, 0.0000000000000000000, 0.4127375309460477600 ) ) ;
#5602 = DIRECTION ( 'NONE',  ( 0.5469441386039871600, 0.0000000000000000000, -0.8371691043312232700 ) ) ;
#5603 = ORIENTED_EDGE ( 'NONE', *, *, #8904, .T. ) ;
#5604 = ORIENTED_EDGE ( 'NONE', *, *, #4214, .T. ) ;
#5605 = CARTESIAN_POINT ( 'NONE',  ( 15.50000000000000400, 2.610000000000027400, 15.50000000000000500 ) ) ;
#5606 = AXIS2_PLACEMENT_3D ( 'NONE', #10423, #2703, #793 ) ;
#5607 = DIRECTION ( 'NONE',  ( 0.5469441386039886100, 0.0000000000000000000, -0.8371691043312222700 ) ) ;
#5608 = EDGE_CURVE ( 'NONE', #6525, #11039, #9951, .T. ) ;
#5609 = ORIENTED_EDGE ( 'NONE', *, *, #5981, .T. ) ;
#5610 = DIRECTION ( 'NONE',  ( 0.5469441386039908300, 0.0000000000000000000, -0.8371691043312209400 ) ) ;
#5611 = EDGE_CURVE ( 'NONE', #321, #10036, #4805, .T. ) ;
#5612 = CIRCLE ( 'NONE', #8226, 2.000000000000000000 ) ;
#5613 = FACE_OUTER_BOUND ( 'NONE', #10321, .T. ) ;
#5614 = PLANE ( 'NONE',  #10818 ) ;
#5615 = EDGE_LOOP ( 'NONE', ( #10535, #8618, #9149, #3834, #5299, #11633, #5168, #4203, #11595, #7054, #5226, #8149 ) ) ;
#5616 = ORIENTED_EDGE ( 'NONE', *, *, #6393, .T. ) ;
#5617 = ORIENTED_EDGE ( 'NONE', *, *, #8657, .F. ) ;
#5618 = DIRECTION ( 'NONE',  ( 0.0000000000000000000, 0.0000000000000000000, 1.000000000000000000 ) ) ;
#5619 = CARTESIAN_POINT ( 'NONE',  ( 15.49999999999999300, 33.69999999999998200, -15.49999999999999600 ) ) ;
#5620 = ORIENTED_EDGE ( 'NONE', *, *, #10336, .F. ) ;
#5621 = CONICAL_SURFACE ( 'NONE', #11406, 0.5559999999999988300, 0.06981317007976596500 ) ;
#5622 = CIRCLE ( 'NONE', #2544, 11.00000000000000500 ) ;
#5623 = AXIS2_PLACEMENT_3D ( 'NONE', #11538, #5737, #12534 ) ;
#5624 = ORIENTED_EDGE ( 'NONE', *, *, #11360, .F. ) ;
#5625 = AXIS2_PLACEMENT_3D ( 'NONE', #8906, #6034, #6990 ) ;
#5626 = DIRECTION ( 'NONE',  ( 0.0000000000000000000, 1.000000000000000000, -0.0000000000000000000 ) ) ;
#5627 = ADVANCED_FACE ( 'NONE', ( #12246 ), #11719, .T. ) ;
#5628 = CARTESIAN_POINT ( 'NONE',  ( -15.50000000000000700, 33.69999999999998200, -14.24999999999998600 ) ) ;
#5629 = EDGE_LOOP ( 'NONE', ( #7835, #12298, #7657 ) ) ;
#5630 = DIRECTION ( 'NONE',  ( 0.0000000000000000000, 0.0000000000000000000, -1.000000000000000000 ) ) ;
#5631 = DIRECTION ( 'NONE',  ( 0.7071067811865475700, 0.0000000000000000000, 0.7071067811865475700 ) ) ;
#5632 = CARTESIAN_POINT ( 'NONE',  ( 15.49999999999999300, 1.000000000000034200, -15.49999999999999600 ) ) ;
#5633 = ORIENTED_EDGE ( 'NONE', *, *, #2677, .F. ) ;
#5634 = FACE_OUTER_BOUND ( 'NONE', #8812, .T. ) ;
#5635 = ORIENTED_EDGE ( 'NONE', *, *, #10057, .F. ) ;
#5636 = FACE_BOUND ( 'NONE', #10287, .T. ) ;
#5637 = FACE_OUTER_BOUND ( 'NONE', #6355, .T. ) ;
#5638 = VERTEX_POINT ( 'NONE', #3053 ) ;
#5639 = DIRECTION ( 'NONE',  ( 0.5469441386039892700, 0.0000000000000000000, -0.8371691043312217100 ) ) ;
#5640 = AXIS2_PLACEMENT_3D ( 'NONE', #6443, #683, #7407 ) ;
#5641 = DIRECTION ( 'NONE',  ( -0.0000000000000000000, -1.000000000000000000, 0.0000000000000000000 ) ) ;
#5642 = AXIS2_PLACEMENT_3D ( 'NONE', #3772, #4749, #2805 ) ;
#5643 = DIRECTION ( 'NONE',  ( 0.0000000000000000000, 0.0000000000000000000, 1.000000000000000000 ) ) ;
#5644 = FACE_OUTER_BOUND ( 'NONE', #2930, .T. ) ;
#5645 = ORIENTED_EDGE ( 'NONE', *, *, #3888, .T. ) ;
#5646 = EDGE_CURVE ( 'NONE', #8159, #7515, #2257, .T. ) ;
#5647 = CYLINDRICAL_SURFACE ( 'NONE', #908, 1.250000000000001100 ) ;
#5648 = ORIENTED_EDGE ( 'NONE', *, *, #6949, .T. ) ;
#5649 = ORIENTED_EDGE ( 'NONE', *, *, #12019, .F. ) ;
#5650 = CARTESIAN_POINT ( 'NONE',  ( 6.938893903907228400E-015, 34.59999999999999400, -7.700000000000002000 ) ) ;
#5651 = CARTESIAN_POINT ( 'NONE',  ( 20.32592592592590800, 8.500000000000000000, 15.56331376197798600 ) ) ;
#5652 = CYLINDRICAL_SURFACE ( 'NONE', #11625, 6.350000000000005000 ) ;
#5653 = VERTEX_POINT ( 'NONE', #10777 ) ;
#5654 = AXIS2_PLACEMENT_3D ( 'NONE', #12378, #6556, #783 ) ;
#5655 = CIRCLE ( 'NONE', #1409, 15.49999999999997900 ) ;
#5656 = CARTESIAN_POINT ( 'NONE',  ( 15.50000000000000400, -5.749999999999963600, 15.50000000000000500 ) ) ;
#5657 = ADVANCED_FACE ( 'NONE', ( #9644 ), #4210, .F. ) ;
#5658 = EDGE_CURVE ( 'NONE', #10996, #9046, #7041, .T. ) ;
#5659 = ORIENTED_EDGE ( 'NONE', *, *, #10557, .F. ) ;
#5660 = CIRCLE ( 'NONE', #4405, 0.5560000000000012700 ) ;
#5661 = AXIS2_PLACEMENT_3D ( 'NONE', #8830, #3069, #4031 ) ;
#5662 = CARTESIAN_POINT ( 'NONE',  ( -21.00000000000000000, 8.500000000000000000, 0.0000000000000000000 ) ) ;
#5663 = DIRECTION ( 'NONE',  ( 0.0000000000000000000, -1.000000000000000000, 0.0000000000000000000 ) ) ;
#5664 = FACE_OUTER_BOUND ( 'NONE', #3530, .T. ) ;
#5665 = ORIENTED_EDGE ( 'NONE', *, *, #953, .F. ) ;
#5666 = CARTESIAN_POINT ( 'NONE',  ( 15.49999999999999300, 0.6000000000000297300, -15.49999999999999600 ) ) ;
#5667 = LINE ( 'NONE', #7142, #535 ) ;
#5668 = CARTESIAN_POINT ( 'NONE',  ( -15.51303064308315500, 0.6000000000000063100, 16.19643099708685000 ) ) ;
#5669 = DIRECTION ( 'NONE',  ( -0.0000000000000000000, -1.000000000000000000, -0.0000000000000000000 ) ) ;
#5670 = ORIENTED_EDGE ( 'NONE', *, *, #5031, .F. ) ;
#5671 = EDGE_CURVE ( 'NONE', #8137, #9822, #1958, .T. ) ;
#5672 = ORIENTED_EDGE ( 'NONE', *, *, #8480, .F. ) ;
#5673 = B_SPLINE_CURVE_WITH_KNOTS ( 'NONE', 3,
 ( #4652, #10436, #7522, #1794 ),
 .UNSPECIFIED., .F., .F.,
 ( 4, 4 ),
 ( 0.001380840031772739100, 0.003398373201762473600 ),
 .UNSPECIFIED. ) ;
#5674 = DIRECTION ( 'NONE',  ( 0.0000000000000000000, 0.0000000000000000000, 1.000000000000000000 ) ) ;
#5675 = AXIS2_PLACEMENT_3D ( 'NONE', #11541, #5740, #12539 ) ;
#5676 = DIRECTION ( 'NONE',  ( 0.0000000000000000000, 1.000000000000000000, 0.0000000000000000000 ) ) ;
#5677 = EDGE_CURVE ( 'NONE', #11840, #5987, #11932, .T. ) ;
#5678 = DIRECTION ( 'NONE',  ( -1.000000000000000000, 0.0000000000000000000, 0.0000000000000000000 ) ) ;
#5679 = LINE ( 'NONE', #9326, #3123 ) ;
#5680 = EDGE_CURVE ( 'NONE', #11357, #5284, #7349, .T. ) ;
#5681 = CARTESIAN_POINT ( 'NONE',  ( -14.91795067099119300, 2.610000000000031400, -15.71441625783251800 ) ) ;
#5682 = FACE_OUTER_BOUND ( 'NONE', #2327, .T. ) ;
#5683 = CARTESIAN_POINT ( 'NONE',  ( -15.50000000000000700, 34.00000000000000000, -17.05000000000003300 ) ) ;
#5684 = CARTESIAN_POINT ( 'NONE',  ( 3.469446951953614200E-014, 34.60000000000000900, -3.649999999999968800 ) ) ;
#5685 = ADVANCED_FACE ( 'NONE', ( #6742 ), #7904, .F. ) ;
#5686 = PLANE ( 'NONE',  #7509 ) ;
#5687 = ORIENTED_EDGE ( 'NONE', *, *, #4485, .T. ) ;
#5688 = DIRECTION ( 'NONE',  ( 0.0000000000000000000, 0.0000000000000000000, 1.000000000000000000 ) ) ;
#5689 = DIRECTION ( 'NONE',  ( 0.0000000000000000000, 0.0000000000000000000, -1.000000000000000000 ) ) ;
#5690 = CARTESIAN_POINT ( 'NONE',  ( -14.36983122349147600, 0.6000000000000319500, -16.55338432521336100 ) ) ;
#5691 = FACE_OUTER_BOUND ( 'NONE', #9677, .T. ) ;
#5692 = AXIS2_PLACEMENT_3D ( 'NONE', #7261, #7299, #1516 ) ;
#5693 = ORIENTED_EDGE ( 'NONE', *, *, #5671, .T. ) ;
#5694 = AXIS2_PLACEMENT_3D ( 'NONE', #7908, #10730, #9768 ) ;
#5695 = DIRECTION ( 'NONE',  ( 0.0000000000000000000, -1.000000000000000000, 0.0000000000000000000 ) ) ;
#5696 = VERTEX_POINT ( 'NONE', #5076 ) ;
#5697 = VERTEX_POINT ( 'NONE', #11850 ) ;
#5698 = CARTESIAN_POINT ( 'NONE',  ( -15.46254419180371500, 2.610000000000006100, 16.11915492039947400 ) ) ;
#5699 = VECTOR ( 'NONE', #755, 1000.000000000000000 ) ;
#5700 = VECTOR ( 'NONE', #4414, 1000.000000000000100 ) ;
#5701 = ORIENTED_EDGE ( 'NONE', *, *, #9350, .F. ) ;
#5702 = CARTESIAN_POINT ( 'NONE',  ( 15.49999999999999300, 2.610000000000029200, -15.49999999999999600 ) ) ;
#5703 = ORIENTED_EDGE ( 'NONE', *, *, #2225, .F. ) ;
#5704 = EDGE_CURVE ( 'NONE', #9578, #6576, #1660, .T. ) ;
#5705 = DIRECTION ( 'NONE',  ( 0.5469441386039889400, 0.0000000000000000000, -0.8371691043312219400 ) ) ;
#5706 = CARTESIAN_POINT ( 'NONE',  ( 15.49999999999999300, 0.6000000000000297300, -15.49999999999999600 ) ) ;
#5707 = AXIS2_PLACEMENT_3D ( 'NONE', #8132, #7167, #5253 ) ;
#5708 = EDGE_CURVE ( 'NONE', #9764, #3897, #6455, .T. ) ;
#5709 = CARTESIAN_POINT ( 'NONE',  ( -15.56331376197800300, 8.500000000000000000, -20.32592592592592600 ) ) ;
#5710 = DIRECTION ( 'NONE',  ( -0.5469441386039857200, 0.0000000000000000000, 0.8371691043312240500 ) ) ;
#5711 = FACE_OUTER_BOUND ( 'NONE', #2019, .T. ) ;
#5712 = VECTOR ( 'NONE', #12309, 1000.000000000000000 ) ;
#5713 = DIRECTION ( 'NONE',  ( 0.7071067811865475700, 0.0000000000000000000, 0.7071067811865475700 ) ) ;
#5714 = CARTESIAN_POINT ( 'NONE',  ( 15.50000000000000400, 2.015685424949265900, 15.50000000000000500 ) ) ;
#5715 = ORIENTED_EDGE ( 'NONE', *, *, #8276, .F. ) ;
#5716 = DIRECTION ( 'NONE',  ( -0.8371691043312221600, 0.0000000000000000000, -0.5469441386039886100 ) ) ;
#5717 = DIRECTION ( 'NONE',  ( 0.0000000000000000000, -1.000000000000000000, 0.0000000000000000000 ) ) ;
#5718 = ORIENTED_EDGE ( 'NONE', *, *, #542, .F. ) ;
#5719 = CARTESIAN_POINT ( 'NONE',  ( -7.699999999999998400, 34.60000000000000100, 3.469446951953614200E-015 ) ) ;
#5720 = CARTESIAN_POINT ( 'NONE',  ( 15.56331376197800000, 8.500000000000000000, -20.32592592592592200 ) ) ;
#5721 = CARTESIAN_POINT ( 'NONE',  ( -16.08204932900882200, 2.610000000000006100, 15.71441625783252500 ) ) ;
#5722 = ORIENTED_EDGE ( 'NONE', *, *, #4451, .T. ) ;
#5723 = ORIENTED_EDGE ( 'NONE', *, *, #2673, .T. ) ;
#5724 = CARTESIAN_POINT ( 'NONE',  ( -20.06066017177980100, 33.50000000000000000, -17.43223304703363400 ) ) ;
#5725 = AXIS2_PLACEMENT_3D ( 'NONE', #2505, #9256, #3464 ) ;
#5726 = CYLINDRICAL_SURFACE ( 'NONE', #6776, 0.5000000000000004400 ) ;
#5727 = TOROIDAL_SURFACE ( 'NONE', #11219, 1.500000000000000000, 0.5000000000000000000 ) ;
#5728 = EDGE_LOOP ( 'NONE', ( #8000, #10802, #8648, #3344 ) ) ;
#5729 = DIRECTION ( 'NONE',  ( 0.0000000000000000000, 1.000000000000000000, 0.0000000000000000000 ) ) ;
#5730 = EDGE_CURVE ( 'NONE', #1086, #9375, #3903, .T. ) ;
#5731 = ORIENTED_EDGE ( 'NONE', *, *, #4485, .F. ) ;
#5732 = ORIENTED_EDGE ( 'NONE', *, *, #1256, .F. ) ;
#5733 = ADVANCED_FACE ( 'NONE', ( #6155 ), #4092, .T. ) ;
#5734 = VECTOR ( 'NONE', #399, 999.9999999999998900 ) ;
#5735 = CYLINDRICAL_SURFACE ( 'NONE', #4582, 1.250000000000001100 ) ;
#5736 = CARTESIAN_POINT ( 'NONE',  ( -14.89772079918200000, 1.270265698095164100, 15.25461929357413200 ) ) ;
#5737 = DIRECTION ( 'NONE',  ( 0.0000000000000000000, 1.000000000000000000, 0.0000000000000000000 ) ) ;
#5738 = DIRECTION ( 'NONE',  ( -0.7071067811865475700, 0.0000000000000000000, 0.7071067811865475700 ) ) ;
#5739 = ORIENTED_EDGE ( 'NONE', *, *, #1012, .T. ) ;
#5740 = DIRECTION ( 'NONE',  ( 0.0000000000000000000, 1.000000000000000000, 0.0000000000000000000 ) ) ;
#5741 = ORIENTED_EDGE ( 'NONE', *, *, #7737, .F. ) ;
#5742 = ORIENTED_EDGE ( 'NONE', *, *, #6677, .F. ) ;
#5743 = ADVANCED_FACE ( 'NONE', ( #1035 ), #8407, .F. ) ;
#5744 = DIRECTION ( 'NONE',  ( 0.0000000000000000000, 0.0000000000000000000, 1.000000000000000000 ) ) ;
#5745 = EDGE_LOOP ( 'NONE', ( #3778, #9096, #1001, #25 ) ) ;
#5746 = ORIENTED_EDGE ( 'NONE', *, *, #2514, .T. ) ;
#5747 = CARTESIAN_POINT ( 'NONE',  ( -16.44857319131949000, 2.015685424949244600, 16.95191457942383600 ) ) ;
#5748 = CARTESIAN_POINT ( 'NONE',  ( 20.49999999999999600, 34.00000000000000000, -16.37157287525381100 ) ) ;
#5749 = EDGE_CURVE ( 'NONE', #11622, #5158, #11007, .T. ) ;
#5750 = CYLINDRICAL_SURFACE ( 'NONE', #7975, 1.250000000000009800 ) ;
#5751 = FACE_OUTER_BOUND ( 'NONE', #12266, .T. ) ;
#5752 = AXIS2_PLACEMENT_3D ( 'NONE', #1882, #8590, #2838 ) ;
#5753 = ORIENTED_EDGE ( 'NONE', *, *, #6440, .F. ) ;
#5754 = ORIENTED_EDGE ( 'NONE', *, *, #2673, .F. ) ;
#5755 = PLANE ( 'NONE',  #235 ) ;
#5756 = CARTESIAN_POINT ( 'NONE',  ( 15.50000000000000400, 2.610000000000027400, 15.50000000000000500 ) ) ;
#5757 = ORIENTED_EDGE ( 'NONE', *, *, #8321, .T. ) ;
#5758 = EDGE_LOOP ( 'NONE', ( #3407, #4563, #3362, #12187 ) ) ;
#5759 = VECTOR ( 'NONE', #2698, 999.9999999999998900 ) ;
#5761 = CARTESIAN_POINT ( 'NONE',  ( 16.37157287525380800, 12.00000000000000000, 19.00000000000000400 ) ) ;
#5760 = TOROIDAL_SURFACE ( 'NONE', #10310, 2.799999999999999800, 0.2999999999999999300 ) ;
#5762 = PLANE ( 'NONE',  #11093 ) ;
#5763 = ORIENTED_EDGE ( 'NONE', *, *, #6280, .F. ) ;
#5764 = CARTESIAN_POINT ( 'NONE',  ( 15.49999999999999300, 8.500000000000000000, 14.24999999999999100 ) ) ;
#5765 = AXIS2_PLACEMENT_3D ( 'NONE', #669, #6427, #12300 ) ;
#5766 = DIRECTION ( 'NONE',  ( 0.4894791198105034000, -0.4461977533474358900, -0.7492114228822434100 ) ) ;
#5767 = EDGE_CURVE ( 'NONE', #4336, #7367, #1354, .T. ) ;
#5768 = VERTEX_POINT ( 'NONE', #303 ) ;
#5769 = ORIENTED_EDGE ( 'NONE', *, *, #4688, .T. ) ;
#5770 = EDGE_CURVE ( 'NONE', #4808, #9646, #3607, .T. ) ;
#5771 = CYLINDRICAL_SURFACE ( 'NONE', #3061, 0.5000000000000004400 ) ;
#5772 = DIRECTION ( 'NONE',  ( -0.0000000000000000000, -1.000000000000000000, -0.0000000000000000000 ) ) ;
#5773 = ORIENTED_EDGE ( 'NONE', *, *, #4034, .F. ) ;
#5774 = DIRECTION ( 'NONE',  ( 0.8371691043312221600, 0.0000000000000000000, 0.5469441386039886100 ) ) ;
#5775 = CIRCLE ( 'NONE', #9033, 0.2794843821735011300 ) ;
#5776 = FACE_BOUND ( 'NONE', #6223, .T. ) ;
#5777 = EDGE_LOOP ( 'NONE', ( #8452, #10264, #3927, #4266 ) ) ;
#5778 = CARTESIAN_POINT ( 'NONE',  ( -14.44661567478664700, 0.6000000000000063100, 16.63016877650854000 ) ) ;
#5779 = DIRECTION ( 'NONE',  ( -0.5469441386039857200, 0.0000000000000000000, 0.8371691043312240500 ) ) ;
#5780 = ORIENTED_EDGE ( 'NONE', *, *, #8880, .F. ) ;
#5781 = ORIENTED_EDGE ( 'NONE', *, *, #8712, .T. ) ;
#5782 = DIRECTION ( 'NONE',  ( 0.8371691043312221600, 0.0000000000000000000, 0.5469441386039887200 ) ) ;
#5783 = EDGE_CURVE ( 'NONE', #9046, #10658, #5855, .T. ) ;
#5784 = FACE_OUTER_BOUND ( 'NONE', #1824, .T. ) ;
#5785 = ORIENTED_EDGE ( 'NONE', *, *, #5314, .F. ) ;
#5786 = DIRECTION ( 'NONE',  ( 0.0000000000000000000, 0.0000000000000000000, 1.000000000000000000 ) ) ;
#5787 = LINE ( 'NONE', #4289, #3236 ) ;
#5788 = VECTOR ( 'NONE', #2213, 999.9999999999998900 ) ;
#5789 = DIRECTION ( 'NONE',  ( 0.0000000000000000000, 0.0000000000000000000, 1.000000000000000000 ) ) ;
#5790 = ORIENTED_EDGE ( 'NONE', *, *, #4666, .T. ) ;
#5791 = CARTESIAN_POINT ( 'NONE',  ( 3.671513673812927800E-014, 34.00000000000000000, 16.50000000000002100 ) ) ;
#5793 = CLOSED_SHELL ( 'NONE', ( #7523, #5546, #7344, #9214, #7160, #9981, #5038, #11708, #10611, #4680, #12432, #10378, #10890, #5413, #8758, #5743, #12469, #8389, #1969, #8560, #9869, #1068, #6778, #1891, #3419, #475, #4741, #11435, #9413, #5984, #4177, #11990, #1319, #5567, #11310, #7863, #9944, #8883, #8330, #604, #2964, #4047, #3016, #9249, #6285, #8635, #1085, #1957, #2409, #413, #8503, #10414, #863, #380, #7976, #11335, #12286, #1137, #11865, #2145, #635, #1571, #11652, #4995, #1056, #10197, #11123, #10558, #4714, #3843, #8125, #2333, #11401, #7469, #7921, #2292 ) ) ;
#5792 = ORIENTED_EDGE ( 'NONE', *, *, #9172, .T. ) ;
#5794 = FACE_OUTER_BOUND ( 'NONE', #8535, .T. ) ;
#5795 = ORIENTED_EDGE ( 'NONE', *, *, #10899, .F. ) ;
#5796 = ADVANCED_FACE ( 'NONE', ( #10693 ), #6116, .F. ) ;
#5797 = CARTESIAN_POINT ( 'NONE',  ( 2.277125011045397300, 39.00000000000000000, 1.031843827365119400 ) ) ;
#5798 = LINE ( 'NONE', #12366, #10636 ) ;
#5799 = CARTESIAN_POINT ( 'NONE',  ( 14.94781922401181400, 2.610000000000029200, -15.56505682615290800 ) ) ;
#5800 = AXIS2_PLACEMENT_3D ( 'NONE', #807, #7518, #1792 ) ;
#5801 = ORIENTED_EDGE ( 'NONE', *, *, #8513, .F. ) ;
#5802 = CARTESIAN_POINT ( 'NONE',  ( -1.146920613196742700, 6.110050607254169800, 30.20000000000000300 ) ) ;
#5803 = CIRCLE ( 'NONE', #6723, 0.5560000000000002700 ) ;
#5804 = EDGE_CURVE ( 'NONE', #11740, #3623, #8094, .T. ) ;
#5805 = ADVANCED_FACE ( 'NONE', ( #3300 ), #9064, .F. ) ;
#5806 = DIRECTION ( 'NONE',  ( -0.5469441386039886100, 0.0000000000000000000, 0.8371691043312222700 ) ) ;
#5807 = CYLINDRICAL_SURFACE ( 'NONE', #8582, 8.000000000000005300 ) ;
#5808 = EDGE_LOOP ( 'NONE', ( #10583, #7706 ) ) ;
#5809 = FACE_OUTER_BOUND ( 'NONE', #10119, .T. ) ;
#5810 = DIRECTION ( 'NONE',  ( 0.0000000000000000000, 0.0000000000000000000, -1.000000000000000000 ) ) ;
#5811 = CARTESIAN_POINT ( 'NONE',  ( -15.50000000000000700, 26.00000000000000400, 15.50000000000000400 ) ) ;
#5812 = CARTESIAN_POINT ( 'NONE',  ( -15.50000000000000700, 0.0000000000000000000, -19.24999999999999600 ) ) ;
#5813 = VERTEX_POINT ( 'NONE', #8076 ) ;
#5814 = VERTEX_POINT ( 'NONE', #12020 ) ;
#5815 = CARTESIAN_POINT ( 'NONE',  ( 14.86746421971174900, 0.6000000000000276200, 15.79169233451990100 ) ) ;
#5816 = CYLINDRICAL_SURFACE ( 'NONE', #3923, 2.000000000000001800 ) ;
#5817 = DIRECTION ( 'NONE',  ( -0.5469441386039886100, 0.0000000000000000000, 0.8371691043312222700 ) ) ;
#5818 = DIRECTION ( 'NONE',  ( 0.0000000000000000000, 1.000000000000000000, 0.0000000000000000000 ) ) ;
#5819 = FACE_OUTER_BOUND ( 'NONE', #4734, .T. ) ;
#5820 = EDGE_CURVE ( 'NONE', #7367, #5396, #7789, .T. ) ;
#5821 = FACE_OUTER_BOUND ( 'NONE', #9701, .T. ) ;
#5822 = DIRECTION ( 'NONE',  ( 0.0000000000000000000, 1.000000000000000000, -0.0000000000000000000 ) ) ;
#5823 = EDGE_LOOP ( 'NONE', ( #8625, #6011, #8368, #7626 ) ) ;
#5824 = B_SPLINE_CURVE_WITH_KNOTS ( 'NONE', 3,
 ( #12121, #11132, #8129, #6293 ),
 .UNSPECIFIED., .F., .F.,
 ( 4, 4 ),
 ( 0.001013853424283300900, 0.003031486302290191900 ),
 .UNSPECIFIED. ) ;
#5825 = DIRECTION ( 'NONE',  ( 0.5469441386039879400, 0.0000000000000000000, -0.8371691043312227100 ) ) ;
#5826 = DIRECTION ( 'NONE',  ( 0.0000000000000000000, 0.0000000000000000000, -1.000000000000000000 ) ) ;
#5827 = EDGE_CURVE ( 'NONE', #5905, #1864, #10398, .T. ) ;
#5828 = CARTESIAN_POINT ( 'NONE',  ( 15.53745580819629500, 2.610000000000027400, 16.11915492039947400 ) ) ;
#5829 = VECTOR ( 'NONE', #1226, 999.9999999999998900 ) ;
#5830 = FACE_OUTER_BOUND ( 'NONE', #10873, .T. ) ;
#5831 = ORIENTED_EDGE ( 'NONE', *, *, #11591, .T. ) ;
#5832 = DIRECTION ( 'NONE',  ( -1.000000000000000000, 0.0000000000000000000, 0.0000000000000000000 ) ) ;
#5833 = AXIS2_PLACEMENT_3D ( 'NONE', #1367, #1287, #5192 ) ;
#5834 = VERTEX_POINT ( 'NONE', #5235 ) ;
#5835 = EDGE_CURVE ( 'NONE', #6695, #8604, #5258, .T. ) ;
#5836 = CARTESIAN_POINT ( 'NONE',  ( -15.50000000000000700, 8.500000000000000000, 14.25000000000000400 ) ) ;
#5837 = EDGE_LOOP ( 'NONE', ( #7539, #6928, #11978, #4167 ) ) ;
#5838 = EDGE_CURVE ( 'NONE', #5653, #1967, #2996, .T. ) ;
#5839 = CARTESIAN_POINT ( 'NONE',  ( 16.03674163466472900, 2.610000000000027400, 15.35493305815095000 ) ) ;
#5840 = DIRECTION ( 'NONE',  ( 0.5469441386039886100, 0.0000000000000000000, -0.8371691043312221600 ) ) ;
#5841 = DIRECTION ( 'NONE',  ( -0.0000000000000000000, -1.000000000000000000, 0.0000000000000000000 ) ) ;
#5842 = CIRCLE ( 'NONE', #11891, 0.2794843821735011300 ) ;
#5843 = PERSON_AND_ORGANIZATION ( #9551, #9632 ) ;
#5844 = CARTESIAN_POINT ( 'NONE',  ( -14.67958379209402300, 29.60000000000000900, 14.24424634350316900 ) ) ;
#5845 = EDGE_LOOP ( 'NONE', ( #6605, #5497 ) ) ;
#5846 = VERTEX_POINT ( 'NONE', #8157 ) ;
#5847 = ORIENTED_EDGE ( 'NONE', *, *, #5505, .F. ) ;
#5848 = DIRECTION ( 'NONE',  ( -1.000000000000000000, 0.0000000000000000000, -1.224646799147353200E-016 ) ) ;
#5849 = CARTESIAN_POINT ( 'NONE',  ( -15.50000000000000700, 33.69999999999998200, -15.49999999999999600 ) ) ;
#5850 = DIRECTION ( 'NONE',  ( 0.0000000000000000000, 1.000000000000000000, 0.0000000000000000000 ) ) ;
#5851 = EDGE_LOOP ( 'NONE', ( #3, #11955 ) ) ;
#5852 = AXIS2_PLACEMENT_3D ( 'NONE', #3394, #10144, #4359 ) ;
#5853 = ADVANCED_FACE ( 'NONE', ( #5568 ), #7191, .T. ) ;
#5854 = AXIS2_PLACEMENT_3D ( 'NONE', #6566, #3668, #5607 ) ;
#5855 = LINE ( 'NONE', #344, #729 ) ;
#5856 = FACE_OUTER_BOUND ( 'NONE', #608, .T. ) ;
#5857 = CARTESIAN_POINT ( 'NONE',  ( 18.99999999999999600, 33.50000000000000000, 16.37157287525381800 ) ) ;
#5858 = ORIENTED_EDGE ( 'NONE', *, *, #3907, .F. ) ;
#5859 = DIRECTION ( 'NONE',  ( 0.0000000000000000000, 1.000000000000000000, -0.0000000000000000000 ) ) ;
#5860 = ADVANCED_FACE ( 'NONE', ( #109 ), #7490, .T. ) ;
#5861 = DIRECTION ( 'NONE',  ( 0.0000000000000000000, 1.000000000000000000, -0.0000000000000000000 ) ) ;
#5862 = ORIENTED_EDGE ( 'NONE', *, *, #18, .T. ) ;
#5863 = DIRECTION ( 'NONE',  ( -0.0000000000000000000, -1.000000000000000000, 0.0000000000000000000 ) ) ;
#5864 = LINE ( 'NONE', #3401, #738 ) ;
#5866 = CARTESIAN_POINT ( 'NONE',  ( -15.50000000000000700, 0.6000000000000319500, -15.49999999999999600 ) ) ;
#5865 = CONICAL_SURFACE ( 'NONE', #3211, 2.500000000000000900, 0.7853981633974530500 ) ;
#5868 = DIRECTION ( 'NONE',  ( 0.7492114228822416300, -0.4461977533474358900, 0.4894791198105061800 ) ) ;
#5867 = AXIS2_PLACEMENT_3D ( 'NONE', #10019, #4230, #10983 ) ;
#5869 = ORIENTED_EDGE ( 'NONE', *, *, #4522, .F. ) ;
#5870 = CARTESIAN_POINT ( 'NONE',  ( 14.55142680868052100, 2.015685424949265900, 16.95191457942383600 ) ) ;
#5871 = EDGE_CURVE ( 'NONE', #12322, #3358, #10093, .T. ) ;
#5872 = EDGE_CURVE ( 'NONE', #5327, #958, #4951, .T. ) ;
#5873 = AXIS2_PLACEMENT_3D ( 'NONE', #2487, #9234, #12128 ) ;
#5874 = VERTEX_POINT ( 'NONE', #2463 ) ;
#5875 = VERTEX_POINT ( 'NONE', #5361 ) ;
#5876 = EDGE_CURVE ( 'NONE', #6727, #3120, #9793, .T. ) ;
#5877 = DIRECTION ( 'NONE',  ( 0.7071067811865475700, 0.0000000000000000000, -0.7071067811865475700 ) ) ;
#5878 = VECTOR ( 'NONE', #858, 1000.000000000000000 ) ;
#5879 = VECTOR ( 'NONE', #9470, 1000.000000000000000 ) ;
#5880 = ORIENTED_EDGE ( 'NONE', *, *, #6249, .T. ) ;
#5881 = DIRECTION ( 'NONE',  ( -0.5469441386039886100, 0.0000000000000000000, 0.8371691043312222700 ) ) ;
#5882 = DIRECTION ( 'NONE',  ( 0.8371691043312240500, 0.0000000000000000000, 0.5469441386039859400 ) ) ;
#5883 = CARTESIAN_POINT ( 'NONE',  ( -15.28558374216748700, 2.610000000000031400, -14.91795067099118200 ) ) ;
#5884 = CARTESIAN_POINT ( 'NONE',  ( 3.469446951953614200E-015, 6.229837387624887600, 6.938893903907228400E-015 ) ) ;
#5885 = ORIENTED_EDGE ( 'NONE', *, *, #2252, .F. ) ;
#5886 = ORIENTED_EDGE ( 'NONE', *, *, #1540, .T. ) ;
#5887 = EDGE_CURVE ( 'NONE', #1620, #9331, #2398, .T. ) ;
#5888 = AXIS2_PLACEMENT_3D ( 'NONE', #12006, #10048, #2329 ) ;
#5889 = EDGE_LOOP ( 'NONE', ( #10162, #8084, #5208, #7381 ) ) ;
#5890 = DIRECTION ( 'NONE',  ( 3.469446951953617300E-015, 0.0000000000000000000, 1.000000000000000000 ) ) ;
#5891 = VECTOR ( 'NONE', #9367, 1000.000000000000000 ) ;
#5892 = LINE ( 'NONE', #12372, #10732 ) ;
#5893 = CARTESIAN_POINT ( 'NONE',  ( 15.25461929357412300, 1.270265698095187600, -16.10227920081800300 ) ) ;
#5894 = CARTESIAN_POINT ( 'NONE',  ( 18.74644660940672500, 0.5000000000000004400, 18.74644660940672500 ) ) ;
#5895 = ORIENTED_EDGE ( 'NONE', *, *, #1923, .F. ) ;
#5896 = EDGE_CURVE ( 'NONE', #11601, #7635, #424, .T. ) ;
#5897 = CARTESIAN_POINT ( 'NONE',  ( 16.37157287525380800, 33.50000000000000000, -21.00000000000000000 ) ) ;
#5898 = ORIENTED_EDGE ( 'NONE', *, *, #9504, .T. ) ;
#5899 = CARTESIAN_POINT ( 'NONE',  ( -15.50000000000000700, 0.0000000000000000000, -11.74999999999999600 ) ) ;
#5900 = CARTESIAN_POINT ( 'NONE',  ( 15.50000000000000400, 1.000000000000032200, 15.50000000000000500 ) ) ;
#5901 = CARTESIAN_POINT ( 'NONE',  ( 17.00409638116095900, -5.749999999999961800, -17.80221503691085500 ) ) ;
#5902 = ORIENTED_EDGE ( 'NONE', *, *, #1385, .T. ) ;
#5903 = LINE ( 'NONE', #7035, #7837 ) ;
#5904 = CIRCLE ( 'NONE', #10702, 0.5560000000000012700 ) ;
#5905 = VERTEX_POINT ( 'NONE', #9255 ) ;
#5906 = CARTESIAN_POINT ( 'NONE',  ( -15.34730683633249800, 2.520634500420026100, -16.04814790606867100 ) ) ;
#5907 = CARTESIAN_POINT ( 'NONE',  ( -18.99999999999998200, 34.00000000000000000, 16.37157287525381800 ) ) ;
#5908 = DIRECTION ( 'NONE',  ( -0.7071067811865475700, 0.0000000000000000000, -0.7071067811865475700 ) ) ;
#5909 = ORIENTED_EDGE ( 'NONE', *, *, #3839, .F. ) ;
#5910 = ORIENTED_EDGE ( 'NONE', *, *, #11668, .F. ) ;
#5911 = CARTESIAN_POINT ( 'NONE',  ( 3.469446951953614200E-015, 25.63749999999999900, 6.938893903907228400E-015 ) ) ;
#5912 = EDGE_CURVE ( 'NONE', #4085, #8523, #12386, .T. ) ;
#5913 = ORIENTED_EDGE ( 'NONE', *, *, #2331, .T. ) ;
#5914 = EDGE_CURVE ( 'NONE', #3894, #1032, #2108, .T. ) ;
#5915 = LINE ( 'NONE', #1362, #2755 ) ;
#5916 = VECTOR ( 'NONE', #8316, 1000.000000000000000 ) ;
#5917 = ADVANCED_FACE ( 'NONE', ( #4656 ), #9489, .T. ) ;
#5918 = ORIENTED_EDGE ( 'NONE', *, *, #10903, .T. ) ;
#5919 = CARTESIAN_POINT ( 'NONE',  ( 16.37157287525380800, 33.50000000000000000, 21.00000000000000700 ) ) ;
#5920 = CARTESIAN_POINT ( 'NONE',  ( 21.00000000000000000, 12.00000000000000000, -16.37157287525380400 ) ) ;
#5921 = DIRECTION ( 'NONE',  ( 0.0000000000000000000, 0.0000000000000000000, -1.000000000000000000 ) ) ;
#5922 = ORIENTED_EDGE ( 'NONE', *, *, #5165, .T. ) ;
#5923 = DIRECTION ( 'NONE',  ( 0.5469441386039877200, 0.0000000000000000000, -0.8371691043312229400 ) ) ;
#5924 = VECTOR ( 'NONE', #8140, 1000.000000000000000 ) ;
#5925 = CARTESIAN_POINT ( 'NONE',  ( 18.74644660940672800, 33.50000000000000000, -18.74644660940671800 ) ) ;
#5926 = ORIENTED_EDGE ( 'NONE', *, *, #2397, .F. ) ;
#5927 = DIRECTION ( 'NONE',  ( -0.7492114228822416300, -0.4461977533474358900, -0.4894791198105060700 ) ) ;
#5928 = ADVANCED_FACE ( 'NONE', ( #4353 ), #9187, .T. ) ;
#5929 = FACE_BOUND ( 'NONE', #9512, .T. ) ;
#5930 = DIRECTION ( 'NONE',  ( 0.8371691043312240500, 0.0000000000000000000, 0.5469441386039859400 ) ) ;
#5931 = VECTOR ( 'NONE', #4436, 999.9999999999998900 ) ;
#5932 = AXIS2_PLACEMENT_3D ( 'NONE', #10795, #2117, #5001 ) ;
#5933 = ORIENTED_EDGE ( 'NONE', *, *, #6119, .F. ) ;
#5934 = EDGE_CURVE ( 'NONE', #8420, #9483, #11772, .T. ) ;
#5935 = ORIENTED_EDGE ( 'NONE', *, *, #12110, .F. ) ;
#5936 = DIRECTION ( 'NONE',  ( 0.8371691043312221600, 0.0000000000000000000, 0.5469441386039886100 ) ) ;
#5937 = CARTESIAN_POINT ( 'NONE',  ( -21.00000000000000000, 12.00000000000000000, 14.64103821455296400 ) ) ;
#5938 = LINE ( 'NONE', #1624, #3387 ) ;
#5939 = CIRCLE ( 'NONE', #3505, 8.000000000000000000 ) ;
#5940 = CARTESIAN_POINT ( 'NONE',  ( 4.000000000000001800, 8.500000000000000000, 18.00000000000000700 ) ) ;
#5941 = PLANE ( 'NONE',  #618 ) ;
#5942 = ORIENTED_EDGE ( 'NONE', *, *, #3748, .T. ) ;
#5943 = ADVANCED_FACE ( 'NONE', ( #6891 ), #10306, .T. ) ;
#5944 = DIRECTION ( 'NONE',  ( 0.0000000000000000000, 0.7071067811865431300, 0.7071067811865519000 ) ) ;
#5945 = CARTESIAN_POINT ( 'NONE',  ( 6.938893903907228400E-015, 29.59999999999999800, 3.469446951953614200E-015 ) ) ;
#5946 = CARTESIAN_POINT ( 'NONE',  ( 18.99999999999999600, 34.00000000000000000, -16.37157287525381100 ) ) ;
#5947 = EDGE_CURVE ( 'NONE', #8946, #5114, #6600, .T. ) ;
#5948 = VERTEX_POINT ( 'NONE', #10353 ) ;
#5949 = AXIS2_PLACEMENT_3D ( 'NONE', #12018, #1413, #10090 ) ;
#5950 = DIRECTION ( 'NONE',  ( 0.5469441386039886100, 0.0000000000000000000, -0.8371691043312222700 ) ) ;
#5951 = LINE ( 'NONE', #3761, #2788 ) ;
#5952 = ORIENTED_EDGE ( 'NONE', *, *, #9376, .F. ) ;
#5953 = EDGE_CURVE ( 'NONE', #9005, #11601, #1501, .T. ) ;
#5954 = CIRCLE ( 'NONE', #10686, 2.799999999999999800 ) ;
#5955 = CARTESIAN_POINT ( 'NONE',  ( 15.50000000000000400, 2.610000000000027400, 15.50000000000000500 ) ) ;
#5956 = LINE ( 'NONE', #2931, #3405 ) ;
#5957 = DIRECTION ( 'NONE',  ( 0.0000000000000000000, 1.000000000000000000, 0.0000000000000000000 ) ) ;
#5958 = DIRECTION ( 'NONE',  ( 0.0000000000000000000, 0.0000000000000000000, 1.000000000000000000 ) ) ;
#5959 = CARTESIAN_POINT ( 'NONE',  ( 15.49999999999999300, 8.500000000000000000, 15.50000000000000400 ) ) ;
#5960 = LINE ( 'NONE', #2853, #3406 ) ;
#5961 = AXIS2_PLACEMENT_3D ( 'NONE', #5027, #11802, #5986 ) ;
#5962 = CIRCLE ( 'NONE', #12575, 0.2999999999999999300 ) ;
#5963 = EDGE_CURVE ( 'NONE', #7484, #1738, #1798, .T. ) ;
#5964 = AXIS2_PLACEMENT_3D ( 'NONE', #5353, #12136, #6307 ) ;
#5965 = CARTESIAN_POINT ( 'NONE',  ( 6.938893903907228400E-015, 30.87016261237511500, 3.469446951953614200E-015 ) ) ;
#5966 = CARTESIAN_POINT ( 'NONE',  ( 3.671513673812927800E-014, 34.00000000000000000, 16.50000000000002100 ) ) ;
#5967 = ORIENTED_EDGE ( 'NONE', *, *, #9263, .T. ) ;
#5968 = DIRECTION ( 'NONE',  ( 2.257862093665814800E-016, 1.000000000000000000, 1.475119460951876700E-016 ) ) ;
#5969 = EDGE_CURVE ( 'NONE', #10275, #8252, #4042, .T. ) ;
#5970 = CARTESIAN_POINT ( 'NONE',  ( 14.91795067099117800, 2.610000000000029200, -15.28558374216747500 ) ) ;
#5971 = ORIENTED_EDGE ( 'NONE', *, *, #1316, .T. ) ;
#5972 = ORIENTED_EDGE ( 'NONE', *, *, #4318, .F. ) ;
#5973 = VECTOR ( 'NONE', #2489, 1000.000000000000000 ) ;
#5974 = CARTESIAN_POINT ( 'NONE',  ( 15.20830766548011100, 0.6000000000000276200, 14.86746421971175100 ) ) ;
#5975 = CARTESIAN_POINT ( 'NONE',  ( 16.04381431269169800, 2.424605185108646300, 15.74686437657937800 ) ) ;
#5976 = FACE_BOUND ( 'NONE', #5019, .T. ) ;
#5977 = ADVANCED_FACE ( 'NONE', ( #1186 ), #5992, .F. ) ;
#5978 = ORIENTED_EDGE ( 'NONE', *, *, #9093, .T. ) ;
#5979 = CARTESIAN_POINT ( 'NONE',  ( -15.56505682615291700, 2.610000000000031400, -14.94781922401181600 ) ) ;
#5980 = CARTESIAN_POINT ( 'NONE',  ( 16.37157287525380800, 33.50000000000000000, -20.50000000000000000 ) ) ;
#5981 = EDGE_CURVE ( 'NONE', #11634, #2443, #8537, .T. ) ;
#5982 = AXIS2_PLACEMENT_3D ( 'NONE', #8262, #2519, #9276 ) ;
#5983 = DIRECTION ( 'NONE',  ( -0.8371691043312221600, 0.0000000000000000000, -0.5469441386039886100 ) ) ;
#5984 = ADVANCED_FACE ( 'NONE', ( #879 ), #8244, .F. ) ;
#5985 = CYLINDRICAL_SURFACE ( 'NONE', #389, 2.500000000000000900 ) ;
#5986 = DIRECTION ( 'NONE',  ( 0.9108500044181590000, 0.0000000000000000000, 0.4127375309460478100 ) ) ;
#5987 = VERTEX_POINT ( 'NONE', #2708 ) ;
#5988 = CARTESIAN_POINT ( 'NONE',  ( -15.25461929357413700, 1.270265698095189400, -14.89772079918199000 ) ) ;
#5989 = EDGE_LOOP ( 'NONE', ( #1245, #8247, #3991, #9679 ) ) ;
#5990 = ORIENTED_EDGE ( 'NONE', *, *, #9661, .F. ) ;
#5991 = CARTESIAN_POINT ( 'NONE',  ( 15.71441625783252500, 2.610000000000027400, 16.08204932900882200 ) ) ;
#5992 = CYLINDRICAL_SURFACE ( 'NONE', #9520, 6.350000000000005000 ) ;
#5993 = FACE_OUTER_BOUND ( 'NONE', #3609, .T. ) ;
#5994 = AXIS2_PLACEMENT_3D ( 'NONE', #1138, #3074, #9823 ) ;
#5995 = EDGE_LOOP ( 'NONE', ( #2780, #702, #2320, #1110, #7020, #8289, #3171, #4529, #8266, #9516, #10145, #8972, #11256, #9285, #7161, #652 ) ) ;
#5996 = EDGE_CURVE ( 'NONE', #12240, #8003, #11157, .T. ) ;
#5997 = DIRECTION ( 'NONE',  ( 0.0000000000000000000, 0.0000000000000000000, -1.000000000000000000 ) ) ;
#5998 = ADVANCED_FACE ( 'NONE', ( #10842, #8864 ), #5614, .T. ) ;
#5999 = ORIENTED_EDGE ( 'NONE', *, *, #2817, .T. ) ;
#6000 = EDGE_CURVE ( 'NONE', #2341, #11935, #572, .T. ) ;
#6001 = CARTESIAN_POINT ( 'NONE',  ( -17.14999999999999900, 26.00000000000000400, 13.13154598666893100 ) ) ;
#6002 = CARTESIAN_POINT ( 'NONE',  ( 15.64506694184904700, 2.610000000000029200, -14.96325836533526900 ) ) ;
#6003 = PLANE ( 'NONE',  #8563 ) ;
#6004 = CYLINDRICAL_SURFACE ( 'NONE', #1612, 4.150000000000001200 ) ;
#6005 = CIRCLE ( 'NONE', #7462, 0.2999999999999999300 ) ;
#6006 = PRODUCT_DEFINITION_SHAPE ( 'NONE', 'NONE',  #944 ) ;
#6007 = ORIENTED_EDGE ( 'NONE', *, *, #6424, .T. ) ;
#6008 = DIRECTION ( 'NONE',  ( -1.000000000000000000, -0.0000000000000000000, 1.224646799147353200E-016 ) ) ;
#6009 = DIRECTION ( 'NONE',  ( -0.8371691043312221600, 0.0000000000000000000, -0.5469441386039887200 ) ) ;
#6010 = AXIS2_PLACEMENT_3D ( 'NONE', #9670, #3884, #10638 ) ;
#6011 = ORIENTED_EDGE ( 'NONE', *, *, #2040, .F. ) ;
#6012 = AXIS2_PLACEMENT_3D ( 'NONE', #6091, #320, #7038 ) ;
#6013 = CARTESIAN_POINT ( 'NONE',  ( 15.49999999999999300, 26.00000000000000400, -14.24999999999998600 ) ) ;
#6014 = ORIENTED_EDGE ( 'NONE', *, *, #3507, .F. ) ;
#6015 = PLANE ( 'NONE',  #1762 ) ;
#6016 = CYLINDRICAL_SURFACE ( 'NONE', #4227, 1.250000000000011500 ) ;
#6017 = CIRCLE ( 'NONE', #854, 6.350000000000005000 ) ;
#6018 = CARTESIAN_POINT ( 'NONE',  ( 15.71441625783252500, 2.610000000000027400, 16.08204932900882200 ) ) ;
#6019 = CARTESIAN_POINT ( 'NONE',  ( 14.96325836533526800, 2.610000000000029200, -15.35493305815094300 ) ) ;
#6020 = ORIENTED_EDGE ( 'NONE', *, *, #7827, .F. ) ;
#6021 = ORIENTED_EDGE ( 'NONE', *, *, #12281, .F. ) ;
#6022 = DIRECTION ( 'NONE',  ( 0.0000000000000000000, 0.0000000000000000000, -1.000000000000000000 ) ) ;
#6023 = ORIENTED_EDGE ( 'NONE', *, *, #7202, .F. ) ;
#6024 = CARTESIAN_POINT ( 'NONE',  ( -17.78578643762689600, 12.00000000000000000, 20.41421356237309900 ) ) ;
#6025 = CARTESIAN_POINT ( 'NONE',  ( 6.938893903907228400E-015, 23.40000000000000600, -21.00000000000000000 ) ) ;
#6026 = EDGE_LOOP ( 'NONE', ( #10872, #7824, #6821, #4765, #5471, #6164, #1343, #5060, #8293, #6007, #10363 ) ) ;
#6027 = AXIS2_PLACEMENT_3D ( 'NONE', #7763, #2045, #8755 ) ;
#6028 = FACE_OUTER_BOUND ( 'NONE', #10493, .T. ) ;
#6029 = FACE_OUTER_BOUND ( 'NONE', #10390, .T. ) ;
#6030 = ORIENTED_EDGE ( 'NONE', *, *, #12262, .T. ) ;
#6031 = AXIS2_PLACEMENT_3D ( 'NONE', #12165, #3435, #4410 ) ;
#6032 = ADVANCED_FACE ( 'NONE', ( #7930 ), #266, .F. ) ;
#6033 = EDGE_CURVE ( 'NONE', #3922, #11826, #2834, .T. ) ;
#6034 = DIRECTION ( 'NONE',  ( -0.0000000000000000000, -1.000000000000000000, 0.0000000000000000000 ) ) ;
#6035 = CARTESIAN_POINT ( 'NONE',  ( 3.469446951953614200E-015, 8.500000000000000000, 8.000000000000007100 ) ) ;
#6036 = EDGE_LOOP ( 'NONE', ( #1786, #8361, #8910, #5559 ) ) ;
#6037 = ORIENTED_EDGE ( 'NONE', *, *, #3633, .F. ) ;
#6038 = PLANE ( 'NONE',  #8071 ) ;
#6039 = VECTOR ( 'NONE', #9954, 1000.000000000000000 ) ;
#6041 = DIRECTION ( 'NONE',  ( 0.5469441386039886100, 0.0000000000000000000, -0.8371691043312222700 ) ) ;
#6040 = CYLINDRICAL_SURFACE ( 'NONE', #11780, 0.4999999999999982200 ) ;
#6042 = DIRECTION ( 'NONE',  ( 0.5469441386039879400, 0.0000000000000000000, -0.8371691043312227100 ) ) ;
#6043 = PLANE ( 'NONE',  #12458 ) ;
#6044 = VERTEX_POINT ( 'NONE', #5650 ) ;
#6045 = DIRECTION ( 'NONE',  ( 0.0000000000000000000, -1.000000000000000000, 0.0000000000000000000 ) ) ;
#6046 = CARTESIAN_POINT ( 'NONE',  ( 3.894712078817836000, 0.0000000000000000000, 21.50000000000000400 ) ) ;
#6047 = ADVANCED_BREP_SHAPE_REPRESENTATION ( '17HS13-0404S', ( #8587, #9550, #5452, #1904, #9828, #5062, #819, #9941, #574, #10864, #6853, #12219 ), #9600 ) ;
#6048 = AXIS2_PLACEMENT_3D ( 'NONE', #4931, #2085, #8802 ) ;
#6049 = VERTEX_POINT ( 'NONE', #3707 ) ;
#6050 = ORIENTED_EDGE ( 'NONE', *, *, #3381, .T. ) ;
#6051 = CARTESIAN_POINT ( 'NONE',  ( 6.938893903907228400E-015, 32.09999999999999400, 5.250000000000003600 ) ) ;
#6052 = DIRECTION ( 'NONE',  ( -0.0000000000000000000, 0.0000000000000000000, 1.000000000000000000 ) ) ;
#6053 = CARTESIAN_POINT ( 'NONE',  ( 15.49999999999999300, 26.00000000000000400, -15.49999999999999600 ) ) ;
#6054 = ORIENTED_EDGE ( 'NONE', *, *, #1507, .T. ) ;
#6055 = EDGE_CURVE ( 'NONE', #10429, #12255, #3444, .T. ) ;
#6056 = CARTESIAN_POINT ( 'NONE',  ( 3.469446951953614200E-015, 2.800000000000002500, -2.799999999999993200 ) ) ;
#6057 = FACE_OUTER_BOUND ( 'NONE', #4409, .T. ) ;
#6058 = LINE ( 'NONE', #4748, #1249 ) ;
#6059 = AXIS2_PLACEMENT_3D ( 'NONE', #2242, #8969, #3206 ) ;
#6060 = VERTEX_POINT ( 'NONE', #2786 ) ;
#6061 = ORIENTED_EDGE ( 'NONE', *, *, #7619, .T. ) ;
#6062 = EDGE_LOOP ( 'NONE', ( #5467, #9206, #9994, #9386 ) ) ;
#6063 = ADVANCED_FACE ( 'NONE', ( #10537 ), #2542, .T. ) ;
#6064 = CARTESIAN_POINT ( 'NONE',  ( 3.469446951953614200E-015, 2.500000000000004000, 6.938893903907228400E-015 ) ) ;
#6065 = DIRECTION ( 'NONE',  ( 0.0000000000000000000, -1.000000000000000000, 0.0000000000000000000 ) ) ;
#6066 = FACE_OUTER_BOUND ( 'NONE', #7151, .T. ) ;
#6067 = VERTEX_POINT ( 'NONE', #12482 ) ;
#6068 = CARTESIAN_POINT ( 'NONE',  ( 16.63016877650853700, 0.6000000000000276200, 14.44661567478664200 ) ) ;
#6069 = EDGE_CURVE ( 'NONE', #2146, #957, #5406, .T. ) ;
#6070 = LINE ( 'NONE', #8498, #10925 ) ;
#6071 = CONICAL_SURFACE ( 'NONE', #6871, 0.5560000000000002700, 0.06981317007976596500 ) ;
#6072 = DIRECTION ( 'NONE',  ( 2.257862093665814800E-016, 1.000000000000000000, 1.475119460951876700E-016 ) ) ;
#6073 = DIRECTION ( 'NONE',  ( 0.0000000000000000000, 0.0000000000000000000, -1.000000000000000000 ) ) ;
#6074 = ORIENTED_EDGE ( 'NONE', *, *, #11939, .T. ) ;
#6075 = DIRECTION ( 'NONE',  ( 0.0000000000000000000, 0.0000000000000000000, -1.000000000000000000 ) ) ;
#6076 = AXIS2_PLACEMENT_3D ( 'NONE', #2920, #5818, #3886 ) ;
#6077 = EDGE_CURVE ( 'NONE', #1744, #11211, #7631, .T. ) ;
#6078 = ORIENTED_EDGE ( 'NONE', *, *, #11691, .F. ) ;
#6079 = CARTESIAN_POINT ( 'NONE',  ( 15.49999999999999300, 26.00000000000000400, -15.49999999999999600 ) ) ;
#6080 = FACE_BOUND ( 'NONE', #10054, .T. ) ;
#6081 = CARTESIAN_POINT ( 'NONE',  ( 0.04561096724993300000, 4.110050607254169800, 18.20000000000000300 ) ) ;
#6082 = ORIENTED_EDGE ( 'NONE', *, *, #8998, .F. ) ;
#6083 = CARTESIAN_POINT ( 'NONE',  ( 17.43223304703363400, 0.0000000000000000000, -20.06066017177981900 ) ) ;
#6084 = FACE_OUTER_BOUND ( 'NONE', #6593, .T. ) ;
#6085 = LINE ( 'NONE', #10891, #3237 ) ;
#6086 = EDGE_LOOP ( 'NONE', ( #3836, #8665, #3238, #5971 ) ) ;
#6087 = CARTESIAN_POINT ( 'NONE',  ( -16.55338432521336500, 0.6000000000000319500, -16.63016877650853300 ) ) ;
#6088 = ORIENTED_EDGE ( 'NONE', *, *, #9825, .F. ) ;
#6089 = DIRECTION ( 'NONE',  ( 0.0000000000000000000, 0.0000000000000000000, -1.000000000000000000 ) ) ;
#6090 = CARTESIAN_POINT ( 'NONE',  ( 15.49999999999999300, 0.0000000000000000000, -19.25000000000000000 ) ) ;
#6091 = CARTESIAN_POINT ( 'NONE',  ( -15.50000000000000700, 29.60000000000000900, 15.50000000000000400 ) ) ;
#6092 = DIRECTION ( 'NONE',  ( -0.7071067811865475700, 0.0000000000000000000, 0.7071067811865475700 ) ) ;
#6093 = AXIS2_PLACEMENT_3D ( 'NONE', #11467, #5669, #4701 ) ;
#6094 = EDGE_CURVE ( 'NONE', #8038, #12149, #5097, .T. ) ;
#6095 = CIRCLE ( 'NONE', #8770, 4.150000000000001200 ) ;
#6096 = ORIENTED_EDGE ( 'NONE', *, *, #6523, .F. ) ;
#6097 = AXIS2_PLACEMENT_3D ( 'NONE', #5955, #9935, #11033 ) ;
#6098 = VECTOR ( 'NONE', #12451, 1000.000000000000000 ) ;
#6099 = CARTESIAN_POINT ( 'NONE',  ( -14.91795067099119300, 2.610000000000006100, 15.28558374216748200 ) ) ;
#6100 = CARTESIAN_POINT ( 'NONE',  ( -15.28558374216748700, 2.610000000000031400, -14.91795067099118200 ) ) ;
#6101 = DIRECTION ( 'NONE',  ( 0.0000000000000000000, 1.000000000000000000, 0.0000000000000000000 ) ) ;
#6102 = CARTESIAN_POINT ( 'NONE',  ( -20.99999999999998200, 33.50000000000000000, -16.37157287525381100 ) ) ;
#6103 = ORIENTED_EDGE ( 'NONE', *, *, #460, .T. ) ;
#6104 = FACE_OUTER_BOUND ( 'NONE', #8553, .T. ) ;
#6105 = ADVANCED_FACE ( 'NONE', ( #10245 ), #7027, .F. ) ;
#6106 = DIRECTION ( 'NONE',  ( 0.0000000000000000000, 0.0000000000000000000, 1.000000000000000000 ) ) ;
#6107 = CIRCLE ( 'NONE', #7303, 4.000000000000000000 ) ;
#6108 = DIRECTION ( 'NONE',  ( 0.0000000000000000000, 0.0000000000000000000, 1.000000000000000000 ) ) ;
#6109 = ORIENTED_EDGE ( 'NONE', *, *, #10618, .F. ) ;
#6110 = CIRCLE ( 'NONE', #2995, 0.6965528920064416600 ) ;
#6111 = DIRECTION ( 'NONE',  ( 0.0000000000000000000, 0.0000000000000000000, -1.000000000000000000 ) ) ;
#6112 = VERTEX_POINT ( 'NONE', #2864 ) ;
#6113 = CC_DESIGN_PERSON_AND_ORGANIZATION_ASSIGNMENT ( #5843, #3574, ( #4184 ) ) ;
#6114 = VERTEX_POINT ( 'NONE', #9619 ) ;
#6115 = CARTESIAN_POINT ( 'NONE',  ( 15.49999999999999300, 8.500000000000000000, 15.50000000000000400 ) ) ;
#6116 = PLANE ( 'NONE',  #7780 ) ;
#6117 = EDGE_LOOP ( 'NONE', ( #6618, #8491, #2279, #10003 ) ) ;
#6118 = DIRECTION ( 'NONE',  ( -0.0000000000000000000, -1.000000000000000000, -0.0000000000000000000 ) ) ;
#6119 = EDGE_CURVE ( 'NONE', #9068, #2894, #12234, .T. ) ;
#6120 = CARTESIAN_POINT ( 'NONE',  ( 16.05218077598818400, 2.610000000000027400, 15.56505682615291700 ) ) ;
#6121 = EDGE_LOOP ( 'NONE', ( #4518, #10835, #10442, #153 ) ) ;
#6122 = VERTEX_POINT ( 'NONE', #10587 ) ;
#6123 = DIRECTION ( 'NONE',  ( -0.0000000000000000000, -1.000000000000000000, -0.0000000000000000000 ) ) ;
#6124 = FACE_OUTER_BOUND ( 'NONE', #7951, .T. ) ;
#6125 = CARTESIAN_POINT ( 'NONE',  ( -15.50000000000000700, 1.000000000000010900, 15.50000000000000400 ) ) ;
#6126 = ORIENTED_EDGE ( 'NONE', *, *, #3119, .F. ) ;
#6127 = AXIS2_PLACEMENT_3D ( 'NONE', #2865, #9620, #3841 ) ;
#6128 = DIRECTION ( 'NONE',  ( 0.5469441386039881600, 0.0000000000000000000, -0.8371691043312224900 ) ) ;
#6129 = ADVANCED_FACE ( 'NONE', ( #4503 ), #1948, .T. ) ;
#6130 = EDGE_CURVE ( 'NONE', #3412, #11491, #4797, .T. ) ;
#6131 = PLANE ( 'NONE',  #165 ) ;
#6132 = CARTESIAN_POINT ( 'NONE',  ( 14.04187701221969500, 0.6000000000000276200, 14.98933636069657500 ) ) ;
#6133 = CIRCLE ( 'NONE', #11987, 25.59999999999999800 ) ;
#6134 = CARTESIAN_POINT ( 'NONE',  ( 6.632732204120389700E-015, 11.46249999999999700, 2.500000000000003600 ) ) ;
#6135 = EDGE_CURVE ( 'NONE', #11303, #6190, #9631, .T. ) ;
#6136 = VECTOR ( 'NONE', #169, 1000.000000000000000 ) ;
#6137 = ORIENTED_EDGE ( 'NONE', *, *, #3981, .T. ) ;
#6138 = VERTEX_POINT ( 'NONE', #2909 ) ;
#6139 = ORIENTED_EDGE ( 'NONE', *, *, #8954, .F. ) ;
#6140 = DIRECTION ( 'NONE',  ( 0.0000000000000000000, 0.0000000000000000000, -1.000000000000000000 ) ) ;
#6141 = DIRECTION ( 'NONE',  ( -0.0000000000000000000, -1.000000000000000000, -0.0000000000000000000 ) ) ;
#6142 = VECTOR ( 'NONE', #9831, 1000.000000000000000 ) ;
#6143 = COORDINATED_UNIVERSAL_TIME_OFFSET ( 3, 0, .AHEAD. ) ;
#6144 = CARTESIAN_POINT ( 'NONE',  ( -21.14999999999999900, 26.00000000000000400, -13.13154598666895000 ) ) ;
#6145 = CARTESIAN_POINT ( 'NONE',  ( -15.50000000000000700, 26.00000000000000400, -15.49999999999999600 ) ) ;
#6146 = ORIENTED_EDGE ( 'NONE', *, *, #1299, .T. ) ;
#6147 = CARTESIAN_POINT ( 'NONE',  ( -19.00000000000000400, 0.0000000000000000000, 16.37157287525380800 ) ) ;
#6148 = AXIS2_PLACEMENT_3D ( 'NONE', #9943, #4155, #10914 ) ;
#6149 = ORIENTED_EDGE ( 'NONE', *, *, #4301, .T. ) ;
#6150 = EDGE_CURVE ( 'NONE', #9637, #11126, #7336, .T. ) ;
#6151 = ORIENTED_EDGE ( 'NONE', *, *, #5494, .F. ) ;
#6152 = AXIS2_PLACEMENT_3D ( 'NONE', #8944, #3185, #9930 ) ;
#6153 = DIRECTION ( 'NONE',  ( 0.0000000000000000000, 0.0000000000000000000, -1.000000000000000000 ) ) ;
#6154 = DIRECTION ( 'NONE',  ( -1.000000000000000000, 0.0000000000000000000, 0.0000000000000000000 ) ) ;
#6155 = FACE_OUTER_BOUND ( 'NONE', #10567, .T. ) ;
#6157 = DIRECTION ( 'NONE',  ( -0.0000000000000000000, -1.000000000000000000, -0.0000000000000000000 ) ) ;
#6156 = VECTOR ( 'NONE', #4032, 1000.000000000000000 ) ;
#6158 = VERTEX_POINT ( 'NONE', #11612 ) ;
#6159 = DIRECTION ( 'NONE',  ( 2.257862093665814800E-016, 1.000000000000000000, 1.475119460951876700E-016 ) ) ;
#6160 = DIRECTION ( 'NONE',  ( 0.5469441386039889400, 0.0000000000000000000, -0.8371691043312219400 ) ) ;
#6161 = ORIENTED_EDGE ( 'NONE', *, *, #1082, .T. ) ;
#6162 = CARTESIAN_POINT ( 'NONE',  ( -13.99590361883903700, 0.6000000000000063100, 13.19778496308914300 ) ) ;
#6163 = ADVANCED_FACE ( 'NONE', ( #9341, #2244 ), #2000, .T. ) ;
#6164 = ORIENTED_EDGE ( 'NONE', *, *, #11142, .T. ) ;
#6165 = AXIS2_PLACEMENT_3D ( 'NONE', #7957, #2229, #8951 ) ;
#6166 = EDGE_CURVE ( 'NONE', #3613, #6661, #4198, .T. ) ;
#6167 = DIRECTION ( 'NONE',  ( 0.0000000000000000000, -0.0000000000000000000, -1.000000000000000000 ) ) ;
#6168 = VECTOR ( 'NONE', #5451, 999.9999999999998900 ) ;
#6169 = CIRCLE ( 'NONE', #6423, 1.250000000000011500 ) ;
#6170 = ORIENTED_EDGE ( 'NONE', *, *, #9975, .F. ) ;
#6171 = DIRECTION ( 'NONE',  ( -0.0000000000000000000, -1.000000000000000000, 0.0000000000000000000 ) ) ;
#6172 = CARTESIAN_POINT ( 'NONE',  ( 15.05547663739319100, 2.424605185108645900, 15.10115791695334400 ) ) ;
#6173 = DIRECTION ( 'NONE',  ( 0.0000000000000000000, 0.0000000000000000000, -1.000000000000000000 ) ) ;
#6174 = ORIENTED_EDGE ( 'NONE', *, *, #1505, .F. ) ;
#6175 = CIRCLE ( 'NONE', #12503, 2.749999999999999600 ) ;
#6176 = FACE_OUTER_BOUND ( 'NONE', #6522, .T. ) ;
#6177 = DIRECTION ( 'NONE',  ( 0.0000000000000000000, 1.000000000000000000, 0.0000000000000000000 ) ) ;
#6178 = DIRECTION ( 'NONE',  ( -0.0000000000000000000, -1.000000000000000000, -0.0000000000000000000 ) ) ;
#6179 = CARTESIAN_POINT ( 'NONE',  ( 20.99999999999999600, 23.40000000000000600, 14.64103821455307400 ) ) ;
#6180 = EDGE_CURVE ( 'NONE', #3064, #9866, #6729, .T. ) ;
#6181 = VERTEX_POINT ( 'NONE', #6798 ) ;
#6182 = PLANE ( 'NONE',  #3247 ) ;
#6183 = AXIS2_PLACEMENT_3D ( 'NONE', #1699, #8406, #2661 ) ;
#6184 = EDGE_CURVE ( 'NONE', #2809, #3503, #7127, .T. ) ;
#6185 = EDGE_CURVE ( 'NONE', #10209, #10267, #11918, .T. ) ;
#6186 = EDGE_LOOP ( 'NONE', ( #2799, #2141 ) ) ;
#6187 = ORIENTED_EDGE ( 'NONE', *, *, #1748, .F. ) ;
#6188 = PLANE ( 'NONE',  #4028 ) ;
#6189 = DIRECTION ( 'NONE',  ( 0.0000000000000000000, 0.0000000000000000000, 1.000000000000000000 ) ) ;
#6190 = VERTEX_POINT ( 'NONE', #7806 ) ;
#6191 = ADVANCED_FACE ( 'NONE', ( #3891 ), #3033, .F. ) ;
#6192 = VECTOR ( 'NONE', #12215, 1000.000000000000000 ) ;
#6193 = LINE ( 'NONE', #9399, #8440 ) ;
#6194 = VERTEX_POINT ( 'NONE', #11703 ) ;
#6195 = CARTESIAN_POINT ( 'NONE',  ( 3.469446951953614200E-014, 33.50000000000000000, 3.122502256758252800E-014 ) ) ;
#6196 = CARTESIAN_POINT ( 'NONE',  ( 7.700000000000009100, 2.500000000000003100, 6.938893903907228400E-015 ) ) ;
#6197 = ORIENTED_EDGE ( 'NONE', *, *, #4451, .F. ) ;
#6198 = ORIENTED_EDGE ( 'NONE', *, *, #1217, .F. ) ;
#6199 = CARTESIAN_POINT ( 'NONE',  ( -13.13154598666894500, 26.00000000000000400, -21.15000000000000200 ) ) ;
#6200 = AXIS2_PLACEMENT_3D ( 'NONE', #7325, #6415, #653 ) ;
#6201 = ORIENTED_EDGE ( 'NONE', *, *, #6135, .F. ) ;
#6202 = AXIS2_PLACEMENT_3D ( 'NONE', #1107, #7812, #2088 ) ;
#6203 = LINE ( 'NONE', #187, #3652 ) ;
#6204 = FACE_OUTER_BOUND ( 'NONE', #11839, .T. ) ;
#6205 = EDGE_LOOP ( 'NONE', ( #4241, #5753, #3092 ) ) ;
#6206 = EDGE_CURVE ( 'NONE', #3930, #847, #1647, .T. ) ;
#6207 = B_SPLINE_CURVE_WITH_KNOTS ( 'NONE', 3,
 ( #8552, #2806, #7623, #1894 ),
 .UNSPECIFIED., .F., .F.,
 ( 4, 4 ),
 ( 0.001013853424362996500, 0.003031486302369885100 ),
 .UNSPECIFIED. ) ;
#6208 = DIRECTION ( 'NONE',  ( 0.0000000000000000000, 0.0000000000000000000, 1.000000000000000000 ) ) ;
#6209 = VERTEX_POINT ( 'NONE', #9789 ) ;
#6210 = ORIENTED_EDGE ( 'NONE', *, *, #7097, .T. ) ;
#6211 = CARTESIAN_POINT ( 'NONE',  ( -15.50000000000000700, 2.610000000000031400, -15.49999999999999600 ) ) ;
#6212 = CARTESIAN_POINT ( 'NONE',  ( -2.081668171172168500E-014, 26.00000000000000400, -1.734723475976807100E-014 ) ) ;
#6213 = DIRECTION ( 'NONE',  ( 0.5469441386039881600, 0.0000000000000000000, -0.8371691043312224900 ) ) ;
#6214 = VERTEX_POINT ( 'NONE', #6886 ) ;
#6215 = CARTESIAN_POINT ( 'NONE',  ( -15.50000000000000700, 34.00000000000000000, -16.75000000000000700 ) ) ;
#6216 = DIRECTION ( 'NONE',  ( 0.0000000000000000000, 1.000000000000000000, 0.0000000000000000000 ) ) ;
#6217 = CYLINDRICAL_SURFACE ( 'NONE', #10745, 2.749999999999998200 ) ;
#6218 = CIRCLE ( 'NONE', #11199, 0.5559999999999997200 ) ;
#6219 = AXIS2_PLACEMENT_3D ( 'NONE', #11515, #5716, #12508 ) ;
#6220 = ORIENTED_EDGE ( 'NONE', *, *, #1851, .F. ) ;
#6221 = VERTEX_POINT ( 'NONE', #1144 ) ;
#6222 = CARTESIAN_POINT ( 'NONE',  ( 15.49999999999999300, 0.0000000000000000000, 19.25000000000002100 ) ) ;
#6223 = EDGE_LOOP ( 'NONE', ( #1278, #11063 ) ) ;
#6224 = CARTESIAN_POINT ( 'NONE',  ( 14.91795067099118900, 2.610000000000027400, 15.71441625783252900 ) ) ;
#6225 = DIRECTION ( 'NONE',  ( 0.0000000000000000000, 0.0000000000000000000, -1.000000000000000000 ) ) ;
#6226 = EDGE_CURVE ( 'NONE', #10147, #1777, #1339, .T. ) ;
#6227 = VECTOR ( 'NONE', #534, 1000.000000000000000 ) ;
#6228 = AXIS2_PLACEMENT_3D ( 'NONE', #2116, #4998, #8829 ) ;
#6229 = ORIENTED_EDGE ( 'NONE', *, *, #5480, .F. ) ;
#6230 = ADVANCED_FACE ( 'NONE', ( #6446 ), #10993, .T. ) ;
#6231 = CYLINDRICAL_SURFACE ( 'NONE', #9936, 1.499999999999999600 ) ;
#6232 = CYLINDRICAL_SURFACE ( 'NONE', #8409, 0.2794843821735012400 ) ;
#6233 = DIRECTION ( 'NONE',  ( -0.0000000000000000000, -1.000000000000000000, 0.0000000000000000000 ) ) ;
#6234 = CARTESIAN_POINT ( 'NONE',  ( -16.37157287525380400, 0.5000000000000000000, 20.50000000000000400 ) ) ;
#6235 = VERTEX_POINT ( 'NONE', #11786 ) ;
#6236 = DIRECTION ( 'NONE',  ( -0.0000000000000000000, -1.000000000000000000, 0.0000000000000000000 ) ) ;
#6237 = DIRECTION ( 'NONE',  ( -0.5469441386039857200, 0.0000000000000000000, 0.8371691043312240500 ) ) ;
#6238 = ORIENTED_EDGE ( 'NONE', *, *, #5236, .F. ) ;
#6239 = DIRECTION ( 'NONE',  ( 0.0000000000000000000, 1.000000000000000000, -0.0000000000000000000 ) ) ;
#6240 = VECTOR ( 'NONE', #11318, 1000.000000000000000 ) ;
#6241 = VERTEX_POINT ( 'NONE', #196 ) ;
#6242 = DIRECTION ( 'NONE',  ( 0.0000000000000000000, 0.0000000000000000000, -1.000000000000000000 ) ) ;
#6243 = FACE_BOUND ( 'NONE', #3801, .T. ) ;
#6244 = VERTEX_POINT ( 'NONE', #6926 ) ;
#6245 = EDGE_CURVE ( 'NONE', #5284, #6114, #8398, .T. ) ;
#6246 = CARTESIAN_POINT ( 'NONE',  ( 1.710526733892250500, 54.00000000000000000, 1.070817853331183400 ) ) ;
#6247 = DIRECTION ( 'NONE',  ( 0.0000000000000000000, 0.0000000000000000000, 1.000000000000000000 ) ) ;
#6248 = ORIENTED_EDGE ( 'NONE', *, *, #6703, .T. ) ;
#6249 = EDGE_CURVE ( 'NONE', #8775, #8734, #3594, .T. ) ;
#6250 = LINE ( 'NONE', #4626, #3397 ) ;
#6251 = ORIENTED_EDGE ( 'NONE', *, *, #431, .T. ) ;
#6252 = CARTESIAN_POINT ( 'NONE',  ( -19.00000000000000400, 8.500000000000000000, -16.37157287525380400 ) ) ;
#6253 = ADVANCED_FACE ( 'NONE', ( #8702 ), #715, .T. ) ;
#6254 = CYLINDRICAL_SURFACE ( 'NONE', #7433, 6.350000000000005000 ) ;
#6255 = DIRECTION ( 'NONE',  ( -0.8371691043312248200, 0.0000000000000000000, -0.5469441386039847200 ) ) ;
#6256 = CARTESIAN_POINT ( 'NONE',  ( -0.3394521936433971800, 6.110050607254169800, 18.20000000000000300 ) ) ;
#6257 = DIRECTION ( 'NONE',  ( 0.5469441386039886100, 0.0000000000000000000, -0.8371691043312222700 ) ) ;
#6258 = VERTEX_POINT ( 'NONE', #1224 ) ;
#6259 = EDGE_CURVE ( 'NONE', #1496, #2667, #3288, .T. ) ;
#6260 = VECTOR ( 'NONE', #10950, 1000.000000000000100 ) ;
#6261 = CIRCLE ( 'NONE', #5625, 0.5560000000000012700 ) ;
#6262 = CARTESIAN_POINT ( 'NONE',  ( 15.49999999999999300, 2.610000000000029200, -15.49999999999999600 ) ) ;
#6263 = CARTESIAN_POINT ( 'NONE',  ( 15.50000000000000400, 2.610000000000027400, 15.50000000000000500 ) ) ;
#6264 = VECTOR ( 'NONE', #4173, 1000.000000000000000 ) ;
#6265 = CARTESIAN_POINT ( 'NONE',  ( 3.775608651740452800E-015, 25.63749999999999900, 2.500000000000007100 ) ) ;
#6266 = DIRECTION ( 'NONE',  ( 1.000000000000000000, 0.0000000000000000000, 0.0000000000000000000 ) ) ;
#6267 = CARTESIAN_POINT ( 'NONE',  ( -15.05547663739319700, 2.424605185108649400, -15.10115791695333900 ) ) ;
#6268 = ORIENTED_EDGE ( 'NONE', *, *, #6077, .T. ) ;
#6269 = DIRECTION ( 'NONE',  ( 0.0000000000000000000, 0.0000000000000000000, 1.000000000000000000 ) ) ;
#6270 = ORIENTED_EDGE ( 'NONE', *, *, #3413, .F. ) ;
#6271 = CARTESIAN_POINT ( 'NONE',  ( -14.84988063100718700, 1.270265698095189600, -15.51722593638709400 ) ) ;
#6272 = AXIS2_PLACEMENT_3D ( 'NONE', #2585, #3557, #12232 ) ;
#6273 = ORIENTED_EDGE ( 'NONE', *, *, #9596, .F. ) ;
#6274 = VECTOR ( 'NONE', #9237, 1000.000000000000100 ) ;
#6275 = EDGE_CURVE ( 'NONE', #8027, #11683, #5842, .T. ) ;
#6276 = AXIS2_PLACEMENT_3D ( 'NONE', #1934, #12549, #6701 ) ;
#6277 = DIRECTION ( 'NONE',  ( 0.0000000000000000000, 0.0000000000000000000, 1.000000000000000000 ) ) ;
#6278 = LINE ( 'NONE', #2301, #9772 ) ;
#6279 = CARTESIAN_POINT ( 'NONE',  ( -13.99590361883903700, 1.000000000000010900, 13.19778496308914100 ) ) ;
#6280 = EDGE_CURVE ( 'NONE', #10209, #11950, #8080, .T. ) ;
#6281 = ORIENTED_EDGE ( 'NONE', *, *, #119, .T. ) ;
#6282 = DIRECTION ( 'NONE',  ( 0.5201747870687640800, -0.3090169943749421200, -0.7961951319151876500 ) ) ;
#6283 = ORIENTED_EDGE ( 'NONE', *, *, #1023, .F. ) ;
#6284 = CARTESIAN_POINT ( 'NONE',  ( 3.469446951953614200E-015, 5.000000000000002700, 6.938893903907228400E-015 ) ) ;
#6285 = ADVANCED_FACE ( 'NONE', ( #11298 ), #10386, .F. ) ;
#6286 = VECTOR ( 'NONE', #6560, 1000.000000000000100 ) ;
#6287 = AXIS2_PLACEMENT_3D ( 'NONE', #5714, #12506, #6666 ) ;
#6288 = ORIENTED_EDGE ( 'NONE', *, *, #3770, .T. ) ;
#6289 = VERTEX_POINT ( 'NONE', #4170 ) ;
#6290 = CARTESIAN_POINT ( 'NONE',  ( -21.00000000000000000, 12.00000000000000000, -16.37157287525380400 ) ) ;
#6291 = EDGE_CURVE ( 'NONE', #3170, #3734, #1029, .T. ) ;
#6292 = ORIENTED_EDGE ( 'NONE', *, *, #9964, .F. ) ;
#6293 = CARTESIAN_POINT ( 'NONE',  ( -16.03674163466473200, 2.610000000000006100, 15.64506694184905600 ) ) ;
#6294 = CARTESIAN_POINT ( 'NONE',  ( -15.51303064308315500, 0.6000000000000319500, -14.80356900291315400 ) ) ;
#6295 = CARTESIAN_POINT ( 'NONE',  ( 15.71441625783252500, 2.610000000000027400, 16.08204932900882200 ) ) ;
#6296 = DIRECTION ( 'NONE',  ( -0.0000000000000000000, -1.000000000000000000, -0.0000000000000000000 ) ) ;
#6297 = EDGE_CURVE ( 'NONE', #10856, #9969, #414, .T. ) ;
#6298 = AXIS2_PLACEMENT_3D ( 'NONE', #1172, #7882, #10829 ) ;
#6299 = VECTOR ( 'NONE', #8414, 1000.000000000000000 ) ;
#6300 = CYLINDRICAL_SURFACE ( 'NONE', #5072, 2.749999999999999600 ) ;
#6301 = ORIENTED_EDGE ( 'NONE', *, *, #1851, .T. ) ;
#6302 = DIRECTION ( 'NONE',  ( -0.0000000000000000000, -1.000000000000000000, -0.0000000000000000000 ) ) ;
#6303 = DIRECTION ( 'NONE',  ( -0.0000000000000000000, -1.000000000000000000, 0.0000000000000000000 ) ) ;
#6304 = CARTESIAN_POINT ( 'NONE',  ( -1.146920613196742700, 6.110050607254169800, 18.20000000000000300 ) ) ;
#6305 = CARTESIAN_POINT ( 'NONE',  ( -14.95618568730830600, 2.424605185108649900, -15.25313562342062600 ) ) ;
#6306 = ORIENTED_EDGE ( 'NONE', *, *, #5243, .F. ) ;
#6307 = DIRECTION ( 'NONE',  ( 0.0000000000000000000, 0.0000000000000000000, -1.000000000000000000 ) ) ;
#6308 = ADVANCED_FACE ( 'NONE', ( #2983 ), #96, .T. ) ;
#6309 = FACE_OUTER_BOUND ( 'NONE', #937, .T. ) ;
#6310 = VECTOR ( 'NONE', #4559, 1000.000000000000100 ) ;
#6311 = DIRECTION ( 'NONE',  ( 0.7071067811865475700, 0.0000000000000000000, 0.7071067811865475700 ) ) ;
#6312 = AXIS2_PLACEMENT_3D ( 'NONE', #10643, #4859, #11626 ) ;
#6313 = CARTESIAN_POINT ( 'NONE',  ( 4.112386521505974500E-015, 5.000000000000002700, -5.249999999999993800 ) ) ;
#6314 = EDGE_LOOP ( 'NONE', ( #3804, #2457 ) ) ;
#6315 = EDGE_CURVE ( 'NONE', #159, #9859, #2685, .T. ) ;
#6316 = DIRECTION ( 'NONE',  ( 0.0000000000000000000, 0.0000000000000000000, 1.000000000000000000 ) ) ;
#6317 = EDGE_CURVE ( 'NONE', #8775, #2341, #5557, .T. ) ;
#6318 = CARTESIAN_POINT ( 'NONE',  ( 0.8530793868032783300, 4.110050607254169800, 30.20000000000000300 ) ) ;
#6319 = ORIENTED_EDGE ( 'NONE', *, *, #11278, .T. ) ;
#6320 = DIRECTION ( 'NONE',  ( -0.0000000000000000000, -0.0000000000000000000, -1.000000000000000000 ) ) ;
#6321 = CIRCLE ( 'NONE', #1657, 0.5000000000000004400 ) ;
#6322 = FACE_OUTER_BOUND ( 'NONE', #3988, .T. ) ;
#6323 = DIRECTION ( 'NONE',  ( 0.0000000000000000000, 0.0000000000000000000, -1.000000000000000000 ) ) ;
#6324 = ORIENTED_EDGE ( 'NONE', *, *, #12437, .F. ) ;
#6325 = CARTESIAN_POINT ( 'NONE',  ( 16.10232027957598800, 1.940406951505563500, -15.54845431265167800 ) ) ;
#6326 = DIRECTION ( 'NONE',  ( 0.0000000000000000000, -1.000000000000000000, 0.0000000000000000000 ) ) ;
#6327 = ORIENTED_EDGE ( 'NONE', *, *, #7218, .F. ) ;
#6328 = ORIENTED_EDGE ( 'NONE', *, *, #1201, .F. ) ;
#6329 = AXIS2_PLACEMENT_3D ( 'NONE', #2608, #9360, #3576 ) ;
#6330 = EDGE_CURVE ( 'NONE', #6942, #5653, #7774, .T. ) ;
#6331 = ORIENTED_EDGE ( 'NONE', *, *, #1428, .F. ) ;
#6332 = CARTESIAN_POINT ( 'NONE',  ( 15.49999999999999300, 2.500000000000016000, -15.49999999999999600 ) ) ;
#6333 = TOROIDAL_SURFACE ( 'NONE', #8813, 7.700000000000005500, 0.2999999999999994900 ) ;
#6335 = DIRECTION ( 'NONE',  ( -0.0000000000000000000, -0.0000000000000000000, 1.000000000000000000 ) ) ;
#6334 = LINE ( 'NONE', #4281, #10881 ) ;
#6336 = CARTESIAN_POINT ( 'NONE',  ( -0.8674362310232414100, 6.110050607254169800, 28.20000000000000300 ) ) ;
#6337 = ORIENTED_EDGE ( 'NONE', *, *, #1444, .T. ) ;
#6339 = EDGE_LOOP ( 'NONE', ( #12014, #3044, #11575, #8477 ) ) ;
#6338 = EDGE_LOOP ( 'NONE', ( #6529, #5972, #3883, #9412 ) ) ;
#6340 = ORIENTED_EDGE ( 'NONE', *, *, #546, .T. ) ;
#6341 = ORIENTED_EDGE ( 'NONE', *, *, #10671, .F. ) ;
#6342 = ORIENTED_EDGE ( 'NONE', *, *, #5658, .F. ) ;
#6343 = DIRECTION ( 'NONE',  ( 0.5469441386039889400, 0.0000000000000000000, -0.8371691043312219400 ) ) ;
#6344 = DIRECTION ( 'NONE',  ( 0.5469441386039886100, 0.0000000000000000000, -0.8371691043312221600 ) ) ;
#6345 = CARTESIAN_POINT ( 'NONE',  ( 16.03674163466472200, 2.610000000000029200, -15.64506694184905200 ) ) ;
#6346 = CARTESIAN_POINT ( 'NONE',  ( 6.938893903907228400E-015, 34.00000000000000000, 3.469446951953614200E-015 ) ) ;
#6347 = EDGE_CURVE ( 'NONE', #7934, #3390, #10083, .T. ) ;
#6348 = LINE ( 'NONE', #2201, #11507 ) ;
#6349 = FACE_OUTER_BOUND ( 'NONE', #6339, .T. ) ;
#6350 = ADVANCED_FACE ( 'NONE', ( #7481 ), #7139, .T. ) ;
#6351 = ORIENTED_EDGE ( 'NONE', *, *, #8033, .F. ) ;
#6352 = AXIS2_PLACEMENT_3D ( 'NONE', #3743, #10513, #4727 ) ;
#6353 = CARTESIAN_POINT ( 'NONE',  ( 6.938893903907228400E-015, 34.59999999999999400, 3.469446951953614200E-015 ) ) ;
#6354 = EDGE_CURVE ( 'NONE', #11211, #5128, #2387, .T. ) ;
#6355 = EDGE_LOOP ( 'NONE', ( #10754, #3182, #2596, #6096, #4791, #11086 ) ) ;
#6356 = EDGE_LOOP ( 'NONE', ( #10922, #3146, #8689, #7686 ) ) ;
#6357 = DIRECTION ( 'NONE',  ( 0.0000000000000000000, 1.000000000000000000, 0.0000000000000000000 ) ) ;
#6358 = ORIENTED_EDGE ( 'NONE', *, *, #581, .F. ) ;
#6359 = DIRECTION ( 'NONE',  ( 0.0000000000000000000, 1.000000000000000000, 0.0000000000000000000 ) ) ;
#6360 = CIRCLE ( 'NONE', #2048, 3.750000000000000000 ) ;
#6361 = FACE_OUTER_BOUND ( 'NONE', #8449, .T. ) ;
#6362 = PLANE ( 'NONE',  #7633 ) ;
#6363 = ORIENTED_EDGE ( 'NONE', *, *, #6532, .F. ) ;
#6364 = AXIS2_PLACEMENT_3D ( 'NONE', #10184, #5363, #3423 ) ;
#6365 = ORIENTED_EDGE ( 'NONE', *, *, #12019, .T. ) ;
#6366 = DIRECTION ( 'NONE',  ( 0.0000000000000000000, 1.000000000000000000, -0.0000000000000000000 ) ) ;
#6367 = DIRECTION ( 'NONE',  ( 0.0000000000000000000, 1.000000000000000000, -0.0000000000000000000 ) ) ;
#6368 = CIRCLE ( 'NONE', #12381, 0.8074684195533451400 ) ;
#6369 = DIRECTION ( 'NONE',  ( -0.5469441386039857200, 0.0000000000000000000, 0.8371691043312240500 ) ) ;
#6370 = ORIENTED_EDGE ( 'NONE', *, *, #9467, .T. ) ;
#6371 = EDGE_CURVE ( 'NONE', #10275, #6112, #4943, .T. ) ;
#6372 = DIRECTION ( 'NONE',  ( -1.000000000000000000, -0.0000000000000000000, -0.0000000000000000000 ) ) ;
#6373 = FACE_OUTER_BOUND ( 'NONE', #6356, .T. ) ;
#6374 = FACE_BOUND ( 'NONE', #718, .T. ) ;
#6375 = VERTEX_POINT ( 'NONE', #7173 ) ;
#6376 = ADVANCED_FACE ( 'NONE', ( #9782 ), #3366, .T. ) ;
#6377 = DIRECTION ( 'NONE',  ( 0.5469441386039892700, 0.0000000000000000000, -0.8371691043312217100 ) ) ;
#6378 = CARTESIAN_POINT ( 'NONE',  ( 6.938893903907228400E-015, 34.29999999999999700, 3.469446951953614200E-015 ) ) ;
#6380 = VERTEX_POINT ( 'NONE', #11054 ) ;
#6379 = ORIENTED_EDGE ( 'NONE', *, *, #4190, .T. ) ;
#6381 = ORIENTED_EDGE ( 'NONE', *, *, #2781, .T. ) ;
#6382 = DIRECTION ( 'NONE',  ( -0.0000000000000000000, -1.000000000000000000, 0.0000000000000000000 ) ) ;
#6383 = DIRECTION ( 'NONE',  ( 0.0000000000000000000, -0.0000000000000000000, 1.000000000000000000 ) ) ;
#6384 = DIRECTION ( 'NONE',  ( 0.5469441386039871600, 0.0000000000000000000, -0.8371691043312232700 ) ) ;
#6385 = CIRCLE ( 'NONE', #299, 1.250000000000011500 ) ;
#6386 = ORIENTED_EDGE ( 'NONE', *, *, #973, .T. ) ;
#6387 = CIRCLE ( 'NONE', #10181, 1.250000000000001100 ) ;
#6388 = VECTOR ( 'NONE', #2131, 1000.000000000000100 ) ;
#6389 = ORIENTED_EDGE ( 'NONE', *, *, #6998, .F. ) ;
#6390 = PLANE ( 'NONE',  #9113 ) ;
#6391 = CARTESIAN_POINT ( 'NONE',  ( -15.50000000000000700, 34.00000000000000000, -14.24999999999998600 ) ) ;
#6392 = DIRECTION ( 'NONE',  ( 0.5469441386039892700, 0.0000000000000000000, -0.8371691043312217100 ) ) ;
#6393 = EDGE_CURVE ( 'NONE', #171, #7403, #4645, .T. ) ;
#6394 = ORIENTED_EDGE ( 'NONE', *, *, #1885, .T. ) ;
#6395 = AXIS2_PLACEMENT_3D ( 'NONE', #6696, #939, #7652 ) ;
#6396 = CARTESIAN_POINT ( 'NONE',  ( 3.469446951953614200E-014, 33.50000000000000000, 3.122502256758252800E-014 ) ) ;
#6397 = CIRCLE ( 'NONE', #6816, 0.2999999999999999300 ) ;
#6398 = DIRECTION ( 'NONE',  ( 0.0000000000000000000, 0.0000000000000000000, 1.000000000000000000 ) ) ;
#6399 = VERTEX_POINT ( 'NONE', #1484 ) ;
#6400 = CARTESIAN_POINT ( 'NONE',  ( 15.28558374216748400, 2.610000000000027400, 14.91795067099119100 ) ) ;
#6401 = VECTOR ( 'NONE', #3570, 1000.000000000000000 ) ;
#6402 = ORIENTED_EDGE ( 'NONE', *, *, #11314, .F. ) ;
#6403 = DIRECTION ( 'NONE',  ( 0.0000000000000000000, 0.0000000000000000000, -1.000000000000000000 ) ) ;
#6404 = CARTESIAN_POINT ( 'NONE',  ( -15.50000000000000700, 8.500000000000000000, 15.50000000000000400 ) ) ;
#6405 = LINE ( 'NONE', #82, #3850 ) ;
#6406 = DIRECTION ( 'NONE',  ( 0.0000000000000000000, 0.0000000000000000000, -1.000000000000000000 ) ) ;
#6407 = AXIS2_PLACEMENT_3D ( 'NONE', #7384, #1691, #8401 ) ;
#6408 = LINE ( 'NONE', #9002, #3560 ) ;
#6409 = ORIENTED_EDGE ( 'NONE', *, *, #4164, .T. ) ;
#6410 = EDGE_CURVE ( 'NONE', #3648, #11840, #2097, .T. ) ;
#6411 = CIRCLE ( 'NONE', #4295, 1.250000000000011500 ) ;
#6412 = EDGE_CURVE ( 'NONE', #3442, #1838, #12072, .T. ) ;
#6413 = CARTESIAN_POINT ( 'NONE',  ( -17.43223304703363400, 0.5000000000000004400, -20.06066017177981900 ) ) ;
#6414 = ADVANCED_FACE ( 'NONE', ( #12373 ), #4036, .F. ) ;
#6415 = DIRECTION ( 'NONE',  ( 0.0000000000000000000, -1.000000000000000000, 0.0000000000000000000 ) ) ;
#6416 = EDGE_LOOP ( 'NONE', ( #4954, #8304, #5388, #11690 ) ) ;
#6417 = CARTESIAN_POINT ( 'NONE',  ( 16.32041620790598600, 29.60000000000003000, 14.24424634350317300 ) ) ;
#6418 = DIRECTION ( 'NONE',  ( -5.204170427930426000E-015, 0.0000000000000000000, 1.000000000000000000 ) ) ;
#6419 = VECTOR ( 'NONE', #7540, 1000.000000000000000 ) ;
#6420 = APPLICATION_PROTOCOL_DEFINITION ( 'international standard', 'config_control_design', 1994, #12252 ) ;
#6421 = CARTESIAN_POINT ( 'NONE',  ( -14.94781922401182700, 2.610000000000006100, 15.56505682615291500 ) ) ;
#6422 = CYLINDRICAL_SURFACE ( 'NONE', #10913, 6.350000000000005000 ) ;
#6423 = AXIS2_PLACEMENT_3D ( 'NONE', #6145, #378, #7104 ) ;
#6424 = EDGE_CURVE ( 'NONE', #12255, #9730, #6587, .T. ) ;
#6425 = EDGE_LOOP ( 'NONE', ( #4617, #3227, #8287, #5364 ) ) ;
#6426 = VERTEX_POINT ( 'NONE', #8229 ) ;
#6427 = DIRECTION ( 'NONE',  ( 0.0000000000000000000, 1.000000000000000000, -0.0000000000000000000 ) ) ;
#6428 = DIRECTION ( 'NONE',  ( 0.0000000000000000000, -0.0000000000000000000, 1.000000000000000000 ) ) ;
#6429 = ORIENTED_EDGE ( 'NONE', *, *, #9675, .T. ) ;
#6430 = FACE_OUTER_BOUND ( 'NONE', #10288, .T. ) ;
#6431 = LINE ( 'NONE', #10393, #11594 ) ;
#6432 = DIRECTION ( 'NONE',  ( 0.0000000000000000000, 0.0000000000000000000, -1.000000000000000000 ) ) ;
#6433 = CARTESIAN_POINT ( 'NONE',  ( -14.42350512184887600, 8.500000000000000000, 21.14999999999999900 ) ) ;
#6434 = ORIENTED_EDGE ( 'NONE', *, *, #7419, .T. ) ;
#6435 = ADVANCED_FACE ( 'NONE', ( #9170 ), #8853, .F. ) ;
#6436 = CARTESIAN_POINT ( 'NONE',  ( 20.50000000000000400, 0.5000000000000000000, -16.37157287525380400 ) ) ;
#6437 = ORIENTED_EDGE ( 'NONE', *, *, #10314, .T. ) ;
#6438 = AXIS2_PLACEMENT_3D ( 'NONE', #8141, #2402, #9142 ) ;
#6439 = ORIENTED_EDGE ( 'NONE', *, *, #4781, .T. ) ;
#6440 = EDGE_CURVE ( 'NONE', #7877, #3426, #1490, .T. ) ;
#6441 = AXIS2_PLACEMENT_3D ( 'NONE', #12360, #6535, #762 ) ;
#6442 = DIRECTION ( 'NONE',  ( 0.5469441386039908300, 0.0000000000000000000, -0.8371691043312209400 ) ) ;
#6443 = CARTESIAN_POINT ( 'NONE',  ( -17.14999999999999900, 26.00000000000000400, -13.13154598666895000 ) ) ;
#6444 = DIRECTION ( 'NONE',  ( 1.000000000000000000, 0.0000000000000000000, 0.0000000000000000000 ) ) ;
#6445 = EDGE_CURVE ( 'NONE', #5356, #12255, #6881, .T. ) ;
#6446 = FACE_OUTER_BOUND ( 'NONE', #5455, .T. ) ;
#6447 = LOCAL_TIME ( 13, 17, 15.00000000000000000, #9016 ) ;
#6448 = ORIENTED_EDGE ( 'NONE', *, *, #6291, .T. ) ;
#6449 = CARTESIAN_POINT ( 'NONE',  ( -14.36983122349147600, 0.6000000000000063100, 14.44661567478664000 ) ) ;
#6450 = ORIENTED_EDGE ( 'NONE', *, *, #11151, .F. ) ;
#6451 = DIRECTION ( 'NONE',  ( 1.000000000000000000, 0.0000000000000000000, -1.224646799147353200E-016 ) ) ;
#6452 = ORIENTED_EDGE ( 'NONE', *, *, #8998, .T. ) ;
#6453 = CARTESIAN_POINT ( 'NONE',  ( 3.469446951953614200E-015, 25.63749999999999900, 6.938893903907228400E-015 ) ) ;
#6454 = DIRECTION ( 'NONE',  ( -0.0000000000000000000, -1.000000000000000000, 0.0000000000000000000 ) ) ;
#6455 = LINE ( 'NONE', #6980, #11315 ) ;
#6456 = VECTOR ( 'NONE', #5840, 999.9999999999998900 ) ;
#6457 = DIRECTION ( 'NONE',  ( 0.0000000000000000000, -1.000000000000000000, 0.0000000000000000000 ) ) ;
#6458 = ORIENTED_EDGE ( 'NONE', *, *, #102, .T. ) ;
#6459 = CARTESIAN_POINT ( 'NONE',  ( 20.99999999999999600, 23.40000000000000600, 14.64103821455307400 ) ) ;
#6460 = APPROVAL_ROLE ( '' ) ;
#6461 = DIRECTION ( 'NONE',  ( -1.000000000000000000, 0.0000000000000000000, 0.0000000000000000000 ) ) ;
#6462 = CARTESIAN_POINT ( 'NONE',  ( 6.595992800145968900E-015, 34.59999999999999400, 2.800000000000003400 ) ) ;
#6463 = EDGE_CURVE ( 'NONE', #6938, #8937, #11449, .T. ) ;
#6464 = EDGE_LOOP ( 'NONE', ( #1747, #10911 ) ) ;
#6465 = AXIS2_PLACEMENT_3D ( 'NONE', #1609, #8320, #2571 ) ;
#6466 = VERTEX_POINT ( 'NONE', #6345 ) ;
#6467 = DIRECTION ( 'NONE',  ( 0.0000000000000000000, 0.0000000000000000000, -1.000000000000000000 ) ) ;
#6468 = VECTOR ( 'NONE', #6320, 1000.000000000000000 ) ;
#6469 = LINE ( 'NONE', #1283, #11325 ) ;
#6470 = VERTEX_POINT ( 'NONE', #3660 ) ;
#6471 = DIRECTION ( 'NONE',  ( 0.5469441386039877200, 0.0000000000000000000, -0.8371691043312229400 ) ) ;
#6472 = ORIENTED_EDGE ( 'NONE', *, *, #581, .T. ) ;
#6473 = CARTESIAN_POINT ( 'NONE',  ( 3.894712078817836000, 8.500000000000000000, 18.00000000000000700 ) ) ;
#6474 = ADVANCED_FACE ( 'NONE', ( #11758 ), #5985, .T. ) ;
#6475 = ORIENTED_EDGE ( 'NONE', *, *, #3102, .T. ) ;
#6476 = CARTESIAN_POINT ( 'NONE',  ( 15.49999999999999300, 2.610000000000029200, -15.49999999999999600 ) ) ;
#6477 = VERTEX_POINT ( 'NONE', #787 ) ;
#6478 = EDGE_LOOP ( 'NONE', ( #515, #1011, #10013, #1529 ) ) ;
#6479 = DIRECTION ( 'NONE',  ( -0.0000000000000000000, -0.0000000000000000000, -1.000000000000000000 ) ) ;
#6480 = AXIS2_PLACEMENT_3D ( 'NONE', #455, #6236, #7182 ) ;
#6481 = EDGE_CURVE ( 'NONE', #4873, #11191, #11148, .T. ) ;
#6482 = CIRCLE ( 'NONE', #9889, 0.6965528920064402200 ) ;
#6483 = VECTOR ( 'NONE', #4614, 1000.000000000000000 ) ;
#6484 = ORIENTED_EDGE ( 'NONE', *, *, #6690, .F. ) ;
#6485 = EDGE_CURVE ( 'NONE', #6235, #1397, #8528, .T. ) ;
#6486 = DIRECTION ( 'NONE',  ( 0.0000000000000000000, -1.000000000000000000, 0.0000000000000000000 ) ) ;
#6487 = DIRECTION ( 'NONE',  ( 0.0000000000000000000, 0.0000000000000000000, 1.000000000000000000 ) ) ;
#6488 = VERTEX_POINT ( 'NONE', #8486 ) ;
#6489 = ORIENTED_EDGE ( 'NONE', *, *, #12297, .F. ) ;
#6490 = ORIENTED_EDGE ( 'NONE', *, *, #6813, .F. ) ;
#6491 = CARTESIAN_POINT ( 'NONE',  ( -14.64103821455298000, 12.00000000000000000, -20.99999999999999600 ) ) ;
#6492 = DIRECTION ( 'NONE',  ( -0.0000000000000000000, -1.000000000000000000, 0.0000000000000000000 ) ) ;
#6493 = FACE_BOUND ( 'NONE', #8573, .T. ) ;
#6494 = FACE_OUTER_BOUND ( 'NONE', #7831, .T. ) ;
#6495 = DIRECTION ( 'NONE',  ( 0.0000000000000000000, 0.0000000000000000000, 1.000000000000000000 ) ) ;
#6496 = ORIENTED_EDGE ( 'NONE', *, *, #4781, .F. ) ;
#6497 = DIRECTION ( 'NONE',  ( 0.5469441386039883800, 0.0000000000000000000, -0.8371691043312222700 ) ) ;
#6498 = AXIS2_PLACEMENT_3D ( 'NONE', #1508, #8214, #2469 ) ;
#6499 = AXIS2_PLACEMENT_3D ( 'NONE', #6313, #11111, #1454 ) ;
#6500 = CARTESIAN_POINT ( 'NONE',  ( -14.64103821455296200, 12.00000000000000000, 21.00000000000000400 ) ) ;
#6501 = ORIENTED_EDGE ( 'NONE', *, *, #6412, .T. ) ;
#6502 = ORIENTED_EDGE ( 'NONE', *, *, #322, .F. ) ;
#6503 = ADVANCED_FACE ( 'NONE', ( #8233 ), #3138, .T. ) ;
#6504 = CARTESIAN_POINT ( 'NONE',  ( 3.469446951953614200E-014, 34.00000000000000000, -16.49999999999995700 ) ) ;
#6505 = DIRECTION ( 'NONE',  ( -0.0000000000000000000, -1.000000000000000000, 0.0000000000000000000 ) ) ;
#6506 = EDGE_LOOP ( 'NONE', ( #9476, #11885 ) ) ;
#6507 = CIRCLE ( 'NONE', #6930, 0.6965528920064416600 ) ;
#6508 = TOROIDAL_SURFACE ( 'NONE', #7449, 7.700000000000005500, 0.2999999999999994900 ) ;
#6509 = ORIENTED_EDGE ( 'NONE', *, *, #4334, .F. ) ;
#6511 = VERTEX_POINT ( 'NONE', #6597 ) ;
#6510 = CARTESIAN_POINT ( 'NONE',  ( 14.64103821455305800, 26.00000000000000400, 21.00000000000000700 ) ) ;
#6512 = DIRECTION ( 'NONE',  ( -0.0000000000000000000, -1.000000000000000000, 0.0000000000000000000 ) ) ;
#6513 = ORIENTED_EDGE ( 'NONE', *, *, #6909, .F. ) ;
#6514 = DIRECTION ( 'NONE',  ( 0.0000000000000000000, 0.0000000000000000000, -1.000000000000000000 ) ) ;
#6515 = DIRECTION ( 'NONE',  ( 0.5469441386039886100, 0.0000000000000000000, -0.8371691043312222700 ) ) ;
#6516 = ORIENTED_EDGE ( 'NONE', *, *, #6033, .F. ) ;
#6517 = EDGE_CURVE ( 'NONE', #5000, #12277, #1174, .T. ) ;
#6518 = LINE ( 'NONE', #4084, #11375 ) ;
#6519 = VECTOR ( 'NONE', #3363, 1000.000000000000000 ) ;
#6520 = DIRECTION ( 'NONE',  ( 0.0000000000000000000, 1.000000000000000000, -0.0000000000000000000 ) ) ;
#6521 = CARTESIAN_POINT ( 'NONE',  ( 1.660547806356602600, 6.110050607254169800, 28.20000000000000300 ) ) ;
#6522 = EDGE_LOOP ( 'NONE', ( #4323, #5453, #4730, #952 ) ) ;
#6523 = EDGE_CURVE ( 'NONE', #647, #1496, #10830, .T. ) ;
#6524 = DIRECTION ( 'NONE',  ( 0.0000000000000000000, 1.000000000000000000, 0.0000000000000000000 ) ) ;
#6525 = VERTEX_POINT ( 'NONE', #8518 ) ;
#6526 = ORIENTED_EDGE ( 'NONE', *, *, #4424, .F. ) ;
#6527 = CIRCLE ( 'NONE', #1371, 25.59999999999998400 ) ;
#6528 = DIRECTION ( 'NONE',  ( 0.0000000000000000000, 0.0000000000000000000, 1.000000000000000000 ) ) ;
#6529 = ORIENTED_EDGE ( 'NONE', *, *, #2078, .F. ) ;
#6530 = VECTOR ( 'NONE', #10024, 1000.000000000000100 ) ;
#6531 = FACE_OUTER_BOUND ( 'NONE', #9501, .T. ) ;
#6532 = EDGE_CURVE ( 'NONE', #1926, #2628, #560, .T. ) ;
#6533 = AXIS2_PLACEMENT_3D ( 'NONE', #4255, #11012, #5223 ) ;
#6534 = ORIENTED_EDGE ( 'NONE', *, *, #12385, .F. ) ;
#6535 = DIRECTION ( 'NONE',  ( 0.0000000000000000000, 1.000000000000000000, -0.0000000000000000000 ) ) ;
#6536 = CARTESIAN_POINT ( 'NONE',  ( 14.36983122349147200, 0.6000000000000276200, 16.55338432521336900 ) ) ;
#6537 = ORIENTED_EDGE ( 'NONE', *, *, #8527, .F. ) ;
#6538 = DIRECTION ( 'NONE',  ( 0.0000000000000000000, 1.000000000000000000, 0.0000000000000000000 ) ) ;
#6539 = ADVANCED_FACE ( 'NONE', ( #5691 ), #873, .T. ) ;
#6540 = EDGE_CURVE ( 'NONE', #8213, #4052, #253, .T. ) ;
#6541 = FACE_OUTER_BOUND ( 'NONE', #12023, .T. ) ;
#6542 = AXIS2_PLACEMENT_3D ( 'NONE', #7547, #9528, #3737 ) ;
#6543 = VERTEX_POINT ( 'NONE', #2812 ) ;
#6544 = CIRCLE ( 'NONE', #7581, 1.250000000000011500 ) ;
#6545 = PLANE ( 'NONE',  #294 ) ;
#6546 = ORIENTED_EDGE ( 'NONE', *, *, #1396, .F. ) ;
#6547 = CARTESIAN_POINT ( 'NONE',  ( -15.50000000000000700, 34.00000000000000000, -15.49999999999999600 ) ) ;
#6548 = DIRECTION ( 'NONE',  ( 0.0000000000000000000, -1.000000000000000000, 0.0000000000000000000 ) ) ;
#6549 = PLANE ( 'NONE',  #4163 ) ;
#6550 = VERTEX_POINT ( 'NONE', #9571 ) ;
#6551 = FACE_OUTER_BOUND ( 'NONE', #11863, .T. ) ;
#6552 = EDGE_LOOP ( 'NONE', ( #6151, #7482 ) ) ;
#6553 = DIRECTION ( 'NONE',  ( 0.0000000000000000000, 1.000000000000000000, -0.0000000000000000000 ) ) ;
#6554 = FACE_OUTER_BOUND ( 'NONE', #8512, .T. ) ;
#6555 = AXIS2_PLACEMENT_3D ( 'NONE', #3478, #562, #4455 ) ;
#6556 = DIRECTION ( 'NONE',  ( -0.0000000000000000000, -1.000000000000000000, 0.0000000000000000000 ) ) ;
#6557 = EDGE_CURVE ( 'NONE', #10176, #3556, #5393, .T. ) ;
#6558 = CARTESIAN_POINT ( 'NONE',  ( 3.469446951953614200E-014, 23.40000000000000600, 3.122502256758252800E-014 ) ) ;
#6559 = ORIENTED_EDGE ( 'NONE', *, *, #9861, .T. ) ;
#6560 = DIRECTION ( 'NONE',  ( 0.7071067811865474600, 0.0000000000000000000, -0.7071067811865474600 ) ) ;
#6561 = CARTESIAN_POINT ( 'NONE',  ( 0.0000000000000000000, 0.0000000000000000000, 0.0000000000000000000 ) ) ;
#6562 = CIRCLE ( 'NONE', #1832, 0.6965528920064402200 ) ;
#6563 = ADVANCED_FACE ( 'NONE', ( #10233 ), #10192, .F. ) ;
#6564 = DIRECTION ( 'NONE',  ( 0.5469441386039908300, 0.0000000000000000000, -0.8371691043312209400 ) ) ;
#6565 = VECTOR ( 'NONE', #12400, 1000.000000000000100 ) ;
#6566 = CARTESIAN_POINT ( 'NONE',  ( -15.50000000000000700, 2.581370849898484200, 15.50000000000000400 ) ) ;
#6567 = FACE_OUTER_BOUND ( 'NONE', #10059, .T. ) ;
#6568 = VERTEX_POINT ( 'NONE', #5373 ) ;
#6569 = DIRECTION ( 'NONE',  ( 0.0000000000000000000, 0.0000000000000000000, 1.000000000000000000 ) ) ;
#6570 = AXIS2_PLACEMENT_3D ( 'NONE', #1044, #5927, #143 ) ;
#6571 = ORIENTED_EDGE ( 'NONE', *, *, #5553, .F. ) ;
#6572 = EDGE_CURVE ( 'NONE', #4876, #9859, #2531, .T. ) ;
#6573 = DIRECTION ( 'NONE',  ( 0.0000000000000000000, 0.0000000000000000000, -1.000000000000000000 ) ) ;
#6574 = CIRCLE ( 'NONE', #9128, 0.2794843821735011300 ) ;
#6575 = DIRECTION ( 'NONE',  ( 0.0000000000000000000, 0.0000000000000000000, 1.000000000000000000 ) ) ;
#6576 = VERTEX_POINT ( 'NONE', #2515 ) ;
#6577 = FACE_OUTER_BOUND ( 'NONE', #11533, .T. ) ;
#6578 = CARTESIAN_POINT ( 'NONE',  ( 0.8530793868032783300, 4.110050607254169800, 30.20000000000000300 ) ) ;
#6579 = CARTESIAN_POINT ( 'NONE',  ( -20.41421356237309600, 12.00000000000000000, 17.78578643762690000 ) ) ;
#6580 = VERTEX_POINT ( 'NONE', #4452 ) ;
#6581 = DIRECTION ( 'NONE',  ( 0.0000000000000000000, 0.0000000000000000000, -1.000000000000000000 ) ) ;
#6582 = EDGE_CURVE ( 'NONE', #3214, #4585, #9928, .T. ) ;
#6583 = CARTESIAN_POINT ( 'NONE',  ( -15.48277406361290800, 1.270265698095164100, 16.15011936899282600 ) ) ;
#6584 = DIRECTION ( 'NONE',  ( 0.0000000000000000000, 1.000000000000000000, -0.0000000000000000000 ) ) ;
#6585 = EDGE_CURVE ( 'NONE', #4668, #2371, #7617, .T. ) ;
#6586 = AXIS2_PLACEMENT_3D ( 'NONE', #9159, #3385, #10132 ) ;
#6587 = CIRCLE ( 'NONE', #10349, 0.5560000000000002700 ) ;
#6588 =( BOUNDED_CURVE ( )  B_SPLINE_CURVE ( 3, ( #1946, #7670, #3870, #10624 ),
 .UNSPECIFIED., .F., .T. ) 
 B_SPLINE_CURVE_WITH_KNOTS ( ( 4, 4 ),
 ( 5.754796812637095200, 6.811573801722078200 ),
 .UNSPECIFIED. ) 
 CURVE ( )  GEOMETRIC_REPRESENTATION_ITEM ( )  RATIONAL_B_SPLINE_CURVE ( ( 1.000000000000000000, 0.9090804130449043900, 0.9090804130449043900, 1.000000000000000000 ) ) 
 REPRESENTATION_ITEM ( '' )  );
#6589 = EDGE_LOOP ( 'NONE', ( #7672, #9216, #2207, #5952 ) ) ;
#6590 = EDGE_CURVE ( 'NONE', #9046, #430, #2823, .T. ) ;
#6591 = CARTESIAN_POINT ( 'NONE',  ( -2.888629745115985700, 0.0000000000000000000, 18.20000000000000300 ) ) ;
#6592 = CARTESIAN_POINT ( 'NONE',  ( -15.46254419180371500, 2.610000000000006100, 16.11915492039947400 ) ) ;
#6593 = EDGE_LOOP ( 'NONE', ( #11582, #3536, #4724, #10691 ) ) ;
#6594 = DIRECTION ( 'NONE',  ( 0.2440452458516471600, 0.8949343913984425500, -0.3735429735244771800 ) ) ;
#6595 = ORIENTED_EDGE ( 'NONE', *, *, #7354, .F. ) ;
#6596 = ADVANCED_FACE ( 'NONE', ( #4782, #5090 ), #12243, .T. ) ;
#6597 = CARTESIAN_POINT ( 'NONE',  ( -15.19071081559299300, 2.474345677606079300, 15.02659269710754600 ) ) ;
#6598 = ORIENTED_EDGE ( 'NONE', *, *, #3212, .T. ) ;
#6599 = CARTESIAN_POINT ( 'NONE',  ( 16.37157287525380800, 23.40000000000000600, 21.00000000000000700 ) ) ;
#6600 = CIRCLE ( 'NONE', #6904, 0.8074684195533453600 ) ;
#6601 = CIRCLE ( 'NONE', #3134, 0.5560000000000012700 ) ;
#6602 = DIRECTION ( 'NONE',  ( -0.0000000000000000000, -1.000000000000000000, 0.0000000000000000000 ) ) ;
#6603 = ORIENTED_EDGE ( 'NONE', *, *, #8224, .T. ) ;
#6604 = AXIS2_PLACEMENT_3D ( 'NONE', #12093, #6269, #502 ) ;
#6605 = ORIENTED_EDGE ( 'NONE', *, *, #9127, .F. ) ;
#6606 = DIRECTION ( 'NONE',  ( -0.5469441386039886100, 0.0000000000000000000, 0.8371691043312222700 ) ) ;
#6607 = CARTESIAN_POINT ( 'NONE',  ( 3.469446951953614200E-014, 33.30000000000000400, 3.122502256758252800E-014 ) ) ;
#6608 = DIRECTION ( 'NONE',  ( 0.0000000000000000000, 1.000000000000000000, 0.0000000000000000000 ) ) ;
#6609 = EDGE_CURVE ( 'NONE', #2956, #7537, #9623, .T. ) ;
#6610 = VECTOR ( 'NONE', #7529, 1000.000000000000200 ) ;
#6611 = LINE ( 'NONE', #7348, #8877 ) ;
#6612 = ORIENTED_EDGE ( 'NONE', *, *, #3501, .F. ) ;
#6613 = ORIENTED_EDGE ( 'NONE', *, *, #6354, .T. ) ;
#6614 = ADVANCED_FACE ( 'NONE', ( #7018 ), #1931, .T. ) ;
#6615 = CIRCLE ( 'NONE', #9642, 0.6965528920064416600 ) ;
#6617 = CARTESIAN_POINT ( 'NONE',  ( 15.80410094106381200, 2.610000000000029200, -15.96546602200815600 ) ) ;
#6616 = CONICAL_SURFACE ( 'NONE', #12123, 0.5560000000000012700, 0.06981317007976596500 ) ;
#6618 = ORIENTED_EDGE ( 'NONE', *, *, #6540, .F. ) ;
#6619 = CARTESIAN_POINT ( 'NONE',  ( 14.04187701221969500, 0.6000000000000276200, 14.98933636069657500 ) ) ;
#6620 = EDGE_CURVE ( 'NONE', #5948, #11966, #11906, .T. ) ;
#6621 = AXIS2_PLACEMENT_3D ( 'NONE', #9223, #11172, #5379 ) ;
#6622 = ORIENTED_EDGE ( 'NONE', *, *, #5405, .T. ) ;
#6623 = ORIENTED_EDGE ( 'NONE', *, *, #5494, .T. ) ;
#6624 = DIRECTION ( 'NONE',  ( 0.0000000000000000000, -1.000000000000000000, 0.0000000000000000000 ) ) ;
#6625 = CARTESIAN_POINT ( 'NONE',  ( -20.41421356237309600, 0.0000000000000000000, 17.78578643762690000 ) ) ;
#6626 = CARTESIAN_POINT ( 'NONE',  ( 19.09999999999999100, 12.00000000000000000, -19.10000000000000500 ) ) ;
#6627 = CARTESIAN_POINT ( 'NONE',  ( 14.44661567478664600, 0.6000000000000276200, 14.36983122349147000 ) ) ;
#6628 = CARTESIAN_POINT ( 'NONE',  ( 6.938893903907228400E-015, 29.59999999999999800, 3.469446951953614200E-015 ) ) ;
#6629 = CARTESIAN_POINT ( 'NONE',  ( 3.469446951953614200E-015, 7.500000000000001800, 6.938893903907228400E-015 ) ) ;
#6630 = CIRCLE ( 'NONE', #7497, 0.4999999999999982200 ) ;
#6631 = VECTOR ( 'NONE', #7999, 1000.000000000000100 ) ;
#6632 = EDGE_LOOP ( 'NONE', ( #12594, #606, #4468, #9429 ) ) ;
#6633 = DIRECTION ( 'NONE',  ( -0.5469441386039886100, 0.0000000000000000000, 0.8371691043312222700 ) ) ;
#6634 = CARTESIAN_POINT ( 'NONE',  ( 3.469446951953614200E-015, 2.500000000000004000, 6.938893903907228400E-015 ) ) ;
#6635 = ORIENTED_EDGE ( 'NONE', *, *, #11428, .F. ) ;
#6636 = ORIENTED_EDGE ( 'NONE', *, *, #1192, .T. ) ;
#6637 = DIRECTION ( 'NONE',  ( -0.2440452458516469700, 0.8949343913984425500, 0.3735429735244773000 ) ) ;
#6638 = ORIENTED_EDGE ( 'NONE', *, *, #3507, .T. ) ;
#6639 = EDGE_CURVE ( 'NONE', #4250, #2111, #4490, .T. ) ;
#6640 = EDGE_CURVE ( 'NONE', #6380, #5344, #9330, .T. ) ;
#6641 = CYLINDRICAL_SURFACE ( 'NONE', #4127, 0.2794843821735012400 ) ;
#6642 = EDGE_CURVE ( 'NONE', #10043, #2899, #4187, .T. ) ;
#6643 = CIRCLE ( 'NONE', #9171, 25.60000000000001900 ) ;
#6644 = DIRECTION ( 'NONE',  ( -0.0000000000000000000, -0.0000000000000000000, -1.000000000000000000 ) ) ;
#6645 = ORIENTED_EDGE ( 'NONE', *, *, #6135, .T. ) ;
#6646 = ORIENTED_EDGE ( 'NONE', *, *, #3672, .F. ) ;
#6647 = DIRECTION ( 'NONE',  ( 0.0000000000000000000, 1.000000000000000000, -0.0000000000000000000 ) ) ;
#6648 = CIRCLE ( 'NONE', #3316, 8.000000000000005300 ) ;
#6649 = FACE_OUTER_BOUND ( 'NONE', #2583, .T. ) ;
#6650 = AXIS2_PLACEMENT_3D ( 'NONE', #4179, #2215, #250 ) ;
#6651 = EDGE_LOOP ( 'NONE', ( #3475, #1369, #795, #5732 ) ) ;
#6652 = AXIS2_PLACEMENT_3D ( 'NONE', #9990, #4207, #10965 ) ;
#6653 = CARTESIAN_POINT ( 'NONE',  ( -0.3394521936433971800, 6.110050607254169800, 28.20000000000000300 ) ) ;
#6654 = DIRECTION ( 'NONE',  ( 0.0000000000000000000, 1.000000000000000000, -0.0000000000000000000 ) ) ;
#6655 = ORIENTED_EDGE ( 'NONE', *, *, #8845, .F. ) ;
#6656 = ORIENTED_EDGE ( 'NONE', *, *, #8506, .T. ) ;
#6657 = DIRECTION ( 'NONE',  ( 0.5469441386039892700, 0.0000000000000000000, -0.8371691043312217100 ) ) ;
#6658 = CARTESIAN_POINT ( 'NONE',  ( -20.41421356237307400, 23.40000000000000600, -17.78578643762690300 ) ) ;
#6659 = DIRECTION ( 'NONE',  ( 0.5469441386039879400, 0.0000000000000000000, -0.8371691043312227100 ) ) ;
#6660 = FACE_OUTER_BOUND ( 'NONE', #11405, .T. ) ;
#6661 = VERTEX_POINT ( 'NONE', #725 ) ;
#6662 = FACE_OUTER_BOUND ( 'NONE', #11727, .T. ) ;
#6663 = ADVANCED_FACE ( 'NONE', ( #1637 ), #11288, .F. ) ;
#6664 = ORIENTED_EDGE ( 'NONE', *, *, #7434, .F. ) ;
#6665 = DIRECTION ( 'NONE',  ( -0.0000000000000000000, 0.0000000000000000000, 1.000000000000000000 ) ) ;
#6666 = DIRECTION ( 'NONE',  ( 0.5469441386039886100, 0.0000000000000000000, -0.8371691043312223800 ) ) ;
#6667 = AXIS2_PLACEMENT_3D ( 'NONE', #1015, #10674, #4891 ) ;
#6668 = EDGE_LOOP ( 'NONE', ( #10623, #9275, #3598 ) ) ;
#6669 = ORIENTED_EDGE ( 'NONE', *, *, #2855, .F. ) ;
#6670 = AXIS2_PLACEMENT_3D ( 'NONE', #8307, #5419, #9316 ) ;
#6671 = DIRECTION ( 'NONE',  ( 1.000000000000000000, 0.0000000000000000000, 1.224646799147353200E-016 ) ) ;
#6672 = DIRECTION ( 'NONE',  ( -1.000000000000000000, 0.0000000000000000000, 0.0000000000000000000 ) ) ;
#6673 = CIRCLE ( 'NONE', #8938, 2.750000000000000900 ) ;
#6674 = DIRECTION ( 'NONE',  ( 1.000000000000000000, 0.0000000000000000000, 0.0000000000000000000 ) ) ;
#6675 = VERTEX_POINT ( 'NONE', #11374 ) ;
#6676 = CARTESIAN_POINT ( 'NONE',  ( 15.41723649745962300, 2.610000000000027400, 14.95019439558400100 ) ) ;
#6677 = EDGE_CURVE ( 'NONE', #10592, #8172, #6431, .T. ) ;
#6678 = ADVANCED_FACE ( 'NONE', ( #6719 ), #2640, .T. ) ;
#6679 = FACE_OUTER_BOUND ( 'NONE', #4321, .T. ) ;
#6680 = CARTESIAN_POINT ( 'NONE',  ( -13.13154598666891800, 8.500000000000000000, 21.14999999999999900 ) ) ;
#6681 = VECTOR ( 'NONE', #4008, 1000.000000000000200 ) ;
#6682 = ORIENTED_EDGE ( 'NONE', *, *, #948, .T. ) ;
#6683 = CARTESIAN_POINT ( 'NONE',  ( 17.43223304703363000, 33.50000000000000000, -20.06066017177981900 ) ) ;
#6684 = EDGE_LOOP ( 'NONE', ( #12278, #12249, #2693, #5130 ) ) ;
#6685 = LINE ( 'NONE', #11632, #4140 ) ;
#6686 = ORIENTED_EDGE ( 'NONE', *, *, #7393, .F. ) ;
#6687 = VECTOR ( 'NONE', #1595, 1000.000000000000000 ) ;
#6688 = DIRECTION ( 'NONE',  ( 0.0000000000000000000, 0.0000000000000000000, -1.000000000000000000 ) ) ;
#6689 = DIRECTION ( 'NONE',  ( 0.0000000000000000000, 1.000000000000000000, 0.0000000000000000000 ) ) ;
#6690 = EDGE_CURVE ( 'NONE', #12277, #11962, #1327, .T. ) ;
#6691 = EDGE_LOOP ( 'NONE', ( #11074, #8529, #2727, #12445 ) ) ;
#6692 = CONICAL_SURFACE ( 'NONE', #12203, 0.5559999999999988300, 0.06981317007976596500 ) ;
#6693 = CYLINDRICAL_SURFACE ( 'NONE', #4081, 25.59999999999999800 ) ;
#6694 = DIRECTION ( 'NONE',  ( -0.0000000000000000000, -0.0000000000000000000, -1.000000000000000000 ) ) ;
#6695 = VERTEX_POINT ( 'NONE', #9634 ) ;
#6696 = CARTESIAN_POINT ( 'NONE',  ( 15.49999999999999300, 0.6000000000000297300, -15.49999999999999600 ) ) ;
#6697 = LINE ( 'NONE', #4554, #1608 ) ;
#6698 = CARTESIAN_POINT ( 'NONE',  ( 1.202593712417245200, 53.50000000000000000, 2.191750068519335400 ) ) ;
#6699 = EDGE_CURVE ( 'NONE', #11536, #10289, #3586, .T. ) ;
#6700 = VERTEX_POINT ( 'NONE', #10602 ) ;
#6701 = DIRECTION ( 'NONE',  ( 0.0000000000000000000, 0.0000000000000000000, -1.000000000000000000 ) ) ;
#6702 = AXIS2_PLACEMENT_3D ( 'NONE', #1061, #7772, #2053 ) ;
#6703 = EDGE_CURVE ( 'NONE', #4274, #3194, #1016, .T. ) ;
#6704 = CARTESIAN_POINT ( 'NONE',  ( -15.56331376197800300, 26.00000000000000400, -20.32592592592592600 ) ) ;
#6705 = CARTESIAN_POINT ( 'NONE',  ( 15.05547663739318400, 2.424605185108647600, -15.89884208304665400 ) ) ;
#6706 = LINE ( 'NONE', #9519, #4169 ) ;
#6707 = EDGE_CURVE ( 'NONE', #12467, #10554, #3879, .T. ) ;
#6708 = FACE_OUTER_BOUND ( 'NONE', #10244, .T. ) ;
#6709 = DIRECTION ( 'NONE',  ( 0.0000000000000000000, 0.0000000000000000000, 1.000000000000000000 ) ) ;
#6710 = DIRECTION ( 'NONE',  ( -1.000000000000000000, 0.0000000000000000000, 0.0000000000000000000 ) ) ;
#6711 = CARTESIAN_POINT ( 'NONE',  ( -20.50000000000000000, 0.0000000000000000000, 16.37157287525380800 ) ) ;
#6712 = DIRECTION ( 'NONE',  ( -0.0000000000000000000, -1.000000000000000000, 0.0000000000000000000 ) ) ;
#6713 = CARTESIAN_POINT ( 'NONE',  ( 15.49999999999999300, 0.6000000000000297300, -15.49999999999999600 ) ) ;
#6714 = VERTEX_POINT ( 'NONE', #11588 ) ;
#6715 = ORIENTED_EDGE ( 'NONE', *, *, #4158, .F. ) ;
#6716 = PLANE ( 'NONE',  #12222 ) ;
#6717 = LINE ( 'NONE', #1051, #12525 ) ;
#6718 = DIRECTION ( 'NONE',  ( -0.0000000000000000000, -1.000000000000000000, 0.0000000000000000000 ) ) ;
#6719 = FACE_OUTER_BOUND ( 'NONE', #7867, .T. ) ;
#6720 = AXIS2_PLACEMENT_3D ( 'NONE', #10565, #4779, #11548 ) ;
#6721 = ORIENTED_EDGE ( 'NONE', *, *, #10396, .T. ) ;
#6722 = ADVANCED_FACE ( 'NONE', ( #8688 ), #709, .T. ) ;
#6723 = AXIS2_PLACEMENT_3D ( 'NONE', #1805, #4628, #393 ) ;
#6724 = EDGE_LOOP ( 'NONE', ( #5600, #6976, #3145, #7277 ) ) ;
#6725 = ORIENTED_EDGE ( 'NONE', *, *, #4106, .F. ) ;
#6726 = CARTESIAN_POINT ( 'NONE',  ( -15.50000000000000700, 0.6000000000000063100, 15.50000000000000400 ) ) ;
#6727 = VERTEX_POINT ( 'NONE', #7742 ) ;
#6728 = ADVANCED_FACE ( 'NONE', ( #5830 ), #2013, .T. ) ;
#6729 = CIRCLE ( 'NONE', #7316, 1.500000000000001100 ) ;
#6730 = CALENDAR_DATE ( 2017, 6, 3 ) ;
#6731 = B_SPLINE_CURVE_WITH_KNOTS ( 'NONE', 3,
 ( #5815, #11618, #27, #6760 ),
 .UNSPECIFIED., .F., .F.,
 ( 4, 4 ),
 ( 0.001013853424283301300, 0.003031486302290191000 ),
 .UNSPECIFIED. ) ;
#6732 = CARTESIAN_POINT ( 'NONE',  ( 16.37157287525380800, 33.50000000000000000, 19.00000000000000700 ) ) ;
#6733 = ORIENTED_EDGE ( 'NONE', *, *, #1414, .F. ) ;
#6734 = ORIENTED_EDGE ( 'NONE', *, *, #9939, .T. ) ;
#6736 = CARTESIAN_POINT ( 'NONE',  ( -18.74644660940672100, 0.0000000000000000000, 18.74644660940672100 ) ) ;
#6735 = AXIS2_PLACEMENT_3D ( 'NONE', #11674, #5863, #72 ) ;
#6737 = ORIENTED_EDGE ( 'NONE', *, *, #10897, .F. ) ;
#6738 = CC_DESIGN_PERSON_AND_ORGANIZATION_ASSIGNMENT ( #3289, #10329, ( #4184 ) ) ;
#6739 = AXIS2_PLACEMENT_3D ( 'NONE', #6051, #279, #7004 ) ;
#6740 = DIRECTION ( 'NONE',  ( -0.5469441386039888300, -5.359117379318553400E-017, 0.8371691043312222700 ) ) ;
#6741 = EDGE_CURVE ( 'NONE', #9468, #2578, #3280, .T. ) ;
#6742 = FACE_OUTER_BOUND ( 'NONE', #1272, .T. ) ;
#6743 = FACE_OUTER_BOUND ( 'NONE', #11663, .T. ) ;
#6744 = ORIENTED_EDGE ( 'NONE', *, *, #12524, .T. ) ;
#6745 = DIRECTION ( 'NONE',  ( -0.8371691043312240500, 0.0000000000000000000, -0.5469441386039857200 ) ) ;
#6746 = CARTESIAN_POINT ( 'NONE',  ( 3.469446951953614200E-015, 2.500000000000004000, 6.938893903907228400E-015 ) ) ;
#6747 = CARTESIAN_POINT ( 'NONE',  ( 15.50000000000000400, 2.610000000000027400, 15.50000000000000500 ) ) ;
#6748 = ORIENTED_EDGE ( 'NONE', *, *, #2748, .F. ) ;
#6749 = DIRECTION ( 'NONE',  ( -0.2440452458516469400, 0.8949343913984423300, 0.3735429735244777900 ) ) ;
#6750 = AXIS2_PLACEMENT_3D ( 'NONE', #11572, #5772, #12571 ) ;
#6751 = CIRCLE ( 'NONE', #81, 1.734314575050762300 ) ;
#6752 = LINE ( 'NONE', #7896, #9038 ) ;
#6753 = ORIENTED_EDGE ( 'NONE', *, *, #4578, .F. ) ;
#6754 = CARTESIAN_POINT ( 'NONE',  ( -2.021082757350868100, 7.500000000000000000, 18.00000000000000700 ) ) ;
#6755 = DIRECTION ( 'NONE',  ( 0.0000000000000000000, 0.0000000000000000000, 1.000000000000000000 ) ) ;
#6756 = EDGE_CURVE ( 'NONE', #3997, #10209, #10678, .T. ) ;
#6757 = DIRECTION ( 'NONE',  ( 0.0000000000000000000, 1.000000000000000000, -0.0000000000000000000 ) ) ;
#6758 = EDGE_LOOP ( 'NONE', ( #8695, #10919, #11745, #557 ) ) ;
#6759 = EDGE_LOOP ( 'NONE', ( #11308, #4458, #1873, #4913, #8804, #7475 ) ) ;
#6760 = CARTESIAN_POINT ( 'NONE',  ( 14.96325836533527800, 2.610000000000027400, 15.64506694184905900 ) ) ;
#6761 = CARTESIAN_POINT ( 'NONE',  ( 15.49999999999999300, 26.00000000000000400, -16.75000000000000700 ) ) ;
#6762 = CIRCLE ( 'NONE', #7902, 25.60000000000002600 ) ;
#6763 = LINE ( 'NONE', #9431, #1379 ) ;
#6764 = CARTESIAN_POINT ( 'NONE',  ( 15.49999999999999300, 2.610000000000029200, -15.49999999999999600 ) ) ;
#6765 = DIRECTION ( 'NONE',  ( 0.0000000000000000000, -1.000000000000000000, 0.0000000000000000000 ) ) ;
#6766 = ORIENTED_EDGE ( 'NONE', *, *, #2474, .F. ) ;
#6767 = ORIENTED_EDGE ( 'NONE', *, *, #10234, .F. ) ;
#6768 = ORIENTED_EDGE ( 'NONE', *, *, #6463, .F. ) ;
#6769 = CARTESIAN_POINT ( 'NONE',  ( 21.14999999999998400, 8.500000000000000000, 14.42350512184888500 ) ) ;
#6770 = EDGE_LOOP ( 'NONE', ( #1865, #12543, #929, #312 ) ) ;
#6771 = DIRECTION ( 'NONE',  ( -0.0000000000000000000, -1.000000000000000000, -0.0000000000000000000 ) ) ;
#6772 = DIRECTION ( 'NONE',  ( -0.5469441386039887200, 0.0000000000000000000, 0.8371691043312221600 ) ) ;
#6773 = EDGE_CURVE ( 'NONE', #4037, #5834, #8385, .T. ) ;
#6774 = CIRCLE ( 'NONE', #5184, 0.2999999999999999300 ) ;
#6775 = CIRCLE ( 'NONE', #4403, 6.350000000000005000 ) ;
#6776 = AXIS2_PLACEMENT_3D ( 'NONE', #6945, #5079, #1204 ) ;
#6777 = VERTEX_POINT ( 'NONE', #11675 ) ;
#6778 = ADVANCED_FACE ( 'NONE', ( #8075 ), #4945, .T. ) ;
#6780 = ORIENTED_EDGE ( 'NONE', *, *, #7050, .F. ) ;
#6779 = CARTESIAN_POINT ( 'NONE',  ( 20.32592592592590800, 8.500000000000000000, -15.56331376197800700 ) ) ;
#6781 = CARTESIAN_POINT ( 'NONE',  ( 3.604158099859823500E-014, 36.00000000000000700, 11.00000000000003600 ) ) ;
#6782 = ORIENTED_EDGE ( 'NONE', *, *, #4261, .F. ) ;
#6783 = DIRECTION ( 'NONE',  ( -0.5469441386039886100, 0.0000000000000000000, 0.8371691043312222700 ) ) ;
#6784 = ORIENTED_EDGE ( 'NONE', *, *, #1615, .T. ) ;
#6785 = VECTOR ( 'NONE', #9700, 1000.000000000000000 ) ;
#6787 = DIRECTION ( 'NONE',  ( 1.000000000000000000, -0.0000000000000000000, 0.0000000000000000000 ) ) ;
#6786 = VECTOR ( 'NONE', #7874, 999.9999999999998900 ) ;
#6788 = DIRECTION ( 'NONE',  ( -0.0000000000000000000, -1.000000000000000000, 0.0000000000000000000 ) ) ;
#6789 = DIRECTION ( 'NONE',  ( 0.0000000000000000000, 1.000000000000000000, 0.0000000000000000000 ) ) ;
#6790 = ORIENTED_EDGE ( 'NONE', *, *, #2440, .T. ) ;
#6791 = ADVANCED_FACE ( 'NONE', ( #10376 ), #85, .F. ) ;
#6792 = AXIS2_PLACEMENT_3D ( 'NONE', #8863, #3107, #9858 ) ;
#6793 = EDGE_CURVE ( 'NONE', #8926, #10476, #404, .T. ) ;
#6794 = ORIENTED_EDGE ( 'NONE', *, *, #9695, .F. ) ;
#6795 = VERTEX_POINT ( 'NONE', #9803 ) ;
#6796 = ORIENTED_EDGE ( 'NONE', *, *, #10820, .F. ) ;
#6797 = CARTESIAN_POINT ( 'NONE',  ( -14.64103821455292100, 26.00000000000000400, -21.00000000000000000 ) ) ;
#6798 = CARTESIAN_POINT ( 'NONE',  ( -15.50000000000000700, 0.0000000000000000000, 11.75000000000000700 ) ) ;
#6799 = VECTOR ( 'NONE', #9689, 1000.000000000000200 ) ;
#6800 = EDGE_LOOP ( 'NONE', ( #7804, #8423, #8434, #8300 ) ) ;
#6801 = CARTESIAN_POINT ( 'NONE',  ( -2.081668171172168500E-014, 26.00000000000000400, -1.734723475976807100E-014 ) ) ;
#6802 = VECTOR ( 'NONE', #8807, 1000.000000000000000 ) ;
#6803 = FACE_OUTER_BOUND ( 'NONE', #792, .T. ) ;
#6804 = ORIENTED_EDGE ( 'NONE', *, *, #7868, .T. ) ;
#6805 = DIRECTION ( 'NONE',  ( 0.0000000000000000000, 1.000000000000000000, -0.0000000000000000000 ) ) ;
#6806 = DIRECTION ( 'NONE',  ( 0.0000000000000000000, 0.0000000000000000000, 1.000000000000000000 ) ) ;
#6807 = EDGE_LOOP ( 'NONE', ( #769, #4675, #2638, #7554 ) ) ;
#6808 = VERTEX_POINT ( 'NONE', #1118 ) ;
#6809 = DIRECTION ( 'NONE',  ( -0.0000000000000000000, -1.000000000000000000, 0.0000000000000000000 ) ) ;
#6810 = EDGE_CURVE ( 'NONE', #7114, #8137, #2679, .T. ) ;
#6811 = EDGE_CURVE ( 'NONE', #11610, #5493, #7766, .T. ) ;
#6812 = AXIS2_PLACEMENT_3D ( 'NONE', #7398, #1658, #8371 ) ;
#6813 = EDGE_CURVE ( 'NONE', #4934, #8567, #2970, .T. ) ;
#6814 = CIRCLE ( 'NONE', #10015, 4.150000000000001200 ) ;
#6815 = ORIENTED_EDGE ( 'NONE', *, *, #11125, .F. ) ;
#6816 = AXIS2_PLACEMENT_3D ( 'NONE', #3011, #9767, #3977 ) ;
#6817 = VECTOR ( 'NONE', #2261, 1000.000000000000000 ) ;
#6818 = FACE_OUTER_BOUND ( 'NONE', #6062, .T. ) ;
#6819 = DIRECTION ( 'NONE',  ( 0.0000000000000000000, 0.0000000000000000000, -1.000000000000000000 ) ) ;
#6820 = DIRECTION ( 'NONE',  ( -0.0000000000000000000, -1.000000000000000000, -0.0000000000000000000 ) ) ;
#6821 = ORIENTED_EDGE ( 'NONE', *, *, #7030, .T. ) ;
#6822 = DIRECTION ( 'NONE',  ( 0.5469441386039879400, 0.0000000000000000000, -0.8371691043312227100 ) ) ;
#6823 = EDGE_LOOP ( 'NONE', ( #2337, #5077, #10194, #4220 ) ) ;
#6824 = DIRECTION ( 'NONE',  ( 0.0000000000000000000, -1.000000000000000000, 0.0000000000000000000 ) ) ;
#6825 = CARTESIAN_POINT ( 'NONE',  ( -15.28558374216748700, 2.610000000000006100, 16.08204932900881800 ) ) ;
#6826 = CIRCLE ( 'NONE', #10491, 2.799999999999999800 ) ;
#6827 = ORIENTED_EDGE ( 'NONE', *, *, #8564, .F. ) ;
#6828 = CARTESIAN_POINT ( 'NONE',  ( 14.36983122349147200, 0.6000000000000276200, 16.55338432521336900 ) ) ;
#6829 = VECTOR ( 'NONE', #1968, 1000.000000000000000 ) ;
#6830 = AXIS2_PLACEMENT_3D ( 'NONE', #3568, #8347, #10318 ) ;
#6831 = DIRECTION ( 'NONE',  ( -0.8371691043312221600, 0.0000000000000000000, -0.5469441386039886100 ) ) ;
#6832 = AXIS2_PLACEMENT_3D ( 'NONE', #3924, #4852, #2998 ) ;
#6833 = EDGE_LOOP ( 'NONE', ( #12273, #10190, #5746, #5624 ) ) ;
#6834 = CARTESIAN_POINT ( 'NONE',  ( 2.440806305255389700, 39.00000000000000000, -0.5407999447351443700 ) ) ;
#6835 = VECTOR ( 'NONE', #2752, 1000.000000000000000 ) ;
#6836 = CARTESIAN_POINT ( 'NONE',  ( -15.41723649745962600, 2.610000000000031400, -14.95019439558399200 ) ) ;
#6837 = DIRECTION ( 'NONE',  ( 0.0000000000000000000, 0.0000000000000000000, -1.000000000000000000 ) ) ;
#6838 = EDGE_CURVE ( 'NONE', #5324, #9578, #10074, .T. ) ;
#6839 = DIRECTION ( 'NONE',  ( 1.000000000000000000, 1.084202172485504400E-016, 0.0000000000000000000 ) ) ;
#6840 = LINE ( 'NONE', #5519, #8814 ) ;
#6841 = ORIENTED_EDGE ( 'NONE', *, *, #11024, .T. ) ;
#6842 = LINE ( 'NONE', #50, #1755 ) ;
#6843 = DIRECTION ( 'NONE',  ( 0.0000000000000000000, 0.0000000000000000000, -1.000000000000000000 ) ) ;
#6844 = CARTESIAN_POINT ( 'NONE',  ( 15.35493305815094100, 2.610000000000029200, -16.03674163466472500 ) ) ;
#6845 = DIRECTION ( 'NONE',  ( -0.0000000000000000000, -1.000000000000000000, -0.0000000000000000000 ) ) ;
#6846 = DIRECTION ( 'NONE',  ( 0.0000000000000000000, 0.0000000000000000000, 1.000000000000000000 ) ) ;
#6847 = VECTOR ( 'NONE', #173, 1000.000000000000000 ) ;
#6848 = AXIS2_PLACEMENT_3D ( 'NONE', #12466, #1857, #8554 ) ;
#6849 = ADVANCED_FACE ( 'NONE', ( #2377 ), #9472, .T. ) ;
#6850 = DIRECTION ( 'NONE',  ( -0.0000000000000000000, -1.000000000000000000, 0.0000000000000000000 ) ) ;
#6851 = CIRCLE ( 'NONE', #7768, 8.000000000000005300 ) ;
#6852 = DIRECTION ( 'NONE',  ( 0.0000000000000000000, -1.000000000000000000, 0.0000000000000000000 ) ) ;
#6853 = MANIFOLD_SOLID_BREP ( 'countersunk flat head cross recess screw_din-4-solid1', #9083 ) ;
#6854 = DIRECTION ( 'NONE',  ( 0.5469441386039881600, 0.0000000000000000000, -0.8371691043312224900 ) ) ;
#6855 = VECTOR ( 'NONE', #2162, 1000.000000000000100 ) ;
#6856 = CARTESIAN_POINT ( 'NONE',  ( 0.0000000000000000000, 12.00000000000000000, -20.99999999999999600 ) ) ;
#6857 = EDGE_CURVE ( 'NONE', #8458, #3479, #12063, .T. ) ;
#6858 = AXIS2_PLACEMENT_3D ( 'NONE', #6001, #228, #6956 ) ;
#6859 = ADVANCED_FACE ( 'NONE', ( #7471 ), #7906, .T. ) ;
#6860 = DIRECTION ( 'NONE',  ( 0.0000000000000000000, 0.0000000000000000000, 1.000000000000000000 ) ) ;
#6861 = ORIENTED_EDGE ( 'NONE', *, *, #12169, .T. ) ;
#6862 = DIRECTION ( 'NONE',  ( -0.0000000000000000000, -1.000000000000000000, 0.0000000000000000000 ) ) ;
#6863 = VERTEX_POINT ( 'NONE', #3140 ) ;
#6864 = CARTESIAN_POINT ( 'NONE',  ( -15.11745329934892000, 2.474345677606079300, 15.07445371934437300 ) ) ;
#6865 = ORIENTED_EDGE ( 'NONE', *, *, #9809, .T. ) ;
#6866 = LINE ( 'NONE', #6179, #9469 ) ;
#6867 = DIRECTION ( 'NONE',  ( 0.0000000000000000000, 1.000000000000000000, 0.0000000000000000000 ) ) ;
#6868 = CIRCLE ( 'NONE', #7240, 2.799999999999999800 ) ;
#6869 = CARTESIAN_POINT ( 'NONE',  ( -17.14999999999999900, 26.00000000000000400, -13.13154598666895000 ) ) ;
#6870 = CARTESIAN_POINT ( 'NONE',  ( -15.50000000000000700, 2.790655351105498100, 15.50000000000000500 ) ) ;
#6871 = AXIS2_PLACEMENT_3D ( 'NONE', #2818, #12517, #8561 ) ;
#6872 = ORIENTED_EDGE ( 'NONE', *, *, #10838, .F. ) ;
#6873 = EDGE_CURVE ( 'NONE', #4274, #4835, #2086, .T. ) ;
#6874 = DIRECTION ( 'NONE',  ( 1.000000000000000000, 0.0000000000000000000, 1.224646799147353200E-016 ) ) ;
#6875 = ADVANCED_FACE ( 'NONE', ( #1781 ), #9161, .T. ) ;
#6876 = EDGE_CURVE ( 'NONE', #9402, #9248, #11753, .T. ) ;
#6877 = CARTESIAN_POINT ( 'NONE',  ( -16.95812298778031400, 0.6000000000000319500, -16.01066363930342700 ) ) ;
#6878 = CARTESIAN_POINT ( 'NONE',  ( -15.19071081559299300, 2.474345677606101500, -15.97340730289245600 ) ) ;
#6879 = DIRECTION ( 'NONE',  ( 0.0000000000000000000, 1.000000000000000000, -0.0000000000000000000 ) ) ;
#6880 = DIRECTION ( 'NONE',  ( -0.8371691043312221600, 0.0000000000000000000, -0.5469441386039887200 ) ) ;
#6881 = LINE ( 'NONE', #12177, #1789 ) ;
#6882 = VERTEX_POINT ( 'NONE', #4141 ) ;
#6883 = ORIENTED_EDGE ( 'NONE', *, *, #9542, .T. ) ;
#6884 = ORIENTED_EDGE ( 'NONE', *, *, #7030, .F. ) ;
#6885 = CARTESIAN_POINT ( 'NONE',  ( -16.95812298778031400, 0.6000000000000063100, 14.98933636069657300 ) ) ;
#6886 = CARTESIAN_POINT ( 'NONE',  ( 15.20830766548011100, 0.6000000000000276200, 14.86746421971175100 ) ) ;
#6887 = VERTEX_POINT ( 'NONE', #10902 ) ;
#6888 = AXIS2_PLACEMENT_3D ( 'NONE', #9629, #980, #7604 ) ;
#6889 = EDGE_CURVE ( 'NONE', #1967, #6209, #6868, .T. ) ;
#6890 = AXIS2_PLACEMENT_3D ( 'NONE', #8805, #3970, #11451 ) ;
#6891 = FACE_OUTER_BOUND ( 'NONE', #8234, .T. ) ;
#6892 = FACE_BOUND ( 'NONE', #1979, .T. ) ;
#6893 = DIRECTION ( 'NONE',  ( 4.956352788505163300E-016, 1.000000000000000000, -0.0000000000000000000 ) ) ;
#6894 = DIRECTION ( 'NONE',  ( 2.257862093665814800E-016, 1.000000000000000000, 1.475119460951876700E-016 ) ) ;
#6895 = VERTEX_POINT ( 'NONE', #304 ) ;
#6896 = CARTESIAN_POINT ( 'NONE',  ( 3.469446951953614200E-014, 33.30000000000000400, 3.122502256758252800E-014 ) ) ;
#6897 = DIRECTION ( 'NONE',  ( 0.0000000000000000000, 0.0000000000000000000, -1.000000000000000000 ) ) ;
#6898 = CARTESIAN_POINT ( 'NONE',  ( 3.469446951953614200E-014, 33.30000000000000400, 3.122502256758252800E-014 ) ) ;
#6899 = ORIENTED_EDGE ( 'NONE', *, *, #7321, .T. ) ;
#6900 = DIRECTION ( 'NONE',  ( 0.7071067811865474600, 0.0000000000000000000, 0.7071067811865474600 ) ) ;
#6901 = FACE_BOUND ( 'NONE', #3326, .T. ) ;
#6903 = DIRECTION ( 'NONE',  ( 0.0000000000000000000, 0.0000000000000000000, 1.000000000000000000 ) ) ;
#6902 = CIRCLE ( 'NONE', #4260, 2.000000000000001800 ) ;
#6904 = AXIS2_PLACEMENT_3D ( 'NONE', #11319, #5538, #12315 ) ;
#6905 = ORIENTED_EDGE ( 'NONE', *, *, #940, .F. ) ;
#6906 = AXIS2_PLACEMENT_3D ( 'NONE', #7788, #2067, #8782 ) ;
#6907 = ORIENTED_EDGE ( 'NONE', *, *, #2330, .F. ) ;
#6908 = ADVANCED_FACE ( 'NONE', ( #6577 ), #11437, .T. ) ;
#6909 = EDGE_CURVE ( 'NONE', #1812, #4679, #1479, .T. ) ;
#6910 = PLANE ( 'NONE',  #6792 ) ;
#6911 = CARTESIAN_POINT ( 'NONE',  ( -2.081668171172168500E-014, 26.00000000000000400, -1.734723475976807100E-014 ) ) ;
#6912 = LINE ( 'NONE', #10648, #4378 ) ;
#6913 = VECTOR ( 'NONE', #115, 1000.000000000000000 ) ;
#6914 = ORIENTED_EDGE ( 'NONE', *, *, #3599, .F. ) ;
#6915 = DIRECTION ( 'NONE',  ( 0.0000000000000000000, 0.0000000000000000000, -1.000000000000000000 ) ) ;
#6916 = DIRECTION ( 'NONE',  ( -0.0000000000000000000, -1.000000000000000000, -0.0000000000000000000 ) ) ;
#6917 = CARTESIAN_POINT ( 'NONE',  ( 15.79169233451988700, 0.6000000000000297300, -14.86746421971174200 ) ) ;
#6918 = EDGE_LOOP ( 'NONE', ( #10263, #5028 ) ) ;
#6919 = ADVANCED_FACE ( 'NONE', ( #4332 ), #3715, .F. ) ;
#6920 = CARTESIAN_POINT ( 'NONE',  ( -15.94452336260681800, 2.424605185108649400, -15.89884208304665400 ) ) ;
#6921 = AXIS2_PLACEMENT_3D ( 'NONE', #9565, #3773, #10531 ) ;
#6922 = EDGE_LOOP ( 'NONE', ( #9593, #7060, #7378, #758 ) ) ;
#6923 = DIRECTION ( 'NONE',  ( 1.000000000000000000, 0.0000000000000000000, -0.0000000000000000000 ) ) ;
#6924 = LINE ( 'NONE', #11738, #9521 ) ;
#6925 = VECTOR ( 'NONE', #11809, 1000.000000000000100 ) ;
#6926 = CARTESIAN_POINT ( 'NONE',  ( 16.37157287525380800, 0.0000000000000000000, -20.49999999999999600 ) ) ;
#6927 = DIRECTION ( 'NONE',  ( 0.0000000000000000000, 1.000000000000000000, -0.0000000000000000000 ) ) ;
#6928 = ORIENTED_EDGE ( 'NONE', *, *, #2148, .F. ) ;
#6929 = EDGE_CURVE ( 'NONE', #5403, #11535, #6278, .T. ) ;
#6930 = AXIS2_PLACEMENT_3D ( 'NONE', #5085, #11869, #6042 ) ;
#6931 = VERTEX_POINT ( 'NONE', #4231 ) ;
#6932 = CARTESIAN_POINT ( 'NONE',  ( 2.440806305255389700, 53.50000000000000000, -0.5407999447351443700 ) ) ;
#6933 = ORIENTED_EDGE ( 'NONE', *, *, #7582, .T. ) ;
#6934 = ADVANCED_FACE ( 'NONE', ( #1167 ), #11976, .F. ) ;
#6935 = DIRECTION ( 'NONE',  ( 0.0000000000000000000, 0.0000000000000000000, 1.000000000000000000 ) ) ;
#6936 = ORIENTED_EDGE ( 'NONE', *, *, #3413, .T. ) ;
#6937 = FACE_OUTER_BOUND ( 'NONE', #10134, .T. ) ;
#6938 = VERTEX_POINT ( 'NONE', #3264 ) ;
#6939 = CARTESIAN_POINT ( 'NONE',  ( 6.938893903907228400E-015, 34.59999999999999400, 3.469446951953614200E-015 ) ) ;
#6940 = DIRECTION ( 'NONE',  ( 0.0000000000000000000, 1.000000000000000000, 0.0000000000000000000 ) ) ;
#6941 = CARTESIAN_POINT ( 'NONE',  ( -15.50000000000000700, 8.500000000000000000, 14.25000000000000400 ) ) ;
#6943 = ORIENTED_EDGE ( 'NONE', *, *, #84, .F. ) ;
#6942 = VERTEX_POINT ( 'NONE', #8077 ) ;
#6944 = ORIENTED_EDGE ( 'NONE', *, *, #2294, .F. ) ;
#6945 = CARTESIAN_POINT ( 'NONE',  ( -20.49999999999998200, 33.50000000000000000, 3.469446951953614200E-015 ) ) ;
#6946 = AXIS2_PLACEMENT_3D ( 'NONE', #11584, #1925, #5786 ) ;
#6947 = EDGE_CURVE ( 'NONE', #12574, #7423, #4022, .T. ) ;
#6948 = EDGE_LOOP ( 'NONE', ( #3345, #5693 ) ) ;
#6949 = EDGE_CURVE ( 'NONE', #7184, #3040, #8843, .T. ) ;
#6950 = CIRCLE ( 'NONE', #5964, 3.649999999999999900 ) ;
#6951 = LINE ( 'NONE', #2688, #9254 ) ;
#6952 = DIRECTION ( 'NONE',  ( -0.0000000000000000000, 0.0000000000000000000, 1.000000000000000000 ) ) ;
#6953 = VERTEX_POINT ( 'NONE', #7113 ) ;
#6954 = EDGE_LOOP ( 'NONE', ( #2326, #1869 ) ) ;
#6955 = VERTEX_POINT ( 'NONE', #12022 ) ;
#6956 = DIRECTION ( 'NONE',  ( 0.0000000000000000000, 0.0000000000000000000, 1.000000000000000000 ) ) ;
#6957 = DIRECTION ( 'NONE',  ( -0.5469441386039857200, 0.0000000000000000000, 0.8371691043312240500 ) ) ;
#6958 = VECTOR ( 'NONE', #5477, 1000.000000000000000 ) ;
#6959 = ORIENTED_EDGE ( 'NONE', *, *, #8165, .F. ) ;
#6960 = CIRCLE ( 'NONE', #4519, 0.4999999999999982200 ) ;
#6961 = CARTESIAN_POINT ( 'NONE',  ( -16.05218077598818700, 2.610000000000031400, -15.56505682615290800 ) ) ;
#6962 = CIRCLE ( 'NONE', #4316, 0.5559999999999997200 ) ;
#6963 =( BOUNDED_CURVE ( )  B_SPLINE_CURVE ( 3, ( #8195, #3417, #11149, #5355 ),
 .UNSPECIFIED., .F., .T. ) 
 B_SPLINE_CURVE_WITH_KNOTS ( ( 4, 4 ),
 ( 5.754796812637096100, 6.283185307179579100 ),
 .UNSPECIFIED. ) 
 CURVE ( )  GEOMETRIC_REPRESENTATION_ITEM ( )  RATIONAL_B_SPLINE_CURVE ( ( 1.000000000000000000, 0.9768688144526056500, 0.9768688144526056500, 1.000000000000000000 ) ) 
 REPRESENTATION_ITEM ( '' )  );
#6964 = VERTEX_POINT ( 'NONE', #4273 ) ;
#6965 = CARTESIAN_POINT ( 'NONE',  ( 14.88084507960052100, 2.610000000000029200, -15.46254419180370700 ) ) ;
#6966 = DIRECTION ( 'NONE',  ( -0.5469441386039886100, 0.0000000000000000000, 0.8371691043312222700 ) ) ;
#6967 = VECTOR ( 'NONE', #1866, 1000.000000000000000 ) ;
#6968 = ORIENTED_EDGE ( 'NONE', *, *, #9093, .F. ) ;
#6969 = ADVANCED_FACE ( 'NONE', ( #853, #5976 ), #9065, .T. ) ;
#6970 = CONICAL_SURFACE ( 'NONE', #6076, 2.500000000000000900, 0.7853981633974530500 ) ;
#6971 = DIRECTION ( 'NONE',  ( -0.0000000000000000000, -1.000000000000000000, 0.0000000000000000000 ) ) ;
#6972 = ORIENTED_EDGE ( 'NONE', *, *, #11281, .T. ) ;
#6973 = ORIENTED_EDGE ( 'NONE', *, *, #2312, .F. ) ;
#6974 = EDGE_CURVE ( 'NONE', #6289, #6194, #8519, .T. ) ;
#6975 = AXIS2_PLACEMENT_3D ( 'NONE', #658, #3571, #10323 ) ;
#6976 = ORIENTED_EDGE ( 'NONE', *, *, #1194, .T. ) ;
#6977 = AXIS2_PLACEMENT_3D ( 'NONE', #11444, #12436, #6606 ) ;
#6978 = DIRECTION ( 'NONE',  ( 0.5469441386039887200, 0.0000000000000000000, -0.8371691043312221600 ) ) ;
#6979 = ADVANCED_FACE ( 'NONE', ( #5682 ), #10092, .F. ) ;
#6980 = CARTESIAN_POINT ( 'NONE',  ( -14.67958379209402300, -5.749999999999984000, 14.24424634350317100 ) ) ;
#6981 = FACE_OUTER_BOUND ( 'NONE', #5532, .T. ) ;
#6982 = DIRECTION ( 'NONE',  ( 1.000000000000000000, -0.0000000000000000000, 0.0000000000000000000 ) ) ;
#6983 = ORIENTED_EDGE ( 'NONE', *, *, #7885, .T. ) ;
#6984 = EDGE_CURVE ( 'NONE', #6661, #3613, #550, .T. ) ;
#6985 = LINE ( 'NONE', #12163, #4456 ) ;
#6986 = ORIENTED_EDGE ( 'NONE', *, *, #11311, .T. ) ;
#6987 = VERTEX_POINT ( 'NONE', #11071 ) ;
#6988 = FACE_OUTER_BOUND ( 'NONE', #3939, .T. ) ;
#6989 = CARTESIAN_POINT ( 'NONE',  ( 0.0000000000000000000, 54.00000000000000000, 0.0000000000000000000 ) ) ;
#6990 = DIRECTION ( 'NONE',  ( 0.5469441386039892700, 0.0000000000000000000, -0.8371691043312217100 ) ) ;
#6991 = FACE_OUTER_BOUND ( 'NONE', #1383, .T. ) ;
#6992 = ORIENTED_EDGE ( 'NONE', *, *, #6347, .T. ) ;
#6993 = AXIS2_PLACEMENT_3D ( 'NONE', #11244, #5448, #12233 ) ;
#6994 = DIRECTION ( 'NONE',  ( 0.0000000000000000000, 0.0000000000000000000, 1.000000000000000000 ) ) ;
#6995 = ADVANCED_FACE ( 'NONE', ( #3126 ), #10225, .F. ) ;
#6996 = FACE_OUTER_BOUND ( 'NONE', #1989, .T. ) ;
#6997 = ORIENTED_EDGE ( 'NONE', *, *, #5914, .F. ) ;
#6998 = EDGE_CURVE ( 'NONE', #7700, #3824, #243, .T. ) ;
#6999 = DIRECTION ( 'NONE',  ( -0.8371691043312221600, 0.0000000000000000000, -0.5469441386039886100 ) ) ;
#7000 = CARTESIAN_POINT ( 'NONE',  ( -16.37157287525379300, 33.50000000000000000, 19.00000000000000700 ) ) ;
#7001 = DIRECTION ( 'NONE',  ( -0.0000000000000000000, 1.000000000000000000, 0.0000000000000000000 ) ) ;
#7002 = EDGE_CURVE ( 'NONE', #931, #4394, #10520, .T. ) ;
#7003 = ORIENTED_EDGE ( 'NONE', *, *, #7656, .F. ) ;
#7004 = DIRECTION ( 'NONE',  ( 0.0000000000000000000, 0.0000000000000000000, -1.000000000000000000 ) ) ;
#7005 = VECTOR ( 'NONE', #8479, 1000.000000000000100 ) ;
#7006 = CARTESIAN_POINT ( 'NONE',  ( 6.938893903907228400E-015, 34.60000000000000900, 3.469446951953614200E-015 ) ) ;
#7007 = DIRECTION ( 'NONE',  ( 0.0000000000000000000, 0.0000000000000000000, 1.000000000000000000 ) ) ;
#7008 = CARTESIAN_POINT ( 'NONE',  ( 15.25461929357413400, 1.270265698095185600, 14.89772079918199800 ) ) ;
#7009 = DIRECTION ( 'NONE',  ( 0.0000000000000000000, 0.0000000000000000000, 1.000000000000000000 ) ) ;
#7010 = LINE ( 'NONE', #1583, #4481 ) ;
#7011 = CARTESIAN_POINT ( 'NONE',  ( -15.50000000000000700, 2.610000000000006100, 15.50000000000000400 ) ) ;
#7012 = ORIENTED_EDGE ( 'NONE', *, *, #7783, .T. ) ;
#7013 = CARTESIAN_POINT ( 'NONE',  ( -15.46254419180371500, 2.610000000000006100, 16.11915492039947400 ) ) ;
#7014 = EDGE_CURVE ( 'NONE', #4850, #4664, #2813, .T. ) ;
#7015 = VECTOR ( 'NONE', #7726, 1000.000000000000000 ) ;
#7016 = AXIS2_PLACEMENT_3D ( 'NONE', #12544, #9594, #11504 ) ;
#7017 = CARTESIAN_POINT ( 'NONE',  ( 15.74538070642587500, 1.270265698095184700, 16.10227920081801000 ) ) ;
#7018 = FACE_OUTER_BOUND ( 'NONE', #4788, .T. ) ;
#7019 = DIRECTION ( 'NONE',  ( 0.0000000000000000000, 0.0000000000000000000, -1.000000000000000000 ) ) ;
#7020 = ORIENTED_EDGE ( 'NONE', *, *, #1984, .T. ) ;
#7021 = DIRECTION ( 'NONE',  ( -0.4894791198105034000, -0.4461977533474358900, 0.7492114228822434100 ) ) ;
#7022 = ORIENTED_EDGE ( 'NONE', *, *, #1947, .F. ) ;
#7023 = ORIENTED_EDGE ( 'NONE', *, *, #9338, .F. ) ;
#7024 = VERTEX_POINT ( 'NONE', #4393 ) ;
#7025 = ADVANCED_FACE ( 'NONE', ( #5384 ), #9918, .F. ) ;
#7026 = DIRECTION ( 'NONE',  ( -0.0000000000000000000, -1.000000000000000000, -0.0000000000000000000 ) ) ;
#7027 = CONICAL_SURFACE ( 'NONE', #2178, 3.750000000000000000, 0.7853981633974447300 ) ;
#7028 = PERSON_AND_ORGANIZATION ( #9551, #9632 ) ;
#7029 = ORIENTED_EDGE ( 'NONE', *, *, #1795, .F. ) ;
#7030 = EDGE_CURVE ( 'NONE', #11039, #6808, #12512, .T. ) ;
#7031 = DIRECTION ( 'NONE',  ( 0.0000000000000000000, 1.000000000000000000, -0.0000000000000000000 ) ) ;
#7032 = ORIENTED_EDGE ( 'NONE', *, *, #598, .F. ) ;
#7033 = EDGE_LOOP ( 'NONE', ( #1584, #469 ) ) ;
#7034 = EDGE_CURVE ( 'NONE', #8410, #10153, #5081, .T. ) ;
#7035 = CARTESIAN_POINT ( 'NONE',  ( 16.37157287525380800, 34.00000000000000000, 21.00000000000000700 ) ) ;
#7036 = DIRECTION ( 'NONE',  ( 0.0000000000000000000, 0.0000000000000000000, -1.000000000000000000 ) ) ;
#7037 = CARTESIAN_POINT ( 'NONE',  ( 15.49999999999999300, 26.00000000000000400, -16.75000000000000700 ) ) ;
#7038 = DIRECTION ( 'NONE',  ( 0.5469441386039883800, 0.0000000000000000000, -0.8371691043312222700 ) ) ;
#7039 = DIRECTION ( 'NONE',  ( -0.0000000000000000000, -1.000000000000000000, -0.0000000000000000000 ) ) ;
#7040 = ORIENTED_EDGE ( 'NONE', *, *, #1487, .T. ) ;
#7041 = LINE ( 'NONE', #7866, #9353 ) ;
#7042 = FACE_OUTER_BOUND ( 'NONE', #2545, .T. ) ;
#7043 = ORIENTED_EDGE ( 'NONE', *, *, #9956, .F. ) ;
#7044 = DIRECTION ( 'NONE',  ( -1.000000000000000000, 0.0000000000000000000, -1.224646799147353200E-016 ) ) ;
#7045 = DIRECTION ( 'NONE',  ( -0.0000000000000000000, -1.000000000000000000, 0.0000000000000000000 ) ) ;
#7046 = DIRECTION ( 'NONE',  ( 0.0000000000000000000, 1.000000000000000000, 0.0000000000000000000 ) ) ;
#7047 = DIRECTION ( 'NONE',  ( 0.0000000000000000000, 0.0000000000000000000, -1.000000000000000000 ) ) ;
#7048 = EDGE_LOOP ( 'NONE', ( #4754, #267 ) ) ;
#7049 = AXIS2_PLACEMENT_3D ( 'NONE', #10937, #2289, #9018 ) ;
#7050 = EDGE_CURVE ( 'NONE', #8604, #4374, #8225, .T. ) ;
#7051 = ORIENTED_EDGE ( 'NONE', *, *, #3083, .F. ) ;
#7052 = AXIS2_PLACEMENT_3D ( 'NONE', #10369, #4587, #11339 ) ;
#7053 = DIRECTION ( 'NONE',  ( 0.5469441386039881600, 0.0000000000000000000, -0.8371691043312224900 ) ) ;
#7054 = ORIENTED_EDGE ( 'NONE', *, *, #2785, .F. ) ;
#7055 = ADVANCED_FACE ( 'NONE', ( #2523 ), #6362, .T. ) ;
#7056 = VECTOR ( 'NONE', #5280, 999.9999999999998900 ) ;
#7057 = FACE_OUTER_BOUND ( 'NONE', #7654, .T. ) ;
#7058 = DIRECTION ( 'NONE',  ( -0.0000000000000000000, -1.000000000000000000, 0.0000000000000000000 ) ) ;
#7059 = EDGE_LOOP ( 'NONE', ( #1308, #3365, #4846, #5476 ) ) ;
#7060 = ORIENTED_EDGE ( 'NONE', *, *, #2100, .T. ) ;
#7061 = DIRECTION ( 'NONE',  ( 0.0000000000000000000, 0.0000000000000000000, 1.000000000000000000 ) ) ;
#7062 = VERTEX_POINT ( 'NONE', #4443 ) ;
#7063 = CARTESIAN_POINT ( 'NONE',  ( -15.50000000000000700, 2.610000000000006100, 15.50000000000000400 ) ) ;
#7064 = CARTESIAN_POINT ( 'NONE',  ( 3.469446951953614200E-014, 33.50000000000000000, 3.122502256758252800E-014 ) ) ;
#7065 = VERTEX_POINT ( 'NONE', #2541 ) ;
#7066 = CARTESIAN_POINT ( 'NONE',  ( 3.469446951953614200E-015, 12.00000000000000000, 6.938893903907228400E-015 ) ) ;
#7067 = AXIS2_PLACEMENT_3D ( 'NONE', #5222, #3321, #10078 ) ;
#7068 = CIRCLE ( 'NONE', #9242, 1.550000000000037600 ) ;
#7069 = FACE_OUTER_BOUND ( 'NONE', #12501, .T. ) ;
#7070 = DIRECTION ( 'NONE',  ( -0.8371691043312240500, 0.0000000000000000000, -0.5469441386039857200 ) ) ;
#7071 = EDGE_LOOP ( 'NONE', ( #5501, #10840, #1651 ) ) ;
#7072 = AXIS2_PLACEMENT_3D ( 'NONE', #10359, #3600, #12283 ) ;
#7073 = DIRECTION ( 'NONE',  ( -0.0000000000000000000, -1.000000000000000000, 0.0000000000000000000 ) ) ;
#7074 = EDGE_CURVE ( 'NONE', #6953, #4664, #4772, .T. ) ;
#7075 = ORIENTED_EDGE ( 'NONE', *, *, #293, .F. ) ;
#7076 = ORIENTED_EDGE ( 'NONE', *, *, #2498, .F. ) ;
#7077 = ORIENTED_EDGE ( 'NONE', *, *, #11480, .T. ) ;
#7078 = DIRECTION ( 'NONE',  ( -1.475119460951884600E-016, 1.000000000000000000, 2.257862093665809900E-016 ) ) ;
#7079 = ORIENTED_EDGE ( 'NONE', *, *, #8122, .F. ) ;
#7080 = DIRECTION ( 'NONE',  ( 0.0000000000000000000, 0.0000000000000000000, 1.000000000000000000 ) ) ;
#7081 = CIRCLE ( 'NONE', #1318, 0.5559999999999988300 ) ;
#7083 = DIRECTION ( 'NONE',  ( 0.0000000000000000000, 1.000000000000000000, 0.0000000000000000000 ) ) ;
#7082 = CONICAL_SURFACE ( 'NONE', #2473, 0.5560000000000002700, 0.06981317007976596500 ) ;
#7084 = CARTESIAN_POINT ( 'NONE',  ( -16.08204932900882200, 2.610000000000006100, 15.71441625783252500 ) ) ;
#7085 = CARTESIAN_POINT ( 'NONE',  ( 14.88084507960052100, 2.610000000000029200, -15.46254419180370700 ) ) ;
#7086 = DIRECTION ( 'NONE',  ( 0.8371691043312240500, 0.0000000000000000000, 0.5469441386039857200 ) ) ;
#7087 = ORIENTED_EDGE ( 'NONE', *, *, #10220, .F. ) ;
#7088 = DIRECTION ( 'NONE',  ( 0.0000000000000000000, 1.000000000000000000, 0.0000000000000000000 ) ) ;
#7089 = AXIS2_PLACEMENT_3D ( 'NONE', #7342, #1613, #8322 ) ;
#7090 = ORIENTED_EDGE ( 'NONE', *, *, #1145, .T. ) ;
#7091 = ORIENTED_EDGE ( 'NONE', *, *, #7050, .T. ) ;
#7092 = DIRECTION ( 'NONE',  ( 0.0000000000000000000, 0.0000000000000000000, -1.000000000000000000 ) ) ;
#7093 = CARTESIAN_POINT ( 'NONE',  ( 3.469446951953614200E-015, 7.500000000000001800, 6.938893903907228400E-015 ) ) ;
#7094 = CARTESIAN_POINT ( 'NONE',  ( 3.610281333855560200E-014, 33.30000000000000400, -11.49999999999997300 ) ) ;
#7095 = CARTESIAN_POINT ( 'NONE',  ( 5.959176464589344800E-015, 11.46250000000000000, 8.000000000000008900 ) ) ;
#7096 = ORIENTED_EDGE ( 'NONE', *, *, #646, .T. ) ;
#7097 = EDGE_CURVE ( 'NONE', #8902, #182, #7010, .T. ) ;
#7098 = CARTESIAN_POINT ( 'NONE',  ( 20.06066017177982300, 0.0000000000000000000, -17.43223304703363000 ) ) ;
#7099 = FACE_OUTER_BOUND ( 'NONE', #11171, .T. ) ;
#7100 = FACE_OUTER_BOUND ( 'NONE', #10391, .T. ) ;
#7101 = AXIS2_PLACEMENT_3D ( 'NONE', #6346, #4466, #11225 ) ;
#7102 = ADVANCED_FACE ( 'NONE', ( #11895 ), #1625, .F. ) ;
#7103 = ORIENTED_EDGE ( 'NONE', *, *, #11999, .T. ) ;
#7104 = DIRECTION ( 'NONE',  ( 0.0000000000000000000, 0.0000000000000000000, 1.000000000000000000 ) ) ;
#7105 = EDGE_LOOP ( 'NONE', ( #12282, #9082, #4381, #10308 ) ) ;
#7106 = ORIENTED_EDGE ( 'NONE', *, *, #10413, .F. ) ;
#7107 = DIRECTION ( 'NONE',  ( 0.0000000000000000000, 0.0000000000000000000, 1.000000000000000000 ) ) ;
#7108 = FACE_OUTER_BOUND ( 'NONE', #7634, .T. ) ;
#7109 = VERTEX_POINT ( 'NONE', #9340 ) ;
#7110 = LINE ( 'NONE', #9795, #6802 ) ;
#7111 = LINE ( 'NONE', #5970, #2024 ) ;
#7112 = DIRECTION ( 'NONE',  ( 4.956352788505163300E-016, 1.000000000000000000, 0.0000000000000000000 ) ) ;
#7113 = CARTESIAN_POINT ( 'NONE',  ( -17.00409638116097400, 1.000000000000010900, 17.80221503691086600 ) ) ;
#7114 = VERTEX_POINT ( 'NONE', #3559 ) ;
#7115 = CARTESIAN_POINT ( 'NONE',  ( 14.80356900291315000, 0.6000000000000297300, -15.51303064308314800 ) ) ;
#7116 = AXIS2_PLACEMENT_3D ( 'NONE', #2372, #5228, #3331 ) ;
#7117 = EDGE_CURVE ( 'NONE', #4699, #3531, #4174, .T. ) ;
#7118 = ORIENTED_EDGE ( 'NONE', *, *, #3197, .T. ) ;
#7119 = CARTESIAN_POINT ( 'NONE',  ( 16.55338432521336100, 0.6000000000000276200, 16.63016877650854000 ) ) ;
#7120 = CARTESIAN_POINT ( 'NONE',  ( 3.977675373599766000E-015, 25.63749999999999900, 4.150000000000007500 ) ) ;
#7121 = EDGE_CURVE ( 'NONE', #10096, #2111, #9611, .T. ) ;
#7122 = VECTOR ( 'NONE', #7138, 1000.000000000000100 ) ;
#7123 = DIRECTION ( 'NONE',  ( 0.0000000000000000000, 1.000000000000000000, -0.0000000000000000000 ) ) ;
#7124 = ORIENTED_EDGE ( 'NONE', *, *, #1669, .F. ) ;
#7125 = LINE ( 'NONE', #3229, #11697 ) ;
#7126 = VECTOR ( 'NONE', #9110, 1000.000000000000200 ) ;
#7127 = B_SPLINE_CURVE_WITH_KNOTS ( 'NONE', 3,
 ( #2991, #5893, #106, #6844 ),
 .UNSPECIFIED., .F., .F.,
 ( 4, 4 ),
 ( 0.001013853424362996200, 0.003031486302369885100 ),
 .UNSPECIFIED. ) ;
#7128 = ORIENTED_EDGE ( 'NONE', *, *, #1370, .F. ) ;
#7129 = ADVANCED_FACE ( 'NONE', ( #6708 ), #6422, .F. ) ;
#7130 = CARTESIAN_POINT ( 'NONE',  ( 15.51303064308314100, 0.6000000000000297300, -16.19643099708684300 ) ) ;
#7131 = CARTESIAN_POINT ( 'NONE',  ( -15.50000000000000700, 34.00000000000000000, -15.49999999999999600 ) ) ;
#7132 = DIRECTION ( 'NONE',  ( -0.7071067811865475700, 0.0000000000000000000, 0.7071067811865475700 ) ) ;
#7133 = CARTESIAN_POINT ( 'NONE',  ( -16.37157287525379300, 33.50000000000000000, -19.00000000000000000 ) ) ;
#7134 = CARTESIAN_POINT ( 'NONE',  ( 13.13154598666890900, 8.500000000000000000, 17.14999999999999900 ) ) ;
#7135 = CIRCLE ( 'NONE', #7223, 1.249999999999997600 ) ;
#7136 = EDGE_LOOP ( 'NONE', ( #236, #2238, #1468, #7091, #11774, #4039, #5328, #5739, #2104, #8559, #6804, #11590, #9879, #11446, #6437, #10809 ) ) ;
#7137 = FACE_OUTER_BOUND ( 'NONE', #1163, .T. ) ;
#7138 = DIRECTION ( 'NONE',  ( -0.2440452458516469400, 0.8949343913984423300, 0.3735429735244777900 ) ) ;
#7139 = PLANE ( 'NONE',  #7067 ) ;
#7140 = CARTESIAN_POINT ( 'NONE',  ( 0.0000000000000000000, 54.00000000000000000, 0.0000000000000000000 ) ) ;
#7141 = CARTESIAN_POINT ( 'NONE',  ( -14.98933636069658200, 0.6000000000000063100, 14.04187701221969100 ) ) ;
#7142 = CARTESIAN_POINT ( 'NONE',  ( -20.41421356237307400, 23.40000000000000600, 17.78578643762691100 ) ) ;
#7143 = FACE_OUTER_BOUND ( 'NONE', #324, .T. ) ;
#7144 = DIRECTION ( 'NONE',  ( 1.000000000000000000, 0.0000000000000000000, -0.0000000000000000000 ) ) ;
#7145 = CYLINDRICAL_SURFACE ( 'NONE', #3852, 2.000000000000000000 ) ;
#7146 = CARTESIAN_POINT ( 'NONE',  ( 6.938893903907228400E-015, 34.29999999999999700, 3.469446951953614200E-015 ) ) ;
#7147 = ORIENTED_EDGE ( 'NONE', *, *, #4010, .F. ) ;
#7148 = CARTESIAN_POINT ( 'NONE',  ( 16.37157287525380800, 0.5000000000000004400, -20.49999999999999600 ) ) ;
#7149 = LINE ( 'NONE', #3989, #4612 ) ;
#7150 = AXIS2_PLACEMENT_3D ( 'NONE', #10248, #4464, #11223 ) ;
#7151 = EDGE_LOOP ( 'NONE', ( #4783, #5104, #9231, #2269 ) ) ;
#7152 = DIRECTION ( 'NONE',  ( 0.0000000000000000000, 0.0000000000000000000, 1.000000000000000000 ) ) ;
#7153 = CIRCLE ( 'NONE', #9827, 0.5559999999999988300 ) ;
#7154 = EDGE_CURVE ( 'NONE', #10736, #5485, #8989, .T. ) ;
#7155 = DIRECTION ( 'NONE',  ( 0.0000000000000000000, 1.000000000000000000, 0.0000000000000000000 ) ) ;
#7156 = VECTOR ( 'NONE', #7185, 1000.000000000000200 ) ;
#7157 = DIRECTION ( 'NONE',  ( -0.3867479093371159500, -0.7071067811865462400, 0.5919679506724766500 ) ) ;
#7158 = CLOSED_SHELL ( 'NONE', ( #9471, #2264, #1185, #3959, #6722, #2217, #5928, #8701, #2833, #9920, #8823, #2904, #4363, #12403, #6191, #4621, #10814, #11835, #3520, #2096, #7935, #10805, #5441, #10232, #4860, #9815, #2025, #6308, #3395, #11522, #852, #4784, #4308, #3275, #7489, #12344, #8894, #10961 ) ) ;
#7159 = CARTESIAN_POINT ( 'NONE',  ( 16.37157287525380800, 33.50000000000000000, 19.00000000000000700 ) ) ;
#7160 = ADVANCED_FACE ( 'NONE', ( #11583 ), #9321, .T. ) ;
#7161 = ORIENTED_EDGE ( 'NONE', *, *, #9409, .T. ) ;
#7162 = EDGE_CURVE ( 'NONE', #6964, #4310, #3867, .T. ) ;
#7163 = AXIS2_PLACEMENT_3D ( 'NONE', #2284, #4216, #8019 ) ;
#7164 = DIRECTION ( 'NONE',  ( 0.5469441386039871600, 0.0000000000000000000, -0.8371691043312232700 ) ) ;
#7165 = DIRECTION ( 'NONE',  ( -0.5469441386039886100, 0.0000000000000000000, 0.8371691043312222700 ) ) ;
#7166 = VECTOR ( 'NONE', #2404, 1000.000000000000000 ) ;
#7167 = DIRECTION ( 'NONE',  ( 0.0000000000000000000, -1.000000000000000000, 0.0000000000000000000 ) ) ;
#7168 = CARTESIAN_POINT ( 'NONE',  ( 20.06066017177982600, 0.5000000000000000000, 17.43223304703362700 ) ) ;
#7169 = EDGE_CURVE ( 'NONE', #7213, #12416, #1317, .T. ) ;
#7170 = VECTOR ( 'NONE', #6982, 1000.000000000000000 ) ;
#7171 = AXIS2_PLACEMENT_3D ( 'NONE', #12514, #6672, #917 ) ;
#7172 = EDGE_LOOP ( 'NONE', ( #8215, #5507, #6283, #8531 ) ) ;
#7173 = CARTESIAN_POINT ( 'NONE',  ( 14.95019439558398800, 2.610000000000029200, -15.41723649745961700 ) ) ;
#7174 = CARTESIAN_POINT ( 'NONE',  ( 15.49999999999999300, 8.500000000000000000, -15.49999999999999600 ) ) ;
#7175 = DIRECTION ( 'NONE',  ( -1.000000000000000000, 0.0000000000000000000, -0.0000000000000000000 ) ) ;
#7176 = DIRECTION ( 'NONE',  ( 0.0000000000000000000, 1.000000000000000000, -0.0000000000000000000 ) ) ;
#7177 = VECTOR ( 'NONE', #12087, 1000.000000000000000 ) ;
#7178 = DIRECTION ( 'NONE',  ( 0.0000000000000000000, 0.0000000000000000000, 1.000000000000000000 ) ) ;
#7179 = ORIENTED_EDGE ( 'NONE', *, *, #3978, .T. ) ;
#7180 = DIRECTION ( 'NONE',  ( -1.224646799147340400E-016, 0.0000000000000000000, -1.000000000000000000 ) ) ;
#7181 = ADVANCED_FACE ( 'NONE', ( #1920 ), #1004, .F. ) ;
#7182 = DIRECTION ( 'NONE',  ( 0.5469441386039886100, 0.0000000000000000000, -0.8371691043312222700 ) ) ;
#7183 = AXIS2_PLACEMENT_3D ( 'NONE', #12288, #6454, #693 ) ;
#7184 = VERTEX_POINT ( 'NONE', #7479 ) ;
#7185 = DIRECTION ( 'NONE',  ( -0.5469441386039857200, 0.0000000000000000000, 0.8371691043312240500 ) ) ;
#7186 = EDGE_CURVE ( 'NONE', #6511, #12345, #4907, .T. ) ;
#7187 = ORIENTED_EDGE ( 'NONE', *, *, #2225, .T. ) ;
#7188 = AXIS2_PLACEMENT_3D ( 'NONE', #10309, #4523, #11284 ) ;
#7189 = DIRECTION ( 'NONE',  ( 0.0000000000000000000, -1.000000000000000000, 0.0000000000000000000 ) ) ;
#7190 = EDGE_CURVE ( 'NONE', #3636, #10467, #11282, .T. ) ;
#7191 = PLANE ( 'NONE',  #12379 ) ;
#7192 = VECTOR ( 'NONE', #1499, 1000.000000000000100 ) ;
#7193 = CYLINDRICAL_SURFACE ( 'NONE', #2492, 16.49999999999998900 ) ;
#7194 = ORIENTED_EDGE ( 'NONE', *, *, #7190, .T. ) ;
#7195 = CARTESIAN_POINT ( 'NONE',  ( 1.821700008836317600, 54.00000000000000000, 0.8254750618920955200 ) ) ;
#7196 = DIRECTION ( 'NONE',  ( 0.0000000000000000000, -1.000000000000000000, 0.0000000000000000000 ) ) ;
#7197 = ORIENTED_EDGE ( 'NONE', *, *, #7679, .T. ) ;
#7198 = CARTESIAN_POINT ( 'NONE',  ( -15.50000000000000700, 2.610000000000031400, -15.49999999999999600 ) ) ;
#7199 = ORIENTED_EDGE ( 'NONE', *, *, #11795, .T. ) ;
#7200 = ORIENTED_EDGE ( 'NONE', *, *, #9887, .T. ) ;
#7201 = AXIS2_PLACEMENT_3D ( 'NONE', #9910, #4115, #10871 ) ;
#7202 = EDGE_CURVE ( 'NONE', #11513, #4842, #8675, .T. ) ;
#7203 = DIRECTION ( 'NONE',  ( -0.0000000000000000000, -1.000000000000000000, 0.0000000000000000000 ) ) ;
#7204 = CONICAL_SURFACE ( 'NONE', #10458, 0.5560000000000012700, 0.06981317007976596500 ) ;
#7205 = CYLINDRICAL_SURFACE ( 'NONE', #1025, 6.350000000000005000 ) ;
#7206 = CARTESIAN_POINT ( 'NONE',  ( 6.161243186448658000E-015, 34.59999999999999400, 6.350000000000008500 ) ) ;
#7207 = DIRECTION ( 'NONE',  ( 0.0000000000000000000, 1.000000000000000000, 0.0000000000000000000 ) ) ;
#7208 = ORIENTED_EDGE ( 'NONE', *, *, #11546, .F. ) ;
#7209 = DIRECTION ( 'NONE',  ( 0.0000000000000000000, 1.000000000000000000, -0.0000000000000000000 ) ) ;
#7210 = DIRECTION ( 'NONE',  ( -0.0000000000000000000, -1.000000000000000000, -0.0000000000000000000 ) ) ;
#7211 = CARTESIAN_POINT ( 'NONE',  ( -20.41421356237307400, 33.50000000000000000, -17.78578643762690300 ) ) ;
#7212 = DIRECTION ( 'NONE',  ( 0.5469441386039871600, 0.0000000000000000000, -0.8371691043312232700 ) ) ;
#7213 = VERTEX_POINT ( 'NONE', #756 ) ;
#7214 = DIRECTION ( 'NONE',  ( 0.0000000000000000000, 1.000000000000000000, -0.0000000000000000000 ) ) ;
#7215 = FACE_OUTER_BOUND ( 'NONE', #2036, .T. ) ;
#7216 = LINE ( 'NONE', #11666, #9509 ) ;
#7217 = DIRECTION ( 'NONE',  ( -0.3867479093371159500, -0.7071067811865462400, 0.5919679506724766500 ) ) ;
#7218 = EDGE_CURVE ( 'NONE', #1678, #11372, #3274, .T. ) ;
#7219 = ORIENTED_EDGE ( 'NONE', *, *, #4226, .T. ) ;
#7220 = DIRECTION ( 'NONE',  ( 0.0000000000000000000, 1.000000000000000000, -0.0000000000000000000 ) ) ;
#7221 = AXIS2_PLACEMENT_3D ( 'NONE', #142, #6879, #1136 ) ;
#7222 = ADVANCED_FACE ( 'NONE', ( #5821 ), #12394, .F. ) ;
#7223 = AXIS2_PLACEMENT_3D ( 'NONE', #5319, #12101, #6277 ) ;
#7224 = ORIENTED_EDGE ( 'NONE', *, *, #9770, .T. ) ;
#7225 = DIRECTION ( 'NONE',  ( 0.0000000000000000000, 0.0000000000000000000, -1.000000000000000000 ) ) ;
#7226 = CARTESIAN_POINT ( 'NONE',  ( 6.430665482261076600E-015, 34.59999999999999400, 4.150000000000004800 ) ) ;
#7227 = ORIENTED_EDGE ( 'NONE', *, *, #968, .F. ) ;
#7228 = EDGE_CURVE ( 'NONE', #6221, #3556, #10665, .T. ) ;
#7229 = CARTESIAN_POINT ( 'NONE',  ( 0.8530793868032783300, 4.110050607254169800, 30.20000000000000300 ) ) ;
#7230 = CARTESIAN_POINT ( 'NONE',  ( 15.71441625783251400, 2.610000000000029200, -14.91795067099118200 ) ) ;
#7231 = LINE ( 'NONE', #6834, #9829 ) ;
#7232 = LINE ( 'NONE', #5162, #8576 ) ;
#7233 = VERTEX_POINT ( 'NONE', #2787 ) ;
#7234 = DIRECTION ( 'NONE',  ( -0.5469441386039886100, 0.0000000000000000000, 0.8371691043312222700 ) ) ;
#7235 = DIRECTION ( 'NONE',  ( 0.0000000000000000000, 0.0000000000000000000, 1.000000000000000000 ) ) ;
#7236 = CARTESIAN_POINT ( 'NONE',  ( -15.50000000000000700, 2.610000000000031400, -15.49999999999999600 ) ) ;
#7237 = ORIENTED_EDGE ( 'NONE', *, *, #5730, .T. ) ;
#7238 = ORIENTED_EDGE ( 'NONE', *, *, #8485, .F. ) ;
#7239 = CARTESIAN_POINT ( 'NONE',  ( -13.13154598666894500, 26.00000000000000400, -21.15000000000000200 ) ) ;
#7240 = AXIS2_PLACEMENT_3D ( 'NONE', #2255, #8986, #3222 ) ;
#7241 = CARTESIAN_POINT ( 'NONE',  ( 20.06066017177981600, 34.00000000000000000, 17.43223304703363800 ) ) ;
#7242 = CARTESIAN_POINT ( 'NONE',  ( -15.48696935691685900, 0.6000000000000063100, 14.80356900291316100 ) ) ;
#7243 = VERTEX_POINT ( 'NONE', #5651 ) ;
#7244 = EDGE_CURVE ( 'NONE', #4685, #10346, #8378, .T. ) ;
#7245 = AXIS2_PLACEMENT_3D ( 'NONE', #6353, #584, #7311 ) ;
#7246 = FACE_OUTER_BOUND ( 'NONE', #28, .T. ) ;
#7247 = VECTOR ( 'NONE', #8833, 1000.000000000000000 ) ;
#7248 = EDGE_LOOP ( 'NONE', ( #3628, #1257, #1908, #4720 ) ) ;
#7249 = EDGE_CURVE ( 'NONE', #772, #5512, #7614, .T. ) ;
#7250 = CARTESIAN_POINT ( 'NONE',  ( 16.13253578028824700, 0.6000000000000297300, -15.79169233451989000 ) ) ;
#7251 = EDGE_LOOP ( 'NONE', ( #726, #9390, #8878, #10589, #2414, #2548 ) ) ;
#7252 = VERTEX_POINT ( 'NONE', #12483 ) ;
#7253 = ADVANCED_FACE ( 'NONE', ( #4780 ), #7595, .F. ) ;
#7254 = CARTESIAN_POINT ( 'NONE',  ( -2.081668171172168500E-014, 26.00000000000000400, -1.734723475976807100E-014 ) ) ;
#7255 = CARTESIAN_POINT ( 'NONE',  ( -14.42350512184890300, 26.00000000000000400, -21.15000000000000200 ) ) ;
#7256 = CARTESIAN_POINT ( 'NONE',  ( -16.01066363930343100, 0.6000000000000319500, -14.04187701221968400 ) ) ;
#7257 = DIRECTION ( 'NONE',  ( -0.0000000000000000000, -1.000000000000000000, 0.0000000000000000000 ) ) ;
#7258 = CARTESIAN_POINT ( 'NONE',  ( 2.277125011045398200, 0.5000000000000073300, 1.031843827365120300 ) ) ;
#7259 = VERTEX_POINT ( 'NONE', #5690 ) ;
#7260 = DIRECTION ( 'NONE',  ( 0.0000000000000000000, 1.000000000000000000, -0.0000000000000000000 ) ) ;
#7261 = CARTESIAN_POINT ( 'NONE',  ( 0.0000000000000000000, 0.5000000000000004400, 20.50000000000000400 ) ) ;
#7262 = VECTOR ( 'NONE', #1448, 1000.000000000000000 ) ;
#7263 = LINE ( 'NONE', #10405, #12147 ) ;
#7264 = VERTEX_POINT ( 'NONE', #3794 ) ;
#7265 = ORIENTED_EDGE ( 'NONE', *, *, #6184, .F. ) ;
#7266 = CARTESIAN_POINT ( 'NONE',  ( 0.0000000000000000000, 53.50000000000000000, 0.0000000000000000000 ) ) ;
#7267 = ORIENTED_EDGE ( 'NONE', *, *, #4722, .F. ) ;
#7268 = DIRECTION ( 'NONE',  ( 1.000000000000000000, 0.0000000000000000000, 0.0000000000000000000 ) ) ;
#7269 = CARTESIAN_POINT ( 'NONE',  ( 16.11915492039947400, 2.610000000000027400, 15.46254419180371500 ) ) ;
#7270 = EDGE_CURVE ( 'NONE', #9615, #6049, #7324, .T. ) ;
#7271 = LINE ( 'NONE', #7385, #6958 ) ;
#7272 = ORIENTED_EDGE ( 'NONE', *, *, #12318, .F. ) ;
#7273 = CYLINDRICAL_SURFACE ( 'NONE', #1941, 1.250000000000001100 ) ;
#7274 = VECTOR ( 'NONE', #9378, 1000.000000000000000 ) ;
#7275 = CARTESIAN_POINT ( 'NONE',  ( 14.95019439558399900, 2.610000000000027400, 15.58276350254038400 ) ) ;
#7276 = CARTESIAN_POINT ( 'NONE',  ( 15.53745580819628500, 2.610000000000029200, -14.88084507960052400 ) ) ;
#7277 = ORIENTED_EDGE ( 'NONE', *, *, #4889, .T. ) ;
#7278 = EDGE_LOOP ( 'NONE', ( #10351, #6490, #9094, #6943 ) ) ;
#7279 = DIRECTION ( 'NONE',  ( 1.000000000000000000, 0.0000000000000000000, 0.0000000000000000000 ) ) ;
#7280 = CONICAL_SURFACE ( 'NONE', #4428, 2.750000000000000400, 0.7853981633974500600 ) ;
#7281 = ORIENTED_EDGE ( 'NONE', *, *, #5202, .F. ) ;
#7282 = PLANE ( 'NONE',  #5274 ) ;
#7283 = CIRCLE ( 'NONE', #7352, 1.250000000000011500 ) ;
#7284 = ORIENTED_EDGE ( 'NONE', *, *, #945, .F. ) ;
#7285 = EDGE_CURVE ( 'NONE', #957, #2146, #2234, .T. ) ;
#7286 = ORIENTED_EDGE ( 'NONE', *, *, #1783, .F. ) ;
#7287 = EDGE_CURVE ( 'NONE', #9694, #3636, #5086, .T. ) ;
#7288 = CARTESIAN_POINT ( 'NONE',  ( 16.15011936899281500, 1.270265698095187200, -15.51722593638709400 ) ) ;
#7289 = ADVANCED_FACE ( 'NONE', ( #12218 ), #1930, .T. ) ;
#7290 = CARTESIAN_POINT ( 'NONE',  ( -21.14999999999999900, 26.00000000000000400, 14.42350512184888500 ) ) ;
#7291 = LINE ( 'NONE', #8642, #12181 ) ;
#7292 = VERTEX_POINT ( 'NONE', #972 ) ;
#7293 = CYLINDRICAL_SURFACE ( 'NONE', #5271, 0.8074684195533455800 ) ;
#7294 = CARTESIAN_POINT ( 'NONE',  ( 14.98933636069656700, 0.6000000000000297300, -14.04187701221968400 ) ) ;
#7295 = DIRECTION ( 'NONE',  ( 0.0000000000000000000, 0.0000000000000000000, 1.000000000000000000 ) ) ;
#7296 = CARTESIAN_POINT ( 'NONE',  ( 15.49999999999999300, 8.500000000000000000, -16.74999999999999600 ) ) ;
#7297 = DIRECTION ( 'NONE',  ( -0.0000000000000000000, 0.0000000000000000000, 1.000000000000000000 ) ) ;
#7298 = CARTESIAN_POINT ( 'NONE',  ( -15.71441625783252900, 2.610000000000006100, 14.91795067099118900 ) ) ;
#7299 = DIRECTION ( 'NONE',  ( 1.000000000000000000, 0.0000000000000000000, 0.0000000000000000000 ) ) ;
#7300 = AXIS2_PLACEMENT_3D ( 'NONE', #336, #1324, #6111 ) ;
#7301 = EDGE_CURVE ( 'NONE', #10153, #8626, #9618, .T. ) ;
#7302 = CIRCLE ( 'NONE', #10236, 6.350000000000005000 ) ;
#7303 = AXIS2_PLACEMENT_3D ( 'NONE', #7134, #1394, #8092 ) ;
#7304 = LINE ( 'NONE', #11560, #10208 ) ;
#7305 = ORIENTED_EDGE ( 'NONE', *, *, #10031, .F. ) ;
#7306 = DIRECTION ( 'NONE',  ( 0.0000000000000000000, 0.0000000000000000000, -1.000000000000000000 ) ) ;
#7307 = VERTEX_POINT ( 'NONE', #2911 ) ;
#7308 = CYLINDRICAL_SURFACE ( 'NONE', #7730, 4.150000000000001200 ) ;
#7309 = DIRECTION ( 'NONE',  ( 0.0000000000000000000, -1.000000000000000000, 0.0000000000000000000 ) ) ;
#7310 = DIRECTION ( 'NONE',  ( 0.0000000000000000000, 1.000000000000000000, -0.0000000000000000000 ) ) ;
#7311 = DIRECTION ( 'NONE',  ( 0.0000000000000000000, 0.0000000000000000000, -1.000000000000000000 ) ) ;
#7312 = ORIENTED_EDGE ( 'NONE', *, *, #7162, .T. ) ;
#7313 = CARTESIAN_POINT ( 'NONE',  ( 15.49999999999999300, 26.00000000000000400, 16.75000000000001400 ) ) ;
#7314 = ADVANCED_FACE ( 'NONE', ( #4488 ), #1632, .T. ) ;
#7315 = ORIENTED_EDGE ( 'NONE', *, *, #6974, .F. ) ;
#7316 = AXIS2_PLACEMENT_3D ( 'NONE', #3953, #10709, #4929 ) ;
#7317 = LINE ( 'NONE', #1811, #6419 ) ;
#7318 = VECTOR ( 'NONE', #552, 1000.000000000000000 ) ;
#7319 = CARTESIAN_POINT ( 'NONE',  ( 3.469446951953614200E-015, 5.000000000000002700, 5.250000000000007100 ) ) ;
#7320 = DIRECTION ( 'NONE',  ( 0.0000000000000000000, 0.0000000000000000000, 1.000000000000000000 ) ) ;
#7321 = EDGE_CURVE ( 'NONE', #4879, #2613, #4183, .T. ) ;
#7322 = ORIENTED_EDGE ( 'NONE', *, *, #2781, .F. ) ;
#7323 = CARTESIAN_POINT ( 'NONE',  ( 16.15011936899282600, 1.270265698095185000, 15.48277406361290800 ) ) ;
#7324 = CIRCLE ( 'NONE', #4841, 0.4999999999999982200 ) ;
#7325 = CARTESIAN_POINT ( 'NONE',  ( 2.800000000000003400, 2.500000000000002700, 6.938893903907228400E-015 ) ) ;
#7326 = VECTOR ( 'NONE', #3473, 1000.000000000000200 ) ;
#7327 = AXIS2_PLACEMENT_3D ( 'NONE', #3036, #10759, #3084 ) ;
#7328 = ORIENTED_EDGE ( 'NONE', *, *, #971, .T. ) ;
#7329 = PLANE ( 'NONE',  #6975 ) ;
#7330 = VERTEX_POINT ( 'NONE', #2001 ) ;
#7331 = DIRECTION ( 'NONE',  ( 0.0000000000000000000, 0.0000000000000000000, -1.000000000000000000 ) ) ;
#7332 = PLANE ( 'NONE',  #8545 ) ;
#7333 = CARTESIAN_POINT ( 'NONE',  ( 0.0000000000000000000, 0.0000000000000000000, 0.0000000000000000000 ) ) ;
#7334 = EDGE_CURVE ( 'NONE', #12574, #7307, #2672, .T. ) ;
#7335 = EDGE_LOOP ( 'NONE', ( #12595, #7227 ) ) ;
#7336 = CIRCLE ( 'NONE', #4751, 0.8074684195533452500 ) ;
#7337 = ORIENTED_EDGE ( 'NONE', *, *, #8962, .T. ) ;
#7338 = DIRECTION ( 'NONE',  ( 0.0000000000000000000, 1.000000000000000000, 0.0000000000000000000 ) ) ;
#7339 = EDGE_CURVE ( 'NONE', #6938, #8278, #11902, .T. ) ;
#7340 = ORIENTED_EDGE ( 'NONE', *, *, #62, .T. ) ;
#7341 = CARTESIAN_POINT ( 'NONE',  ( 3.999999999999998200, 1.500000000000000400, 18.00000000000000700 ) ) ;
#7342 = CARTESIAN_POINT ( 'NONE',  ( 17.43223304703363000, 33.50000000000000000, 20.06066017177982600 ) ) ;
#7343 = ORIENTED_EDGE ( 'NONE', *, *, #2133, .T. ) ;
#7344 = ADVANCED_FACE ( 'NONE', ( #11593 ), #11287, .F. ) ;
#7345 = EDGE_CURVE ( 'NONE', #3426, #9888, #1325, .T. ) ;
#7346 = DIRECTION ( 'NONE',  ( 0.0000000000000000000, 0.0000000000000000000, 1.000000000000000000 ) ) ;
#7347 = ORIENTED_EDGE ( 'NONE', *, *, #5820, .T. ) ;
#7348 = CARTESIAN_POINT ( 'NONE',  ( 15.28558374216747300, 2.610000000000029200, -16.08204932900881100 ) ) ;
#7349 = LINE ( 'NONE', #1158, #11616 ) ;
#7350 = VECTOR ( 'NONE', #10536, 1000.000000000000200 ) ;
#7351 = DIRECTION ( 'NONE',  ( 0.0000000000000000000, 1.000000000000000000, 0.0000000000000000000 ) ) ;
#7352 = AXIS2_PLACEMENT_3D ( 'NONE', #9758, #3963, #10716 ) ;
#7353 = ORIENTED_EDGE ( 'NONE', *, *, #11013, .T. ) ;
#7354 = EDGE_CURVE ( 'NONE', #10915, #4979, #9000, .T. ) ;
#7355 = CARTESIAN_POINT ( 'NONE',  ( 21.00000000000000000, 8.500000000000000000, 0.0000000000000000000 ) ) ;
#7356 = EDGE_CURVE ( 'NONE', #9942, #9673, #6717, .T. ) ;
#7357 = DIRECTION ( 'NONE',  ( 0.0000000000000000000, 0.0000000000000000000, 1.000000000000000000 ) ) ;
#7358 = DIRECTION ( 'NONE',  ( 0.5469441386039871600, 0.0000000000000000000, -0.8371691043312232700 ) ) ;
#7359 = ORIENTED_EDGE ( 'NONE', *, *, #1100, .F. ) ;
#7360 = PLANE ( 'NONE',  #9158 ) ;
#7361 = EDGE_LOOP ( 'NONE', ( #3111, #10020, #1688, #7531 ) ) ;
#7362 = VECTOR ( 'NONE', #9069, 999.9999999999998900 ) ;
#7363 = LINE ( 'NONE', #5899, #4814 ) ;
#7364 = CARTESIAN_POINT ( 'NONE',  ( -14.88084507960053500, 2.610000000000031400, -15.53745580819628600 ) ) ;
#7365 = ORIENTED_EDGE ( 'NONE', *, *, #8301, .F. ) ;
#7366 = DIRECTION ( 'NONE',  ( 0.7071067811865475700, 0.0000000000000000000, 0.7071067811865475700 ) ) ;
#7367 = VERTEX_POINT ( 'NONE', #2083 ) ;
#7368 = ORIENTED_EDGE ( 'NONE', *, *, #3770, .F. ) ;
#7369 = AXIS2_PLACEMENT_3D ( 'NONE', #3859, #10605, #4819 ) ;
#7370 = EDGE_CURVE ( 'NONE', #11126, #9637, #3875, .T. ) ;
#7371 = EDGE_LOOP ( 'NONE', ( #5645, #607, #11317, #4800 ) ) ;
#7372 = AXIS2_PLACEMENT_3D ( 'NONE', #12334, #2767, #2725 ) ;
#7373 = ADVANCED_FACE ( 'NONE', ( #6430 ), #10981, .T. ) ;
#7374 = CIRCLE ( 'NONE', #2134, 2.500000000000000000 ) ;
#7376 = DIRECTION ( 'NONE',  ( 0.0000000000000000000, 0.0000000000000000000, -1.000000000000000000 ) ) ;
#7375 = LINE ( 'NONE', #12112, #4834 ) ;
#7377 = APPROVAL_ROLE ( '' ) ;
#7378 = ORIENTED_EDGE ( 'NONE', *, *, #10941, .F. ) ;
#7379 = DIRECTION ( 'NONE',  ( 0.0000000000000000000, -0.7071067811865493500, -0.7071067811865455700 ) ) ;
#7381 = ORIENTED_EDGE ( 'NONE', *, *, #3253, .F. ) ;
#7380 = ORIENTED_EDGE ( 'NONE', *, *, #10234, .T. ) ;
#7382 = ORIENTED_EDGE ( 'NONE', *, *, #893, .T. ) ;
#7383 = ORIENTED_EDGE ( 'NONE', *, *, #2949, .F. ) ;
#7384 = CARTESIAN_POINT ( 'NONE',  ( 3.469446951953614200E-015, 2.800000000000002500, 6.938893903907228400E-015 ) ) ;
#7385 = CARTESIAN_POINT ( 'NONE',  ( 3.469446951953614200E-015, 8.500000000000000000, -4.499999999999993800 ) ) ;
#7386 = CARTESIAN_POINT ( 'NONE',  ( 13.13154598666893600, 8.500000000000000000, -21.15000000000000200 ) ) ;
#7387 = DIRECTION ( 'NONE',  ( 0.7071067811865474600, 0.0000000000000000000, 0.7071067811865474600 ) ) ;
#7388 = AXIS2_PLACEMENT_3D ( 'NONE', #984, #5822, #37 ) ;
#7389 = DIRECTION ( 'NONE',  ( 0.7071067811865475700, 0.0000000000000000000, 0.7071067811865475700 ) ) ;
#7390 = CIRCLE ( 'NONE', #12585, 1.250000000000001100 ) ;
#7391 = FACE_OUTER_BOUND ( 'NONE', #8317, .T. ) ;
#7392 = SECURITY_CLASSIFICATION ( '', '', #4540 ) ;
#7393 = EDGE_CURVE ( 'NONE', #10277, #5260, #3584, .T. ) ;
#7395 = EDGE_CURVE ( 'NONE', #8926, #10539, #8682, .T. ) ;
#7394 = ORIENTED_EDGE ( 'NONE', *, *, #6929, .F. ) ;
#7396 = AXIS2_PLACEMENT_3D ( 'NONE', #8879, #5053, #11829 ) ;
#7397 = DIRECTION ( 'NONE',  ( 0.5469441386039857200, 0.0000000000000000000, -0.8371691043312240500 ) ) ;
#7398 = CARTESIAN_POINT ( 'NONE',  ( -15.28558374216748700, 2.610000000000031400, -14.91795067099118200 ) ) ;
#7399 = EDGE_CURVE ( 'NONE', #4873, #11566, #6133, .T. ) ;
#7400 = ORIENTED_EDGE ( 'NONE', *, *, #12502, .T. ) ;
#7401 = ORIENTED_EDGE ( 'NONE', *, *, #11497, .T. ) ;
#7402 = DIRECTION ( 'NONE',  ( 1.000000000000000000, 0.0000000000000000000, 0.0000000000000000000 ) ) ;
#7403 = VERTEX_POINT ( 'NONE', #8801 ) ;
#7404 = DIRECTION ( 'NONE',  ( -0.5469441386039887200, 0.0000000000000000000, 0.8371691043312221600 ) ) ;
#7405 = CYLINDRICAL_SURFACE ( 'NONE', #7810, 25.60000000000000500 ) ;
#7406 = CYLINDRICAL_SURFACE ( 'NONE', #3596, 0.8074684195533455800 ) ;
#7407 = DIRECTION ( 'NONE',  ( 0.0000000000000000000, 0.0000000000000000000, 1.000000000000000000 ) ) ;
#7408 = CARTESIAN_POINT ( 'NONE',  ( 3.469446951953614200E-014, 35.50000000000000700, 3.122502256758252800E-014 ) ) ;
#7409 = ORIENTED_EDGE ( 'NONE', *, *, #5981, .F. ) ;
#7410 = AXIS2_PLACEMENT_3D ( 'NONE', #8667, #6718, #9663 ) ;
#7411 = ORIENTED_EDGE ( 'NONE', *, *, #8165, .T. ) ;
#7412 = ORIENTED_EDGE ( 'NONE', *, *, #2630, .F. ) ;
#7413 = CARTESIAN_POINT ( 'NONE',  ( 3.469446951953614200E-015, 5.000000000000002700, 6.938893903907228400E-015 ) ) ;
#7414 = EDGE_CURVE ( 'NONE', #1506, #4046, #1014, .T. ) ;
#7415 = VECTOR ( 'NONE', #10570, 1000.000000000000000 ) ;
#7416 = DIRECTION ( 'NONE',  ( 0.0000000000000000000, 1.000000000000000000, 0.0000000000000000000 ) ) ;
#7417 = ORIENTED_EDGE ( 'NONE', *, *, #8411, .T. ) ;
#7418 = ADVANCED_FACE ( 'NONE', ( #3279 ), #7892, .F. ) ;
#7419 = EDGE_CURVE ( 'NONE', #207, #6931, #8073, .T. ) ;
#7420 = DIRECTION ( 'NONE',  ( 0.0000000000000000000, 1.000000000000000000, -0.0000000000000000000 ) ) ;
#7421 = LINE ( 'NONE', #7688, #4874 ) ;
#7422 = LINE ( 'NONE', #7798, #10018 ) ;
#7423 = VERTEX_POINT ( 'NONE', #240 ) ;
#7424 = DIRECTION ( 'NONE',  ( 0.0000000000000000000, -1.000000000000000000, 0.0000000000000000000 ) ) ;
#7425 = ORIENTED_EDGE ( 'NONE', *, *, #773, .T. ) ;
#7426 = CARTESIAN_POINT ( 'NONE',  ( 1.132563768976758700, 6.110050607254169800, 30.20000000000000300 ) ) ;
#7427 = DIRECTION ( 'NONE',  ( -0.0000000000000000000, -1.000000000000000000, 0.0000000000000000000 ) ) ;
#7428 = LINE ( 'NONE', #2200, #10026 ) ;
#7429 = ORIENTED_EDGE ( 'NONE', *, *, #3314, .F. ) ;
#7430 = FACE_OUTER_BOUND ( 'NONE', #7445, .T. ) ;
#7431 = LINE ( 'NONE', #5270, #5187 ) ;
#7432 = ORIENTED_EDGE ( 'NONE', *, *, #1064, .F. ) ;
#7433 = AXIS2_PLACEMENT_3D ( 'NONE', #2190, #1209, #8911 ) ;
#7434 = EDGE_CURVE ( 'NONE', #6700, #11740, #10673, .T. ) ;
#7435 = CARTESIAN_POINT ( 'NONE',  ( 14.64103821455294800, 8.500000000000000000, -20.99999999999999600 ) ) ;
#7436 = AXIS2_PLACEMENT_3D ( 'NONE', #7066, #1331, #8040 ) ;
#7437 = DIRECTION ( 'NONE',  ( 0.5469441386039892700, 0.0000000000000000000, -0.8371691043312217100 ) ) ;
#7438 = CIRCLE ( 'NONE', #4014, 16.49999999999998900 ) ;
#7439 = DIRECTION ( 'NONE',  ( 0.0000000000000000000, 1.000000000000000000, 0.0000000000000000000 ) ) ;
#7440 = ORIENTED_EDGE ( 'NONE', *, *, #2002, .F. ) ;
#7441 = DIRECTION ( 'NONE',  ( -0.0000000000000000000, -1.000000000000000000, -0.0000000000000000000 ) ) ;
#7442 = ADVANCED_FACE ( 'NONE', ( #5544 ), #8925, .T. ) ;
#7443 = CARTESIAN_POINT ( 'NONE',  ( 21.00000000000000000, 8.500000000000000000, 16.37157287525380400 ) ) ;
#7444 = CIRCLE ( 'NONE', #3101, 0.2794843821735010800 ) ;
#7445 = EDGE_LOOP ( 'NONE', ( #5603, #7194, #2600, #4603 ) ) ;
#7446 = CARTESIAN_POINT ( 'NONE',  ( -15.50000000000000700, 2.610000000000031400, -15.49999999999999600 ) ) ;
#7447 = DIRECTION ( 'NONE',  ( 0.2440452458516470500, 0.8949343913984425500, -0.3735429735244772400 ) ) ;
#7448 = VECTOR ( 'NONE', #12402, 1000.000000000000100 ) ;
#7449 = AXIS2_PLACEMENT_3D ( 'NONE', #2187, #8907, #3150 ) ;
#7450 = VECTOR ( 'NONE', #6296, 1000.000000000000000 ) ;
#7451 = ORIENTED_EDGE ( 'NONE', *, *, #4661, .T. ) ;
#7452 = EDGE_CURVE ( 'NONE', #10485, #9721, #10375, .T. ) ;
#7453 = CIRCLE ( 'NONE', #812, 0.7999999999999999300 ) ;
#7454 = VERTEX_POINT ( 'NONE', #282 ) ;
#7455 = ORIENTED_EDGE ( 'NONE', *, *, #1125, .T. ) ;
#7456 = DIRECTION ( 'NONE',  ( 0.0000000000000000000, -1.000000000000000000, -0.0000000000000000000 ) ) ;
#7457 = CARTESIAN_POINT ( 'NONE',  ( 15.49999999999999300, 34.00000000000000000, 15.50000000000000400 ) ) ;
#7458 = FACE_OUTER_BOUND ( 'NONE', #12152, .T. ) ;
#7459 = FACE_OUTER_BOUND ( 'NONE', #12230, .T. ) ;
#7460 = EDGE_CURVE ( 'NONE', #9248, #9402, #7762, .T. ) ;
#7461 = DIRECTION ( 'NONE',  ( 0.0000000000000000000, 1.000000000000000000, -0.0000000000000000000 ) ) ;
#7462 = AXIS2_PLACEMENT_3D ( 'NONE', #4602, #11355, #5566 ) ;
#7463 = EDGE_CURVE ( 'NONE', #6214, #302, #417, .T. ) ;
#7464 = AXIS2_PLACEMENT_3D ( 'NONE', #2968, #5868, #78 ) ;
#7465 = ORIENTED_EDGE ( 'NONE', *, *, #7186, .T. ) ;
#7466 = ORIENTED_EDGE ( 'NONE', *, *, #5307, .T. ) ;
#7467 = DIRECTION ( 'NONE',  ( -0.4127375309460478100, 0.0000000000000000000, 0.9108500044181590000 ) ) ;
#7468 = LINE ( 'NONE', #1315, #10071 ) ;
#7469 = ADVANCED_FACE ( 'NONE', ( #5230 ), #2375, .F. ) ;
#7470 = DIRECTION ( 'NONE',  ( 0.5469441386039857200, 0.0000000000000000000, -0.8371691043312240500 ) ) ;
#7471 = FACE_OUTER_BOUND ( 'NONE', #6086, .T. ) ;
#7472 = CARTESIAN_POINT ( 'NONE',  ( 15.49999999999999300, 0.0000000000000000000, -11.74999999999999300 ) ) ;
#7473 = DIRECTION ( 'NONE',  ( -0.0000000000000000000, -1.000000000000000000, 0.0000000000000000000 ) ) ;
#7474 = ORIENTED_EDGE ( 'NONE', *, *, #2397, .T. ) ;
#7475 = ORIENTED_EDGE ( 'NONE', *, *, #5963, .T. ) ;
#7476 = AXIS2_PLACEMENT_3D ( 'NONE', #9392, #3603, #10362 ) ;
#7477 = AXIS2_PLACEMENT_3D ( 'NONE', #3089, #9836, #4044 ) ;
#7478 = CARTESIAN_POINT ( 'NONE',  ( -15.50000000000000700, 34.00000000000000000, 15.50000000000000400 ) ) ;
#7479 = CARTESIAN_POINT ( 'NONE',  ( 4.449164391271497700E-015, 7.200000000000002800, 8.000000000000012400 ) ) ;
#7480 = EDGE_CURVE ( 'NONE', #5813, #10006, #7468, .T. ) ;
#7481 = FACE_OUTER_BOUND ( 'NONE', #7251, .T. ) ;
#7482 = ORIENTED_EDGE ( 'NONE', *, *, #1591, .F. ) ;
#7483 = DIRECTION ( 'NONE',  ( 0.0000000000000000000, 0.0000000000000000000, 1.000000000000000000 ) ) ;
#7484 = VERTEX_POINT ( 'NONE', #9010 ) ;
#7485 = ORIENTED_EDGE ( 'NONE', *, *, #6773, .T. ) ;
#7486 = DIRECTION ( 'NONE',  ( -0.0000000000000000000, -1.000000000000000000, 0.0000000000000000000 ) ) ;
#7487 = AXIS2_PLACEMENT_3D ( 'NONE', #7624, #1895, #8602 ) ;
#7488 = CARTESIAN_POINT ( 'NONE',  ( 6.938893903907228400E-015, 23.40000000000000600, 3.469446951953614200E-015 ) ) ;
#7489 = ADVANCED_FACE ( 'NONE', ( #80 ), #9769, .T. ) ;
#7490 = TOROIDAL_SURFACE ( 'NONE', #457, 1.500000000000000000, 0.5000000000000000000 ) ;
#7491 = LINE ( 'NONE', #10039, #12084 ) ;
#7492 = DIRECTION ( 'NONE',  ( 0.0000000000000000000, 1.000000000000000000, 0.0000000000000000000 ) ) ;
#7494 = EDGE_CURVE ( 'NONE', #9177, #11622, #12362, .T. ) ;
#7493 = ORIENTED_EDGE ( 'NONE', *, *, #144, .F. ) ;
#7495 = CARTESIAN_POINT ( 'NONE',  ( -17.00409638116097400, 1.000000000000036400, -13.19778496308913600 ) ) ;
#7496 = EDGE_CURVE ( 'NONE', #4842, #4239, #4928, .T. ) ;
#7497 = AXIS2_PLACEMENT_3D ( 'NONE', #2192, #8915, #3158 ) ;
#7498 = ORIENTED_EDGE ( 'NONE', *, *, #5646, .F. ) ;
#7499 =( BOUNDED_CURVE ( )  B_SPLINE_CURVE ( 3, ( #4942, #11717, #5906, #121 ),
 .UNSPECIFIED., .F., .T. ) 
 B_SPLINE_CURVE_WITH_KNOTS ( ( 4, 4 ),
 ( -1.776356839400250500E-015, 0.5283884945424918200 ),
 .UNSPECIFIED. ) 
 CURVE ( )  GEOMETRIC_REPRESENTATION_ITEM ( )  RATIONAL_B_SPLINE_CURVE ( ( 1.000000000000000000, 0.9768688144526047600, 0.9768688144526047600, 1.000000000000000000 ) ) 
 REPRESENTATION_ITEM ( '' )  );
#7500 = CARTESIAN_POINT ( 'NONE',  ( 15.50000000000000400, 2.610000000000027400, 15.50000000000000500 ) ) ;
#7501 = DIRECTION ( 'NONE',  ( 0.0000000000000000000, 0.0000000000000000000, 1.000000000000000000 ) ) ;
#7502 = CIRCLE ( 'NONE', #11767, 1.999999999999998200 ) ;
#7503 = CIRCLE ( 'NONE', #373, 2.000000000000001800 ) ;
#7504 = EDGE_LOOP ( 'NONE', ( #3952, #11340, #2277, #1463 ) ) ;
#7505 = DIRECTION ( 'NONE',  ( 0.0000000000000000000, 1.000000000000000000, 0.0000000000000000000 ) ) ;
#7506 = DIRECTION ( 'NONE',  ( -0.9108500044181590000, 0.0000000000000000000, -0.4127375309460478100 ) ) ;
#7507 = EDGE_LOOP ( 'NONE', ( #10551, #310, #9058, #1128, #4571, #690, #1084, #4147 ) ) ;
#7508 = CARTESIAN_POINT ( 'NONE',  ( -16.01066363930343100, 0.6000000000000319500, -14.04187701221968400 ) ) ;
#7509 = AXIS2_PLACEMENT_3D ( 'NONE', #4721, #12475, #6637 ) ;
#7510 = EDGE_CURVE ( 'NONE', #9247, #760, #707, .T. ) ;
#7511 = FACE_BOUND ( 'NONE', #5437, .T. ) ;
#7512 = VECTOR ( 'NONE', #12582, 999.9999999999998900 ) ;
#7513 = ORIENTED_EDGE ( 'NONE', *, *, #2992, .F. ) ;
#7514 = ORIENTED_EDGE ( 'NONE', *, *, #5089, .T. ) ;
#7515 = VERTEX_POINT ( 'NONE', #11961 ) ;
#7516 = ORIENTED_EDGE ( 'NONE', *, *, #10671, .T. ) ;
#7517 = ORIENTED_EDGE ( 'NONE', *, *, #9566, .T. ) ;
#7518 = DIRECTION ( 'NONE',  ( -0.0000000000000000000, -1.000000000000000000, 0.0000000000000000000 ) ) ;
#7519 = CARTESIAN_POINT ( 'NONE',  ( -20.49999999999998200, 34.00000000000000000, 16.37157287525381800 ) ) ;
#7520 = FACE_OUTER_BOUND ( 'NONE', #7071, .T. ) ;
#7521 = LINE ( 'NONE', #900, #2433 ) ;
#7522 = CARTESIAN_POINT ( 'NONE',  ( 15.51722593638710300, 1.270265698095185400, 16.15011936899282600 ) ) ;
#7523 = ADVANCED_FACE ( 'NONE', ( #12062 ), #11748, .F. ) ;
#7524 = ORIENTED_EDGE ( 'NONE', *, *, #1910, .F. ) ;
#7525 = AXIS2_PLACEMENT_3D ( 'NONE', #10553, #6689, #4769 ) ;
#7526 = AXIS2_PLACEMENT_3D ( 'NONE', #1253, #8852, #265 ) ;
#7527 = CARTESIAN_POINT ( 'NONE',  ( -2.277125011045397300, 0.5000000000000073300, -1.031843827365119100 ) ) ;
#7528 = ORIENTED_EDGE ( 'NONE', *, *, #5953, .F. ) ;
#7529 = DIRECTION ( 'NONE',  ( -0.5469441386039857200, 0.0000000000000000000, 0.8371691043312240500 ) ) ;
#7530 = VERTEX_POINT ( 'NONE', #1400 ) ;
#7531 = ORIENTED_EDGE ( 'NONE', *, *, #8669, .F. ) ;
#7532 = FACE_OUTER_BOUND ( 'NONE', #6205, .T. ) ;
#7533 = CYLINDRICAL_SURFACE ( 'NONE', #3349, 2.500000000000000000 ) ;
#7534 = ORIENTED_EDGE ( 'NONE', *, *, #2440, .F. ) ;
#7537 = VERTEX_POINT ( 'NONE', #7141 ) ;
#7536 = ORIENTED_EDGE ( 'NONE', *, *, #2276, .F. ) ;
#7535 = CARTESIAN_POINT ( 'NONE',  ( -15.80410094106382200, 2.610000000000006100, 15.96546602200816300 ) ) ;
#7538 = CARTESIAN_POINT ( 'NONE',  ( 15.49999999999999300, -997.2093446488944400, -15.49999999999999600 ) ) ;
#7539 = ORIENTED_EDGE ( 'NONE', *, *, #3195, .T. ) ;
#7540 = DIRECTION ( 'NONE',  ( -0.0000000000000000000, -1.000000000000000000, 0.0000000000000000000 ) ) ;
#7541 = AXIS2_PLACEMENT_3D ( 'NONE', #12275, #1665, #8379 ) ;
#7542 = EDGE_CURVE ( 'NONE', #4691, #11234, #6866, .T. ) ;
#7543 = ORIENTED_EDGE ( 'NONE', *, *, #216, .F. ) ;
#7544 = AXIS2_PLACEMENT_3D ( 'NONE', #10661, #2028, #4916 ) ;
#7545 = LINE ( 'NONE', #8106, #8778 ) ;
#7546 = VECTOR ( 'NONE', #3692, 1000.000000000000000 ) ;
#7547 = CARTESIAN_POINT ( 'NONE',  ( 6.938893903907228400E-015, 29.89999999999999500, 3.469446951953614200E-015 ) ) ;
#7548 = CARTESIAN_POINT ( 'NONE',  ( -16.37157287525379300, 23.40000000000000600, 19.00000000000000700 ) ) ;
#7549 = ORIENTED_EDGE ( 'NONE', *, *, #260, .F. ) ;
#7550 = EDGE_CURVE ( 'NONE', #7065, #1147, #4328, .T. ) ;
#7551 = ADVANCED_FACE ( 'NONE', ( #2081 ), #410, .T. ) ;
#7552 = CARTESIAN_POINT ( 'NONE',  ( 15.10115791695334600, 2.424605185108646300, 15.94452336260681800 ) ) ;
#7553 = ORIENTED_EDGE ( 'NONE', *, *, #12201, .F. ) ;
#7554 = ORIENTED_EDGE ( 'NONE', *, *, #1964, .F. ) ;
#7555 = DIRECTION ( 'NONE',  ( -0.0000000000000000000, -1.000000000000000000, -0.0000000000000000000 ) ) ;
#7556 = DIRECTION ( 'NONE',  ( 0.0000000000000000000, 0.0000000000000000000, 1.000000000000000000 ) ) ;
#7557 = CIRCLE ( 'NONE', #7150, 25.59999999999998400 ) ;
#7558 = DIRECTION ( 'NONE',  ( 0.0000000000000000000, -1.000000000000000000, 0.0000000000000000000 ) ) ;
#7559 = ORIENTED_EDGE ( 'NONE', *, *, #11183, .F. ) ;
#7560 = CIRCLE ( 'NONE', #12556, 0.5559999999999997200 ) ;
#7561 = VECTOR ( 'NONE', #4562, 1000.000000000000000 ) ;
#7562 = AXIS2_PLACEMENT_3D ( 'NONE', #11394, #2732, #9484 ) ;
#7563 = ORIENTED_EDGE ( 'NONE', *, *, #4758, .T. ) ;
#7564 = CARTESIAN_POINT ( 'NONE',  ( -16.32041620790598900, 29.60000000000003300, -14.24424634350316200 ) ) ;
#7566 = EDGE_LOOP ( 'NONE', ( #11696, #3043, #8227, #1302 ) ) ;
#7565 = ORIENTED_EDGE ( 'NONE', *, *, #1045, .F. ) ;
#7567 = EDGE_CURVE ( 'NONE', #4876, #12085, #1778, .T. ) ;
#7568 = CIRCLE ( 'NONE', #5074, 0.2794843821735010800 ) ;
#7569 = AXIS2_PLACEMENT_3D ( 'NONE', #1214, #7919, #2193 ) ;
#7570 = ORIENTED_EDGE ( 'NONE', *, *, #7994, .T. ) ;
#7571 = LINE ( 'NONE', #11580, #2484 ) ;
#7572 = ORIENTED_EDGE ( 'NONE', *, *, #6909, .T. ) ;
#7573 = DIRECTION ( 'NONE',  ( -1.000000000000000000, 0.0000000000000000000, 0.0000000000000000000 ) ) ;
#7574 = DIRECTION ( 'NONE',  ( -0.0000000000000000000, -1.000000000000000000, 0.0000000000000000000 ) ) ;
#7575 = ORIENTED_EDGE ( 'NONE', *, *, #904, .T. ) ;
#7576 = VECTOR ( 'NONE', #1883, 1000.000000000000100 ) ;
#7577 = ORIENTED_EDGE ( 'NONE', *, *, #8794, .T. ) ;
#7578 = DIRECTION ( 'NONE',  ( 0.0000000000000000000, 1.000000000000000000, 0.0000000000000000000 ) ) ;
#7579 = DIRECTION ( 'NONE',  ( 0.0000000000000000000, -1.000000000000000000, 0.0000000000000000000 ) ) ;
#7580 = VECTOR ( 'NONE', #9312, 1000.000000000000000 ) ;
#7581 = AXIS2_PLACEMENT_3D ( 'NONE', #10681, #4905, #11673 ) ;
#7582 = EDGE_CURVE ( 'NONE', #11683, #8027, #6574, .T. ) ;
#7583 = DIRECTION ( 'NONE',  ( 0.0000000000000000000, 0.0000000000000000000, -1.000000000000000000 ) ) ;
#7584 = DIRECTION ( 'NONE',  ( 0.0000000000000000000, 0.0000000000000000000, -1.000000000000000000 ) ) ;
#7585 = ORIENTED_EDGE ( 'NONE', *, *, #11348, .F. ) ;
#7586 = EDGE_CURVE ( 'NONE', #9541, #10229, #4021, .T. ) ;
#7587 = DIRECTION ( 'NONE',  ( -0.8371691043312241600, 2.697020329565932900E-016, -0.5469441386039857200 ) ) ;
#7588 = FACE_BOUND ( 'NONE', #4408, .T. ) ;
#7589 = DIRECTION ( 'NONE',  ( 0.0000000000000000000, 0.0000000000000000000, -1.000000000000000000 ) ) ;
#7590 = ORIENTED_EDGE ( 'NONE', *, *, #10544, .T. ) ;
#7591 = CARTESIAN_POINT ( 'NONE',  ( 15.02046330534039200, 2.610000000000027400, 15.78139040224381700 ) ) ;
#7592 = CYLINDRICAL_SURFACE ( 'NONE', #12125, 0.2794843821735012400 ) ;
#7593 = ORIENTED_EDGE ( 'NONE', *, *, #9478, .T. ) ;
#7594 = FACE_OUTER_BOUND ( 'NONE', #1712, .T. ) ;
#7595 = PLANE ( 'NONE',  #5506 ) ;
#7596 = AXIS2_PLACEMENT_3D ( 'NONE', #570, #617, #10243 ) ;
#7597 = EDGE_CURVE ( 'NONE', #2899, #5344, #9157, .T. ) ;
#7598 = ORIENTED_EDGE ( 'NONE', *, *, #7619, .F. ) ;
#7599 = ADVANCED_FACE ( 'NONE', ( #1476 ), #11133, .T. ) ;
#7600 = AXIS2_PLACEMENT_3D ( 'NONE', #5828, #4097, #9897 ) ;
#7601 = CARTESIAN_POINT ( 'NONE',  ( 15.71441625783251400, 2.610000000000029200, -14.91795067099118200 ) ) ;
#7602 = CARTESIAN_POINT ( 'NONE',  ( 16.37157287525380800, 23.40000000000000600, 19.00000000000000700 ) ) ;
#7603 = VECTOR ( 'NONE', #7387, 1000.000000000000100 ) ;
#7604 = DIRECTION ( 'NONE',  ( 0.0000000000000000000, 0.0000000000000000000, 1.000000000000000000 ) ) ;
#7605 = VECTOR ( 'NONE', #512, 1000.000000000000100 ) ;
#7606 = ADVANCED_FACE ( 'NONE', ( #8840 ), #850, .F. ) ;
#7607 = CARTESIAN_POINT ( 'NONE',  ( 0.04561096724991218300, 6.110050607254169800, 18.20000000000000300 ) ) ;
#7608 = VERTEX_POINT ( 'NONE', #537 ) ;
#7609 = EDGE_LOOP ( 'NONE', ( #145, #9972, #7694, #7585 ) ) ;
#7610 = EDGE_CURVE ( 'NONE', #9584, #2458, #3421, .T. ) ;
#7612 = CARTESIAN_POINT ( 'NONE',  ( 18.74644660940672100, 0.0000000000000000000, 18.74644660940672100 ) ) ;
#7611 = AXIS2_PLACEMENT_3D ( 'NONE', #11336, #5550, #12329 ) ;
#7613 = DIRECTION ( 'NONE',  ( -0.3735429735244764600, 0.8949343913984425500, -0.2440452458516482500 ) ) ;
#7614 = LINE ( 'NONE', #10515, #9926 ) ;
#7615 = AXIS2_PLACEMENT_3D ( 'NONE', #6295, #9225, #3439 ) ;
#7616 = AXIS2_PLACEMENT_3D ( 'NONE', #11484, #7555, #885 ) ;
#7617 = LINE ( 'NONE', #8302, #12527 ) ;
#7618 = ORIENTED_EDGE ( 'NONE', *, *, #1279, .F. ) ;
#7619 = EDGE_CURVE ( 'NONE', #302, #4307, #8516, .T. ) ;
#7620 = CARTESIAN_POINT ( 'NONE',  ( 20.99999999999999600, 23.40000000000000600, 3.469446951953614200E-015 ) ) ;
#7621 = CARTESIAN_POINT ( 'NONE',  ( 16.01066363930342700, 0.6000000000000276200, 14.04187701221969300 ) ) ;
#7622 = ORIENTED_EDGE ( 'NONE', *, *, #10158, .T. ) ;
#7623 = CARTESIAN_POINT ( 'NONE',  ( -15.69758161700905000, 1.940406951505565700, -16.07105082455341700 ) ) ;
#7624 = CARTESIAN_POINT ( 'NONE',  ( 16.37157287525380800, 12.00000000000000000, -18.99999999999999600 ) ) ;
#7625 = CARTESIAN_POINT ( 'NONE',  ( 16.37157287525380800, 0.0000000000000000000, -18.99999999999999600 ) ) ;
#7626 = ORIENTED_EDGE ( 'NONE', *, *, #4185, .T. ) ;
#7627 = DIRECTION ( 'NONE',  ( 0.0000000000000000000, 1.000000000000000000, 0.0000000000000000000 ) ) ;
#7628 = PLANE ( 'NONE',  #9139 ) ;
#7629 = ORIENTED_EDGE ( 'NONE', *, *, #4010, .T. ) ;
#7630 = CARTESIAN_POINT ( 'NONE',  ( 15.45154568734832000, 1.940406951505562400, 14.89767972042401000 ) ) ;
#7631 = CIRCLE ( 'NONE', #215, 1.250000000000011500 ) ;
#7632 = CARTESIAN_POINT ( 'NONE',  ( 14.67958379209400900, 29.60000000000003300, -14.24424634350316400 ) ) ;
#7633 = AXIS2_PLACEMENT_3D ( 'NONE', #11195, #595, #7320 ) ;
#7634 = EDGE_LOOP ( 'NONE', ( #1241, #1965, #2374, #7724 ) ) ;
#7635 = VERTEX_POINT ( 'NONE', #4423 ) ;
#7636 = DIRECTION ( 'NONE',  ( -0.0000000000000000000, -1.000000000000000000, -0.0000000000000000000 ) ) ;
#7637 = DIRECTION ( 'NONE',  ( 0.7071067811865475700, 0.0000000000000000000, -0.7071067811865475700 ) ) ;
#7638 = EDGE_CURVE ( 'NONE', #9578, #2859, #10819, .T. ) ;
#7639 = VERTEX_POINT ( 'NONE', #10212 ) ;
#7640 = CIRCLE ( 'NONE', #6735, 2.749999999999999100 ) ;
#7641 = FACE_OUTER_BOUND ( 'NONE', #7172, .T. ) ;
#7642 = CARTESIAN_POINT ( 'NONE',  ( 3.469446951953614200E-015, 25.63749999999999900, -7.999999999999998200 ) ) ;
#7643 = VERTEX_POINT ( 'NONE', #11181 ) ;
#7644 = CARTESIAN_POINT ( 'NONE',  ( 16.32041620790597500, 29.60000000000003300, -16.75575365649683200 ) ) ;
#7645 = EDGE_LOOP ( 'NONE', ( #5428, #8402, #4689, #8558 ) ) ;
#7646 = ORIENTED_EDGE ( 'NONE', *, *, #1507, .F. ) ;
#7647 = CARTESIAN_POINT ( 'NONE',  ( -16.11915492039947800, 2.610000000000031400, -15.46254419180370700 ) ) ;
#7648 =( BOUNDED_CURVE ( )  B_SPLINE_CURVE ( 3, ( #11599, #6705, #1940, #5799 ),
 .UNSPECIFIED., .F., .F. ) 
 B_SPLINE_CURVE_WITH_KNOTS ( ( 4, 4 ),
 ( 5.754796812637098700, 6.811573801722078200 ),
 .UNSPECIFIED. ) 
 CURVE ( )  GEOMETRIC_REPRESENTATION_ITEM ( )  RATIONAL_B_SPLINE_CURVE ( ( 1.000000000000000000, 0.9090804130449049400, 0.9090804130449049400, 1.000000000000000000 ) ) 
 REPRESENTATION_ITEM ( '' )  );
#7649 = DIRECTION ( 'NONE',  ( 0.5469441386039886100, 2.697020329565932900E-016, -0.8371691043312222700 ) ) ;
#7650 = VECTOR ( 'NONE', #9164, 1000.000000000000200 ) ;
#7652 = DIRECTION ( 'NONE',  ( 0.5469441386039884900, 0.0000000000000000000, -0.8371691043312222700 ) ) ;
#7651 = VECTOR ( 'NONE', #5779, 1000.000000000000200 ) ;
#7653 = CARTESIAN_POINT ( 'NONE',  ( 3.469446951953614200E-014, 36.00000000000000700, 3.122502256758252800E-014 ) ) ;
#7654 = EDGE_LOOP ( 'NONE', ( #6516, #5541, #7572, #5197 ) ) ;
#7655 = CARTESIAN_POINT ( 'NONE',  ( 15.49999999999999300, 33.69999999999998200, -16.75000000000000700 ) ) ;
#7656 = EDGE_CURVE ( 'NONE', #5396, #8107, #3712, .T. ) ;
#7657 = ORIENTED_EDGE ( 'NONE', *, *, #4349, .T. ) ;
#7658 = VERTEX_POINT ( 'NONE', #8231 ) ;
#7659 = VERTEX_POINT ( 'NONE', #5433 ) ;
#7660 = ADVANCED_FACE ( 'NONE', ( #1165 ), #10519, .F. ) ;
#7661 = CARTESIAN_POINT ( 'NONE',  ( 14.04187701221968400, 0.6000000000000297300, -16.01066363930342700 ) ) ;
#7662 = CARTESIAN_POINT ( 'NONE',  ( 1.660547806356623700, 4.110050607254169800, 18.20000000000000300 ) ) ;
#7663 = CARTESIAN_POINT ( 'NONE',  ( 3.469446951953614200E-014, 33.50000000000000000, 3.122502256758252800E-014 ) ) ;
#7664 = DIRECTION ( 'NONE',  ( -0.0000000000000000000, -1.000000000000000000, -0.0000000000000000000 ) ) ;
#7665 = TOROIDAL_SURFACE ( 'NONE', #4706, 5.250000000000000000, 1.650000000000000100 ) ;
#7666 = VECTOR ( 'NONE', #474, 1000.000000000000000 ) ;
#7667 = ORIENTED_EDGE ( 'NONE', *, *, #6410, .T. ) ;
#7668 = DIRECTION ( 'NONE',  ( 0.8371691043312241600, -5.359117379318552800E-017, 0.5469441386039858300 ) ) ;
#7669 = CARTESIAN_POINT ( 'NONE',  ( 3.469446951953614200E-015, 7.500000000000001800, 6.938893903907228400E-015 ) ) ;
#7670 = CARTESIAN_POINT ( 'NONE',  ( -15.94452336260681800, 2.424605185108624500, 15.10115791695334200 ) ) ;
#7671 = EDGE_LOOP ( 'NONE', ( #4282, #10041, #1333, #10446 ) ) ;
#7672 = ORIENTED_EDGE ( 'NONE', *, *, #57, .F. ) ;
#7673 = ADVANCED_FACE ( 'NONE', ( #8221 ), #238, .F. ) ;
#7674 = DIRECTION ( 'NONE',  ( 0.5469441386039879400, 0.0000000000000000000, -0.8371691043312227100 ) ) ;
#7675 = AXIS2_PLACEMENT_3D ( 'NONE', #7500, #10452, #12418 ) ;
#7676 = ORIENTED_EDGE ( 'NONE', *, *, #12523, .F. ) ;
#7677 = EDGE_CURVE ( 'NONE', #12345, #9788, #2810, .T. ) ;
#7678 = DIRECTION ( 'NONE',  ( -0.0000000000000000000, -1.000000000000000000, 0.0000000000000000000 ) ) ;
#7679 = EDGE_CURVE ( 'NONE', #3569, #5266, #5679, .T. ) ;
#7680 = VECTOR ( 'NONE', #11011, 1000.000000000000100 ) ;
#7681 = EDGE_CURVE ( 'NONE', #7934, #2729, #10703, .T. ) ;
#7682 = LINE ( 'NONE', #10073, #5150 ) ;
#7683 = DIRECTION ( 'NONE',  ( 0.0000000000000000000, -0.7071067811865500200, -0.7071067811865451300 ) ) ;
#7684 = ORIENTED_EDGE ( 'NONE', *, *, #11765, .F. ) ;
#7685 = DIRECTION ( 'NONE',  ( 0.0000000000000000000, 0.0000000000000000000, 1.000000000000000000 ) ) ;
#7686 = ORIENTED_EDGE ( 'NONE', *, *, #3466, .T. ) ;
#7687 = VERTEX_POINT ( 'NONE', #3581 ) ;
#7688 = CARTESIAN_POINT ( 'NONE',  ( -13.99590361883903700, -5.749999999999959100, -17.80221503691085500 ) ) ;
#7689 = EDGE_LOOP ( 'NONE', ( #12237, #1109, #6365, #6905, #8500, #2716 ) ) ;
#7690 = DIRECTION ( 'NONE',  ( 0.5469441386039891600, 0.0000000000000000000, -0.8371691043312219400 ) ) ;
#7691 = CARTESIAN_POINT ( 'NONE',  ( -14.44661567478664700, 0.6000000000000319500, -14.36983122349146100 ) ) ;
#7692 = VECTOR ( 'NONE', #10620, 1000.000000000000000 ) ;
#7693 = LINE ( 'NONE', #3901, #5161 ) ;
#7695 = EDGE_CURVE ( 'NONE', #9682, #11377, #548, .T. ) ;
#7694 = ORIENTED_EDGE ( 'NONE', *, *, #5838, .T. ) ;
#7696 = AXIS2_PLACEMENT_3D ( 'NONE', #3575, #10330, #4541 ) ;
#7697 = CARTESIAN_POINT ( 'NONE',  ( -16.37157287525379300, 33.50000000000000000, 21.00000000000000700 ) ) ;
#7698 = DIRECTION ( 'NONE',  ( 0.0000000000000000000, 0.0000000000000000000, 1.000000000000000000 ) ) ;
#7700 = VERTEX_POINT ( 'NONE', #9368 ) ;
#7699 = ORIENTED_EDGE ( 'NONE', *, *, #9656, .F. ) ;
#7701 = ORIENTED_EDGE ( 'NONE', *, *, #3466, .F. ) ;
#7702 = DIRECTION ( 'NONE',  ( -0.5469441386039857200, 0.0000000000000000000, 0.8371691043312240500 ) ) ;
#7703 = DIRECTION ( 'NONE',  ( 0.0000000000000000000, 1.000000000000000000, -0.0000000000000000000 ) ) ;
#7704 = LINE ( 'NONE', #3820, #4870 ) ;
#7705 = CARTESIAN_POINT ( 'NONE',  ( 0.8530793868032574600, 6.110050607254169800, 28.20000000000000300 ) ) ;
#7706 = ORIENTED_EDGE ( 'NONE', *, *, #6069, .T. ) ;
#7707 = VECTOR ( 'NONE', #1914, 1000.000000000000000 ) ;
#7708 = FACE_OUTER_BOUND ( 'NONE', #422, .T. ) ;
#7709 = ORIENTED_EDGE ( 'NONE', *, *, #3132, .F. ) ;
#7710 = CARTESIAN_POINT ( 'NONE',  ( -1.146920613196742700, 6.110050607254169800, 28.20000000000000300 ) ) ;
#7711 = CARTESIAN_POINT ( 'NONE',  ( -2.081668171172168500E-014, 8.500000000000000000, -1.734723475976807100E-014 ) ) ;
#7712 = CARTESIAN_POINT ( 'NONE',  ( 17.14999999999998400, 8.500000000000000000, 13.13154598666892500 ) ) ;
#7713 = DIRECTION ( 'NONE',  ( -0.0000000000000000000, -1.000000000000000000, -0.0000000000000000000 ) ) ;
#7714 = ORIENTED_EDGE ( 'NONE', *, *, #1376, .T. ) ;
#7715 = AXIS2_PLACEMENT_3D ( 'NONE', #4648, #11414, #5618 ) ;
#7716 = DIRECTION ( 'NONE',  ( 0.0000000000000000000, 0.0000000000000000000, -1.000000000000000000 ) ) ;
#7717 = FACE_BOUND ( 'NONE', #4547, .T. ) ;
#7718 = CARTESIAN_POINT ( 'NONE',  ( -19.09999999999999100, 12.00000000000000000, -19.10000000000000500 ) ) ;
#7719 = ORIENTED_EDGE ( 'NONE', *, *, #12150, .T. ) ;
#7720 = CARTESIAN_POINT ( 'NONE',  ( 15.80928918440700800, 2.474345677606097500, -15.97340730289245600 ) ) ;
#7721 = EDGE_CURVE ( 'NONE', #5450, #6576, #7909, .T. ) ;
#7722 = LINE ( 'NONE', #3482, #4884 ) ;
#7723 = VECTOR ( 'NONE', #4223, 1000.000000000000000 ) ;
#7724 = ORIENTED_EDGE ( 'NONE', *, *, #4991, .F. ) ;
#7725 = ORIENTED_EDGE ( 'NONE', *, *, #7169, .T. ) ;
#7726 = DIRECTION ( 'NONE',  ( 0.0000000000000000000, 1.000000000000000000, -0.0000000000000000000 ) ) ;
#7727 = DIRECTION ( 'NONE',  ( 0.0000000000000000000, 0.0000000000000000000, 1.000000000000000000 ) ) ;
#7728 = TOROIDAL_SURFACE ( 'NONE', #2726, 1.500000000000000000, 0.5000000000000000000 ) ;
#7729 = EDGE_LOOP ( 'NONE', ( #2155, #7485, #5172, #8956, #1771, #11528, #7200, #10847, #582, #4851, #10707 ) ) ;
#7730 = AXIS2_PLACEMENT_3D ( 'NONE', #10168, #9239, #2450 ) ;
#7731 = ADVANCED_FACE ( 'NONE', ( #10222 ), #9914, .T. ) ;
#7732 = FACE_OUTER_BOUND ( 'NONE', #11620, .T. ) ;
#7733 = CARTESIAN_POINT ( 'NONE',  ( 15.50000000000000400, -997.2093446488944400, 15.50000000000000500 ) ) ;
#7734 = CARTESIAN_POINT ( 'NONE',  ( -15.97953669465961600, 2.610000000000006100, 15.78139040224381700 ) ) ;
#7735 = DIRECTION ( 'NONE',  ( 0.5469441386039892700, 0.0000000000000000000, -0.8371691043312217100 ) ) ;
#7736 = DIRECTION ( 'NONE',  ( 0.7071067811865475700, 0.0000000000000000000, -0.7071067811865475700 ) ) ;
#7737 = EDGE_CURVE ( 'NONE', #7367, #3120, #8433, .T. ) ;
#7738 = FACE_OUTER_BOUND ( 'NONE', #5069, .T. ) ;
#7739 = DIRECTION ( 'NONE',  ( 0.0000000000000000000, 0.0000000000000000000, 1.000000000000000000 ) ) ;
#7740 = ADVANCED_FACE ( 'NONE', ( #5381 ), #12207, .F. ) ;
#7741 = FACE_OUTER_BOUND ( 'NONE', #7361, .T. ) ;
#7742 = CARTESIAN_POINT ( 'NONE',  ( -14.86746421971175300, 0.6000000000000063100, 15.20830766548010800 ) ) ;
#7743 = EDGE_LOOP ( 'NONE', ( #9217, #9289, #7118, #11845 ) ) ;
#7744 = CARTESIAN_POINT ( 'NONE',  ( 6.938893903907228400E-015, 32.09999999999999400, 3.469446951953614200E-015 ) ) ;
#7745 = TOROIDAL_SURFACE ( 'NONE', #2126, 1.500000000000000000, 0.5000000000000000000 ) ;
#7746 = EDGE_CURVE ( 'NONE', #12441, #9721, #2223, .T. ) ;
#7747 = CARTESIAN_POINT ( 'NONE',  ( -15.50000000000000700, 2.581370849898484200, 15.50000000000000400 ) ) ;
#7748 = ORIENTED_EDGE ( 'NONE', *, *, #274, .F. ) ;
#7749 = ORIENTED_EDGE ( 'NONE', *, *, #322, .T. ) ;
#7750 = DIRECTION ( 'NONE',  ( -0.0000000000000000000, -0.0000000000000000000, -1.000000000000000000 ) ) ;
#7751 = CARTESIAN_POINT ( 'NONE',  ( -15.48696935691685900, 0.6000000000000063100, 14.80356900291316100 ) ) ;
#7752 = AXIS2_PLACEMENT_3D ( 'NONE', #5357, #12139, #6311 ) ;
#7753 = LINE ( 'NONE', #2412, #66 ) ;
#7754 = EDGE_CURVE ( 'NONE', #7939, #9615, #2520, .T. ) ;
#7755 = CARTESIAN_POINT ( 'NONE',  ( 18.99999999999999600, 23.40000000000000600, 16.37157287525381800 ) ) ;
#7756 = CIRCLE ( 'NONE', #2824, 25.60000000000000500 ) ;
#7757 = EDGE_CURVE ( 'NONE', #3531, #9666, #4768, .T. ) ;
#7758 = CARTESIAN_POINT ( 'NONE',  ( 14.91795067099117800, 2.610000000000029200, -15.28558374216747500 ) ) ;
#7759 = CARTESIAN_POINT ( 'NONE',  ( 15.02046330534039200, 2.610000000000027400, 15.78139040224381700 ) ) ;
#7760 = ORIENTED_EDGE ( 'NONE', *, *, #2763, .F. ) ;
#7761 = CARTESIAN_POINT ( 'NONE',  ( 15.49999999999999300, 26.00000000000000400, -15.49999999999999600 ) ) ;
#7762 = CIRCLE ( 'NONE', #3949, 8.000000000000000000 ) ;
#7763 = CARTESIAN_POINT ( 'NONE',  ( 3.469446951953614200E-014, 36.00000000000000700, 3.122502256758252800E-014 ) ) ;
#7764 = EDGE_LOOP ( 'NONE', ( #10126, #3103, #2136, #2747 ) ) ;
#7765 = DIRECTION ( 'NONE',  ( 0.0000000000000000000, 0.0000000000000000000, 1.000000000000000000 ) ) ;
#7766 = CIRCLE ( 'NONE', #5326, 0.5000000000000004400 ) ;
#7767 = AXIS2_PLACEMENT_3D ( 'NONE', #6284, #9169, #9213 ) ;
#7768 = AXIS2_PLACEMENT_3D ( 'NONE', #4477, #6357, #2456 ) ;
#7769 = DIRECTION ( 'NONE',  ( -0.5469441386039888300, -5.359117379318553400E-017, 0.8371691043312222700 ) ) ;
#7770 = ORIENTED_EDGE ( 'NONE', *, *, #6481, .T. ) ;
#7771 = CARTESIAN_POINT ( 'NONE',  ( 15.53745580819629500, 2.610000000000027400, 16.11915492039947400 ) ) ;
#7772 = DIRECTION ( 'NONE',  ( -1.000000000000000000, 0.0000000000000000000, 0.0000000000000000000 ) ) ;
#7773 = CARTESIAN_POINT ( 'NONE',  ( 2.094712078817835700, 7.500000000000000900, 21.50000000000000400 ) ) ;
#7774 = CIRCLE ( 'NONE', #4517, 2.500000000000000000 ) ;
#7775 = COORDINATED_UNIVERSAL_TIME_OFFSET ( 3, 0, .AHEAD. ) ;
#7776 = DIRECTION ( 'NONE',  ( -0.5201747870687639700, -0.3090169943749421200, 0.7961951319151877600 ) ) ;
#7777 = ORIENTED_EDGE ( 'NONE', *, *, #6185, .F. ) ;
#7778 = DIRECTION ( 'NONE',  ( -0.3735429735244764600, -0.8949343913984425500, -0.2440452458516482700 ) ) ;
#7779 = ORIENTED_EDGE ( 'NONE', *, *, #5783, .T. ) ;
#7780 = AXIS2_PLACEMENT_3D ( 'NONE', #5195, #384, #7112 ) ;
#7781 = ORIENTED_EDGE ( 'NONE', *, *, #3065, .F. ) ;
#7782 = CARTESIAN_POINT ( 'NONE',  ( 15.78139040224380300, 2.610000000000029200, -15.02046330534038500 ) ) ;
#7783 = EDGE_CURVE ( 'NONE', #6550, #8893, #5080, .T. ) ;
#7784 = AXIS2_PLACEMENT_3D ( 'NONE', #5346, #4421, #577 ) ;
#7785 = ADVANCED_FACE ( 'NONE', ( #9610 ), #9317, .T. ) ;
#7786 = EDGE_CURVE ( 'NONE', #925, #11660, #4479, .T. ) ;
#7787 = DIRECTION ( 'NONE',  ( -0.0000000000000000000, -1.000000000000000000, 0.0000000000000000000 ) ) ;
#7788 = CARTESIAN_POINT ( 'NONE',  ( 3.469446951953614200E-014, 35.50000000000000700, 4.150000000000031400 ) ) ;
#7789 = CIRCLE ( 'NONE', #8438, 0.5559999999999988300 ) ;
#7790 = FACE_OUTER_BOUND ( 'NONE', #9937, .T. ) ;
#7791 = ORIENTED_EDGE ( 'NONE', *, *, #10293, .T. ) ;
#7792 = CARTESIAN_POINT ( 'NONE',  ( 16.37157287525380800, 0.5000000000000004400, -18.99999999999999600 ) ) ;
#7793 = CARTESIAN_POINT ( 'NONE',  ( 6.938893903907228400E-015, 11.46250000000000000, 3.469446951953614200E-015 ) ) ;
#7794 = ORIENTED_EDGE ( 'NONE', *, *, #7757, .F. ) ;
#7795 = CARTESIAN_POINT ( 'NONE',  ( -15.05936037095914600, 2.520634500420025200, -15.86002506367889900 ) ) ;
#7796 = CARTESIAN_POINT ( 'NONE',  ( 16.11915492039947400, 2.610000000000027400, 15.46254419180371500 ) ) ;
#7797 = ADVANCED_FACE ( 'NONE', ( #11892 ), #11581, .T. ) ;
#7798 = CARTESIAN_POINT ( 'NONE',  ( -16.08204932900882200, 2.610000000000006100, 15.71441625783252500 ) ) ;
#7799 = EDGE_CURVE ( 'NONE', #3734, #11660, #6706, .T. ) ;
#7800 = AXIS2_PLACEMENT_3D ( 'NONE', #5262, #12049, #6225 ) ;
#7801 = ORIENTED_EDGE ( 'NONE', *, *, #2882, .T. ) ;
#7802 = LINE ( 'NONE', #3481, #2713 ) ;
#7803 = LINE ( 'NONE', #418, #2714 ) ;
#7804 = ORIENTED_EDGE ( 'NONE', *, *, #372, .F. ) ;
#7805 = CARTESIAN_POINT ( 'NONE',  ( 19.10000000000000100, 34.00000000000000000, 19.09999999999999800 ) ) ;
#7806 = CARTESIAN_POINT ( 'NONE',  ( -15.50000000000000700, 26.00000000000000400, 14.24999999999999100 ) ) ;
#7807 = EDGE_CURVE ( 'NONE', #4863, #4310, #7317, .T. ) ;
#7808 = PLANE ( 'NONE',  #6048 ) ;
#7809 = EDGE_LOOP ( 'NONE', ( #7820, #2524 ) ) ;
#7810 = AXIS2_PLACEMENT_3D ( 'NONE', #1817, #1861, #12471 ) ;
#7811 = ORIENTED_EDGE ( 'NONE', *, *, #4242, .T. ) ;
#7812 = DIRECTION ( 'NONE',  ( 0.0000000000000000000, 0.0000000000000000000, 1.000000000000000000 ) ) ;
#7813 = DIRECTION ( 'NONE',  ( -0.8371691043312241600, 2.697020329565932900E-016, -0.5469441386039857200 ) ) ;
#7814 = ADVANCED_FACE ( 'NONE', ( #1623 ), #8674, .T. ) ;
#7815 = LINE ( 'NONE', #6617, #5878 ) ;
#7816 = FACE_OUTER_BOUND ( 'NONE', #3788, .T. ) ;
#7817 = DIRECTION ( 'NONE',  ( 0.0000000000000000000, 1.000000000000000000, 0.0000000000000000000 ) ) ;
#7818 = VERTEX_POINT ( 'NONE', #6627 ) ;
#7819 = ORIENTED_EDGE ( 'NONE', *, *, #2128, .T. ) ;
#7820 = ORIENTED_EDGE ( 'NONE', *, *, #6077, .F. ) ;
#7821 = DIRECTION ( 'NONE',  ( -0.3735429735244764600, 0.8949343913984425500, -0.2440452458516482700 ) ) ;
#7822 = CARTESIAN_POINT ( 'NONE',  ( -15.50000000000000700, -997.2093446488944400, -15.49999999999999600 ) ) ;
#7823 = EDGE_LOOP ( 'NONE', ( #12426, #5604, #11342, #6744 ) ) ;
#7824 = ORIENTED_EDGE ( 'NONE', *, *, #7861, .T. ) ;
#7825 = DIRECTION ( 'NONE',  ( -1.000000000000000000, 0.0000000000000000000, 0.0000000000000000000 ) ) ;
#7826 = AXIS2_PLACEMENT_3D ( 'NONE', #12244, #11258, #10278 ) ;
#7827 = EDGE_CURVE ( 'NONE', #6882, #4572, #11279, .T. ) ;
#7828 = DIRECTION ( 'NONE',  ( 0.0000000000000000000, 0.0000000000000000000, -1.000000000000000000 ) ) ;
#7829 = VECTOR ( 'NONE', #4836, 1000.000000000000000 ) ;
#7830 = CIRCLE ( 'NONE', #3524, 0.6965528920064402200 ) ;
#7831 = EDGE_LOOP ( 'NONE', ( #7905, #4855, #585 ) ) ;
#7832 = EDGE_CURVE ( 'NONE', #112, #10647, #8987, .T. ) ;
#7834 = ORIENTED_EDGE ( 'NONE', *, *, #1276, .F. ) ;
#7833 = CARTESIAN_POINT ( 'NONE',  ( -16.37157287525381100, 12.00000000000000000, -20.99999999999999600 ) ) ;
#7835 = ORIENTED_EDGE ( 'NONE', *, *, #6756, .T. ) ;
#7836 = CARTESIAN_POINT ( 'NONE',  ( -14.89772079918200000, 1.270265698095189900, -15.74538070642587000 ) ) ;
#7837 = VECTOR ( 'NONE', #9947, 1000.000000000000000 ) ;
#7838 = CYLINDRICAL_SURFACE ( 'NONE', #99, 1.999999999999998200 ) ;
#7839 = ORIENTED_EDGE ( 'NONE', *, *, #2368, .T. ) ;
#7840 = CARTESIAN_POINT ( 'NONE',  ( -17.14999999999999900, 8.500000000000000000, -13.13154598666895000 ) ) ;
#7841 = EDGE_CURVE ( 'NONE', #6695, #7700, #6207, .T. ) ;
#7842 = ORIENTED_EDGE ( 'NONE', *, *, #5438, .F. ) ;
#7843 = VERTEX_POINT ( 'NONE', #1856 ) ;
#7844 = CARTESIAN_POINT ( 'NONE',  ( 20.32592592592590800, 26.00000000000000400, 15.56331376197798600 ) ) ;
#7845 = CARTESIAN_POINT ( 'NONE',  ( 20.41421356237309600, 0.0000000000000000000, -17.78578643762690000 ) ) ;
#7846 = CARTESIAN_POINT ( 'NONE',  ( 17.43223304703363000, 0.5000000000000000000, -20.06066017177981600 ) ) ;
#7847 = CONICAL_SURFACE ( 'NONE', #1467, 2.749999999999999600, 0.7853981633974500600 ) ;
#7848 = TOROIDAL_SURFACE ( 'NONE', #5765, 4.150000000000000400, 0.5000000000000000000 ) ;
#7849 = ADVANCED_FACE ( 'NONE', ( #6124 ), #2848, .T. ) ;
#7850 = ORIENTED_EDGE ( 'NONE', *, *, #1518, .T. ) ;
#7851 = DIRECTION ( 'NONE',  ( -0.0000000000000000000, -1.000000000000000000, 0.0000000000000000000 ) ) ;
#7852 = DIRECTION ( 'NONE',  ( 0.5469441386039889400, 0.0000000000000000000, -0.8371691043312219400 ) ) ;
#7853 = VERTEX_POINT ( 'NONE', #909 ) ;
#7854 = ORIENTED_EDGE ( 'NONE', *, *, #10859, .T. ) ;
#7855 = DIRECTION ( 'NONE',  ( 0.0000000000000000000, -0.0000000000000000000, 1.000000000000000000 ) ) ;
#7856 = DIRECTION ( 'NONE',  ( 0.0000000000000000000, 0.0000000000000000000, -1.000000000000000000 ) ) ;
#7857 = EDGE_CURVE ( 'NONE', #3635, #4565, #3573, .T. ) ;
#7858 = ORIENTED_EDGE ( 'NONE', *, *, #3023, .F. ) ;
#7859 = LINE ( 'NONE', #624, #5330 ) ;
#7860 = ORIENTED_EDGE ( 'NONE', *, *, #1906, .T. ) ;
#7861 = EDGE_CURVE ( 'NONE', #931, #11039, #1002, .T. ) ;
#7862 = DIRECTION ( 'NONE',  ( 0.0000000000000000000, 1.000000000000000000, 0.0000000000000000000 ) ) ;
#7863 = ADVANCED_FACE ( 'NONE', ( #5819 ), #5755, .F. ) ;
#7864 = LINE ( 'NONE', #3391, #10472 ) ;
#7865 = FACE_BOUND ( 'NONE', #6506, .T. ) ;
#7866 = CARTESIAN_POINT ( 'NONE',  ( 2.094712078817835700, 7.500000000000000900, 18.00000000000000700 ) ) ;
#7867 = EDGE_LOOP ( 'NONE', ( #8030, #785, #4743, #2671 ) ) ;
#7868 = EDGE_CURVE ( 'NONE', #12467, #10970, #3271, .T. ) ;
#7869 = CARTESIAN_POINT ( 'NONE',  ( -15.30241838299096300, 1.940406951505567100, -14.92894917544657400 ) ) ;
#7870 = EDGE_LOOP ( 'NONE', ( #2006, #3014, #11509, #8534 ) ) ;
#7871 = CARTESIAN_POINT ( 'NONE',  ( 15.50000000000000400, 2.581370849898505100, 15.50000000000000500 ) ) ;
#7872 = CIRCLE ( 'NONE', #11147, 0.5560000000000002700 ) ;
#7873 = ORIENTED_EDGE ( 'NONE', *, *, #7014, .T. ) ;
#7874 = DIRECTION ( 'NONE',  ( -0.3867479093371159500, -0.7071067811865462400, 0.5919679506724766500 ) ) ;
#7875 = CIRCLE ( 'NONE', #1575, 0.7999999999999999300 ) ;
#7876 = AXIS2_PLACEMENT_3D ( 'NONE', #9893, #4093, #10852 ) ;
#7877 = VERTEX_POINT ( 'NONE', #4802 ) ;
#7878 = DIRECTION ( 'NONE',  ( 0.0000000000000000000, 0.0000000000000000000, 1.000000000000000000 ) ) ;
#7879 = ADVANCED_FACE ( 'NONE', ( #10664 ), #698, .T. ) ;
#7880 = AXIS2_PLACEMENT_3D ( 'NONE', #10214, #4431, #11189 ) ;
#7881 = CARTESIAN_POINT ( 'NONE',  ( 14.88084507960053100, 2.610000000000027400, 15.53745580819629500 ) ) ;
#7882 = DIRECTION ( 'NONE',  ( -0.0000000000000000000, -1.000000000000000000, 0.0000000000000000000 ) ) ;
#7883 = CARTESIAN_POINT ( 'NONE',  ( 3.469446951953614200E-014, 33.30000000000000400, 11.50000000000003600 ) ) ;
#7884 = CARTESIAN_POINT ( 'NONE',  ( 15.02046330534038400, 2.610000000000029200, -15.21860959775618500 ) ) ;
#7885 = EDGE_CURVE ( 'NONE', #7062, #720, #3865, .T. ) ;
#7886 = CARTESIAN_POINT ( 'NONE',  ( 15.49999999999999300, 26.00000000000000400, 15.50000000000000400 ) ) ;
#7887 = B_SPLINE_CURVE_WITH_KNOTS ( 'NONE', 3,
 ( #12155, #6325, #7288, #1547 ),
 .UNSPECIFIED., .F., .F.,
 ( 4, 4 ),
 ( 0.001380840031772738900, 0.003398373201762473200 ),
 .UNSPECIFIED. ) ;
#7888 = FACE_OUTER_BOUND ( 'NONE', #11023, .T. ) ;
#7889 = VERTEX_POINT ( 'NONE', #9664 ) ;
#7890 = VECTOR ( 'NONE', #4288, 1000.000000000000100 ) ;
#7891 = DIRECTION ( 'NONE',  ( 0.5469441386039889400, 0.0000000000000000000, -0.8371691043312219400 ) ) ;
#7892 = PLANE ( 'NONE',  #3306 ) ;
#7893 = FACE_OUTER_BOUND ( 'NONE', #3519, .T. ) ;
#7894 = DIRECTION ( 'NONE',  ( 0.5469441386039884900, 0.0000000000000000000, -0.8371691043312222700 ) ) ;
#7895 = VECTOR ( 'NONE', #10498, 1000.000000000000200 ) ;
#7896 = CARTESIAN_POINT ( 'NONE',  ( -13.13154598666891800, 26.00000000000000400, 21.14999999999999900 ) ) ;
#7897 = ORIENTED_EDGE ( 'NONE', *, *, #2493, .T. ) ;
#7898 = CARTESIAN_POINT ( 'NONE',  ( -15.28558374216748700, 2.610000000000031400, -14.91795067099118200 ) ) ;
#7899 = FACE_OUTER_BOUND ( 'NONE', #2454, .T. ) ;
#7900 = DIRECTION ( 'NONE',  ( -1.000000000000000000, 0.0000000000000000000, 0.0000000000000000000 ) ) ;
#7901 = EDGE_CURVE ( 'NONE', #10863, #1506, #2962, .T. ) ;
#7902 = AXIS2_PLACEMENT_3D ( 'NONE', #11260, #5469, #12250 ) ;
#7903 = DIRECTION ( 'NONE',  ( 0.0000000000000000000, 0.0000000000000000000, -1.000000000000000000 ) ) ;
#7904 = PLANE ( 'NONE',  #2017 ) ;
#7905 = ORIENTED_EDGE ( 'NONE', *, *, #8464, .F. ) ;
#7906 = PLANE ( 'NONE',  #7876 ) ;
#7907 = CARTESIAN_POINT ( 'NONE',  ( 20.06066017177982300, 0.5000000000000000000, -17.43223304703363000 ) ) ;
#7908 = CARTESIAN_POINT ( 'NONE',  ( 18.99999999999999600, 33.50000000000000000, 16.37157287525381800 ) ) ;
#7909 = LINE ( 'NONE', #11305, #7603 ) ;
#7910 = VECTOR ( 'NONE', #11117, 999.9999999999998900 ) ;
#7911 = ADVANCED_FACE ( 'NONE', ( #5536 ), #10368, .T. ) ;
#7912 = CARTESIAN_POINT ( 'NONE',  ( -3.888629745115985700, 1.628844685195823100, 18.00000000000000700 ) ) ;
#7913 = AXIS2_PLACEMENT_3D ( 'NONE', #1438, #8139, #2401 ) ;
#7914 = EDGE_LOOP ( 'NONE', ( #6174, #3285 ) ) ;
#7915 = EDGE_CURVE ( 'NONE', #3154, #6375, #1312, .T. ) ;
#7916 = DIRECTION ( 'NONE',  ( -1.000000000000000000, 0.0000000000000000000, 0.0000000000000000000 ) ) ;
#7917 = EDGE_CURVE ( 'NONE', #8410, #8420, #7756, .T. ) ;
#7918 = EDGE_CURVE ( 'NONE', #3384, #9248, #5221, .T. ) ;
#7919 = DIRECTION ( 'NONE',  ( 0.7492114228822416300, -0.4461977533474358900, 0.4894791198105061800 ) ) ;
#7920 = DIRECTION ( 'NONE',  ( 1.000000000000000000, 0.0000000000000000000, 0.0000000000000000000 ) ) ;
#7921 = ADVANCED_FACE ( 'NONE', ( #7459 ), #9759, .F. ) ;
#7922 = VECTOR ( 'NONE', #12470, 1000.000000000000100 ) ;
#7923 = ORIENTED_EDGE ( 'NONE', *, *, #4958, .F. ) ;
#7924 = ORIENTED_EDGE ( 'NONE', *, *, #4955, .T. ) ;
#7925 = DIRECTION ( 'NONE',  ( -0.0000000000000000000, -0.0000000000000000000, 1.000000000000000000 ) ) ;
#7926 = DIRECTION ( 'NONE',  ( -1.000000000000000000, -0.0000000000000000000, -0.0000000000000000000 ) ) ;
#7927 = DIRECTION ( 'NONE',  ( -0.3735429735244764600, 0.8949343913984425500, -0.2440452458516482500 ) ) ;
#7928 = EDGE_CURVE ( 'NONE', #772, #12051, #2365, .T. ) ;
#7929 = AXIS2_PLACEMENT_3D ( 'NONE', #7168, #1432, #8133 ) ;
#7930 = FACE_OUTER_BOUND ( 'NONE', #6922, .T. ) ;
#7931 = CIRCLE ( 'NONE', #8275, 0.6965528920064402200 ) ;
#7932 = CARTESIAN_POINT ( 'NONE',  ( 17.43223304703363000, 34.00000000000000000, 20.06066017177982600 ) ) ;
#7933 = DIRECTION ( 'NONE',  ( 0.5469441386039886100, 0.0000000000000000000, -0.8371691043312222700 ) ) ;
#7934 = VERTEX_POINT ( 'NONE', #9750 ) ;
#7935 = ADVANCED_FACE ( 'NONE', ( #2668 ), #7808, .F. ) ;
#7936 = CARTESIAN_POINT ( 'NONE',  ( -16.08204932900882200, 2.610000000000006100, 15.71441625783252500 ) ) ;
#7937 = EDGE_LOOP ( 'NONE', ( #10285, #4511, #831, #6220 ) ) ;
#7938 = ORIENTED_EDGE ( 'NONE', *, *, #3339, .F. ) ;
#7939 = VERTEX_POINT ( 'NONE', #5897 ) ;
#7940 = CARTESIAN_POINT ( 'NONE',  ( -15.50000000000000700, -5.749999999999984000, 15.50000000000000400 ) ) ;
#7941 = EDGE_LOOP ( 'NONE', ( #5043, #287, #3950, #1190 ) ) ;
#7942 = DIRECTION ( 'NONE',  ( -0.0000000000000000000, -1.000000000000000000, 0.0000000000000000000 ) ) ;
#7943 = DIRECTION ( 'NONE',  ( 0.0000000000000000000, 0.0000000000000000000, -1.000000000000000000 ) ) ;
#7944 = FACE_OUTER_BOUND ( 'NONE', #1994, .T. ) ;
#7946 = DIRECTION ( 'NONE',  ( 0.0000000000000000000, 0.0000000000000000000, -1.000000000000000000 ) ) ;
#7945 = CIRCLE ( 'NONE', #9443, 0.5000000000000004400 ) ;
#7947 = ORIENTED_EDGE ( 'NONE', *, *, #1316, .F. ) ;
#7948 = DIRECTION ( 'NONE',  ( -0.0000000000000000000, -1.000000000000000000, 0.0000000000000000000 ) ) ;
#7949 = CARTESIAN_POINT ( 'NONE',  ( 15.35493305815095000, 2.610000000000027400, 14.96325836533528000 ) ) ;
#7950 = AXIS2_PLACEMENT_3D ( 'NONE', #11162, #5370, #12153 ) ;
#7951 = EDGE_LOOP ( 'NONE', ( #4398, #4513, #5102, #9665 ) ) ;
#7952 = DIRECTION ( 'NONE',  ( 0.0000000000000000000, 1.000000000000000000, -0.0000000000000000000 ) ) ;
#7953 = ORIENTED_EDGE ( 'NONE', *, *, #2046, .F. ) ;
#7954 = EDGE_CURVE ( 'NONE', #5874, #9624, #8060, .T. ) ;
#7955 = VERTEX_POINT ( 'NONE', #10711 ) ;
#7956 = CARTESIAN_POINT ( 'NONE',  ( 0.04561096724991218300, 6.110050607254169800, 28.20000000000000300 ) ) ;
#7957 = CARTESIAN_POINT ( 'NONE',  ( 3.469446951953614200E-015, 2.500000000000004000, 6.938893903907228400E-015 ) ) ;
#7958 = FACE_OUTER_BOUND ( 'NONE', #8349, .T. ) ;
#7959 = CIRCLE ( 'NONE', #5385, 1.499999999999999600 ) ;
#7960 = ORIENTED_EDGE ( 'NONE', *, *, #222, .F. ) ;
#7961 = CARTESIAN_POINT ( 'NONE',  ( 2.440806305255389700, 53.50000000000000000, -0.5407999447351443700 ) ) ;
#7962 = DIRECTION ( 'NONE',  ( -0.0000000000000000000, -1.000000000000000000, 0.0000000000000000000 ) ) ;
#7963 = DIRECTION ( 'NONE',  ( -0.7071067811865479100, -0.0000000000000000000, 0.7071067811865472400 ) ) ;
#7964 = ORIENTED_EDGE ( 'NONE', *, *, #6557, .F. ) ;
#7965 = EDGE_LOOP ( 'NONE', ( #7629, #7860, #8985, #5933 ) ) ;
#7966 = ORIENTED_EDGE ( 'NONE', *, *, #10676, .F. ) ;
#7967 = VECTOR ( 'NONE', #3311, 1000.000000000000000 ) ;
#7968 = TOROIDAL_SURFACE ( 'NONE', #5216, 1.500000000000000000, 0.5000000000000000000 ) ;
#7969 = CARTESIAN_POINT ( 'NONE',  ( 0.0000000000000000000, 39.00000000000000000, 0.0000000000000000000 ) ) ;
#7970 = CARTESIAN_POINT ( 'NONE',  ( -15.50000000000000700, 26.00000000000000400, 15.50000000000000400 ) ) ;
#7971 = DIRECTION ( 'NONE',  ( 0.0000000000000000000, 0.0000000000000000000, 1.000000000000000000 ) ) ;
#7972 = ORIENTED_EDGE ( 'NONE', *, *, #6699, .F. ) ;
#7973 = EDGE_CURVE ( 'NONE', #10371, #1645, #4920, .T. ) ;
#7974 = CARTESIAN_POINT ( 'NONE',  ( 14.44661567478663500, 0.6000000000000297300, -16.63016877650853300 ) ) ;
#7975 = AXIS2_PLACEMENT_3D ( 'NONE', #7970, #11876, #1225 ) ;
#7976 = ADVANCED_FACE ( 'NONE', ( #4624 ), #10063, .T. ) ;
#7977 = ORIENTED_EDGE ( 'NONE', *, *, #10040, .F. ) ;
#7978 = ORIENTED_EDGE ( 'NONE', *, *, #7395, .F. ) ;
#7979 = DIRECTION ( 'NONE',  ( -0.0000000000000000000, -1.000000000000000000, 0.0000000000000000000 ) ) ;
#7980 = DIRECTION ( 'NONE',  ( 0.5469441386039886100, 0.0000000000000000000, -0.8371691043312221600 ) ) ;
#7981 = ORIENTED_EDGE ( 'NONE', *, *, #8568, .T. ) ;
#7982 = ORIENTED_EDGE ( 'NONE', *, *, #9335, .T. ) ;
#7983 = CARTESIAN_POINT ( 'NONE',  ( 20.50000000000000000, 0.5000000000000000000, 16.37157287525380400 ) ) ;
#7984 = LINE ( 'NONE', #5180, #5458 ) ;
#7985 = VECTOR ( 'NONE', #11998, 1000.000000000000000 ) ;
#7986 = VERTEX_POINT ( 'NONE', #9834 ) ;
#7987 = CARTESIAN_POINT ( 'NONE',  ( 15.79169233451989700, 0.6000000000000276200, 16.13253578028826100 ) ) ;
#7988 = EDGE_CURVE ( 'NONE', #3412, #5049, #3972, .T. ) ;
#7989 = DIRECTION ( 'NONE',  ( -0.0000000000000000000, -1.000000000000000000, -0.0000000000000000000 ) ) ;
#7990 = DIRECTION ( 'NONE',  ( -0.0000000000000000000, -1.000000000000000000, 0.0000000000000000000 ) ) ;
#7991 = ORIENTED_EDGE ( 'NONE', *, *, #11246, .T. ) ;
#7992 = CARTESIAN_POINT ( 'NONE',  ( 15.46254419180370100, 2.610000000000029200, -16.11915492039946700 ) ) ;
#7993 = AXIS2_PLACEMENT_3D ( 'NONE', #5900, #114, #6854 ) ;
#7994 = EDGE_CURVE ( 'NONE', #10043, #9969, #2071, .T. ) ;
#7995 = ORIENTED_EDGE ( 'NONE', *, *, #1576, .T. ) ;
#7996 = EDGE_CURVE ( 'NONE', #10530, #379, #12047, .T. ) ;
#7997 = VECTOR ( 'NONE', #8487, 1000.000000000000000 ) ;
#7998 = FACE_OUTER_BOUND ( 'NONE', #766, .T. ) ;
#7999 = DIRECTION ( 'NONE',  ( -0.3735429735244768500, 0.8949343913984423300, -0.2440452458516482500 ) ) ;
#8000 = ORIENTED_EDGE ( 'NONE', *, *, #5704, .F. ) ;
#8001 = CARTESIAN_POINT ( 'NONE',  ( -15.50000000000000700, 34.00000000000000000, -15.49999999999999600 ) ) ;
#8002 = CARTESIAN_POINT ( 'NONE',  ( 13.99590361883903400, 1.000000000000032200, 17.80221503691086600 ) ) ;
#8003 = VERTEX_POINT ( 'NONE', #10839 ) ;
#8004 = ADVANCED_FACE ( 'NONE', ( #9141 ), #11832, .F. ) ;
#8005 = VERTEX_POINT ( 'NONE', #5013 ) ;
#8006 = DIRECTION ( 'NONE',  ( 0.0000000000000000000, 1.000000000000000000, 0.0000000000000000000 ) ) ;
#8007 = DIRECTION ( 'NONE',  ( 0.0000000000000000000, 0.0000000000000000000, 1.000000000000000000 ) ) ;
#8008 = LINE ( 'NONE', #7621, #5170 ) ;
#8009 = CARTESIAN_POINT ( 'NONE',  ( 14.64103821455305800, 23.40000000000000600, 21.00000000000000700 ) ) ;
#8010 = ORIENTED_EDGE ( 'NONE', *, *, #1064, .T. ) ;
#8011 = LINE ( 'NONE', #7642, #7707 ) ;
#8012 = CIRCLE ( 'NONE', #3425, 4.000000000000000000 ) ;
#8013 = EDGE_CURVE ( 'NONE', #10476, #3431, #4319, .T. ) ;
#8014 = ORIENTED_EDGE ( 'NONE', *, *, #7301, .T. ) ;
#8015 = AXIS2_PLACEMENT_3D ( 'NONE', #1770, #4949, #8499 ) ;
#8016 = DIRECTION ( 'NONE',  ( -0.8371691043312241600, 2.697020329565932900E-016, -0.5469441386039857200 ) ) ;
#8017 = ORIENTED_EDGE ( 'NONE', *, *, #9970, .F. ) ;
#8018 = CARTESIAN_POINT ( 'NONE',  ( 0.8530793868032783300, 4.110050607254169800, 28.20000000000000300 ) ) ;
#8019 = DIRECTION ( 'NONE',  ( -1.000000000000000000, 0.0000000000000000000, 0.0000000000000000000 ) ) ;
#8020 = DIRECTION ( 'NONE',  ( -0.0000000000000000000, -1.000000000000000000, -0.0000000000000000000 ) ) ;
#8021 = LINE ( 'NONE', #1096, #10621 ) ;
#8022 = EDGE_LOOP ( 'NONE', ( #5279, #1229, #914, #8138 ) ) ;
#8023 = VECTOR ( 'NONE', #6255, 999.9999999999998900 ) ;
#8024 = LINE ( 'NONE', #10008, #7723 ) ;
#8025 = DIRECTION ( 'NONE',  ( -0.0000000000000000000, -1.000000000000000000, 0.0000000000000000000 ) ) ;
#8026 = PLANE ( 'NONE',  #7049 ) ;
#8027 = VERTEX_POINT ( 'NONE', #4125 ) ;
#8028 = CARTESIAN_POINT ( 'NONE',  ( -15.50000000000000700, 33.69999999999998200, -14.24999999999998600 ) ) ;
#8029 = AXIS2_PLACEMENT_3D ( 'NONE', #9763, #3971, #10725 ) ;
#8030 = ORIENTED_EDGE ( 'NONE', *, *, #1813, .T. ) ;
#8031 = CC_DESIGN_PERSON_AND_ORGANIZATION_ASSIGNMENT ( #716, #11295, ( #7392 ) ) ;
#8032 = EDGE_CURVE ( 'NONE', #11333, #12085, #9461, .T. ) ;
#8033 = EDGE_CURVE ( 'NONE', #10467, #5846, #1464, .T. ) ;
#8034 = AXIS2_PLACEMENT_3D ( 'NONE', #4168, #10928, #5131 ) ;
#8035 = DIRECTION ( 'NONE',  ( 0.5469441386039886100, 0.0000000000000000000, -0.8371691043312222700 ) ) ;
#8036 = VECTOR ( 'NONE', #8939, 1000.000000000000000 ) ;
#8037 = DIRECTION ( 'NONE',  ( 0.0000000000000000000, 0.0000000000000000000, 1.000000000000000000 ) ) ;
#8038 = VERTEX_POINT ( 'NONE', #9917 ) ;
#8039 = EDGE_CURVE ( 'NONE', #11224, #4278, #8828, .T. ) ;
#8040 = DIRECTION ( 'NONE',  ( 0.0000000000000000000, 0.0000000000000000000, 1.000000000000000000 ) ) ;
#8041 = FACE_OUTER_BOUND ( 'NONE', #11005, .T. ) ;
#8042 = PLANE ( 'NONE',  #8606 ) ;
#8043 = CIRCLE ( 'NONE', #7372, 25.60000000000002600 ) ;
#8044 = ADVANCED_FACE ( 'NONE', ( #6567 ), #11425, .T. ) ;
#8045 = B_SPLINE_CURVE_WITH_KNOTS ( 'NONE', 3,
 ( #7961, #317, #3241, #9988, #4204, #10963, #5169, #11946 ),
 .UNSPECIFIED., .F., .F.,
 ( 4, 2, 2, 4 ),
 ( 0.0000000000000000000, 0.0007972752717058497300, 0.001195912907558770900, 0.001594550543411691600 ),
 .UNSPECIFIED. ) ;
#8046 = CIRCLE ( 'NONE', #620, 1.999999999999998200 ) ;
#8047 = VERTEX_POINT ( 'NONE', #7974 ) ;
#8048 = AXIS2_PLACEMENT_3D ( 'NONE', #3877, #10631, #4845 ) ;
#8049 = LINE ( 'NONE', #4790, #10649 ) ;
#8050 = CARTESIAN_POINT ( 'NONE',  ( 16.75575365649682900, 29.60000000000003300, -14.67958379209401300 ) ) ;
#8051 = DIRECTION ( 'NONE',  ( 0.5469441386039857200, 0.0000000000000000000, -0.8371691043312240500 ) ) ;
#8052 = CARTESIAN_POINT ( 'NONE',  ( 3.469446951953614200E-015, 12.00000000000000000, 6.938893903907228400E-015 ) ) ;
#8053 = DIRECTION ( 'NONE',  ( 0.0000000000000000000, 0.0000000000000000000, -1.000000000000000000 ) ) ;
#8054 = EDGE_CURVE ( 'NONE', #7986, #7853, #11737, .T. ) ;
#8055 = ORIENTED_EDGE ( 'NONE', *, *, #9596, .T. ) ;
#8056 = ORIENTED_EDGE ( 'NONE', *, *, #4322, .T. ) ;
#8057 = VECTOR ( 'NONE', #9761, 999.9999999999998900 ) ;
#8058 = CARTESIAN_POINT ( 'NONE',  ( 15.21860959775618300, 2.610000000000029200, -15.97953669465960600 ) ) ;
#8059 = ORIENTED_EDGE ( 'NONE', *, *, #11281, .F. ) ;
#8060 = LINE ( 'NONE', #4002, #12352 ) ;
#8061 = DIRECTION ( 'NONE',  ( 0.0000000000000000000, 0.0000000000000000000, -1.000000000000000000 ) ) ;
#8062 = EDGE_CURVE ( 'NONE', #3040, #760, #3704, .T. ) ;
#8063 = DIRECTION ( 'NONE',  ( -0.0000000000000000000, -1.000000000000000000, 0.0000000000000000000 ) ) ;
#8064 = DIRECTION ( 'NONE',  ( 0.0000000000000000000, 1.000000000000000000, 0.0000000000000000000 ) ) ;
#8065 = DIRECTION ( 'NONE',  ( 0.0000000000000000000, -1.000000000000000000, 0.0000000000000000000 ) ) ;
#8066 = DIRECTION ( 'NONE',  ( -0.2440452458516469400, 0.8949343913984425500, 0.3735429735244773500 ) ) ;
#8067 = ORIENTED_EDGE ( 'NONE', *, *, #12227, .F. ) ;
#8068 = DIRECTION ( 'NONE',  ( -1.000000000000000000, 0.0000000000000000000, 1.202705903538683300E-016 ) ) ;
#8069 = ORIENTED_EDGE ( 'NONE', *, *, #3195, .F. ) ;
#8070 = ADVANCED_FACE ( 'NONE', ( #1155 ), #11120, .F. ) ;
#8071 = AXIS2_PLACEMENT_3D ( 'NONE', #10865, #7916, #6994 ) ;
#8072 = EDGE_CURVE ( 'NONE', #2470, #4726, #841, .T. ) ;
#8073 = LINE ( 'NONE', #6965, #5829 ) ;
#8074 = DIRECTION ( 'NONE',  ( -0.0000000000000000000, -1.000000000000000000, -0.0000000000000000000 ) ) ;
#8075 = FACE_OUTER_BOUND ( 'NONE', #395, .T. ) ;
#8076 = CARTESIAN_POINT ( 'NONE',  ( -20.99999999999998200, 23.40000000000000600, -14.64103821455294300 ) ) ;
#8077 = CARTESIAN_POINT ( 'NONE',  ( 6.632732204120389700E-015, 29.89999999999999500, 2.500000000000003600 ) ) ;
#8078 = ORIENTED_EDGE ( 'NONE', *, *, #2992, .T. ) ;
#8079 = DIRECTION ( 'NONE',  ( 1.000000000000000000, -0.0000000000000000000, 0.0000000000000000000 ) ) ;
#8080 = CIRCLE ( 'NONE', #11236, 2.500000000000000900 ) ;
#8081 = LOCAL_TIME ( 13, 17, 15.00000000000000000, #10684 ) ;
#8082 = ORIENTED_EDGE ( 'NONE', *, *, #9320, .T. ) ;
#8083 = AXIS2_PLACEMENT_3D ( 'NONE', #10912, #5117, #11898 ) ;
#8084 = ORIENTED_EDGE ( 'NONE', *, *, #9444, .T. ) ;
#8085 = EDGE_CURVE ( 'NONE', #4239, #7643, #5962, .T. ) ;
#8086 = VERTEX_POINT ( 'NONE', #7098 ) ;
#8087 = CARTESIAN_POINT ( 'NONE',  ( -20.06066017177980100, 34.00000000000000000, -17.43223304703363400 ) ) ;
#8088 = VERTEX_POINT ( 'NONE', #9053 ) ;
#8089 = DIRECTION ( 'NONE',  ( 0.0000000000000000000, 0.0000000000000000000, 1.000000000000000000 ) ) ;
#8090 = CARTESIAN_POINT ( 'NONE',  ( 15.50000000000000400, 1.000000000000032200, 15.50000000000000500 ) ) ;
#8091 = DIRECTION ( 'NONE',  ( 5.204170427930426000E-015, 0.0000000000000000000, 1.000000000000000000 ) ) ;
#8092 = DIRECTION ( 'NONE',  ( -2.602085213965210600E-015, 0.0000000000000000000, 1.000000000000000000 ) ) ;
#8093 = ORIENTED_EDGE ( 'NONE', *, *, #761, .T. ) ;
#8094 = LINE ( 'NONE', #1374, #8714 ) ;
#8095 = VECTOR ( 'NONE', #9865, 1000.000000000000000 ) ;
#8096 = VERTEX_POINT ( 'NONE', #6102 ) ;
#8097 = CARTESIAN_POINT ( 'NONE',  ( -18.74644660940671800, 33.50000000000000000, -18.74644660940671800 ) ) ;
#8098 = CARTESIAN_POINT ( 'NONE',  ( -15.50000000000000700, 2.610000000000031400, -15.49999999999999600 ) ) ;
#8099 = DIRECTION ( 'NONE',  ( -0.9108500044181590000, 0.0000000000000000000, -0.4127375309460478100 ) ) ;
#8100 = EDGE_CURVE ( 'NONE', #10028, #11234, #3410, .T. ) ;
#8101 = DIRECTION ( 'NONE',  ( 0.0000000000000000000, 1.000000000000000000, -0.0000000000000000000 ) ) ;
#8102 = ORIENTED_EDGE ( 'NONE', *, *, #12351, .T. ) ;
#8103 = AXIS2_PLACEMENT_3D ( 'NONE', #3664, #1737, #5602 ) ;
#8104 = EDGE_CURVE ( 'NONE', #8567, #7024, #5667, .T. ) ;
#8105 = ADVANCED_FACE ( 'NONE', ( #7899 ), #6182, .F. ) ;
#8106 = CARTESIAN_POINT ( 'NONE',  ( 15.49999999999999300, 33.70000000000000300, 14.24999999999999100 ) ) ;
#8107 = VERTEX_POINT ( 'NONE', #12052 ) ;
#8108 = LINE ( 'NONE', #10199, #3008 ) ;
#8109 = FACE_OUTER_BOUND ( 'NONE', #9835, .T. ) ;
#8110 = DIRECTION ( 'NONE',  ( 0.0000000000000000000, 0.0000000000000000000, 1.000000000000000000 ) ) ;
#8111 = ORIENTED_EDGE ( 'NONE', *, *, #12089, .F. ) ;
#8112 = ORIENTED_EDGE ( 'NONE', *, *, #840, .F. ) ;
#8113 = DIRECTION ( 'NONE',  ( 0.0000000000000000000, 0.0000000000000000000, -1.000000000000000000 ) ) ;
#8114 = ORIENTED_EDGE ( 'NONE', *, *, #10555, .T. ) ;
#8115 = CARTESIAN_POINT ( 'NONE',  ( 16.95812298778030000, 0.6000000000000297300, -14.98933636069656600 ) ) ;
#8116 = AXIS2_PLACEMENT_3D ( 'NONE', #5547, #12324, #6497 ) ;
#8117 = VECTOR ( 'NONE', #12411, 1000.000000000000000 ) ;
#8118 = CYLINDRICAL_SURFACE ( 'NONE', #4333, 0.5000000000000004400 ) ;
#8119 = CARTESIAN_POINT ( 'NONE',  ( 15.43494317384708100, 2.610000000000029200, -14.94781922401181600 ) ) ;
#8120 = ORIENTED_EDGE ( 'NONE', *, *, #991, .T. ) ;
#8121 = CARTESIAN_POINT ( 'NONE',  ( -15.54845431265169300, 1.940406951505566000, -16.10232027957599100 ) ) ;
#8122 = EDGE_CURVE ( 'NONE', #6112, #8764, #10511, .T. ) ;
#8123 = VERTEX_POINT ( 'NONE', #9101 ) ;
#8124 = ORIENTED_EDGE ( 'NONE', *, *, #8380, .F. ) ;
#8125 = ADVANCED_FACE ( 'NONE', ( #2801 ), #3113, .T. ) ;
#8126 = DIRECTION ( 'NONE',  ( 0.0000000000000000000, -1.000000000000000000, 0.0000000000000000000 ) ) ;
#8127 = CIRCLE ( 'NONE', #9720, 0.4999999999999995600 ) ;
#8129 = CARTESIAN_POINT ( 'NONE',  ( -16.07105082455342800, 1.940406951505541100, 15.69758161700904600 ) ) ;
#8128 = CIRCLE ( 'NONE', #273, 0.5559999999999997200 ) ;
#8130 = DIRECTION ( 'NONE',  ( -1.000000000000000000, 0.0000000000000000000, 0.0000000000000000000 ) ) ;
#8131 = ORIENTED_EDGE ( 'NONE', *, *, #11201, .F. ) ;
#8132 = CARTESIAN_POINT ( 'NONE',  ( 3.469446951953614200E-015, 25.63749999999999900, 6.938893903907228400E-015 ) ) ;
#8133 = DIRECTION ( 'NONE',  ( 0.7071067811865475700, 0.0000000000000000000, 0.7071067811865475700 ) ) ;
#8134 = ORIENTED_EDGE ( 'NONE', *, *, #9555, .F. ) ;
#8135 = DIRECTION ( 'NONE',  ( 0.0000000000000000000, 1.000000000000000000, 0.0000000000000000000 ) ) ;
#8137 = VERTEX_POINT ( 'NONE', #1441 ) ;
#8136 = ORIENTED_EDGE ( 'NONE', *, *, #9338, .T. ) ;
#8138 = ORIENTED_EDGE ( 'NONE', *, *, #12110, .T. ) ;
#8139 = DIRECTION ( 'NONE',  ( -0.0000000000000000000, 1.000000000000000000, 0.0000000000000000000 ) ) ;
#8140 = DIRECTION ( 'NONE',  ( 0.0000000000000000000, 0.0000000000000000000, -1.000000000000000000 ) ) ;
#8141 = CARTESIAN_POINT ( 'NONE',  ( 3.469446951953614200E-015, 3.770162612375117700, 6.938893903907228400E-015 ) ) ;
#8142 = DIRECTION ( 'NONE',  ( 0.0000000000000000000, 0.0000000000000000000, 1.000000000000000000 ) ) ;
#8143 = DIRECTION ( 'NONE',  ( -0.0000000000000000000, -1.000000000000000000, -0.0000000000000000000 ) ) ;
#8144 = VERTEX_POINT ( 'NONE', #5263 ) ;
#8145 = EDGE_CURVE ( 'NONE', #10929, #5485, #227, .T. ) ;
#8146 = LINE ( 'NONE', #9041, #12438 ) ;
#8147 = LINE ( 'NONE', #5166, #11059 ) ;
#8148 = AXIS2_PLACEMENT_3D ( 'NONE', #270, #6999, #1261 ) ;
#8149 = ORIENTED_EDGE ( 'NONE', *, *, #9868, .T. ) ;
#8150 = CARTESIAN_POINT ( 'NONE',  ( 6.430665482261076600E-015, 30.87016261237511100, 4.150000000000004800 ) ) ;
#8151 = VERTEX_POINT ( 'NONE', #4340 ) ;
#8152 = ORIENTED_EDGE ( 'NONE', *, *, #10273, .F. ) ;
#8153 = CARTESIAN_POINT ( 'NONE',  ( -15.71441625783252900, 2.610000000000006100, 14.91795067099118900 ) ) ;
#8154 = VERTEX_POINT ( 'NONE', #3369 ) ;
#8155 = CIRCLE ( 'NONE', #140, 0.5000000000000004400 ) ;
#8156 = FACE_OUTER_BOUND ( 'NONE', #4262, .T. ) ;
#8157 = CARTESIAN_POINT ( 'NONE',  ( -13.13154598666891800, 26.00000000000000400, 21.14999999999999900 ) ) ;
#8158 = DIRECTION ( 'NONE',  ( 0.5469441386039886100, 0.0000000000000000000, -0.8371691043312222700 ) ) ;
#8159 = VERTEX_POINT ( 'NONE', #11102 ) ;
#8160 = CARTESIAN_POINT ( 'NONE',  ( -14.91795067099119300, 2.610000000000031400, -15.71441625783251800 ) ) ;
#8161 = B_SPLINE_CURVE_WITH_KNOTS ( 'NONE', 3,
 ( #7987, #7017, #301, #2254 ),
 .UNSPECIFIED., .F., .F.,
 ( 4, 4 ),
 ( 0.001013853424283300700, 0.003031486302290191000 ),
 .UNSPECIFIED. ) ;
#8162 = EDGE_CURVE ( 'NONE', #2578, #11926, #10210, .T. ) ;
#8163 = ORIENTED_EDGE ( 'NONE', *, *, #4190, .F. ) ;
#8164 = CARTESIAN_POINT ( 'NONE',  ( 1.394990405079007400, 53.76082040583160900, 1.767159341431050900 ) ) ;
#8165 = EDGE_CURVE ( 'NONE', #12511, #3861, #1752, .T. ) ;
#8166 = LINE ( 'NONE', #12176, #2765 ) ;
#8167 = DIRECTION ( 'NONE',  ( 0.5469441386039871600, 0.0000000000000000000, -0.8371691043312232700 ) ) ;
#8168 = ORIENTED_EDGE ( 'NONE', *, *, #11546, .T. ) ;
#8169 = ADVANCED_FACE ( 'NONE', ( #5067 ), #7308, .T. ) ;
#8170 = FACE_BOUND ( 'NONE', #2058, .T. ) ;
#8171 = VECTOR ( 'NONE', #3420, 1000.000000000000100 ) ;
#8172 = VERTEX_POINT ( 'NONE', #10213 ) ;
#8173 = CARTESIAN_POINT ( 'NONE',  ( -1.146920613196742700, 6.110050607254169800, 28.20000000000000300 ) ) ;
#8174 = CARTESIAN_POINT ( 'NONE',  ( -16.15011936899282900, 1.270265698095164100, 15.51722593638709900 ) ) ;
#8175 = DIRECTION ( 'NONE',  ( -0.8371691043312240500, 0.0000000000000000000, -0.5469441386039857200 ) ) ;
#8176 = ORIENTED_EDGE ( 'NONE', *, *, #7339, .T. ) ;
#8177 = CARTESIAN_POINT ( 'NONE',  ( 6.938893903907228400E-015, 29.59999999999999800, 3.469446951953614200E-015 ) ) ;
#8178 = CARTESIAN_POINT ( 'NONE',  ( 6.938893903907228400E-015, 34.29999999999999700, -8.000000000000001800 ) ) ;
#8179 = DIRECTION ( 'NONE',  ( -0.0000000000000000000, -1.000000000000000000, 0.0000000000000000000 ) ) ;
#8180 = DIRECTION ( 'NONE',  ( -0.0000000000000000000, -1.000000000000000000, 0.0000000000000000000 ) ) ;
#8181 = DIRECTION ( 'NONE',  ( -0.0000000000000000000, -1.000000000000000000, 0.0000000000000000000 ) ) ;
#8182 = VECTOR ( 'NONE', #7404, 1000.000000000000100 ) ;
#8183 = ORIENTED_EDGE ( 'NONE', *, *, #9956, .T. ) ;
#8184 = AXIS2_PLACEMENT_3D ( 'NONE', #319, #8246, #4867 ) ;
#8185 = CIRCLE ( 'NONE', #2847, 1.500000000000001100 ) ;
#8186 = ORIENTED_EDGE ( 'NONE', *, *, #9703, .F. ) ;
#8187 = CARTESIAN_POINT ( 'NONE',  ( -14.88084507960053500, 2.610000000000006100, 15.46254419180371400 ) ) ;
#8188 = CARTESIAN_POINT ( 'NONE',  ( 15.56331376197800000, 26.00000000000000400, -20.32592592592592200 ) ) ;
#8189 = DIRECTION ( 'NONE',  ( -0.0000000000000000000, -1.000000000000000000, 0.0000000000000000000 ) ) ;
#8190 = CARTESIAN_POINT ( 'NONE',  ( 18.74644660940671800, 0.5000000000000000000, -18.74644660940673200 ) ) ;
#8192 = VERTEX_POINT ( 'NONE', #3450 ) ;
#8191 = ORIENTED_EDGE ( 'NONE', *, *, #9773, .F. ) ;
#8193 = CARTESIAN_POINT ( 'NONE',  ( 15.49999999999999300, 34.00000000000000000, 15.50000000000000400 ) ) ;
#8194 = CIRCLE ( 'NONE', #10977, 0.4999999999999982200 ) ;
#8195 = CARTESIAN_POINT ( 'NONE',  ( 15.97953669465961300, 2.610000000000027400, 15.21860959775619200 ) ) ;
#8196 = EDGE_LOOP ( 'NONE', ( #6270, #5670 ) ) ;
#8197 = CARTESIAN_POINT ( 'NONE',  ( 4.430794689284286500E-015, 2.500000000000004000, 7.700000000000012600 ) ) ;
#8198 = ADVANCED_FACE ( 'NONE', ( #7594 ), #2214, .T. ) ;
#8199 = DIRECTION ( 'NONE',  ( -1.000000000000000000, 0.0000000000000000000, 0.0000000000000000000 ) ) ;
#8200 = LINE ( 'NONE', #2351, #7890 ) ;
#8201 = EDGE_CURVE ( 'NONE', #5697, #1777, #4761, .T. ) ;
#8202 = AXIS2_PLACEMENT_3D ( 'NONE', #3985, #10737, #4950 ) ;
#8203 = ORIENTED_EDGE ( 'NONE', *, *, #9555, .T. ) ;
#8204 = CARTESIAN_POINT ( 'NONE',  ( -15.50000000000000700, 2.790655351105498100, 15.50000000000000200 ) ) ;
#8205 = FACE_BOUND ( 'NONE', #7048, .T. ) ;
#8206 = DIRECTION ( 'NONE',  ( 0.5469441386039871600, 0.0000000000000000000, -0.8371691043312232700 ) ) ;
#8207 = EDGE_CURVE ( 'NONE', #5289, #8159, #12498, .T. ) ;
#8208 = CARTESIAN_POINT ( 'NONE',  ( 15.49999999999999300, 2.015685424949268200, -15.49999999999999600 ) ) ;
#8209 = VECTOR ( 'NONE', #2988, 1000.000000000000100 ) ;
#8210 = ORIENTED_EDGE ( 'NONE', *, *, #3552, .F. ) ;
#8211 = VECTOR ( 'NONE', #3324, 1000.000000000000000 ) ;
#8212 = CARTESIAN_POINT ( 'NONE',  ( 15.49999999999999300, 8.500000000000000000, 15.50000000000000400 ) ) ;
#8213 = VERTEX_POINT ( 'NONE', #4470 ) ;
#8214 = DIRECTION ( 'NONE',  ( 0.0000000000000000000, 1.000000000000000000, 0.0000000000000000000 ) ) ;
#8215 = ORIENTED_EDGE ( 'NONE', *, *, #6245, .F. ) ;
#8216 = AXIS2_PLACEMENT_3D ( 'NONE', #4674, #830, #10456 ) ;
#8217 = CARTESIAN_POINT ( 'NONE',  ( 16.07105082455341400, 1.940406951505563500, -15.69758161700903900 ) ) ;
#8218 = DIRECTION ( 'NONE',  ( 0.0000000000000000000, 0.0000000000000000000, 1.000000000000000000 ) ) ;
#8219 = CARTESIAN_POINT ( 'NONE',  ( -15.50000000000000700, 0.0000000000000000000, -11.74999999999999600 ) ) ;
#8220 = DIRECTION ( 'NONE',  ( 0.5469441386039892700, 0.0000000000000000000, -0.8371691043312217100 ) ) ;
#8221 = FACE_OUTER_BOUND ( 'NONE', #10451, .T. ) ;
#8222 = PLANE ( 'NONE',  #8935 ) ;
#8223 = DIRECTION ( 'NONE',  ( 0.0000000000000000000, -1.000000000000000000, 0.0000000000000000000 ) ) ;
#8224 = EDGE_CURVE ( 'NONE', #11536, #3282, #9905, .T. ) ;
#8225 = LINE ( 'NONE', #10227, #2226 ) ;
#8226 = AXIS2_PLACEMENT_3D ( 'NONE', #1262, #7962, #2233 ) ;
#8227 = ORIENTED_EDGE ( 'NONE', *, *, #3736, .T. ) ;
#8228 = DIRECTION ( 'NONE',  ( -0.9108500044181590000, 0.0000000000000000000, -0.4127375309460477600 ) ) ;
#8229 = CARTESIAN_POINT ( 'NONE',  ( -13.99590361883903700, 0.6000000000000319500, -17.80221503691085500 ) ) ;
#8230 = CARTESIAN_POINT ( 'NONE',  ( 0.0000000000000000000, 12.00000000000000000, 0.0000000000000000000 ) ) ;
#8231 = CARTESIAN_POINT ( 'NONE',  ( 16.13253578028825800, 0.6000000000000276200, 15.20830766548011000 ) ) ;
#8232 = ADVANCED_FACE ( 'NONE', ( #2510 ), #11883, .T. ) ;
#8233 = FACE_OUTER_BOUND ( 'NONE', #9575, .T. ) ;
#8234 = EDGE_LOOP ( 'NONE', ( #6682, #3291, #2278, #4757 ) ) ;
#8235 = DIRECTION ( 'NONE',  ( -0.0000000000000000000, -1.000000000000000000, 0.0000000000000000000 ) ) ;
#8236 = DIRECTION ( 'NONE',  ( 0.0000000000000000000, 0.0000000000000000000, 1.000000000000000000 ) ) ;
#8237 = AXIS2_PLACEMENT_3D ( 'NONE', #1028, #3890, #7739 ) ;
#8238 = VERTEX_POINT ( 'NONE', #9327 ) ;
#8239 = DIRECTION ( 'NONE',  ( 1.000000000000000000, 0.0000000000000000000, -1.224646799147353200E-016 ) ) ;
#8240 = EDGE_CURVE ( 'NONE', #362, #8096, #1907, .T. ) ;
#8241 = EDGE_LOOP ( 'NONE', ( #5250, #5561, #4165, #11082 ) ) ;
#8242 = DIRECTION ( 'NONE',  ( 0.0000000000000000000, 1.000000000000000000, -0.0000000000000000000 ) ) ;
#8243 = CARTESIAN_POINT ( 'NONE',  ( -15.56331376197800300, 26.00000000000000400, -20.32592592592592600 ) ) ;
#8244 = CYLINDRICAL_SURFACE ( 'NONE', #10178, 1.250000000000011500 ) ;
#8245 = VECTOR ( 'NONE', #1514, 1000.000000000000000 ) ;
#8246 = DIRECTION ( 'NONE',  ( -0.0000000000000000000, -1.000000000000000000, 0.0000000000000000000 ) ) ;
#8247 = ORIENTED_EDGE ( 'NONE', *, *, #10457, .F. ) ;
#8248 = DIRECTION ( 'NONE',  ( -0.0000000000000000000, -1.000000000000000000, 0.0000000000000000000 ) ) ;
#8249 = ORIENTED_EDGE ( 'NONE', *, *, #5350, .T. ) ;
#8250 = CARTESIAN_POINT ( 'NONE',  ( -15.50000000000000700, 33.70000000000000300, 16.75000000000001400 ) ) ;
#8251 = DIRECTION ( 'NONE',  ( 0.0000000000000000000, 0.0000000000000000000, -1.000000000000000000 ) ) ;
#8252 = VERTEX_POINT ( 'NONE', #3544 ) ;
#8253 = AXIS2_PLACEMENT_3D ( 'NONE', #4498, #5472, #12254 ) ;
#8254 = AXIS2_PLACEMENT_3D ( 'NONE', #10783, #6367, #6247 ) ;
#8255 = CARTESIAN_POINT ( 'NONE',  ( 5.995915868563765700E-015, 29.89999999999999500, 7.700000000000009100 ) ) ;
#8256 = ADVANCED_FACE ( 'NONE', ( #6996 ), #4156, .T. ) ;
#8257 = FACE_BOUND ( 'NONE', #6918, .T. ) ;
#8258 = LINE ( 'NONE', #12384, #588 ) ;
#8259 = DIRECTION ( 'NONE',  ( 0.5469441386039857200, 0.0000000000000000000, -0.8371691043312240500 ) ) ;
#8260 = CARTESIAN_POINT ( 'NONE',  ( -2.021082757350868100, 7.500000000000000000, 18.20000000000000300 ) ) ;
#8261 = ORIENTED_EDGE ( 'NONE', *, *, #2, .F. ) ;
#8262 = CARTESIAN_POINT ( 'NONE',  ( -16.37157287525381100, 0.0000000000000000000, -18.99999999999999600 ) ) ;
#8263 = DIRECTION ( 'NONE',  ( -0.8371691043312221600, 0.0000000000000000000, -0.5469441386039887200 ) ) ;
#8264 = CARTESIAN_POINT ( 'NONE',  ( 0.0000000000000000000, 8.500000000000000000, 18.20000000000000300 ) ) ;
#8265 = CARTESIAN_POINT ( 'NONE',  ( 20.41421356237308900, 33.50000000000000000, -17.78578643762690300 ) ) ;
#8266 = ORIENTED_EDGE ( 'NONE', *, *, #1621, .T. ) ;
#8267 = ORIENTED_EDGE ( 'NONE', *, *, #6582, .F. ) ;
#8268 = VERTEX_POINT ( 'NONE', #5482 ) ;
#8269 = CARTESIAN_POINT ( 'NONE',  ( -0.0000000000000000000, 1.628844685195823100, 18.00000000000000700 ) ) ;
#8270 = CIRCLE ( 'NONE', #6152, 0.5559999999999988300 ) ;
#8271 = FACE_OUTER_BOUND ( 'NONE', #10499, .T. ) ;
#8272 = EDGE_CURVE ( 'NONE', #7530, #8192, #9595, .T. ) ;
#8273 = AXIS2_PLACEMENT_3D ( 'NONE', #12291, #1679, #8390 ) ;
#8274 = ORIENTED_EDGE ( 'NONE', *, *, #10031, .T. ) ;
#8275 = AXIS2_PLACEMENT_3D ( 'NONE', #12208, #6382, #614 ) ;
#8276 = EDGE_CURVE ( 'NONE', #10886, #7877, #6697, .T. ) ;
#8277 = VERTEX_POINT ( 'NONE', #2619 ) ;
#8278 = VERTEX_POINT ( 'NONE', #6473 ) ;
#8279 = UNCERTAINTY_MEASURE_WITH_UNIT (LENGTH_MEASURE( 1.000000000000000100E-005 ), #10242, 'distance_accuracy_value', 'NONE');
#8280 = PLANE ( 'NONE',  #4901 ) ;
#8281 = VERTEX_POINT ( 'NONE', #7435 ) ;
#8282 = EDGE_CURVE ( 'NONE', #259, #10689, #3858, .T. ) ;
#8283 = ORIENTED_EDGE ( 'NONE', *, *, #3547, .T. ) ;
#8284 = CARTESIAN_POINT ( 'NONE',  ( -15.50000000000000700, 2.499999999999999600, 15.50000000000000400 ) ) ;
#8285 = CONICAL_SURFACE ( 'NONE', #10121, 3077.683537175311800, 1.256637061435922800 ) ;
#8286 = CONICAL_SURFACE ( 'NONE', #2004, 2.750000000000000400, 0.7853981633974500600 ) ;
#8287 = ORIENTED_EDGE ( 'NONE', *, *, #3547, .F. ) ;
#8288 = DIRECTION ( 'NONE',  ( 0.0000000000000000000, 0.0000000000000000000, 1.000000000000000000 ) ) ;
#8289 = ORIENTED_EDGE ( 'NONE', *, *, #9160, .F. ) ;
#8290 = ORIENTED_EDGE ( 'NONE', *, *, #1685, .T. ) ;
#8291 = CARTESIAN_POINT ( 'NONE',  ( 15.65269316366751600, 2.520634500420020400, 14.95185209393132900 ) ) ;
#8292 = AXIS2_PLACEMENT_3D ( 'NONE', #644, #9302, #7358 ) ;
#8293 = ORIENTED_EDGE ( 'NONE', *, *, #6055, .T. ) ;
#8294 = EDGE_LOOP ( 'NONE', ( #12306, #10628 ) ) ;
#8295 = CARTESIAN_POINT ( 'NONE',  ( -3.888629745115985700, 0.0000000000000000000, 18.00000000000000700 ) ) ;
#8296 = EDGE_CURVE ( 'NONE', #9212, #9687, #11568, .T. ) ;
#8297 = LINE ( 'NONE', #7094, #315 ) ;
#8298 = VECTOR ( 'NONE', #7088, 1000.000000000000000 ) ;
#8299 = ADVANCED_FACE ( 'NONE', ( #11270 ), #4597, .F. ) ;
#8300 = ORIENTED_EDGE ( 'NONE', *, *, #10655, .F. ) ;
#8301 = EDGE_CURVE ( 'NONE', #9005, #8838, #4465, .T. ) ;
#8302 = CARTESIAN_POINT ( 'NONE',  ( -15.46254419180371500, 2.610000000000031400, -14.88084507960052400 ) ) ;
#8303 = CARTESIAN_POINT ( 'NONE',  ( -15.50000000000000700, 0.6000000000000063100, 15.50000000000000400 ) ) ;
#8304 = ORIENTED_EDGE ( 'NONE', *, *, #5480, .T. ) ;
#8305 = EDGE_LOOP ( 'NONE', ( #11667, #1915, #3144, #10813 ) ) ;
#8306 = CARTESIAN_POINT ( 'NONE',  ( -20.41421356237309600, 0.5000000000000004400, 17.78578643762690000 ) ) ;
#8307 = CARTESIAN_POINT ( 'NONE',  ( 6.938893903907228400E-015, 32.09999999999999400, 3.469446951953614200E-015 ) ) ;
#8308 = DIRECTION ( 'NONE',  ( -0.5469441386039886100, 0.0000000000000000000, 0.8371691043312222700 ) ) ;
#8309 =( NAMED_UNIT ( * ) PLANE_ANGLE_UNIT ( ) SI_UNIT ( $, .RADIAN. ) );
#8310 = ORIENTED_EDGE ( 'NONE', *, *, #4185, .F. ) ;
#8311 = CARTESIAN_POINT ( 'NONE',  ( 15.71441625783251400, 2.610000000000029200, -14.91795067099118200 ) ) ;
#8312 = DIRECTION ( 'NONE',  ( 0.0000000000000000000, 1.000000000000000000, 0.0000000000000000000 ) ) ;
#8313 = CIRCLE ( 'NONE', #4619, 1.250000000000011500 ) ;
#8314 = VECTOR ( 'NONE', #2844, 1000.000000000000000 ) ;
#8315 = ORIENTED_EDGE ( 'NONE', *, *, #5871, .F. ) ;
#8317 = EDGE_LOOP ( 'NONE', ( #2792, #2868, #11182 ) ) ;
#8316 = DIRECTION ( 'NONE',  ( 0.0000000000000000000, 0.0000000000000000000, 1.000000000000000000 ) ) ;
#8318 = DIRECTION ( 'NONE',  ( 0.0000000000000000000, 1.000000000000000000, -0.0000000000000000000 ) ) ;
#8319 = VERTEX_POINT ( 'NONE', #1693 ) ;
#8320 = DIRECTION ( 'NONE',  ( -0.0000000000000000000, 1.000000000000000000, 0.0000000000000000000 ) ) ;
#8321 = EDGE_CURVE ( 'NONE', #7454, #10689, #9306, .T. ) ;
#8322 = DIRECTION ( 'NONE',  ( 0.7071067811865475700, 0.0000000000000000000, 0.7071067811865475700 ) ) ;
#8323 = LINE ( 'NONE', #6625, #5484 ) ;
#8324 = AXIS2_PLACEMENT_3D ( 'NONE', #4865, #11631, #5826 ) ;
#8325 = ORIENTED_EDGE ( 'NONE', *, *, #968, .T. ) ;
#8326 = FACE_OUTER_BOUND ( 'NONE', #9186, .T. ) ;
#8327 = FACE_BOUND ( 'NONE', #7809, .T. ) ;
#8328 = DIRECTION ( 'NONE',  ( 0.5469441386039892700, 0.0000000000000000000, -0.8371691043312217100 ) ) ;
#8329 = EDGE_LOOP ( 'NONE', ( #2986, #361, #7714, #7513, #6780, #9812 ) ) ;
#8330 = ADVANCED_FACE ( 'NONE', ( #8979 ), #989, .F. ) ;
#8331 = DIRECTION ( 'NONE',  ( -0.5469441386039888300, -5.359117379318553400E-017, 0.8371691043312222700 ) ) ;
#8332 = CARTESIAN_POINT ( 'NONE',  ( 16.63016877650852600, 0.6000000000000297300, -16.55338432521336100 ) ) ;
#8333 = CARTESIAN_POINT ( 'NONE',  ( -15.56505682615291700, 2.610000000000006100, 16.05218077598818400 ) ) ;
#8334 = CIRCLE ( 'NONE', #949, 1.999999999999998200 ) ;
#8335 = CARTESIAN_POINT ( 'NONE',  ( 6.938893903907228400E-015, 11.46250000000000000, 3.469446951953614200E-015 ) ) ;
#8336 = ORIENTED_EDGE ( 'NONE', *, *, #2150, .F. ) ;
#8337 = CYLINDRICAL_SURFACE ( 'NONE', #1538, 1.250000000000001100 ) ;
#8338 = DIRECTION ( 'NONE',  ( 0.0000000000000000000, 0.0000000000000000000, 1.000000000000000000 ) ) ;
#8339 = FACE_OUTER_BOUND ( 'NONE', #64, .T. ) ;
#8340 = AXIS2_PLACEMENT_3D ( 'NONE', #4630, #781, #12375 ) ;
#8341 = ORIENTED_EDGE ( 'NONE', *, *, #10788, .F. ) ;
#8342 = EDGE_CURVE ( 'NONE', #8572, #10790, #6110, .T. ) ;
#8343 = CARTESIAN_POINT ( 'NONE',  ( -15.50000000000000700, 2.015685424949270400, -15.49999999999999600 ) ) ;
#8344 = VERTEX_POINT ( 'NONE', #8481 ) ;
#8345 = EDGE_CURVE ( 'NONE', #11161, #7330, #8664, .T. ) ;
#8346 = CARTESIAN_POINT ( 'NONE',  ( 16.37157287525380800, 12.00000000000000000, -20.99999999999999600 ) ) ;
#8347 = DIRECTION ( 'NONE',  ( 0.0000000000000000000, 1.000000000000000000, 0.0000000000000000000 ) ) ;
#8348 = FACE_OUTER_BOUND ( 'NONE', #6589, .T. ) ;
#8349 = EDGE_LOOP ( 'NONE', ( #10810, #4583, #3961, #9559, #8515, #11909, #12294 ) ) ;
#8350 = FACE_BOUND ( 'NONE', #5995, .T. ) ;
#8351 = CARTESIAN_POINT ( 'NONE',  ( -15.50000000000000700, 0.6000000000000319500, -15.49999999999999600 ) ) ;
#8352 = DIRECTION ( 'NONE',  ( -0.0000000000000000000, -1.000000000000000000, 0.0000000000000000000 ) ) ;
#8353 = DATE_TIME_ROLE ( 'creation_date' ) ;
#8354 = ORIENTED_EDGE ( 'NONE', *, *, #2186, .T. ) ;
#8355 = AXIS2_PLACEMENT_3D ( 'NONE', #11019, #5227, #12013 ) ;
#8356 = EDGE_CURVE ( 'NONE', #6190, #11303, #6411, .T. ) ;
#8357 = VECTOR ( 'NONE', #10654, 1000.000000000000200 ) ;
#8358 = EDGE_CURVE ( 'NONE', #3515, #8123, #10962, .T. ) ;
#8359 = AXIS2_PLACEMENT_3D ( 'NONE', #11383, #5585, #12371 ) ;
#8360 = LINE ( 'NONE', #5341, #7450 ) ;
#8361 = ORIENTED_EDGE ( 'NONE', *, *, #6317, .F. ) ;
#8362 = CARTESIAN_POINT ( 'NONE',  ( 3.469446951953614200E-014, 33.30000000000000400, 3.122502256758252800E-014 ) ) ;
#8363 = DIRECTION ( 'NONE',  ( 0.0000000000000000000, 1.000000000000000000, 0.0000000000000000000 ) ) ;
#8364 = FACE_OUTER_BOUND ( 'NONE', #499, .T. ) ;
#8365 = CARTESIAN_POINT ( 'NONE',  ( -16.15011936899282900, 1.270265698095189600, -15.48277406361290100 ) ) ;
#8366 = ORIENTED_EDGE ( 'NONE', *, *, #10788, .T. ) ;
#8367 = ADVANCED_FACE ( 'NONE', ( #8364 ), #3733, .F. ) ;
#8368 = ORIENTED_EDGE ( 'NONE', *, *, #3199, .F. ) ;
#8369 = CARTESIAN_POINT ( 'NONE',  ( 5.977546166576556000E-015, 29.59999999999999800, 7.700000000000009100 ) ) ;
#8370 = ORIENTED_EDGE ( 'NONE', *, *, #2118, .F. ) ;
#8371 = DIRECTION ( 'NONE',  ( -1.475119460951884600E-016, 1.000000000000000000, 2.257862093665809900E-016 ) ) ;
#8372 = DIRECTION ( 'NONE',  ( 0.5469441386039886100, 0.0000000000000000000, -0.8371691043312222700 ) ) ;
#8373 = LINE ( 'NONE', #10177, #696 ) ;
#8374 = AXIS2_PLACEMENT_3D ( 'NONE', #11139, #5347, #12129 ) ;
#8375 = VECTOR ( 'NONE', #5774, 999.9999999999998900 ) ;
#8376 = EDGE_CURVE ( 'NONE', #4850, #3897, #3563, .T. ) ;
#8377 = AXIS2_PLACEMENT_3D ( 'NONE', #2674, #5579, #7483 ) ;
#8378 = LINE ( 'NONE', #3745, #2529 ) ;
#8379 = DIRECTION ( 'NONE',  ( -0.7071067811865479100, 0.0000000000000000000, 0.7071067811865472400 ) ) ;
#8380 = EDGE_CURVE ( 'NONE', #3753, #11239, #687, .T. ) ;
#8381 = ORIENTED_EDGE ( 'NONE', *, *, #8730, .T. ) ;
#8382 = CARTESIAN_POINT ( 'NONE',  ( -16.95812298778031400, 0.6000000000000319500, -16.01066363930342700 ) ) ;
#8383 = VECTOR ( 'NONE', #152, 999.9999999999998900 ) ;
#8384 = DIRECTION ( 'NONE',  ( 0.0000000000000000000, -1.000000000000000000, 0.0000000000000000000 ) ) ;
#8385 = LINE ( 'NONE', #8724, #5548 ) ;
#8386 = AXIS2_PLACEMENT_3D ( 'NONE', #5392, #12178, #11184 ) ;
#8387 = VERTEX_POINT ( 'NONE', #3774 ) ;
#8388 = CARTESIAN_POINT ( 'NONE',  ( 17.43223304703363000, 0.0000000000000000000, 20.06066017177982300 ) ) ;
#8389 = ADVANCED_FACE ( 'NONE', ( #5809 ), #2851, .F. ) ;
#8390 = DIRECTION ( 'NONE',  ( -0.5469441386039886100, 0.0000000000000000000, 0.8371691043312222700 ) ) ;
#8391 = ORIENTED_EDGE ( 'NONE', *, *, #8765, .F. ) ;
#8392 = ORIENTED_EDGE ( 'NONE', *, *, #5369, .T. ) ;
#8393 = DIRECTION ( 'NONE',  ( -1.000000000000000000, 0.0000000000000000000, 0.0000000000000000000 ) ) ;
#8394 = CARTESIAN_POINT ( 'NONE',  ( -14.64103821455296200, 8.500000000000000000, 21.00000000000000400 ) ) ;
#8395 = DIRECTION ( 'NONE',  ( -0.0000000000000000000, 0.0000000000000000000, 1.000000000000000000 ) ) ;
#8396 = EDGE_CURVE ( 'NONE', #8278, #10298, #8049, .T. ) ;
#8397 = AXIS2_PLACEMENT_3D ( 'NONE', #9572, #3780, #10533 ) ;
#8398 = CIRCLE ( 'NONE', #9932, 4.000000000000000000 ) ;
#8399 = APPROVAL_DATE_TIME ( #10994, #4820 ) ;
#8400 = EDGE_LOOP ( 'NONE', ( #9274, #5913, #12342, #88 ) ) ;
#8401 = DIRECTION ( 'NONE',  ( 0.0000000000000000000, 0.0000000000000000000, -1.000000000000000000 ) ) ;
#8402 = ORIENTED_EDGE ( 'NONE', *, *, #7754, .T. ) ;
#8403 = DIRECTION ( 'NONE',  ( -0.0000000000000000000, -1.000000000000000000, -0.0000000000000000000 ) ) ;
#8404 = ORIENTED_EDGE ( 'NONE', *, *, #11914, .T. ) ;
#8405 = CARTESIAN_POINT ( 'NONE',  ( -0.3008397970715543400, 0.3008397970715546700, 18.00000000000000700 ) ) ;
#8406 = DIRECTION ( 'NONE',  ( -0.0000000000000000000, -1.000000000000000000, -0.0000000000000000000 ) ) ;
#8407 = CYLINDRICAL_SURFACE ( 'NONE', #5229, 3.649999999999999900 ) ;
#8408 = FACE_OUTER_BOUND ( 'NONE', #5145, .T. ) ;
#8409 = AXIS2_PLACEMENT_3D ( 'NONE', #7229, #1493, #8199 ) ;
#8410 = VERTEX_POINT ( 'NONE', #6704 ) ;
#8411 = EDGE_CURVE ( 'NONE', #7114, #6190, #382, .T. ) ;
#8412 = VERTEX_POINT ( 'NONE', #12554 ) ;
#8413 = DIRECTION ( 'NONE',  ( 0.5469441386039871600, 0.0000000000000000000, -0.8371691043312232700 ) ) ;
#8414 = DIRECTION ( 'NONE',  ( -0.0000000000000000000, -0.0000000000000000000, -1.000000000000000000 ) ) ;
#8415 = DIRECTION ( 'NONE',  ( 0.0000000000000000000, 0.0000000000000000000, -1.000000000000000000 ) ) ;
#8416 = LINE ( 'NONE', #12164, #5577 ) ;
#8417 = CIRCLE ( 'NONE', #5137, 1.250000000000011500 ) ;
#8418 = DIRECTION ( 'NONE',  ( -0.0000000000000000000, -1.000000000000000000, -0.0000000000000000000 ) ) ;
#8419 = DIRECTION ( 'NONE',  ( -1.000000000000000000, -0.0000000000000000000, -0.0000000000000000000 ) ) ;
#8420 = VERTEX_POINT ( 'NONE', #8655 ) ;
#8421 = ADVANCED_FACE ( 'NONE', ( #5524 ), #2897, .T. ) ;
#8422 = DIRECTION ( 'NONE',  ( -0.0000000000000000000, -1.000000000000000000, 0.0000000000000000000 ) ) ;
#8423 = ORIENTED_EDGE ( 'NONE', *, *, #10438, .F. ) ;
#8424 = AXIS2_PLACEMENT_3D ( 'NONE', #10272, #4489, #11253 ) ;
#8425 = VERTEX_POINT ( 'NONE', #956 ) ;
#8426 = AXIS2_PLACEMENT_3D ( 'NONE', #11403, #3457, #9297 ) ;
#8427 = DIRECTION ( 'NONE',  ( 0.0000000000000000000, 0.0000000000000000000, -1.000000000000000000 ) ) ;
#8428 = CIRCLE ( 'NONE', #1887, 8.000000000000005300 ) ;
#8430 = CARTESIAN_POINT ( 'NONE',  ( -17.78578643762688600, 23.40000000000000600, -20.41421356237309200 ) ) ;
#8429 = CYLINDRICAL_SURFACE ( 'NONE', #3037, 25.60000000000001900 ) ;
#8431 = EDGE_LOOP ( 'NONE', ( #2102, #75, #225, #3263 ) ) ;
#8432 = ORIENTED_EDGE ( 'NONE', *, *, #5804, .F. ) ;
#8433 = B_SPLINE_CURVE_WITH_KNOTS ( 'NONE', 3,
 ( #9408, #2654, #11347, #5562 ),
 .UNSPECIFIED., .F., .F.,
 ( 4, 4 ),
 ( 0.001380840031772739300, 0.003398373201762474000 ),
 .UNSPECIFIED. ) ;
#8434 = ORIENTED_EDGE ( 'NONE', *, *, #8376, .T. ) ;
#8435 = CARTESIAN_POINT ( 'NONE',  ( -4.000000000000001800, 8.500000000000000000, 18.00000000000000700 ) ) ;
#8436 = CARTESIAN_POINT ( 'NONE',  ( 15.50000000000000400, 0.6000000000000276200, 15.50000000000000500 ) ) ;
#8437 = DIRECTION ( 'NONE',  ( 0.0000000000000000000, 0.0000000000000000000, 1.000000000000000000 ) ) ;
#8438 = AXIS2_PLACEMENT_3D ( 'NONE', #2378, #9115, #3340 ) ;
#8439 = LINE ( 'NONE', #1652, #5891 ) ;
#8440 = VECTOR ( 'NONE', #7461, 1000.000000000000000 ) ;
#8441 = EDGE_CURVE ( 'NONE', #8159, #7243, #2950, .T. ) ;
#8442 = ORIENTED_EDGE ( 'NONE', *, *, #2216, .T. ) ;
#8443 = AXIS2_PLACEMENT_3D ( 'NONE', #1650, #8363, #2616 ) ;
#8444 = DIRECTION ( 'NONE',  ( 0.0000000000000000000, 0.0000000000000000000, 1.000000000000000000 ) ) ;
#8445 = CARTESIAN_POINT ( 'NONE',  ( 3.469446951953614200E-015, 2.800000000000002000, -2.499999999999992900 ) ) ;
#8446 = EDGE_CURVE ( 'NONE', #6525, #156, #5210, .T. ) ;
#8448 = EDGE_LOOP ( 'NONE', ( #7593, #4971, #2442, #3000 ) ) ;
#8447 = ORIENTED_EDGE ( 'NONE', *, *, #10314, .F. ) ;
#8449 = EDGE_LOOP ( 'NONE', ( #3098, #5648, #6126, #11056 ) ) ;
#8450 = ADVANCED_FACE ( 'NONE', ( #3260 ), #12339, .F. ) ;
#8451 = CARTESIAN_POINT ( 'NONE',  ( 20.06066017177982600, 0.0000000000000000000, 17.43223304703362700 ) ) ;
#8452 = ORIENTED_EDGE ( 'NONE', *, *, #9444, .F. ) ;
#8453 = ORIENTED_EDGE ( 'NONE', *, *, #1576, .F. ) ;
#8454 = CARTESIAN_POINT ( 'NONE',  ( -15.50000000000000700, 2.610000000000006100, 15.50000000000000400 ) ) ;
#8455 = FACE_OUTER_BOUND ( 'NONE', #6800, .T. ) ;
#8456 = CYLINDRICAL_SURFACE ( 'NONE', #10066, 0.5000000000000004400 ) ;
#8457 = CARTESIAN_POINT ( 'NONE',  ( -16.32041620790598900, -5.749999999999984000, 16.75575365649683900 ) ) ;
#8458 = VERTEX_POINT ( 'NONE', #5836 ) ;
#8459 = EDGE_CURVE ( 'NONE', #4251, #2628, #4911, .T. ) ;
#8460 = ORIENTED_EDGE ( 'NONE', *, *, #10102, .T. ) ;
#8461 = ORIENTED_EDGE ( 'NONE', *, *, #2663, .T. ) ;
#8462 = DIRECTION ( 'NONE',  ( 0.0000000000000000000, 0.0000000000000000000, -1.000000000000000000 ) ) ;
#8463 = ORIENTED_EDGE ( 'NONE', *, *, #5202, .T. ) ;
#8464 = EDGE_CURVE ( 'NONE', #7843, #2803, #59, .T. ) ;
#8465 = CIRCLE ( 'NONE', #10098, 15.49999999999997900 ) ;
#8466 = FACE_OUTER_BOUND ( 'NONE', #1793, .T. ) ;
#8467 = AXIS2_PLACEMENT_3D ( 'NONE', #12559, #6710, #960 ) ;
#8468 = EDGE_LOOP ( 'NONE', ( #11015, #12183 ) ) ;
#8469 = DIRECTION ( 'NONE',  ( -1.000000000000000000, 0.0000000000000000000, 0.0000000000000000000 ) ) ;
#8470 = ORIENTED_EDGE ( 'NONE', *, *, #4823, .T. ) ;
#8471 = EDGE_LOOP ( 'NONE', ( #2350, #12586 ) ) ;
#8472 = DIRECTION ( 'NONE',  ( -0.0000000000000000000, -1.000000000000000000, 0.0000000000000000000 ) ) ;
#8473 = CYLINDRICAL_SURFACE ( 'NONE', #2658, 0.4999999999999982200 ) ;
#8474 = ORIENTED_EDGE ( 'NONE', *, *, #3702, .T. ) ;
#8475 = VECTOR ( 'NONE', #4279, 1000.000000000000000 ) ;
#8476 = LINE ( 'NONE', #2499, #8171 ) ;
#8477 = ORIENTED_EDGE ( 'NONE', *, *, #11505, .F. ) ;
#8478 = CARTESIAN_POINT ( 'NONE',  ( 6.938893903907228400E-015, 33.32983738762488500, 4.150000000000004800 ) ) ;
#8479 = DIRECTION ( 'NONE',  ( -0.6440682147678800100, 0.7071067811865440200, -0.2918495069821443500 ) ) ;
#8480 = EDGE_CURVE ( 'NONE', #10647, #4265, #7453, .T. ) ;
#8481 = CARTESIAN_POINT ( 'NONE',  ( 4.000000000000001800, 8.500000000000000000, 18.00000000000000700 ) ) ;
#8482 = VERTEX_POINT ( 'NONE', #2975 ) ;
#8483 = AXIS2_PLACEMENT_3D ( 'NONE', #7254, #1512, #8218 ) ;
#8484 = ADVANCED_FACE ( 'NONE', ( #10056 ), #7745, .T. ) ;
#8485 = EDGE_CURVE ( 'NONE', #10324, #9553, #7149, .T. ) ;
#8486 = CARTESIAN_POINT ( 'NONE',  ( 4.020538011569923100E-015, 2.500000000000004000, 4.500000000000007100 ) ) ;
#8487 = DIRECTION ( 'NONE',  ( -0.0000000000000000000, -1.000000000000000000, -0.0000000000000000000 ) ) ;
#8488 = LINE ( 'NONE', #4520, #3683 ) ;
#8489 = EDGE_LOOP ( 'NONE', ( #1577, #419, #9826, #2449 ) ) ;
#8490 = ORIENTED_EDGE ( 'NONE', *, *, #9238, .T. ) ;
#8491 = ORIENTED_EDGE ( 'NONE', *, *, #12089, .T. ) ;
#8492 = CARTESIAN_POINT ( 'NONE',  ( -15.50000000000000700, 26.00000000000000400, 15.50000000000000400 ) ) ;
#8493 = CARTESIAN_POINT ( 'NONE',  ( 14.98933636069656700, 0.6000000000000297300, -14.04187701221968400 ) ) ;
#8494 = CYLINDRICAL_SURFACE ( 'NONE', #9676, 0.2794843821735011300 ) ;
#8495 = ORIENTED_EDGE ( 'NONE', *, *, #2078, .T. ) ;
#8496 = EDGE_CURVE ( 'NONE', #10766, #3830, #2353, .T. ) ;
#8497 = VECTOR ( 'NONE', #8997, 999.9999999999998900 ) ;
#8498 = CARTESIAN_POINT ( 'NONE',  ( -16.55338432521336500, 0.6000000000000063100, 14.36983122349146800 ) ) ;
#8499 = DIRECTION ( 'NONE',  ( 0.5469441386039908300, 0.0000000000000000000, -0.8371691043312209400 ) ) ;
#8500 = ORIENTED_EDGE ( 'NONE', *, *, #2248, .F. ) ;
#8501 = FACE_OUTER_BOUND ( 'NONE', #11352, .T. ) ;
#8502 = DIRECTION ( 'NONE',  ( 0.0000000000000000000, -1.000000000000000000, 0.0000000000000000000 ) ) ;
#8503 = ADVANCED_FACE ( 'NONE', ( #9748 ), #4309, .T. ) ;
#8504 = LINE ( 'NONE', #12099, #8209 ) ;
#8505 = VECTOR ( 'NONE', #8020, 1000.000000000000000 ) ;
#8506 = EDGE_CURVE ( 'NONE', #6060, #4668, #12059, .T. ) ;
#8507 = CARTESIAN_POINT ( 'NONE',  ( 20.41421356237308900, 33.50000000000000000, 17.78578643762691100 ) ) ;
#8508 = CARTESIAN_POINT ( 'NONE',  ( -16.08204932900882200, 2.610000000000031400, -15.28558374216747500 ) ) ;
#8509 = ORIENTED_EDGE ( 'NONE', *, *, #12281, .T. ) ;
#8510 = EDGE_CURVE ( 'NONE', #9151, #11365, #2059, .T. ) ;
#8511 = AXIS2_PLACEMENT_3D ( 'NONE', #5360, #12145, #6316 ) ;
#8512 = EDGE_LOOP ( 'NONE', ( #2955, #8336, #8490, #3873 ) ) ;
#8513 = EDGE_CURVE ( 'NONE', #6235, #9448, #6842, .T. ) ;
#8514 = DIRECTION ( 'NONE',  ( 0.0000000000000000000, 1.000000000000000000, 0.0000000000000000000 ) ) ;
#8515 = ORIENTED_EDGE ( 'NONE', *, *, #3350, .F. ) ;
#8516 = LINE ( 'NONE', #7269, #6274 ) ;
#8517 = ORIENTED_EDGE ( 'NONE', *, *, #3651, .T. ) ;
#8518 = CARTESIAN_POINT ( 'NONE',  ( -15.43494317384709500, 2.610000000000031400, -16.05218077598817700 ) ) ;
#8519 = LINE ( 'NONE', #9117, #10822 ) ;
#8520 = CARTESIAN_POINT ( 'NONE',  ( -1.954389032750067000, 4.110050607254169800, 18.20000000000000300 ) ) ;
#8521 = DIRECTION ( 'NONE',  ( 0.0000000000000000000, 0.0000000000000000000, 1.000000000000000000 ) ) ;
#8522 = DIRECTION ( 'NONE',  ( 0.5469441386039857200, 0.0000000000000000000, -0.8371691043312240500 ) ) ;
#8523 = VERTEX_POINT ( 'NONE', #3110 ) ;
#8524 = ORIENTED_EDGE ( 'NONE', *, *, #8751, .F. ) ;
#8525 = AXIS2_PLACEMENT_3D ( 'NONE', #5108, #11889, #6073 ) ;
#8526 = AXIS2_PLACEMENT_3D ( 'NONE', #8193, #10174, #7225 ) ;
#8527 = EDGE_CURVE ( 'NONE', #8764, #8252, #12036, .T. ) ;
#8528 = LINE ( 'NONE', #2736, #6286 ) ;
#8529 = ORIENTED_EDGE ( 'NONE', *, *, #9335, .F. ) ;
#8530 = ORIENTED_EDGE ( 'NONE', *, *, #8510, .T. ) ;
#8531 = ORIENTED_EDGE ( 'NONE', *, *, #12524, .F. ) ;
#8532 = DIRECTION ( 'NONE',  ( 0.0000000000000000000, 1.000000000000000000, 0.0000000000000000000 ) ) ;
#8533 = ADVANCED_FACE ( 'NONE', ( #9130 ), #9451, .T. ) ;
#8534 = ORIENTED_EDGE ( 'NONE', *, *, #6094, .F. ) ;
#8535 = EDGE_LOOP ( 'NONE', ( #3885, #2390, #1406, #2869 ) ) ;
#8536 = CARTESIAN_POINT ( 'NONE',  ( -2.081668171172168500E-014, 8.500000000000000000, -1.734723475976807100E-014 ) ) ;
#8537 = LINE ( 'NONE', #11363, #6299 ) ;
#8538 = LINE ( 'NONE', #486, #3445 ) ;
#8539 = CARTESIAN_POINT ( 'NONE',  ( -20.50000000000000400, 0.0000000000000000000, -16.37157287525380400 ) ) ;
#8540 = ORIENTED_EDGE ( 'NONE', *, *, #4180, .F. ) ;
#8541 = DIRECTION ( 'NONE',  ( 0.5469441386039886100, 0.0000000000000000000, -0.8371691043312222700 ) ) ;
#8542 = EDGE_CURVE ( 'NONE', #9730, #4394, #11724, .T. ) ;
#8543 = ORIENTED_EDGE ( 'NONE', *, *, #8630, .T. ) ;
#8544 = CARTESIAN_POINT ( 'NONE',  ( -14.91795067099119300, 2.610000000000006100, 15.28558374216748200 ) ) ;
#8545 = AXIS2_PLACEMENT_3D ( 'NONE', #3485, #1599, #8308 ) ;
#8546 = ORIENTED_EDGE ( 'NONE', *, *, #1727, .T. ) ;
#8547 = ADVANCED_FACE ( 'NONE', ( #6554 ), #6254, .F. ) ;
#8548 = CARTESIAN_POINT ( 'NONE',  ( 3.469446951953614200E-015, 25.63749999999999900, 6.938893903907228400E-015 ) ) ;
#8549 = CARTESIAN_POINT ( 'NONE',  ( 16.37157287525380800, 23.40000000000000600, -21.00000000000000000 ) ) ;
#8550 = CIRCLE ( 'NONE', #941, 0.5560000000000002700 ) ;
#8551 = VECTOR ( 'NONE', #5533, 1000.000000000000000 ) ;
#8552 = CARTESIAN_POINT ( 'NONE',  ( -15.79169233451989700, 0.6000000000000319500, -16.13253578028825100 ) ) ;
#8553 = EDGE_LOOP ( 'NONE', ( #6288, #3634, #2749, #10868 ) ) ;
#8554 = DIRECTION ( 'NONE',  ( -0.7071067811865474600, 0.0000000000000000000, -0.7071067811865474600 ) ) ;
#8555 = CARTESIAN_POINT ( 'NONE',  ( 16.37157287525380800, 34.00000000000000000, -19.00000000000000000 ) ) ;
#8556 = PLANE ( 'NONE',  #11671 ) ;
#8557 = CARTESIAN_POINT ( 'NONE',  ( -15.56331376197797300, 8.500000000000000000, 20.32592592592593000 ) ) ;
#8558 = ORIENTED_EDGE ( 'NONE', *, *, #5332, .F. ) ;
#8559 = ORIENTED_EDGE ( 'NONE', *, *, #6707, .F. ) ;
#8560 = ADVANCED_FACE ( 'NONE', ( #11413 ), #6038, .F. ) ;
#8561 = DIRECTION ( 'NONE',  ( 0.5469441386039871600, 0.0000000000000000000, -0.8371691043312232700 ) ) ;
#8562 = ORIENTED_EDGE ( 'NONE', *, *, #724, .F. ) ;
#8563 = AXIS2_PLACEMENT_3D ( 'NONE', #1175, #9911, #4117 ) ;
#8564 = EDGE_CURVE ( 'NONE', #4940, #10485, #3999, .T. ) ;
#8565 = FACE_OUTER_BOUND ( 'NONE', #5135, .T. ) ;
#8566 = CIRCLE ( 'NONE', #2793, 4.000000000000001800 ) ;
#8567 = VERTEX_POINT ( 'NONE', #268 ) ;
#8568 = EDGE_CURVE ( 'NONE', #3719, #11610, #8817, .T. ) ;
#8569 = DIRECTION ( 'NONE',  ( -0.0000000000000000000, -1.000000000000000000, -0.0000000000000000000 ) ) ;
#8570 = DIRECTION ( 'NONE',  ( 0.0000000000000000000, 1.000000000000000000, 0.0000000000000000000 ) ) ;
#8571 = ORIENTED_EDGE ( 'NONE', *, *, #3956, .T. ) ;
#8572 = VERTEX_POINT ( 'NONE', #3196 ) ;
#8573 = EDGE_LOOP ( 'NONE', ( #1168, #4598 ) ) ;
#8574 = DIRECTION ( 'NONE',  ( 0.0000000000000000000, 1.000000000000000000, -0.0000000000000000000 ) ) ;
#8575 = CIRCLE ( 'NONE', #823, 1.550000000000037600 ) ;
#8576 = VECTOR ( 'NONE', #351, 999.9999999999998900 ) ;
#8577 = DIRECTION ( 'NONE',  ( 0.0000000000000000000, 0.0000000000000000000, 1.000000000000000000 ) ) ;
#8578 = CARTESIAN_POINT ( 'NONE',  ( 16.63016877650852600, 0.6000000000000297300, -16.55338432521336100 ) ) ;
#8579 = DIRECTION ( 'NONE',  ( -0.2440452458516469400, 0.8949343913984423300, 0.3735429735244777900 ) ) ;
#8580 = ORIENTED_EDGE ( 'NONE', *, *, #2040, .T. ) ;
#8581 = AXIS2_PLACEMENT_3D ( 'NONE', #9837, #4045, #10808 ) ;
#8582 = AXIS2_PLACEMENT_3D ( 'NONE', #7793, #366, #2070 ) ;
#8583 = DIRECTION ( 'NONE',  ( -0.0000000000000000000, 0.0000000000000000000, 1.000000000000000000 ) ) ;
#8584 = ORIENTED_EDGE ( 'NONE', *, *, #6998, .T. ) ;
#8585 = ORIENTED_EDGE ( 'NONE', *, *, #7285, .F. ) ;
#8586 = CARTESIAN_POINT ( 'NONE',  ( 15.50000000000000400, 0.6000000000000276200, 15.50000000000000500 ) ) ;
#8587 = MANIFOLD_SOLID_BREP ( 'nema17_bottom-1-solid1', #4646 ) ;
#8588 = ORIENTED_EDGE ( 'NONE', *, *, #6226, .F. ) ;
#8589 = EDGE_LOOP ( 'NONE', ( #1114, #1806, #3881, #4049 ) ) ;
#8590 = DIRECTION ( 'NONE',  ( -0.0000000000000000000, -1.000000000000000000, 0.0000000000000000000 ) ) ;
#8591 = DIRECTION ( 'NONE',  ( -0.7071067811865474600, 0.0000000000000000000, 0.7071067811865474600 ) ) ;
#8592 = DIRECTION ( 'NONE',  ( 0.0000000000000000000, -1.000000000000000000, 0.0000000000000000000 ) ) ;
#8593 = CIRCLE ( 'NONE', #6059, 0.8074684195533451400 ) ;
#8594 = LINE ( 'NONE', #6134, #1239 ) ;
#8595 = CARTESIAN_POINT ( 'NONE',  ( 15.49999999999999300, 26.00000000000000400, -14.24999999999998600 ) ) ;
#8596 = ORIENTED_EDGE ( 'NONE', *, *, #11795, .F. ) ;
#8597 = CARTESIAN_POINT ( 'NONE',  ( -15.50000000000000700, 8.500000000000000000, 16.75000000000000000 ) ) ;
#8598 = ORIENTED_EDGE ( 'NONE', *, *, #4544, .T. ) ;
#8599 = DIRECTION ( 'NONE',  ( 0.0000000000000000000, 0.0000000000000000000, 1.000000000000000000 ) ) ;
#8600 = CARTESIAN_POINT ( 'NONE',  ( -15.28558374216748700, 2.610000000000006100, 16.08204932900881800 ) ) ;
#8601 = AXIS2_PLACEMENT_3D ( 'NONE', #11830, #6008, #239 ) ;
#8602 = DIRECTION ( 'NONE',  ( 0.0000000000000000000, 0.0000000000000000000, 1.000000000000000000 ) ) ;
#8603 = DIRECTION ( 'NONE',  ( 0.0000000000000000000, 0.0000000000000000000, 1.000000000000000000 ) ) ;
#8604 = VERTEX_POINT ( 'NONE', #6087 ) ;
#8605 = EDGE_CURVE ( 'NONE', #112, #4863, #11109, .T. ) ;
#8606 = AXIS2_PLACEMENT_3D ( 'NONE', #4196, #2306, #9031 ) ;
#8607 = TOROIDAL_SURFACE ( 'NONE', #6542, 7.700000000000005500, 0.2999999999999994900 ) ;
#8608 = TOROIDAL_SURFACE ( 'NONE', #356, 1.500000000000000000, 0.5000000000000000000 ) ;
#8609 = DIRECTION ( 'NONE',  ( 0.0000000000000000000, 1.000000000000000000, 0.0000000000000000000 ) ) ;
#8610 = PLANE ( 'NONE',  #2092 ) ;
#8611 = EDGE_LOOP ( 'NONE', ( #1844, #9232, #6733, #9123 ) ) ;
#8612 = CARTESIAN_POINT ( 'NONE',  ( 15.51303064308315200, 0.6000000000000276200, 14.80356900291316300 ) ) ;
#8613 = EDGE_CURVE ( 'NONE', #9180, #4863, #1142, .T. ) ;
#8614 = CARTESIAN_POINT ( 'NONE',  ( -20.41421356237309600, 12.00000000000000000, -17.78578643762690000 ) ) ;
#8615 = EDGE_LOOP ( 'NONE', ( #11122, #10877 ) ) ;
#8616 = CARTESIAN_POINT ( 'NONE',  ( -2.888629745115985700, 6.632453012234881500, 18.00000000000000700 ) ) ;
#8617 = TOROIDAL_SURFACE ( 'NONE', #1126, 10.50000000000000400, 0.5000000000000000000 ) ;
#8618 = ORIENTED_EDGE ( 'NONE', *, *, #12455, .F. ) ;
#8619 = CARTESIAN_POINT ( 'NONE',  ( 6.938893903907228400E-015, 23.40000000000000600, 3.469446951953614200E-015 ) ) ;
#8620 = FACE_OUTER_BOUND ( 'NONE', #3156, .T. ) ;
#8621 = CIRCLE ( 'NONE', #10137, 0.5560000000000002700 ) ;
#8622 = ADVANCED_FACE ( 'NONE', ( #3693 ), #8957, .T. ) ;
#8623 = ORIENTED_EDGE ( 'NONE', *, *, #6640, .F. ) ;
#8624 = CARTESIAN_POINT ( 'NONE',  ( 3.469446951953614200E-014, 36.00000000000000700, 3.122502256758252800E-014 ) ) ;
#8625 = ORIENTED_EDGE ( 'NONE', *, *, #6974, .T. ) ;
#8626 = VERTEX_POINT ( 'NONE', #2313 ) ;
#8627 = CARTESIAN_POINT ( 'NONE',  ( -14.86746421971175300, 0.6000000000000063100, 15.20830766548010800 ) ) ;
#8628 = CARTESIAN_POINT ( 'NONE',  ( 15.94452336260680300, 2.424605185108647200, -15.10115791695333500 ) ) ;
#8629 = DIRECTION ( 'NONE',  ( 0.0000000000000000000, 0.0000000000000000000, 1.000000000000000000 ) ) ;
#8630 = EDGE_CURVE ( 'NONE', #3217, #11333, #5954, .T. ) ;
#8631 = VECTOR ( 'NONE', #14, 1000.000000000000000 ) ;
#8632 = AXIS2_PLACEMENT_3D ( 'NONE', #6100, #7046, #1314 ) ;
#8633 = ORIENTED_EDGE ( 'NONE', *, *, #12251, .T. ) ;
#8634 = DIRECTION ( 'NONE',  ( 0.8371691043312221600, 0.0000000000000000000, 0.5469441386039886100 ) ) ;
#8635 = ADVANCED_FACE ( 'NONE', ( #829, #3400 ), #10960, .T. ) ;
#8636 = TOROIDAL_SURFACE ( 'NONE', #6670, 5.250000000000000000, 1.650000000000000100 ) ;
#8637 = LINE ( 'NONE', #7936, #5788 ) ;
#8638 = CARTESIAN_POINT ( 'NONE',  ( 16.37157287525380800, 0.0000000000000000000, -20.49999999999999600 ) ) ;
#8639 = DIRECTION ( 'NONE',  ( 0.8371691043312240500, 0.0000000000000000000, 0.5469441386039859400 ) ) ;
#8640 = ORIENTED_EDGE ( 'NONE', *, *, #7567, .F. ) ;
#8641 = CARTESIAN_POINT ( 'NONE',  ( -14.55142680868052500, 2.015685424949244600, 14.04808542057617300 ) ) ;
#8642 = CARTESIAN_POINT ( 'NONE',  ( -16.95812298778031400, 0.6000000000000063100, 14.98933636069657300 ) ) ;
#8643 = CARTESIAN_POINT ( 'NONE',  ( -15.28558374216748700, 2.610000000000031400, -14.91795067099118200 ) ) ;
#8644 = ORIENTED_EDGE ( 'NONE', *, *, #9605, .F. ) ;
#8645 = CARTESIAN_POINT ( 'NONE',  ( 21.00000000000000000, 0.5000000000000004400, 16.37157287525380400 ) ) ;
#8646 = EDGE_CURVE ( 'NONE', #8151, #3384, #10798, .T. ) ;
#8647 = LINE ( 'NONE', #3137, #8036 ) ;
#8648 = ORIENTED_EDGE ( 'NONE', *, *, #306, .F. ) ;
#8649 = DIRECTION ( 'NONE',  ( 0.0000000000000000000, 1.000000000000000000, -0.0000000000000000000 ) ) ;
#8650 = CARTESIAN_POINT ( 'NONE',  ( 0.0000000000000000000, 12.00000000000000000, 21.00000000000000400 ) ) ;
#8651 = FACE_OUTER_BOUND ( 'NONE', #9922, .T. ) ;
#8652 = AXIS2_PLACEMENT_3D ( 'NONE', #4937, #1111, #11713 ) ;
#8653 = DIRECTION ( 'NONE',  ( 0.0000000000000000000, 0.0000000000000000000, 1.000000000000000000 ) ) ;
#8654 = EDGE_CURVE ( 'NONE', #561, #1801, #5655, .T. ) ;
#8655 = CARTESIAN_POINT ( 'NONE',  ( -20.32592592592592200, 26.00000000000000400, -15.56331376197801000 ) ) ;
#8656 = ORIENTED_EDGE ( 'NONE', *, *, #5443, .F. ) ;
#8657 = EDGE_CURVE ( 'NONE', #12162, #10422, #1453, .T. ) ;
#8658 = CARTESIAN_POINT ( 'NONE',  ( -14.96325836533528200, 2.610000000000006100, 15.35493305815094800 ) ) ;
#8659 = CARTESIAN_POINT ( 'NONE',  ( 2.894712078817836000, 3.496391672960942100, 18.00000000000000700 ) ) ;
#8660 = VECTOR ( 'NONE', #8419, 1000.000000000000000 ) ;
#8661 = DIRECTION ( 'NONE',  ( 0.0000000000000000000, 0.0000000000000000000, -1.000000000000000000 ) ) ;
#8662 = FACE_OUTER_BOUND ( 'NONE', #1562, .T. ) ;
#8663 = ORIENTED_EDGE ( 'NONE', *, *, #6741, .F. ) ;
#8664 = CIRCLE ( 'NONE', #2363, 4.150000000000001200 ) ;
#8665 = ORIENTED_EDGE ( 'NONE', *, *, #5255, .T. ) ;
#8666 = PLANE ( 'NONE',  #10900 ) ;
#8667 = CARTESIAN_POINT ( 'NONE',  ( 0.0000000000000000000, 54.00000000000000000, 0.0000000000000000000 ) ) ;
#8668 = AXIS2_PLACEMENT_3D ( 'NONE', #3106, #9855, #4059 ) ;
#8669 = EDGE_CURVE ( 'NONE', #1218, #11536, #8200, .T. ) ;
#8670 = ORIENTED_EDGE ( 'NONE', *, *, #4386, .T. ) ;
#8671 = AXIS2_PLACEMENT_3D ( 'NONE', #9032, #11251, #3517 ) ;
#8672 = DIRECTION ( 'NONE',  ( 0.0000000000000000000, -1.000000000000000000, 0.0000000000000000000 ) ) ;
#8673 = ORIENTED_EDGE ( 'NONE', *, *, #10220, .T. ) ;
#8674 = CYLINDRICAL_SURFACE ( 'NONE', #8875, 2.000000000000001800 ) ;
#8675 = CIRCLE ( 'NONE', #969, 8.000000000000005300 ) ;
#8676 = CARTESIAN_POINT ( 'NONE',  ( 2.894712078817836000, 3.496391672960942100, 18.20000000000000300 ) ) ;
#8677 = CARTESIAN_POINT ( 'NONE',  ( 0.04561096724993300000, 4.110050607254169800, 28.20000000000000300 ) ) ;
#8678 = ORIENTED_EDGE ( 'NONE', *, *, #7218, .T. ) ;
#8679 = DIRECTION ( 'NONE',  ( -0.0000000000000000000, 1.000000000000000000, -0.0000000000000000000 ) ) ;
#8680 = CARTESIAN_POINT ( 'NONE',  ( -15.50000000000000700, 2.500000000000017800, -16.74999999999999600 ) ) ;
#8681 = AXIS2_PLACEMENT_3D ( 'NONE', #3929, #4906, #6819 ) ;
#8682 = LINE ( 'NONE', #2124, #8383 ) ;
#8683 = CC_DESIGN_DATE_AND_TIME_ASSIGNMENT ( #2984, #5518, ( #7392 ) ) ;
#8684 = EDGE_CURVE ( 'NONE', #6576, #5582, #10495, .T. ) ;
#8685 = DIRECTION ( 'NONE',  ( 0.5469441386039857200, 0.0000000000000000000, -0.8371691043312240500 ) ) ;
#8686 = EDGE_CURVE ( 'NONE', #3030, #12399, #3100, .T. ) ;
#8687 = AXIS2_PLACEMENT_3D ( 'NONE', #325, #7044, #1311 ) ;
#8688 = FACE_OUTER_BOUND ( 'NONE', #5301, .T. ) ;
#8689 = ORIENTED_EDGE ( 'NONE', *, *, #12332, .T. ) ;
#8690 = ADVANCED_FACE ( 'NONE', ( #5358 ), #5051, .T. ) ;
#8691 = EDGE_CURVE ( 'NONE', #2049, #4808, #214, .T. ) ;
#8692 = DIRECTION ( 'NONE',  ( -0.0000000000000000000, -1.000000000000000000, 0.0000000000000000000 ) ) ;
#8693 = DIRECTION ( 'NONE',  ( 0.0000000000000000000, 0.0000000000000000000, 1.000000000000000000 ) ) ;
#8694 = CARTESIAN_POINT ( 'NONE',  ( 14.80356900291315000, 0.6000000000000297300, -15.51303064308314800 ) ) ;
#8695 = ORIENTED_EDGE ( 'NONE', *, *, #1077, .T. ) ;
#8696 = DIRECTION ( 'NONE',  ( 0.0000000000000000000, 0.0000000000000000000, 1.000000000000000000 ) ) ;
#8697 = CARTESIAN_POINT ( 'NONE',  ( -20.99999999999998200, 26.00000000000000400, 14.64103821455299400 ) ) ;
#8698 = CARTESIAN_POINT ( 'NONE',  ( 19.09999999999999100, 12.00000000000000000, -19.10000000000000500 ) ) ;
#8699 = DIRECTION ( 'NONE',  ( -0.0000000000000000000, -1.000000000000000000, -0.0000000000000000000 ) ) ;
#8700 = DIRECTION ( 'NONE',  ( 0.0000000000000000000, 1.000000000000000000, -0.0000000000000000000 ) ) ;
#8701 = ADVANCED_FACE ( 'NONE', ( #2790 ), #7293, .T. ) ;
#8702 = FACE_OUTER_BOUND ( 'NONE', #11450, .T. ) ;
#8703 = APPROVAL_PERSON_ORGANIZATION ( #11299, #4820, #9358 ) ;
#8704 = CARTESIAN_POINT ( 'NONE',  ( -15.50000000000000700, 29.60000000000000900, 15.50000000000000400 ) ) ;
#8705 = CARTESIAN_POINT ( 'NONE',  ( 15.28558374216748400, 2.610000000000027400, 14.91795067099119100 ) ) ;
#8706 = AXIS2_PLACEMENT_3D ( 'NONE', #4764, #10588, #1912 ) ;
#8707 = VERTEX_POINT ( 'NONE', #12116 ) ;
#8708 = ORIENTED_EDGE ( 'NONE', *, *, #11668, .T. ) ;
#8709 = ORIENTED_EDGE ( 'NONE', *, *, #7270, .F. ) ;
#8710 = CARTESIAN_POINT ( 'NONE',  ( -1.146920613196721600, 4.110050607254169800, 28.20000000000000300 ) ) ;
#8711 = CARTESIAN_POINT ( 'NONE',  ( 3.894712078817836000, 0.0000000000000000000, 18.00000000000000700 ) ) ;
#8712 = EDGE_CURVE ( 'NONE', #1678, #6466, #9783, .T. ) ;
#8713 = ORIENTED_EDGE ( 'NONE', *, *, #2152, .T. ) ;
#8714 = VECTOR ( 'NONE', #2300, 1000.000000000000100 ) ;
#8715 = VECTOR ( 'NONE', #8832, 1000.000000000000000 ) ;
#8716 = CARTESIAN_POINT ( 'NONE',  ( -15.71441625783252500, 2.610000000000006100, 14.91795067099118900 ) ) ;
#8717 = CARTESIAN_POINT ( 'NONE',  ( -15.89884208304666700, 2.424605185108624500, 15.94452336260681800 ) ) ;
#8718 = ORIENTED_EDGE ( 'NONE', *, *, #8100, .T. ) ;
#8719 = CARTESIAN_POINT ( 'NONE',  ( -20.99999999999998200, 23.40000000000000600, 16.37157287525381800 ) ) ;
#8720 = CARTESIAN_POINT ( 'NONE',  ( -15.19589905893619000, 2.610000000000006100, 15.03453397799184500 ) ) ;
#8721 = ORIENTED_EDGE ( 'NONE', *, *, #11112, .T. ) ;
#8722 = CARTESIAN_POINT ( 'NONE',  ( -2.888629745115985700, 6.632453012234881500, 18.20000000000000300 ) ) ;
#8723 = DIRECTION ( 'NONE',  ( -0.0000000000000000000, -0.0000000000000000000, -1.000000000000000000 ) ) ;
#8724 = CARTESIAN_POINT ( 'NONE',  ( 15.50000000000000400, 2.790655351105519000, 15.50000000000000700 ) ) ;
#8725 = LINE ( 'NONE', #1586, #6168 ) ;
#8726 = CYLINDRICAL_SURFACE ( 'NONE', #4500, 4.150000000000001200 ) ;
#8727 = AXIS2_PLACEMENT_3D ( 'NONE', #313, #7031, #1303 ) ;
#8728 = DIRECTION ( 'NONE',  ( 0.5469441386039889400, 0.0000000000000000000, -0.8371691043312219400 ) ) ;
#8729 = ORIENTED_EDGE ( 'NONE', *, *, #8013, .T. ) ;
#8730 = EDGE_CURVE ( 'NONE', #1270, #4726, #2500, .T. ) ;
#8731 = AXIS2_PLACEMENT_3D ( 'NONE', #11852, #1291, #7946 ) ;
#8732 = ORIENTED_EDGE ( 'NONE', *, *, #1922, .T. ) ;
#8733 = EDGE_CURVE ( 'NONE', #8707, #2578, #9896, .T. ) ;
#8734 = VERTEX_POINT ( 'NONE', #5376 ) ;
#8735 = CARTESIAN_POINT ( 'NONE',  ( 15.49999999999999300, 2.610000000000029200, -15.49999999999999600 ) ) ;
#8736 = CARTESIAN_POINT ( 'NONE',  ( 2.094712078817835700, 8.500000000000000000, 21.50000000000000400 ) ) ;
#8737 = DIRECTION ( 'NONE',  ( 0.0000000000000000000, 0.0000000000000000000, 1.000000000000000000 ) ) ;
#8738 = CARTESIAN_POINT ( 'NONE',  ( 14.04187701221968400, 0.6000000000000297300, -16.01066363930342700 ) ) ;
#8739 = TOROIDAL_SURFACE ( 'NONE', #1240, 2.799999999999999800, 0.2999999999999999300 ) ;
#8740 = CONICAL_SURFACE ( 'NONE', #10395, 3077.683537175311800, 1.256637061435922800 ) ;
#8741 = ORIENTED_EDGE ( 'NONE', *, *, #3542, .F. ) ;
#8742 = EDGE_CURVE ( 'NONE', #3515, #4842, #4750, .T. ) ;
#8743 = DIRECTION ( 'NONE',  ( -0.0000000000000000000, -1.000000000000000000, 0.0000000000000000000 ) ) ;
#8744 = CARTESIAN_POINT ( 'NONE',  ( 0.0000000000000000000, 0.0000000000000000000, 18.00000000000000700 ) ) ;
#8745 = CARTESIAN_POINT ( 'NONE',  ( 15.88254670065108000, 2.474345677606102800, -15.92554628065562200 ) ) ;
#8746 = CARTESIAN_POINT ( 'NONE',  ( -15.56331376197797300, 26.00000000000000400, 20.32592592592593000 ) ) ;
#8747 = ORIENTED_EDGE ( 'NONE', *, *, #9770, .F. ) ;
#8748 = VERTEX_POINT ( 'NONE', #10196 ) ;
#8749 = CARTESIAN_POINT ( 'NONE',  ( -4.000000000000001800, 1.499999999999999600, 21.00000000000000400 ) ) ;
#8750 = ORIENTED_EDGE ( 'NONE', *, *, #10011, .T. ) ;
#8751 = EDGE_CURVE ( 'NONE', #12162, #8278, #6985, .T. ) ;
#8752 = DIRECTION ( 'NONE',  ( 0.0000000000000000000, 0.0000000000000000000, 1.000000000000000000 ) ) ;
#8753 = LINE ( 'NONE', #6391, #3637 ) ;
#8754 = FACE_OUTER_BOUND ( 'NONE', #10508, .T. ) ;
#8755 = DIRECTION ( 'NONE',  ( 0.0000000000000000000, 0.0000000000000000000, 1.000000000000000000 ) ) ;
#8756 = ORIENTED_EDGE ( 'NONE', *, *, #9753, .T. ) ;
#8757 = CARTESIAN_POINT ( 'NONE',  ( 15.49999999999999300, 33.69999999999998200, -15.49999999999999600 ) ) ;
#8758 = ADVANCED_FACE ( 'NONE', ( #9585 ), #9296, .F. ) ;
#8759 = CARTESIAN_POINT ( 'NONE',  ( -16.37157287525379300, 33.50000000000000000, -21.00000000000000000 ) ) ;
#8760 = CARTESIAN_POINT ( 'NONE',  ( 20.99999999999999600, 23.40000000000000600, -14.64103821455301500 ) ) ;
#8761 =( BOUNDED_CURVE ( )  B_SPLINE_CURVE ( 3, ( #2103, #1122, #6864, #3058 ),
 .UNSPECIFIED., .F., .T. ) 
 B_SPLINE_CURVE_WITH_KNOTS ( ( 4, 4 ),
 ( 5.754796812637096100, 6.283185307179581800 ),
 .UNSPECIFIED. ) 
 CURVE ( )  GEOMETRIC_REPRESENTATION_ITEM ( )  RATIONAL_B_SPLINE_CURVE ( ( 1.000000000000000000, 0.9768688144526055400, 0.9768688144526055400, 1.000000000000000000 ) ) 
 REPRESENTATION_ITEM ( '' )  );
#8762 = CARTESIAN_POINT ( 'NONE',  ( -20.49999999999998200, 33.50000000000000000, 16.37157287525381800 ) ) ;
#8763 = CARTESIAN_POINT ( 'NONE',  ( 2.894712078817835500, 8.500000000000000000, 18.00000000000000700 ) ) ;
#8764 = VERTEX_POINT ( 'NONE', #12204 ) ;
#8765 = EDGE_CURVE ( 'NONE', #9538, #8005, #11873, .T. ) ;
#8766 = VECTOR ( 'NONE', #11859, 1000.000000000000200 ) ;
#8767 = AXIS2_PLACEMENT_3D ( 'NONE', #9417, #7439, #12348 ) ;
#8768 = EDGE_CURVE ( 'NONE', #7515, #11672, #1893, .T. ) ;
#8769 = ORIENTED_EDGE ( 'NONE', *, *, #4752, .F. ) ;
#8770 = AXIS2_PLACEMENT_3D ( 'NONE', #6939, #1197, #7903 ) ;
#8771 = ADVANCED_FACE ( 'NONE', ( #12186 ), #1597, .T. ) ;
#8772 = CARTESIAN_POINT ( 'NONE',  ( -14.88084507960053500, 2.610000000000031400, -15.53745580819628600 ) ) ;
#8773 = CARTESIAN_POINT ( 'NONE',  ( 0.0000000000000000000, 39.00000000000000000, 0.0000000000000000000 ) ) ;
#8774 = ORIENTED_EDGE ( 'NONE', *, *, #7002, .T. ) ;
#8775 = VERTEX_POINT ( 'NONE', #5465 ) ;
#8776 = CARTESIAN_POINT ( 'NONE',  ( -15.53745580819629900, 2.610000000000031400, -16.11915492039946700 ) ) ;
#8777 = ORIENTED_EDGE ( 'NONE', *, *, #4063, .T. ) ;
#8778 = VECTOR ( 'NONE', #3328, 1000.000000000000000 ) ;
#8779 = CIRCLE ( 'NONE', #12518, 2.749999999999999100 ) ;
#8780 = VERTEX_POINT ( 'NONE', #6417 ) ;
#8781 = DIRECTION ( 'NONE',  ( -0.0000000000000000000, -1.000000000000000000, -0.0000000000000000000 ) ) ;
#8782 = DIRECTION ( 'NONE',  ( 0.0000000000000000000, 0.0000000000000000000, 1.000000000000000000 ) ) ;
#8783 = CARTESIAN_POINT ( 'NONE',  ( -16.37157287525379300, 34.00000000000000000, 21.00000000000000700 ) ) ;
#8784 = AXIS2_PLACEMENT_3D ( 'NONE', #1719, #8422, #2678 ) ;
#8785 = CARTESIAN_POINT ( 'NONE',  ( 0.0000000000000000000, 0.5000000000000073300, 0.0000000000000000000 ) ) ;
#8786 = ORIENTED_EDGE ( 'NONE', *, *, #7550, .F. ) ;
#8787 = ADVANCED_FACE ( 'NONE', ( #8966 ), #1292, .T. ) ;
#8788 = AXIS2_PLACEMENT_3D ( 'NONE', #2167, #8884, #3127 ) ;
#8789 = DIRECTION ( 'NONE',  ( -0.0000000000000000000, -1.000000000000000000, 0.0000000000000000000 ) ) ;
#8790 = CONICAL_SURFACE ( 'NONE', #11975, 0.5560000000000002700, 0.06981317007976596500 ) ;
#8791 = CARTESIAN_POINT ( 'NONE',  ( -16.08204932900882200, 2.610000000000031400, -15.28558374216747500 ) ) ;
#8792 = EDGE_LOOP ( 'NONE', ( #10833, #104, #8588, #7960 ) ) ;
#8793 = CARTESIAN_POINT ( 'NONE',  ( 15.56505682615290500, 2.610000000000029200, -16.05218077598817700 ) ) ;
#8794 = EDGE_CURVE ( 'NONE', #5638, #6122, #4144, .T. ) ;
#8795 = LINE ( 'NONE', #392, #6530 ) ;
#8796 = CARTESIAN_POINT ( 'NONE',  ( -15.50000000000000900, 2.790655351105498100, 15.50000000000000400 ) ) ;
#8797 = CIRCLE ( 'NONE', #7752, 0.4999999999999982200 ) ;
#8798 = ORIENTED_EDGE ( 'NONE', *, *, #10824, .F. ) ;
#8799 = VERTEX_POINT ( 'NONE', #2598 ) ;
#8800 = CARTESIAN_POINT ( 'NONE',  ( 0.0000000000000000000, 7.500000000000000900, 18.00000000000000700 ) ) ;
#8801 = CARTESIAN_POINT ( 'NONE',  ( 3.793978353727662500E-015, 2.800000000000002000, 2.500000000000007100 ) ) ;
#8802 = DIRECTION ( 'NONE',  ( 1.000000000000000000, 0.0000000000000000000, 0.0000000000000000000 ) ) ;
#8803 = VECTOR ( 'NONE', #5447, 999.9999999999998900 ) ;
#8804 = ORIENTED_EDGE ( 'NONE', *, *, #100, .F. ) ;
#8805 = CARTESIAN_POINT ( 'NONE',  ( -15.50000000000000700, 2.610000000000031400, -15.49999999999999600 ) ) ;
#8806 = FACE_BOUND ( 'NONE', #10916, .T. ) ;
#8807 = DIRECTION ( 'NONE',  ( 0.0000000000000000000, -1.000000000000000000, 0.0000000000000000000 ) ) ;
#8808 = CARTESIAN_POINT ( 'NONE',  ( 4.020538011569923100E-015, 0.0000000000000000000, 4.500000000000007100 ) ) ;
#8809 = ORIENTED_EDGE ( 'NONE', *, *, #5996, .T. ) ;
#8810 = CARTESIAN_POINT ( 'NONE',  ( 14.91795067099118900, 2.610000000000027400, 15.71441625783252900 ) ) ;
#8811 = EDGE_CURVE ( 'NONE', #7109, #7955, #3844, .T. ) ;
#8812 = EDGE_LOOP ( 'NONE', ( #8442, #7090, #8093, #5335, #8370, #11540 ) ) ;
#8813 = AXIS2_PLACEMENT_3D ( 'NONE', #8869, #10828, #9908 ) ;
#8814 = VECTOR ( 'NONE', #699, 1000.000000000000000 ) ;
#8815 = EDGE_LOOP ( 'NONE', ( #11252, #4311, #5701, #2179 ) ) ;
#8816 = DIRECTION ( 'NONE',  ( 0.0000000000000000000, 0.0000000000000000000, -1.000000000000000000 ) ) ;
#8817 = CIRCLE ( 'NONE', #8727, 2.000000000000000000 ) ;
#8818 = ORIENTED_EDGE ( 'NONE', *, *, #1130, .F. ) ;
#8819 = DIRECTION ( 'NONE',  ( 1.000000000000000000, -0.0000000000000000000, 0.0000000000000000000 ) ) ;
#8820 = DIRECTION ( 'NONE',  ( -0.0000000000000000000, -1.000000000000000000, -0.0000000000000000000 ) ) ;
#8821 = ORIENTED_EDGE ( 'NONE', *, *, #2373, .F. ) ;
#8822 = TOROIDAL_SURFACE ( 'NONE', #3121, 5.250000000000000000, 1.650000000000000100 ) ;
#8823 = ADVANCED_FACE ( 'NONE', ( #11558 ), #4535, .T. ) ;
#8824 = CARTESIAN_POINT ( 'NONE',  ( 3.469446951953614200E-015, 3.770162612375117700, 4.150000000000007500 ) ) ;
#8825 = DIRECTION ( 'NONE',  ( -0.0000000000000000000, -1.000000000000000000, 0.0000000000000000000 ) ) ;
#8826 = LINE ( 'NONE', #5581, #6565 ) ;
#8827 = EDGE_CURVE ( 'NONE', #9177, #4980, #3555, .T. ) ;
#8828 = LINE ( 'NONE', #3169, #6264 ) ;
#8829 = DIRECTION ( 'NONE',  ( 0.5469441386039892700, 0.0000000000000000000, -0.8371691043312217100 ) ) ;
#8830 = CARTESIAN_POINT ( 'NONE',  ( -15.50000000000000700, 8.500000000000000000, 15.50000000000000400 ) ) ;
#8831 = VERTEX_POINT ( 'NONE', #2644 ) ;
#8832 = DIRECTION ( 'NONE',  ( -0.0000000000000000000, -0.0000000000000000000, -1.000000000000000000 ) ) ;
#8833 = DIRECTION ( 'NONE',  ( 1.000000000000000000, 0.0000000000000000000, 0.0000000000000000000 ) ) ;
#8834 = ADVANCED_FACE ( 'NONE', ( #8651, #8350 ), #9393, .T. ) ;
#8835 = DIRECTION ( 'NONE',  ( 0.0000000000000000000, 0.0000000000000000000, 1.000000000000000000 ) ) ;
#8836 = VERTEX_POINT ( 'NONE', #8388 ) ;
#8837 = B_SPLINE_CURVE_WITH_KNOTS ( 'NONE', 3,
 ( #6676, #7630, #1900, #8612 ),
 .UNSPECIFIED., .F., .F.,
 ( 4, 4 ),
 ( 0.001380840031689470600, 0.003398373201679219000 ),
 .UNSPECIFIED. ) ;
#8838 = VERTEX_POINT ( 'NONE', #728 ) ;
#8839 = PLANE ( 'NONE',  #5488 ) ;
#8840 = FACE_OUTER_BOUND ( 'NONE', #9995, .T. ) ;
#8841 = CARTESIAN_POINT ( 'NONE',  ( -16.37157287525381100, 12.00000000000000000, -18.99999999999999600 ) ) ;
#8842 = DIRECTION ( 'NONE',  ( 0.7071067811865475700, 0.0000000000000000000, -0.7071067811865475700 ) ) ;
#8843 = LINE ( 'NONE', #10061, #3422 ) ;
#8844 = AXIS2_PLACEMENT_3D ( 'NONE', #30, #6765, #1022 ) ;
#8845 = EDGE_CURVE ( 'NONE', #10647, #112, #3248, .T. ) ;
#8846 = CARTESIAN_POINT ( 'NONE',  ( -15.50000000000000700, -5.749999999999984000, 15.50000000000000400 ) ) ;
#8847 = ORIENTED_EDGE ( 'NONE', *, *, #10336, .T. ) ;
#8848 = DIRECTION ( 'NONE',  ( -0.0000000000000000000, -1.000000000000000000, 0.0000000000000000000 ) ) ;
#8849 = ADVANCED_FACE ( 'NONE', ( #10949 ), #976, .T. ) ;
#8850 = CARTESIAN_POINT ( 'NONE',  ( -16.55338432521336500, 0.6000000000000319500, -16.63016877650853300 ) ) ;
#8851 = CARTESIAN_POINT ( 'NONE',  ( -1.146920613196721600, 4.110050607254169800, 28.20000000000000300 ) ) ;
#8852 = DIRECTION ( 'NONE',  ( 0.5469441386039886100, 2.697020329565932900E-016, -0.8371691043312222700 ) ) ;
#8853 = CONICAL_SURFACE ( 'NONE', #10987, 0.5559999999999997200, 0.06981317007976596500 ) ;
#8854 = CARTESIAN_POINT ( 'NONE',  ( -20.50000000000000400, 0.5000000000000004400, -16.37157287525380400 ) ) ;
#8855 = ORIENTED_EDGE ( 'NONE', *, *, #6741, .T. ) ;
#8856 = CARTESIAN_POINT ( 'NONE',  ( -2.277125011045397300, 53.50000000000000000, -1.031843827365119100 ) ) ;
#8857 = ORIENTED_EDGE ( 'NONE', *, *, #602, .T. ) ;
#8858 = AXIS2_PLACEMENT_3D ( 'NONE', #3744, #10514, #4728 ) ;
#8859 = ORIENTED_EDGE ( 'NONE', *, *, #8356, .F. ) ;
#8860 = AXIS2_PLACEMENT_3D ( 'NONE', #9775, #87, #2972 ) ;
#8861 = CARTESIAN_POINT ( 'NONE',  ( -16.37157287525380400, 0.0000000000000000000, 20.50000000000000400 ) ) ;
#8862 = EDGE_CURVE ( 'NONE', #8047, #10096, #5798, .T. ) ;
#8863 = CARTESIAN_POINT ( 'NONE',  ( 16.11915492039947400, 2.610000000000027400, 15.46254419180371500 ) ) ;
#8864 = FACE_OUTER_BOUND ( 'NONE', #6954, .T. ) ;
#8865 = VECTOR ( 'NONE', #5296, 1000.000000000000100 ) ;
#8866 = VERTEX_POINT ( 'NONE', #767 ) ;
#8867 = CARTESIAN_POINT ( 'NONE',  ( 6.938893903907228400E-015, 34.29999999999999700, 3.469446951953614200E-015 ) ) ;
#8868 = VERTEX_POINT ( 'NONE', #6500 ) ;
#8869 = CARTESIAN_POINT ( 'NONE',  ( 3.469446951953614200E-015, 7.200000000000002800, 6.938893903907228400E-015 ) ) ;
#8870 = CARTESIAN_POINT ( 'NONE',  ( -20.06066017177980100, 33.50000000000000000, 17.43223304703363800 ) ) ;
#8871 = CARTESIAN_POINT ( 'NONE',  ( 16.32041620790597500, 2.581370849898507300, -16.75575365649683200 ) ) ;
#8872 = DIRECTION ( 'NONE',  ( 0.0000000000000000000, 0.0000000000000000000, 1.000000000000000000 ) ) ;
#8873 = ORIENTED_EDGE ( 'NONE', *, *, #9303, .F. ) ;
#8874 = CARTESIAN_POINT ( 'NONE',  ( -17.43223304703361600, 34.00000000000000000, 20.06066017177982600 ) ) ;
#8875 = AXIS2_PLACEMENT_3D ( 'NONE', #10496, #5676, #2772 ) ;
#8876 = CIRCLE ( 'NONE', #12217, 1.249999999999997600 ) ;
#8877 = VECTOR ( 'NONE', #5492, 1000.000000000000100 ) ;
#8878 = ORIENTED_EDGE ( 'NONE', *, *, #2460, .T. ) ;
#8879 = CARTESIAN_POINT ( 'NONE',  ( 0.0000000000000000000, 39.00000000000000000, 0.0000000000000000000 ) ) ;
#8880 = EDGE_CURVE ( 'NONE', #5049, #3412, #5515, .T. ) ;
#8881 = AXIS2_PLACEMENT_3D ( 'NONE', #5125, #11901, #6089 ) ;
#8882 = ORIENTED_EDGE ( 'NONE', *, *, #11555, .T. ) ;
#8883 = ADVANCED_FACE ( 'NONE', ( #8041 ), #9474, .F. ) ;
#8884 = DIRECTION ( 'NONE',  ( 0.0000000000000000000, 1.000000000000000000, -0.0000000000000000000 ) ) ;
#8885 = CARTESIAN_POINT ( 'NONE',  ( 3.469446951953614200E-015, 2.500000000000004000, 6.938893903907228400E-015 ) ) ;
#8886 = FACE_OUTER_BOUND ( 'NONE', #3090, .T. ) ;
#8887 = CIRCLE ( 'NONE', #4078, 0.5000000000000004400 ) ;
#8888 = DIRECTION ( 'NONE',  ( 0.0000000000000000000, 0.0000000000000000000, -1.000000000000000000 ) ) ;
#8889 = EDGE_CURVE ( 'NONE', #4979, #8893, #369, .T. ) ;
#8890 = CARTESIAN_POINT ( 'NONE',  ( 17.78578643762690000, 33.50000000000000000, 20.41421356237309900 ) ) ;
#8891 = EDGE_LOOP ( 'NONE', ( #10753, #3768, #8903, #6737 ) ) ;
#8892 = ORIENTED_EDGE ( 'NONE', *, *, #1026, .F. ) ;
#8893 = VERTEX_POINT ( 'NONE', #7527 ) ;
#8894 = ADVANCED_FACE ( 'NONE', ( #7732 ), #2645, .T. ) ;
#8895 = DIRECTION ( 'NONE',  ( -0.0000000000000000000, -1.000000000000000000, -0.0000000000000000000 ) ) ;
#8896 = EDGE_LOOP ( 'NONE', ( #6078, #7029, #6899, #7051 ) ) ;
#8897 = DIRECTION ( 'NONE',  ( 0.7071067811865475700, 0.0000000000000000000, -0.7071067811865475700 ) ) ;
#8898 = EDGE_CURVE ( 'NONE', #847, #11966, #10348, .T. ) ;
#8899 = CARTESIAN_POINT ( 'NONE',  ( 15.49999999999999300, 2.610000000000029200, -15.49999999999999600 ) ) ;
#8900 = CONICAL_SURFACE ( 'NONE', #6228, 0.5560000000000012700, 0.06981317007976596500 ) ;
#8901 = VECTOR ( 'NONE', #8990, 999.9999999999998900 ) ;
#8902 = VERTEX_POINT ( 'NONE', #10483 ) ;
#8903 = ORIENTED_EDGE ( 'NONE', *, *, #12055, .T. ) ;
#8904 = EDGE_CURVE ( 'NONE', #1513, #3636, #5200, .T. ) ;
#8905 = CARTESIAN_POINT ( 'NONE',  ( -14.44661567478664700, 0.6000000000000319500, -14.36983122349146100 ) ) ;
#8906 = CARTESIAN_POINT ( 'NONE',  ( 15.49999999999999300, 2.610000000000029200, -15.49999999999999600 ) ) ;
#8908 = ORIENTED_EDGE ( 'NONE', *, *, #11925, .F. ) ;
#8907 = DIRECTION ( 'NONE',  ( 0.0000000000000000000, -1.000000000000000000, 0.0000000000000000000 ) ) ;
#8909 = ORIENTED_EDGE ( 'NONE', *, *, #2712, .F. ) ;
#8910 = ORIENTED_EDGE ( 'NONE', *, *, #4284, .T. ) ;
#8911 = DIRECTION ( 'NONE',  ( 0.0000000000000000000, 0.0000000000000000000, -1.000000000000000000 ) ) ;
#8912 = ADVANCED_FACE ( 'NONE', ( #2937 ), #11459, .T. ) ;
#8913 = CONICAL_SURFACE ( 'NONE', #3490, 3.749999999999996400, 0.7853981633974479500 ) ;
#8915 = DIRECTION ( 'NONE',  ( -0.7071067811865475700, 4.906538933386797200E-015, 0.7071067811865475700 ) ) ;
#8914 = CIRCLE ( 'NONE', #11124, 1.500000000000001100 ) ;
#8916 = CARTESIAN_POINT ( 'NONE',  ( -15.43494317384709500, 2.610000000000006100, 14.94781922401182200 ) ) ;
#8917 = ORIENTED_EDGE ( 'NONE', *, *, #1783, .T. ) ;
#8918 = CARTESIAN_POINT ( 'NONE',  ( 3.469446951953614200E-015, 2.800000000000002500, 6.938893903907228400E-015 ) ) ;
#8919 = CARTESIAN_POINT ( 'NONE',  ( 3.469446951953614200E-015, 7.500000000000002700, -2.799999999999993200 ) ) ;
#8920 = AXIS2_PLACEMENT_3D ( 'NONE', #700, #7427, #1684 ) ;
#8921 = DIRECTION ( 'NONE',  ( -0.7071067811865479100, 0.0000000000000000000, -0.7071067811865472400 ) ) ;
#8922 = AXIS2_PLACEMENT_3D ( 'NONE', #3228, #1976, #2180 ) ;
#8923 = ORIENTED_EDGE ( 'NONE', *, *, #6756, .F. ) ;
#8924 = ORIENTED_EDGE ( 'NONE', *, *, #2203, .T. ) ;
#8925 = PLANE ( 'NONE',  #4611 ) ;
#8926 = VERTEX_POINT ( 'NONE', #1837 ) ;
#8927 = CIRCLE ( 'NONE', #12479, 1.650000000000000400 ) ;
#8928 = CONICAL_SURFACE ( 'NONE', #7675, 0.5559999999999997200, 0.06981317007976596500 ) ;
#8929 = ORIENTED_EDGE ( 'NONE', *, *, #10704, .F. ) ;
#8930 = ORIENTED_EDGE ( 'NONE', *, *, #5276, .T. ) ;
#8931 = VERTEX_POINT ( 'NONE', #3716 ) ;
#8932 = DIRECTION ( 'NONE',  ( 0.0000000000000000000, 0.0000000000000000000, -1.000000000000000000 ) ) ;
#8933 = EDGE_CURVE ( 'NONE', #10685, #7889, #7444, .T. ) ;
#8934 = AXIS2_PLACEMENT_3D ( 'NONE', #2681, #9438, #3646 ) ;
#8935 = AXIS2_PLACEMENT_3D ( 'NONE', #12168, #568, #7297 ) ;
#8936 = LINE ( 'NONE', #10406, #11228 ) ;
#8937 = VERTEX_POINT ( 'NONE', #12492 ) ;
#8938 = AXIS2_PLACEMENT_3D ( 'NONE', #9617, #3837, #10584 ) ;
#8939 = DIRECTION ( 'NONE',  ( -0.0000000000000000000, 1.000000000000000000, -0.0000000000000000000 ) ) ;
#8940 = CIRCLE ( 'NONE', #5800, 0.5559999999999997200 ) ;
#8941 = FACE_OUTER_BOUND ( 'NONE', #2501, .T. ) ;
#8942 = EDGE_LOOP ( 'NONE', ( #10523, #2606, #1997, #4346 ) ) ;
#8943 = EDGE_CURVE ( 'NONE', #7292, #4934, #2343, .T. ) ;
#8944 = CARTESIAN_POINT ( 'NONE',  ( -15.50000000000000700, 2.610000000000006100, 15.50000000000000400 ) ) ;
#8945 = EDGE_LOOP ( 'NONE', ( #1842, #2534, #11687, #1055 ) ) ;
#8946 = VERTEX_POINT ( 'NONE', #6653 ) ;
#8947 = DIRECTION ( 'NONE',  ( 0.0000000000000000000, 1.000000000000000000, -0.0000000000000000000 ) ) ;
#8948 = DIRECTION ( 'NONE',  ( 0.5469441386039886100, 0.0000000000000000000, -0.8371691043312223800 ) ) ;
#8949 = VECTOR ( 'NONE', #11570, 999.9999999999998900 ) ;
#8950 = ADVANCED_FACE ( 'NONE', ( #4895 ), #4774, .F. ) ;
#8951 = DIRECTION ( 'NONE',  ( 0.0000000000000000000, 0.0000000000000000000, 1.000000000000000000 ) ) ;
#8952 = VECTOR ( 'NONE', #11684, 1000.000000000000000 ) ;
#8953 = FACE_OUTER_BOUND ( 'NONE', #11222, .T. ) ;
#8954 = EDGE_CURVE ( 'NONE', #8107, #2237, #49, .T. ) ;
#8955 = AXIS2_PLACEMENT_3D ( 'NONE', #5500, #12276, #6444 ) ;
#8956 = ORIENTED_EDGE ( 'NONE', *, *, #5528, .T. ) ;
#8957 = PLANE ( 'NONE',  #11346 ) ;
#8958 = ORIENTED_EDGE ( 'NONE', *, *, #10739, .F. ) ;
#8959 = CARTESIAN_POINT ( 'NONE',  ( -15.50000000000000700, -997.2093446488945600, 15.50000000000000400 ) ) ;
#8960 = CARTESIAN_POINT ( 'NONE',  ( 3.469446951953614200E-015, 6.229837387624887600, -4.149999999999994100 ) ) ;
#8961 = CARTESIAN_POINT ( 'NONE',  ( -16.03674163466473200, 2.610000000000006100, 15.64506694184905600 ) ) ;
#8962 = EDGE_CURVE ( 'NONE', #10429, #8144, #9737, .T. ) ;
#8963 = CIRCLE ( 'NONE', #10721, 2.750000000000001800 ) ;
#8964 = DIRECTION ( 'NONE',  ( 0.0000000000000000000, -1.000000000000000000, 0.0000000000000000000 ) ) ;
#8965 = ORIENTED_EDGE ( 'NONE', *, *, #10791, .F. ) ;
#8966 = FACE_OUTER_BOUND ( 'NONE', #1244, .T. ) ;
#8967 = PLANE ( 'NONE',  #10656 ) ;
#8968 = DIRECTION ( 'NONE',  ( -0.9108500044181590000, 0.0000000000000000000, -0.4127375309460477600 ) ) ;
#8969 = DIRECTION ( 'NONE',  ( 0.0000000000000000000, 0.0000000000000000000, 1.000000000000000000 ) ) ;
#8970 = CARTESIAN_POINT ( 'NONE',  ( -15.50000000000000700, 33.69999999999998200, -15.49999999999999600 ) ) ;
#8971 = DIRECTION ( 'NONE',  ( 0.0000000000000000000, 1.000000000000000000, 0.0000000000000000000 ) ) ;
#8972 = ORIENTED_EDGE ( 'NONE', *, *, #2118, .T. ) ;
#8973 = CYLINDRICAL_SURFACE ( 'NONE', #3527, 1.250000000000011500 ) ;
#8974 = VECTOR ( 'NONE', #10697, 1000.000000000000000 ) ;
#8975 = DIRECTION ( 'NONE',  ( -0.8371691043312240500, 0.0000000000000000000, -0.5469441386039857200 ) ) ;
#8976 = EDGE_LOOP ( 'NONE', ( #9404, #11676 ) ) ;
#8977 = ADVANCED_FACE ( 'NONE', ( #7137 ), #2050, .T. ) ;
#8978 = DIRECTION ( 'NONE',  ( 0.0000000000000000000, 0.0000000000000000000, 1.000000000000000000 ) ) ;
#8979 = FACE_OUTER_BOUND ( 'NONE', #796, .T. ) ;
#8980 = DIRECTION ( 'NONE',  ( 1.000000000000000000, 0.0000000000000000000, 0.0000000000000000000 ) ) ;
#8981 = EDGE_CURVE ( 'NONE', #10289, #12374, #9437, .T. ) ;
#8982 = AXIS2_PLACEMENT_3D ( 'NONE', #2881, #10604, #4815 ) ;
#8983 = EDGE_LOOP ( 'NONE', ( #2660, #3955, #8069, #1494 ) ) ;
#8984 = DIRECTION ( 'NONE',  ( -1.000000000000000000, 0.0000000000000000000, 0.0000000000000000000 ) ) ;
#8985 = ORIENTED_EDGE ( 'NONE', *, *, #9430, .F. ) ;
#8986 = DIRECTION ( 'NONE',  ( 0.0000000000000000000, 1.000000000000000000, 0.0000000000000000000 ) ) ;
#8987 = CIRCLE ( 'NONE', #6287, 1.734314575050763400 ) ;
#8988 = CARTESIAN_POINT ( 'NONE',  ( 3.977675373599766000E-015, 7.500000000000001800, 4.150000000000007500 ) ) ;
#8989 = CIRCLE ( 'NONE', #10268, 0.4999999999999982200 ) ;
#8990 = DIRECTION ( 'NONE',  ( -0.8371691043312221600, 0.0000000000000000000, -0.5469441386039887200 ) ) ;
#8991 = CARTESIAN_POINT ( 'NONE',  ( 15.49999999999999300, 33.70000000000000300, 15.50000000000000400 ) ) ;
#8992 = AXIS2_PLACEMENT_3D ( 'NONE', #9563, #3771, #10529 ) ;
#8993 = ORIENTED_EDGE ( 'NONE', *, *, #9975, .T. ) ;
#8994 = B_SPLINE_CURVE_WITH_KNOTS ( 'NONE', 3,
 ( #11250, #4486, #7323, #5457 ),
 .UNSPECIFIED., .F., .F.,
 ( 4, 4 ),
 ( 0.001380840031772738900, 0.003398373201762473200 ),
 .UNSPECIFIED. ) ;
#8995 = VERTEX_POINT ( 'NONE', #8676 ) ;
#8996 = EDGE_CURVE ( 'NONE', #9485, #12115, #12025, .T. ) ;
#8997 = DIRECTION ( 'NONE',  ( -0.3867479093371159500, -0.7071067811865462400, 0.5919679506724766500 ) ) ;
#8998 = EDGE_CURVE ( 'NONE', #7530, #3577, #10044, .T. ) ;
#8999 = CARTESIAN_POINT ( 'NONE',  ( -15.28558374216748700, 2.610000000000031400, -14.91795067099118200 ) ) ;
#9000 = CIRCLE ( 'NONE', #10670, 2.500000000000000900 ) ;
#9001 = CARTESIAN_POINT ( 'NONE',  ( 16.37157287525380800, 34.00000000000000000, 20.50000000000000700 ) ) ;
#9002 = CARTESIAN_POINT ( 'NONE',  ( -1.821700008836313800, 54.00000000000000000, -0.8254750618920935200 ) ) ;
#9003 = CARTESIAN_POINT ( 'NONE',  ( 14.98933636069656700, 0.6000000000000297300, -14.04187701221968400 ) ) ;
#9004 = VECTOR ( 'NONE', #8639, 999.9999999999998900 ) ;
#9005 = VERTEX_POINT ( 'NONE', #4811 ) ;
#9006 = ORIENTED_EDGE ( 'NONE', *, *, #8733, .T. ) ;
#9007 = ORIENTED_EDGE ( 'NONE', *, *, #10180, .T. ) ;
#9008 = CARTESIAN_POINT ( 'NONE',  ( 2.894712078817835500, 0.0000000000000000000, 18.00000000000000700 ) ) ;
#9009 = CARTESIAN_POINT ( 'NONE',  ( -15.50000000000000700, 1.000000000000036400, -15.49999999999999600 ) ) ;
#9010 = CARTESIAN_POINT ( 'NONE',  ( -16.63016877650854000, 0.6000000000000063100, 16.55338432521336500 ) ) ;
#9011 = CARTESIAN_POINT ( 'NONE',  ( 15.49999999999999300, 2.581370849898507300, -15.49999999999999600 ) ) ;
#9012 = AXIS2_PLACEMENT_3D ( 'NONE', #10005, #1364, #8068 ) ;
#9013 = ADVANCED_FACE ( 'NONE', ( #9120 ), #1740, .T. ) ;
#9014 = AXIS2_PLACEMENT_3D ( 'NONE', #2683, #9441, #3649 ) ;
#9015 = VECTOR ( 'NONE', #2082, 1000.000000000000000 ) ;
#9016 = COORDINATED_UNIVERSAL_TIME_OFFSET ( 3, 0, .AHEAD. ) ;
#9017 = CARTESIAN_POINT ( 'NONE',  ( 20.06066017177982300, 0.0000000000000000000, -17.43223304703363000 ) ) ;
#9018 = DIRECTION ( 'NONE',  ( 0.0000000000000000000, 0.0000000000000000000, 1.000000000000000000 ) ) ;
#9019 = ORIENTED_EDGE ( 'NONE', *, *, #12297, .T. ) ;
#9020 = ORIENTED_EDGE ( 'NONE', *, *, #8356, .T. ) ;
#9021 = CARTESIAN_POINT ( 'NONE',  ( -21.00000000000000000, 0.5000000000000004400, -16.37157287525380400 ) ) ;
#9022 = CARTESIAN_POINT ( 'NONE',  ( 0.8530793868032574600, 6.110050607254169800, 30.20000000000000300 ) ) ;
#9023 = ORIENTED_EDGE ( 'NONE', *, *, #1260, .T. ) ;
#9024 = CARTESIAN_POINT ( 'NONE',  ( 3.469446951953614200E-015, 2.800000000000002900, -7.699999999999998400 ) ) ;
#9025 = CARTESIAN_POINT ( 'NONE',  ( 21.00000000000000000, 8.500000000000000000, 0.0000000000000000000 ) ) ;
#9026 = VECTOR ( 'NONE', #254, 1000.000000000000000 ) ;
#9028 = CARTESIAN_POINT ( 'NONE',  ( 16.55338432521335100, 0.6000000000000297300, -14.36983122349146100 ) ) ;
#9027 = FACE_OUTER_BOUND ( 'NONE', #6684, .T. ) ;
#9029 = AXIS2_PLACEMENT_3D ( 'NONE', #6224, #10117, #4339 ) ;
#9030 = ORIENTED_EDGE ( 'NONE', *, *, #2383, .F. ) ;
#9031 = DIRECTION ( 'NONE',  ( -0.5469441386039886100, 0.0000000000000000000, 0.8371691043312222700 ) ) ;
#9032 = CARTESIAN_POINT ( 'NONE',  ( -18.99999999999998200, 23.40000000000000600, -16.37157287525381100 ) ) ;
#9033 = AXIS2_PLACEMENT_3D ( 'NONE', #3752, #10518, #4735 ) ;
#9034 = DIRECTION ( 'NONE',  ( 0.0000000000000000000, 0.0000000000000000000, -1.000000000000000000 ) ) ;
#9035 = EDGE_CURVE ( 'NONE', #11597, #12310, #6544, .T. ) ;
#9036 = ADVANCED_FACE ( 'NONE', ( #3987, #11402, #4297, #1436, #8806, #6243 ), #33, .F. ) ;
#9037 = CONICAL_SURFACE ( 'NONE', #745, 0.5559999999999988300, 0.06981317007976596500 ) ;
#9038 = VECTOR ( 'NONE', #158, 1000.000000000000000 ) ;
#9039 = DIRECTION ( 'NONE',  ( 0.0000000000000000000, 1.000000000000000000, -0.0000000000000000000 ) ) ;
#9040 = ORIENTED_EDGE ( 'NONE', *, *, #3721, .F. ) ;
#9041 = CARTESIAN_POINT ( 'NONE',  ( 6.938893903907228400E-015, 23.40000000000000600, -21.00000000000000000 ) ) ;
#9042 = DIRECTION ( 'NONE',  ( -0.0000000000000000000, -1.000000000000000000, -0.0000000000000000000 ) ) ;
#9043 = CARTESIAN_POINT ( 'NONE',  ( 13.13154598666893800, 26.00000000000000400, -17.15000000000000200 ) ) ;
#9044 = ORIENTED_EDGE ( 'NONE', *, *, #3374, .T. ) ;
#9045 = AXIS2_PLACEMENT_3D ( 'NONE', #5563, #12343, #6515 ) ;
#9046 = VERTEX_POINT ( 'NONE', #7773 ) ;
#9047 = DIRECTION ( 'NONE',  ( 0.5469441386039871600, 0.0000000000000000000, -0.8371691043312232700 ) ) ;
#9048 = VECTOR ( 'NONE', #3572, 1000.000000000000100 ) ;
#9049 = CYLINDRICAL_SURFACE ( 'NONE', #442, 8.000000000000005300 ) ;
#9050 = DIRECTION ( 'NONE',  ( -0.0000000000000000000, -1.000000000000000000, -0.0000000000000000000 ) ) ;
#9051 = EDGE_LOOP ( 'NONE', ( #4099, #8530, #1169, #11554 ) ) ;
#9052 = EDGE_CURVE ( 'NONE', #12051, #772, #1133, .T. ) ;
#9053 = CARTESIAN_POINT ( 'NONE',  ( -15.50000000000000700, 0.0000000000000000000, 19.25000000000000000 ) ) ;
#9054 = AXIS2_PLACEMENT_3D ( 'NONE', #5526, #12302, #6633 ) ;
#9055 = EDGE_LOOP ( 'NONE', ( #2537, #5059, #4330, #11332 ) ) ;
#9056 = ORIENTED_EDGE ( 'NONE', *, *, #542, .T. ) ;
#9057 = DIRECTION ( 'NONE',  ( 0.8371691043312221600, 0.0000000000000000000, 0.5469441386039886100 ) ) ;
#9058 = ORIENTED_EDGE ( 'NONE', *, *, #8100, .F. ) ;
#9059 = CARTESIAN_POINT ( 'NONE',  ( 3.469446951953614200E-015, 0.0000000000000000000, 6.938893903907228400E-015 ) ) ;
#9060 = FACE_OUTER_BOUND ( 'NONE', #9945, .T. ) ;
#9061 = LINE ( 'NONE', #1644, #11350 ) ;
#9062 = ORIENTED_EDGE ( 'NONE', *, *, #1518, .F. ) ;
#9063 = CARTESIAN_POINT ( 'NONE',  ( 6.938893903907228400E-015, 11.46249999999999700, 3.469446951953614200E-015 ) ) ;
#9064 = PLANE ( 'NONE',  #9111 ) ;
#9065 = PLANE ( 'NONE',  #1863 ) ;
#9067 = ORIENTED_EDGE ( 'NONE', *, *, #11205, .F. ) ;
#9066 = ORIENTED_EDGE ( 'NONE', *, *, #2830, .T. ) ;
#9068 = VERTEX_POINT ( 'NONE', #8722 ) ;
#9069 = DIRECTION ( 'NONE',  ( 0.5469441386039877200, 0.0000000000000000000, -0.8371691043312229400 ) ) ;
#9070 = AXIS2_PLACEMENT_3D ( 'NONE', #8284, #2536, #9295 ) ;
#9071 = EDGE_CURVE ( 'NONE', #12532, #6525, #7499, .T. ) ;
#9072 = DIRECTION ( 'NONE',  ( 0.0000000000000000000, -1.000000000000000000, 0.0000000000000000000 ) ) ;
#9073 = DIRECTION ( 'NONE',  ( -0.0000000000000000000, -1.000000000000000000, 0.0000000000000000000 ) ) ;
#9074 = ORIENTED_EDGE ( 'NONE', *, *, #10917, .T. ) ;
#9075 = EDGE_CURVE ( 'NONE', #11126, #3587, #11095, .T. ) ;
#9076 = FACE_OUTER_BOUND ( 'NONE', #1821, .T. ) ;
#9077 = VECTOR ( 'NONE', #223, 1000.000000000000200 ) ;
#9078 = CARTESIAN_POINT ( 'NONE',  ( 0.8530793868032574600, 6.110050607254169800, 18.20000000000000300 ) ) ;
#9079 = ADVANCED_FACE ( 'NONE', ( #10786 ), #5647, .F. ) ;
#9080 = ORIENTED_EDGE ( 'NONE', *, *, #6585, .T. ) ;
#9081 = CARTESIAN_POINT ( 'NONE',  ( 6.938893903907228400E-015, 34.60000000000000900, 3.469446951953614200E-015 ) ) ;
#9082 = ORIENTED_EDGE ( 'NONE', *, *, #1682, .T. ) ;
#9083 = CLOSED_SHELL ( 'NONE', ( #6791, #7102, #232, #7797, #2535, #11736, #10101, #5352, #4936, #12029, #786, #10933, #7418, #4035, #2232, #4493, #183, #5377, #935, #1382, #5627, #6539, #10874, #5191, #286, #12311, #4530, #10751, #4109, #6908, #1596, #2513, #9680, #2113, #10679, #2477, #12092, #7606, #5657, #9604, #9109 ) ) ;
#9084 = CARTESIAN_POINT ( 'NONE',  ( -15.50000000000000700, 0.0000000000000000000, -19.24999999999999600 ) ) ;
#9085 = DIRECTION ( 'NONE',  ( -0.2440452458516469700, 0.8949343913984425500, 0.3735429735244773000 ) ) ;
#9086 = CARTESIAN_POINT ( 'NONE',  ( -14.64103821455296200, 12.00000000000000000, 21.00000000000000400 ) ) ;
#9087 = DIRECTION ( 'NONE',  ( 0.0000000000000000000, 1.000000000000000000, -0.0000000000000000000 ) ) ;
#9088 = ORIENTED_EDGE ( 'NONE', *, *, #11290, .F. ) ;
#9089 = CARTESIAN_POINT ( 'NONE',  ( 14.94781922401182300, 2.610000000000027400, 15.43494317384709200 ) ) ;
#9090 = CIRCLE ( 'NONE', #8788, 3.749999999999996400 ) ;
#9091 = LINE ( 'NONE', #6046, #6519 ) ;
#9092 = AXIS2_PLACEMENT_3D ( 'NONE', #2512, #9266, #3472 ) ;
#9093 = EDGE_CURVE ( 'NONE', #10816, #1881, #3685, .T. ) ;
#9094 = ORIENTED_EDGE ( 'NONE', *, *, #2963, .F. ) ;
#9095 = AXIS2_PLACEMENT_3D ( 'NONE', #590, #1742, #9334 ) ;
#9096 = ORIENTED_EDGE ( 'NONE', *, *, #7832, .T. ) ;
#9097 = ORIENTED_EDGE ( 'NONE', *, *, #2830, .F. ) ;
#9098 = DIRECTION ( 'NONE',  ( 0.5469441386039871600, 0.0000000000000000000, -0.8371691043312232700 ) ) ;
#9099 = DIRECTION ( 'NONE',  ( 0.0000000000000000000, 0.0000000000000000000, -1.000000000000000000 ) ) ;
#9100 = DIRECTION ( 'NONE',  ( 0.0000000000000000000, 1.000000000000000000, 0.0000000000000000000 ) ) ;
#9101 = CARTESIAN_POINT ( 'NONE',  ( 6.938893903907228400E-015, 29.59999999999999800, -7.700000000000002000 ) ) ;
#9102 = FACE_OUTER_BOUND ( 'NONE', #3807, .T. ) ;
#9103 = ORIENTED_EDGE ( 'NONE', *, *, #7228, .T. ) ;
#9104 = LINE ( 'NONE', #7120, #1115 ) ;
#9105 = CONICAL_SURFACE ( 'NONE', #6480, 0.5559999999999988300, 0.06981317007976596500 ) ;
#9106 = PLANE ( 'NONE',  #6604 ) ;
#9107 = DIRECTION ( 'NONE',  ( 0.0000000000000000000, 1.000000000000000000, 0.0000000000000000000 ) ) ;
#9108 = ORIENTED_EDGE ( 'NONE', *, *, #12188, .T. ) ;
#9109 = ADVANCED_FACE ( 'NONE', ( #814 ), #5343, .F. ) ;
#9110 = DIRECTION ( 'NONE',  ( 0.5469441386039857200, 0.0000000000000000000, -0.8371691043312240500 ) ) ;
#9111 = AXIS2_PLACEMENT_3D ( 'NONE', #3297, #4272, #11025 ) ;
#9112 = EDGE_CURVE ( 'NONE', #10592, #12322, #7875, .T. ) ;
#9113 = AXIS2_PLACEMENT_3D ( 'NONE', #12214, #7338, #1607 ) ;
#9114 = DIRECTION ( 'NONE',  ( 0.0000000000000000000, 1.000000000000000000, -0.0000000000000000000 ) ) ;
#9115 = DIRECTION ( 'NONE',  ( -0.0000000000000000000, -1.000000000000000000, 0.0000000000000000000 ) ) ;
#9116 = VECTOR ( 'NONE', #3462, 1000.000000000000200 ) ;
#9117 = CARTESIAN_POINT ( 'NONE',  ( 4.000000000000001800, 8.500000000000000000, 21.00000000000000400 ) ) ;
#9118 = EDGE_CURVE ( 'NONE', #1926, #12113, #3088, .T. ) ;
#9119 = CARTESIAN_POINT ( 'NONE',  ( 15.49999999999999300, 2.610000000000029200, -15.49999999999999600 ) ) ;
#9120 = FACE_OUTER_BOUND ( 'NONE', #7764, .T. ) ;
#9121 = EDGE_LOOP ( 'NONE', ( #11200, #665, #7075, #1375 ) ) ;
#9122 = CARTESIAN_POINT ( 'NONE',  ( -15.50000000000000700, 8.500000000000000000, -15.49999999999999600 ) ) ;
#9123 = ORIENTED_EDGE ( 'NONE', *, *, #4284, .F. ) ;
#9124 = FACE_OUTER_BOUND ( 'NONE', #1664, .T. ) ;
#9125 = FACE_OUTER_BOUND ( 'NONE', #129, .T. ) ;
#9126 = ORIENTED_EDGE ( 'NONE', *, *, #1635, .F. ) ;
#9127 = EDGE_CURVE ( 'NONE', #9866, #3064, #8185, .T. ) ;
#9128 = AXIS2_PLACEMENT_3D ( 'NONE', #5304, #12088, #6266 ) ;
#9129 = DIRECTION ( 'NONE',  ( 0.0000000000000000000, -1.000000000000000000, 0.0000000000000000000 ) ) ;
#9130 = FACE_OUTER_BOUND ( 'NONE', #5456, .T. ) ;
#9131 = DIRECTION ( 'NONE',  ( -0.0000000000000000000, -1.000000000000000000, 0.0000000000000000000 ) ) ;
#9132 = CARTESIAN_POINT ( 'NONE',  ( 6.938893903907228400E-015, 11.46249999999999700, -2.499999999999996400 ) ) ;
#9133 = CARTESIAN_POINT ( 'NONE',  ( 15.41723649745962300, 2.610000000000027400, 14.95019439558400100 ) ) ;
#9134 = DIRECTION ( 'NONE',  ( -0.0000000000000000000, -1.000000000000000000, -0.0000000000000000000 ) ) ;
#9135 = DIRECTION ( 'NONE',  ( -0.0000000000000000000, 1.000000000000000000, -0.0000000000000000000 ) ) ;
#9136 = EDGE_CURVE ( 'NONE', #7307, #1094, #10484, .T. ) ;
#9137 = EDGE_LOOP ( 'NONE', ( #11811, #1689, #2715, #9552 ) ) ;
#9138 = LINE ( 'NONE', #130, #4004 ) ;
#9139 = AXIS2_PLACEMENT_3D ( 'NONE', #1898, #8609, #2857 ) ;
#9140 = CIRCLE ( 'NONE', #12365, 1.999999999999988200 ) ;
#9141 = FACE_OUTER_BOUND ( 'NONE', #1996, .T. ) ;
#9142 = DIRECTION ( 'NONE',  ( 0.0000000000000000000, 0.0000000000000000000, 1.000000000000000000 ) ) ;
#9143 = DIRECTION ( 'NONE',  ( 0.5469441386039883800, 0.0000000000000000000, -0.8371691043312223800 ) ) ;
#9144 = CARTESIAN_POINT ( 'NONE',  ( 3.469446951953614200E-015, 25.63749999999999900, -2.499999999999992900 ) ) ;
#9145 = DIRECTION ( 'NONE',  ( 0.0000000000000000000, 0.0000000000000000000, 1.000000000000000000 ) ) ;
#9146 = EDGE_LOOP ( 'NONE', ( #9931, #45, #6023, #4356 ) ) ;
#9147 = ADVANCED_FACE ( 'NONE', ( #10188 ), #5040, .T. ) ;
#9148 = CARTESIAN_POINT ( 'NONE',  ( -16.05218077598818700, 2.610000000000031400, -15.56505682615290800 ) ) ;
#9149 = ORIENTED_EDGE ( 'NONE', *, *, #821, .T. ) ;
#9150 = DIRECTION ( 'NONE',  ( -0.0000000000000000000, -1.000000000000000000, 0.0000000000000000000 ) ) ;
#9151 = VERTEX_POINT ( 'NONE', #1917 ) ;
#9152 = DIRECTION ( 'NONE',  ( -0.9108500044181590000, 0.0000000000000000000, -0.4127375309460478700 ) ) ;
#9153 = CARTESIAN_POINT ( 'NONE',  ( 17.78578643762690000, 0.5000000000000004400, 20.41421356237309600 ) ) ;
#9154 = AXIS2_PLACEMENT_3D ( 'NONE', #5513, #7424, #1677 ) ;
#9155 = CARTESIAN_POINT ( 'NONE',  ( -4.000000000000001800, 1.499999999999999600, 18.00000000000000700 ) ) ;
#9156 = EDGE_CURVE ( 'NONE', #6727, #4336, #5288, .T. ) ;
#9157 = CIRCLE ( 'NONE', #10431, 0.7999999999999999300 ) ;
#9158 = AXIS2_PLACEMENT_3D ( 'NONE', #3467, #5503, #5380 ) ;
#9159 = CARTESIAN_POINT ( 'NONE',  ( -1.146920613196721600, 4.110050607254169800, 28.20000000000000300 ) ) ;
#9160 = EDGE_CURVE ( 'NONE', #6158, #10576, #203, .T. ) ;
#9161 = CYLINDRICAL_SURFACE ( 'NONE', #9208, 4.000000000000000000 ) ;
#9162 = CARTESIAN_POINT ( 'NONE',  ( 6.938893903907228400E-015, 29.89999999999999500, -2.799999999999996700 ) ) ;
#9163 = DIRECTION ( 'NONE',  ( -0.0000000000000000000, -1.000000000000000000, 0.0000000000000000000 ) ) ;
#9164 = DIRECTION ( 'NONE',  ( -0.8371691043312240500, 0.0000000000000000000, -0.5469441386039857200 ) ) ;
#9165 = ORIENTED_EDGE ( 'NONE', *, *, #6424, .F. ) ;
#9166 = CARTESIAN_POINT ( 'NONE',  ( 1.202593712417245200, 53.50000000000000000, 2.191750068519335400 ) ) ;
#9167 = DIRECTION ( 'NONE',  ( 0.0000000000000000000, 1.000000000000000000, 0.0000000000000000000 ) ) ;
#9168 = EDGE_CURVE ( 'NONE', #454, #9556, #7571, .T. ) ;
#9169 = DIRECTION ( 'NONE',  ( -0.0000000000000000000, 1.000000000000000000, -0.0000000000000000000 ) ) ;
#9170 = FACE_OUTER_BOUND ( 'NONE', #2263, .T. ) ;
#9171 = AXIS2_PLACEMENT_3D ( 'NONE', #9948, #4161, #10923 ) ;
#9172 = EDGE_CURVE ( 'NONE', #1093, #10346, #5939, .T. ) ;
#9173 = EDGE_LOOP ( 'NONE', ( #10433, #3545, #9062, #3657 ) ) ;
#9174 = EDGE_CURVE ( 'NONE', #3503, #11982, #12476, .T. ) ;
#9175 = ADVANCED_FACE ( 'NONE', ( #514 ), #6970, .T. ) ;
#9176 = CARTESIAN_POINT ( 'NONE',  ( -17.78578643762690300, 12.00000000000000000, -20.41421356237309200 ) ) ;
#9177 = VERTEX_POINT ( 'NONE', #8719 ) ;
#9178 = ORIENTED_EDGE ( 'NONE', *, *, #4564, .T. ) ;
#9179 = DIRECTION ( 'NONE',  ( 0.0000000000000000000, 0.0000000000000000000, -1.000000000000000000 ) ) ;
#9180 = VERTEX_POINT ( 'NONE', #9717 ) ;
#9181 = DIRECTION ( 'NONE',  ( 0.0000000000000000000, 0.0000000000000000000, -1.000000000000000000 ) ) ;
#9182 = CARTESIAN_POINT ( 'NONE',  ( -15.50000000000000700, 0.0000000000000000000, 15.50000000000000400 ) ) ;
#9183 = CARTESIAN_POINT ( 'NONE',  ( -20.49999999999998200, 34.00000000000000000, 3.469446951953614200E-015 ) ) ;
#9184 = DIRECTION ( 'NONE',  ( 0.0000000000000000000, 0.0000000000000000000, -1.000000000000000000 ) ) ;
#9185 = CARTESIAN_POINT ( 'NONE',  ( -15.50000000000000700, 2.610000000000006100, 15.50000000000000400 ) ) ;
#9186 = EDGE_LOOP ( 'NONE', ( #2761, #2705, #8102, #7267 ) ) ;
#9187 = CYLINDRICAL_SURFACE ( 'NONE', #6272, 0.8074684195533452500 ) ;
#9188 = LINE ( 'NONE', #4291, #11773 ) ;
#9189 = ORIENTED_EDGE ( 'NONE', *, *, #11073, .F. ) ;
#9190 = CARTESIAN_POINT ( 'NONE',  ( 16.19643099708683900, 0.6000000000000297300, -15.48696935691684700 ) ) ;
#9191 = CARTESIAN_POINT ( 'NONE',  ( -16.75797151878918000, 2.581370849898509500, -13.57451106003818500 ) ) ;
#9192 = EDGE_CURVE ( 'NONE', #4046, #2146, #9577, .T. ) ;
#9193 = CARTESIAN_POINT ( 'NONE',  ( -15.21860959775619500, 2.610000000000031400, -15.02046330534038500 ) ) ;
#9194 = ORIENTED_EDGE ( 'NONE', *, *, #9035, .T. ) ;
#9195 = AXIS2_PLACEMENT_3D ( 'NONE', #5925, #11741, #9781 ) ;
#9196 = EDGE_CURVE ( 'NONE', #12374, #692, #9880, .T. ) ;
#9197 = EDGE_CURVE ( 'NONE', #259, #2893, #7283, .T. ) ;
#9198 = AXIS2_PLACEMENT_3D ( 'NONE', #4312, #508, #7234 ) ;
#9199 = DIRECTION ( 'NONE',  ( 0.0000000000000000000, -0.7071067811865479100, -0.7071067811865471300 ) ) ;
#9200 = DIRECTION ( 'NONE',  ( -0.0000000000000000000, 1.000000000000000000, -0.0000000000000000000 ) ) ;
#9201 = EDGE_CURVE ( 'NONE', #4863, #9180, #2188, .T. ) ;
#9202 = LINE ( 'NONE', #2760, #3750 ) ;
#9203 = LINE ( 'NONE', #632, #1511 ) ;
#9204 = CARTESIAN_POINT ( 'NONE',  ( -15.50000000000000700, 26.00000000000000400, 14.24999999999999300 ) ) ;
#9205 = DIRECTION ( 'NONE',  ( 0.0000000000000000000, 1.000000000000000000, 0.0000000000000000000 ) ) ;
#9206 = ORIENTED_EDGE ( 'NONE', *, *, #4605, .F. ) ;
#9207 = DIRECTION ( 'NONE',  ( 0.5469441386039889400, 0.0000000000000000000, -0.8371691043312219400 ) ) ;
#9208 = AXIS2_PLACEMENT_3D ( 'NONE', #1243, #8895, #7943 ) ;
#9209 = TOROIDAL_SURFACE ( 'NONE', #10296, 5.250000000000000000, 1.650000000000000100 ) ;
#9210 = CIRCLE ( 'NONE', #199, 4.150000000000001200 ) ;
#9211 = CARTESIAN_POINT ( 'NONE',  ( -16.37157287525380400, 0.5000000000000004400, 21.00000000000000400 ) ) ;
#9212 = VERTEX_POINT ( 'NONE', #3001 ) ;
#9213 = DIRECTION ( 'NONE',  ( 0.0000000000000000000, 0.0000000000000000000, 1.000000000000000000 ) ) ;
#9214 = ADVANCED_FACE ( 'NONE', ( #1880 ), #1587, .F. ) ;
#9215 = EDGE_CURVE ( 'NONE', #8412, #11982, #4742, .T. ) ;
#9216 = ORIENTED_EDGE ( 'NONE', *, *, #241, .T. ) ;
#9217 = ORIENTED_EDGE ( 'NONE', *, *, #1470, .T. ) ;
#9218 = EDGE_LOOP ( 'NONE', ( #2737, #883, #571, #7272 ) ) ;
#9219 = CARTESIAN_POINT ( 'NONE',  ( -19.09999999999998700, 23.40000000000000600, -19.09999999999999100 ) ) ;
#9220 = DIRECTION ( 'NONE',  ( 0.0000000000000000000, 1.000000000000000000, 0.0000000000000000000 ) ) ;
#9221 = FACE_OUTER_BOUND ( 'NONE', #7248, .T. ) ;
#9223 = CARTESIAN_POINT ( 'NONE',  ( -4.760541378675434900, 4.760541378675431400, 18.00000000000000700 ) ) ;
#9222 = LINE ( 'NONE', #1298, #6631 ) ;
#9224 = DIRECTION ( 'NONE',  ( -0.0000000000000000000, -0.0000000000000000000, 1.000000000000000000 ) ) ;
#9225 = DIRECTION ( 'NONE',  ( 0.0000000000000000000, 1.000000000000000000, 0.0000000000000000000 ) ) ;
#9226 = CARTESIAN_POINT ( 'NONE',  ( 3.469446951953614200E-015, 2.500000000000004000, 6.938893903907228400E-015 ) ) ;
#9227 = ORIENTED_EDGE ( 'NONE', *, *, #7034, .T. ) ;
#9228 = DIRECTION ( 'NONE',  ( -0.0000000000000000000, -1.000000000000000000, -0.0000000000000000000 ) ) ;
#9230 = ORIENTED_EDGE ( 'NONE', *, *, #797, .F. ) ;
#9229 = ORIENTED_EDGE ( 'NONE', *, *, #5232, .T. ) ;
#9231 = ORIENTED_EDGE ( 'NONE', *, *, #11263, .F. ) ;
#9232 = ORIENTED_EDGE ( 'NONE', *, *, #6000, .T. ) ;
#9233 = DIRECTION ( 'NONE',  ( 0.0000000000000000000, 0.0000000000000000000, 1.000000000000000000 ) ) ;
#9234 = DIRECTION ( 'NONE',  ( -0.0000000000000000000, -1.000000000000000000, -0.0000000000000000000 ) ) ;
#9235 = CARTESIAN_POINT ( 'NONE',  ( -15.50000000000000700, 2.610000000000031400, -15.49999999999999600 ) ) ;
#9236 = DIRECTION ( 'NONE',  ( 0.0000000000000000000, 1.000000000000000000, -0.0000000000000000000 ) ) ;
#9237 = DIRECTION ( 'NONE',  ( -0.8371691043312221600, 0.0000000000000000000, -0.5469441386039887200 ) ) ;
#9238 = EDGE_CURVE ( 'NONE', #479, #9468, #4447, .T. ) ;
#9239 = DIRECTION ( 'NONE',  ( 0.0000000000000000000, -1.000000000000000000, 0.0000000000000000000 ) ) ;
#9240 = CIRCLE ( 'NONE', #5426, 1.250000000000011500 ) ;
#9241 = VECTOR ( 'NONE', #1216, 1000.000000000000200 ) ;
#9242 = AXIS2_PLACEMENT_3D ( 'NONE', #1642, #8352, #2604 ) ;
#9243 = ORIENTED_EDGE ( 'NONE', *, *, #11517, .F. ) ;
#9244 = B_SPLINE_CURVE_WITH_KNOTS ( 'NONE', 3,
 ( #4345, #10124, #6271, #503 ),
 .UNSPECIFIED., .F., .F.,
 ( 4, 4 ),
 ( 0.001380840031772738900, 0.003398373201762473600 ),
 .UNSPECIFIED. ) ;
#9245 = CARTESIAN_POINT ( 'NONE',  ( -21.00000000000000000, 8.500000000000000000, -14.64103821455297600 ) ) ;
#9247 = VERTEX_POINT ( 'NONE', #11756 ) ;
#9246 = ORIENTED_EDGE ( 'NONE', *, *, #5658, .T. ) ;
#9248 = VERTEX_POINT ( 'NONE', #3046 ) ;
#9249 = ADVANCED_FACE ( 'NONE', ( #9284, #8953 ), #10769, .T. ) ;
#9250 = PLANE ( 'NONE',  #11685 ) ;
#9251 = CARTESIAN_POINT ( 'NONE',  ( -15.50000000000000700, 26.00000000000000400, -16.75000000000000700 ) ) ;
#9252 = ORIENTED_EDGE ( 'NONE', *, *, #12050, .T. ) ;
#9253 = CYLINDRICAL_SURFACE ( 'NONE', #8526, 1.250000000000011500 ) ;
#9254 = VECTOR ( 'NONE', #11430, 1000.000000000000100 ) ;
#9255 = CARTESIAN_POINT ( 'NONE',  ( 15.56505682615291300, 2.610000000000027400, 14.94781922401182300 ) ) ;
#9256 = DIRECTION ( 'NONE',  ( -0.0000000000000000000, -1.000000000000000000, 0.0000000000000000000 ) ) ;
#9257 = ORIENTED_EDGE ( 'NONE', *, *, #12251, .F. ) ;
#9258 = CARTESIAN_POINT ( 'NONE',  ( 15.80928918440701700, 2.474345677606098400, 15.02659269710754800 ) ) ;
#9259 = EDGE_CURVE ( 'NONE', #8604, #4521, #4130, .T. ) ;
#9260 = VERTEX_POINT ( 'NONE', #3091 ) ;
#9261 = ORIENTED_EDGE ( 'NONE', *, *, #10659, .F. ) ;
#9262 = CARTESIAN_POINT ( 'NONE',  ( -2.888629745115985700, 6.632453012234881500, 21.50000000000000400 ) ) ;
#9263 = EDGE_CURVE ( 'NONE', #11962, #9730, #3054, .T. ) ;
#9264 = EDGE_CURVE ( 'NONE', #8144, #12511, #1282, .T. ) ;
#9265 = CYLINDRICAL_SURFACE ( 'NONE', #11067, 0.2794843821735009700 ) ;
#9266 = DIRECTION ( 'NONE',  ( 0.0000000000000000000, 1.000000000000000000, 0.0000000000000000000 ) ) ;
#9267 = EDGE_LOOP ( 'NONE', ( #3294, #10179, #6340, #7947, #5990, #2590 ) ) ;
#9268 = LINE ( 'NONE', #6491, #1572 ) ;
#9269 = VECTOR ( 'NONE', #6602, 1000.000000000000000 ) ;
#9270 = ORIENTED_EDGE ( 'NONE', *, *, #8730, .F. ) ;
#9271 = DIRECTION ( 'NONE',  ( -1.224646799147340400E-016, 0.0000000000000000000, 1.000000000000000000 ) ) ;
#9272 = DIRECTION ( 'NONE',  ( 0.2440452458516470500, 0.8949343913984425500, -0.3735429735244772400 ) ) ;
#9274 = ORIENTED_EDGE ( 'NONE', *, *, #8345, .T. ) ;
#9273 = ORIENTED_EDGE ( 'NONE', *, *, #5576, .T. ) ;
#9275 = ORIENTED_EDGE ( 'NONE', *, *, #10525, .F. ) ;
#9276 = DIRECTION ( 'NONE',  ( 0.0000000000000000000, 0.0000000000000000000, 1.000000000000000000 ) ) ;
#9277 = DIRECTION ( 'NONE',  ( 0.0000000000000000000, 1.000000000000000000, -0.0000000000000000000 ) ) ;
#9278 = AXIS2_PLACEMENT_3D ( 'NONE', #2918, #11619, #5817 ) ;
#9279 = EDGE_CURVE ( 'NONE', #4085, #720, #11248, .T. ) ;
#9280 = CONICAL_SURFACE ( 'NONE', #7616, 3.750000000000003600, 0.7853981633974456100 ) ;
#9281 = ORIENTED_EDGE ( 'NONE', *, *, #10897, .T. ) ;
#9282 = AXIS2_PLACEMENT_3D ( 'NONE', #8052, #9042, #1349 ) ;
#9283 = VECTOR ( 'NONE', #9736, 1000.000000000000000 ) ;
#9284 = FACE_BOUND ( 'NONE', #11038, .T. ) ;
#9285 = ORIENTED_EDGE ( 'NONE', *, *, #5876, .F. ) ;
#9286 = CARTESIAN_POINT ( 'NONE',  ( 6.938893903907228400E-015, 34.29999999999999700, -2.799999999999996700 ) ) ;
#9287 = CARTESIAN_POINT ( 'NONE',  ( 19.00000000000000400, 0.5000000000000004400, -16.37157287525380400 ) ) ;
#9289 = ORIENTED_EDGE ( 'NONE', *, *, #8669, .T. ) ;
#9288 = ORIENTED_EDGE ( 'NONE', *, *, #1237, .F. ) ;
#9290 = ADVANCED_FACE ( 'NONE', ( #966 ), #667, .T. ) ;
#9291 = DIRECTION ( 'NONE',  ( -0.8371691043312241600, 2.697020329565932900E-016, -0.5469441386039857200 ) ) ;
#9292 = FACE_OUTER_BOUND ( 'NONE', #8329, .T. ) ;
#9293 = CARTESIAN_POINT ( 'NONE',  ( -14.44661567478664700, 0.6000000000000063100, 16.63016877650854000 ) ) ;
#9294 = EDGE_LOOP ( 'NONE', ( #2132, #4303, #2467, #2903, #63, #7096, #4549, #246, #8010, #10724, #11760 ) ) ;
#9295 = DIRECTION ( 'NONE',  ( 0.0000000000000000000, 0.0000000000000000000, 1.000000000000000000 ) ) ;
#9296 = CYLINDRICAL_SURFACE ( 'NONE', #6555, 3.649999999999999900 ) ;
#9297 = DIRECTION ( 'NONE',  ( 0.0000000000000000000, 0.0000000000000000000, 1.000000000000000000 ) ) ;
#9298 = AXIS2_PLACEMENT_3D ( 'NONE', #8800, #4001, #10756 ) ;
#9299 = AXIS2_PLACEMENT_3D ( 'NONE', #4320, #11075, #5283 ) ;
#9300 = CARTESIAN_POINT ( 'NONE',  ( 15.49999999999999300, -5.749999999999961800, -15.49999999999999600 ) ) ;
#9301 = CIRCLE ( 'NONE', #275, 2.000000000000000000 ) ;
#9302 = DIRECTION ( 'NONE',  ( -0.0000000000000000000, -1.000000000000000000, 0.0000000000000000000 ) ) ;
#9303 = EDGE_CURVE ( 'NONE', #1673, #9331, #8637, .T. ) ;
#9304 = CIRCLE ( 'NONE', #11458, 0.4999999999999982200 ) ;
#9305 = ORIENTED_EDGE ( 'NONE', *, *, #6857, .F. ) ;
#9306 = CIRCLE ( 'NONE', #1722, 1.250000000000011500 ) ;
#9307 = DIRECTION ( 'NONE',  ( 0.0000000000000000000, 0.0000000000000000000, -1.000000000000000000 ) ) ;
#9308 = CARTESIAN_POINT ( 'NONE',  ( -14.36983122349147600, 0.6000000000000063100, 14.44661567478664000 ) ) ;
#9309 = VERTEX_POINT ( 'NONE', #1235 ) ;
#9310 = ORIENTED_EDGE ( 'NONE', *, *, #11013, .F. ) ;
#9311 = AXIS2_PLACEMENT_3D ( 'NONE', #6056, #283, #7009 ) ;
#9312 = DIRECTION ( 'NONE',  ( -0.0000000000000000000, 1.000000000000000000, -0.0000000000000000000 ) ) ;
#9313 = ADVANCED_FACE ( 'NONE', ( #8339 ), #3176, .F. ) ;
#9314 = ORIENTED_EDGE ( 'NONE', *, *, #7746, .F. ) ;
#9315 = CARTESIAN_POINT ( 'NONE',  ( -16.32041620790598900, 2.581370849898509500, -14.24424634350316200 ) ) ;
#9316 = DIRECTION ( 'NONE',  ( 0.0000000000000000000, 0.0000000000000000000, 1.000000000000000000 ) ) ;
#9317 = CYLINDRICAL_SURFACE ( 'NONE', #7562, 2.749999999999998200 ) ;
#9318 = CARTESIAN_POINT ( 'NONE',  ( -16.37157287525379300, 33.50000000000000000, -19.00000000000000000 ) ) ;
#9319 = CARTESIAN_POINT ( 'NONE',  ( 4.247097669412184600E-015, 6.229837387624883100, -6.349999999999997900 ) ) ;
#9320 = EDGE_CURVE ( 'NONE', #6777, #5768, #6085, .T. ) ;
#9321 = TOROIDAL_SURFACE ( 'NONE', #11567, 10.50000000000000400, 0.5000000000000000000 ) ;
#9322 = AXIS2_PLACEMENT_3D ( 'NONE', #1359, #8063, #2328 ) ;
#9323 = ORIENTED_EDGE ( 'NONE', *, *, #3669, .T. ) ;
#9324 = CARTESIAN_POINT ( 'NONE',  ( -14.04187701221969700, 0.6000000000000063100, 16.01066363930343400 ) ) ;
#9325 = CARTESIAN_POINT ( 'NONE',  ( 15.54845431265167800, 1.940406951505564000, -14.89767972042400100 ) ) ;
#9326 = CARTESIAN_POINT ( 'NONE',  ( 6.161243186448658000E-015, 11.46250000000000000, 6.350000000000008500 ) ) ;
#9327 = CARTESIAN_POINT ( 'NONE',  ( -15.41723649745962600, 2.610000000000006100, 16.04980560441600800 ) ) ;
#9328 = VECTOR ( 'NONE', #7683, 1000.000000000000100 ) ;
#9329 = EDGE_CURVE ( 'NONE', #450, #10298, #10935, .T. ) ;
#9330 = CIRCLE ( 'NONE', #8116, 1.500000000000001100 ) ;
#9331 = VERTEX_POINT ( 'NONE', #7013 ) ;
#9332 = CARTESIAN_POINT ( 'NONE',  ( -17.78578643762689600, 0.5000000000000004400, 20.41421356237309900 ) ) ;
#9333 = ORIENTED_EDGE ( 'NONE', *, *, #7287, .T. ) ;
#9334 = DIRECTION ( 'NONE',  ( 0.5469441386039886100, 0.0000000000000000000, -0.8371691043312222700 ) ) ;
#9335 = EDGE_CURVE ( 'NONE', #6955, #1398, #10627, .T. ) ;
#9336 = ORIENTED_EDGE ( 'NONE', *, *, #1505, .T. ) ;
#9337 = CARTESIAN_POINT ( 'NONE',  ( 16.13253578028824700, 0.6000000000000297300, -15.79169233451989000 ) ) ;
#9338 = EDGE_CURVE ( 'NONE', #11274, #504, #2926, .T. ) ;
#9339 = ORIENTED_EDGE ( 'NONE', *, *, #7610, .T. ) ;
#9340 = CARTESIAN_POINT ( 'NONE',  ( 15.80410094106381200, 2.610000000000029200, -15.96546602200815600 ) ) ;
#9341 = FACE_BOUND ( 'NONE', #7033, .T. ) ;
#9342 = LOCAL_TIME ( 13, 17, 15.00000000000000000, #11919 ) ;
#9343 = ORIENTED_EDGE ( 'NONE', *, *, #11457, .T. ) ;
#9344 = DIRECTION ( 'NONE',  ( 0.5469441386039889400, 0.0000000000000000000, -0.8371691043312219400 ) ) ;
#9345 = ORIENTED_EDGE ( 'NONE', *, *, #8104, .F. ) ;
#9346 = ORIENTED_EDGE ( 'NONE', *, *, #1217, .T. ) ;
#9347 = CARTESIAN_POINT ( 'NONE',  ( 16.37157287525380800, 0.5000000000000004400, -20.99999999999999600 ) ) ;
#9348 = ADVANCED_FACE ( 'NONE', ( #10338 ), #2635, .F. ) ;
#9349 = AXIS2_PLACEMENT_3D ( 'NONE', #8643, #5957, #177 ) ;
#9350 = EDGE_CURVE ( 'NONE', #4873, #8799, #8024, .T. ) ;
#9351 = AXIS2_PLACEMENT_3D ( 'NONE', #9503, #11432, #9949 ) ;
#9352 = CARTESIAN_POINT ( 'NONE',  ( 15.49999999999999300, 34.00000000000000000, 16.75000000000001400 ) ) ;
#9353 = VECTOR ( 'NONE', #2138, 1000.000000000000000 ) ;
#9354 = CYLINDRICAL_SURFACE ( 'NONE', #4665, 0.5000000000000004400 ) ;
#9355 = DIRECTION ( 'NONE',  ( 0.5469441386039879400, 0.0000000000000000000, -0.8371691043312227100 ) ) ;
#9356 = ORIENTED_EDGE ( 'NONE', *, *, #10311, .F. ) ;
#9357 = CARTESIAN_POINT ( 'NONE',  ( 3.469446951953614200E-014, 33.50000000000000000, 11.50000000000003600 ) ) ;
#9358 = APPROVAL_ROLE ( '' ) ;
#9359 = DIRECTION ( 'NONE',  ( 8.659560562354987100E-017, 0.7071067811865431300, -0.7071067811865519000 ) ) ;
#9360 = DIRECTION ( 'NONE',  ( -0.0000000000000000000, -1.000000000000000000, 0.0000000000000000000 ) ) ;
#9361 = ORIENTED_EDGE ( 'NONE', *, *, #9809, .F. ) ;
#9362 = DIRECTION ( 'NONE',  ( 0.0000000000000000000, 0.0000000000000000000, 1.000000000000000000 ) ) ;
#9363 = DIRECTION ( 'NONE',  ( -0.0000000000000000000, -0.0000000000000000000, -1.000000000000000000 ) ) ;
#9364 = VECTOR ( 'NONE', #10187, 1000.000000000000000 ) ;
#9365 = CYLINDRICAL_SURFACE ( 'NONE', #12536, 11.50000000000000500 ) ;
#9366 = ORIENTED_EDGE ( 'NONE', *, *, #11368, .T. ) ;
#9367 = DIRECTION ( 'NONE',  ( 0.0000000000000000000, 1.000000000000000000, 0.0000000000000000000 ) ) ;
#9368 = CARTESIAN_POINT ( 'NONE',  ( -15.64506694184905900, 2.610000000000031400, -16.03674163466472500 ) ) ;
#9369 = AXIS2_PLACEMENT_3D ( 'NONE', #5907, #123, #6860 ) ;
#9370 = ORIENTED_EDGE ( 'NONE', *, *, #5542, .T. ) ;
#9371 = APPROVAL ( #12293, 'UNSPECIFIED' ) ;
#9372 = EDGE_CURVE ( 'NONE', #3048, #12202, #355, .T. ) ;
#9373 = ORIENTED_EDGE ( 'NONE', *, *, #8751, .T. ) ;
#9374 = CARTESIAN_POINT ( 'NONE',  ( 1.660547806356602800, 6.110050607254169800, 28.20000000000000300 ) ) ;
#9375 = VERTEX_POINT ( 'NONE', #3259 ) ;
#9376 = EDGE_CURVE ( 'NONE', #11701, #6138, #36, .T. ) ;
#9377 = ADVANCED_FACE ( 'NONE', ( #10030 ), #12320, .F. ) ;
#9378 = DIRECTION ( 'NONE',  ( 0.0000000000000000000, -1.000000000000000000, 0.0000000000000000000 ) ) ;
#9379 = FACE_OUTER_BOUND ( 'NONE', #194, .T. ) ;
#9380 = CIRCLE ( 'NONE', #1104, 1.500000000000000000 ) ;
#9381 = ORIENTED_EDGE ( 'NONE', *, *, #3736, .F. ) ;
#9382 = CARTESIAN_POINT ( 'NONE',  ( -20.06066017177982300, 0.0000000000000000000, -17.43223304703362700 ) ) ;
#9383 = DIRECTION ( 'NONE',  ( 0.0000000000000000000, 1.000000000000000000, -0.0000000000000000000 ) ) ;
#9384 = ORIENTED_EDGE ( 'NONE', *, *, #10959, .F. ) ;
#9385 = AXIS2_PLACEMENT_3D ( 'NONE', #5849, #61, #11659 ) ;
#9386 = ORIENTED_EDGE ( 'NONE', *, *, #5255, .F. ) ;
#9387 = CIRCLE ( 'NONE', #3889, 7.700000000000005500 ) ;
#9388 = FACE_OUTER_BOUND ( 'NONE', #3974, .T. ) ;
#9389 = CARTESIAN_POINT ( 'NONE',  ( 14.86746421971173900, 0.6000000000000297300, -15.20830766548010300 ) ) ;
#9390 = ORIENTED_EDGE ( 'NONE', *, *, #8684, .T. ) ;
#9391 = EDGE_CURVE ( 'NONE', #11224, #6244, #4886, .T. ) ;
#9392 = CARTESIAN_POINT ( 'NONE',  ( 15.49999999999999300, 2.610000000000029200, -15.49999999999999600 ) ) ;
#9393 = PLANE ( 'NONE',  #10455 ) ;
#9394 = ORIENTED_EDGE ( 'NONE', *, *, #11142, .F. ) ;
#9395 = ORIENTED_EDGE ( 'NONE', *, *, #8411, .F. ) ;
#9396 = DIRECTION ( 'NONE',  ( 0.0000000000000000000, 0.0000000000000000000, 1.000000000000000000 ) ) ;
#9397 = ORIENTED_EDGE ( 'NONE', *, *, #11825, .T. ) ;
#9398 = DIRECTION ( 'NONE',  ( -0.0000000000000000000, -1.000000000000000000, -0.0000000000000000000 ) ) ;
#9399 = CARTESIAN_POINT ( 'NONE',  ( 2.094712078817835700, 0.0000000000000000000, 18.20000000000000300 ) ) ;
#9400 = LINE ( 'NONE', #7758, #3943 ) ;
#9401 = FACE_OUTER_BOUND ( 'NONE', #2144, .T. ) ;
#9402 = VERTEX_POINT ( 'NONE', #420 ) ;
#9403 = B_SPLINE_CURVE_WITH_KNOTS ( 'NONE', 3,
 ( #482, #1474, #8174, #2431 ),
 .UNSPECIFIED., .F., .F.,
 ( 4, 4 ),
 ( 0.001380840031689471300, 0.003398373201679220300 ),
 .UNSPECIFIED. ) ;
#9404 = ORIENTED_EDGE ( 'NONE', *, *, #2027, .T. ) ;
#9405 = DIRECTION ( 'NONE',  ( 0.0000000000000000000, 1.000000000000000000, 0.0000000000000000000 ) ) ;
#9406 = EDGE_LOOP ( 'NONE', ( #4298, #12213, #11078, #10568, #1178, #7023, #6319, #3178, #5215, #481, #1405, #7514, #3508, #8186, #8678, #4256 ) ) ;
#9407 = AXIS2_PLACEMENT_3D ( 'NONE', #5167, #11942, #6128 ) ;
#9408 = CARTESIAN_POINT ( 'NONE',  ( -14.95019439558400300, 2.610000000000006100, 15.41723649745962500 ) ) ;
#9409 = EDGE_CURVE ( 'NONE', #6727, #2956, #9724, .T. ) ;
#9410 = CIRCLE ( 'NONE', #6906, 0.4999999999999995600 ) ;
#9411 = AXIS2_PLACEMENT_3D ( 'NONE', #7992, #7021, #4191 ) ;
#9412 = ORIENTED_EDGE ( 'NONE', *, *, #2913, .F. ) ;
#9413 = ADVANCED_FACE ( 'NONE', ( #2336 ), #12011, .F. ) ;
#9414 = LINE ( 'NONE', #5940, #1720 ) ;
#9415 = VECTOR ( 'NONE', #10831, 1000.000000000000000 ) ;
#9416 = DIRECTION ( 'NONE',  ( -0.7071067811865479100, -0.7071067811865470200, 0.0000000000000000000 ) ) ;
#9417 = CARTESIAN_POINT ( 'NONE',  ( 6.938893903907228400E-015, 29.89999999999999500, 3.469446951953614200E-015 ) ) ;
#9418 = ORIENTED_EDGE ( 'NONE', *, *, #8085, .T. ) ;
#9419 = DIRECTION ( 'NONE',  ( 0.0000000000000000000, 1.000000000000000000, 0.0000000000000000000 ) ) ;
#9420 = ORIENTED_EDGE ( 'NONE', *, *, #5730, .F. ) ;
#9421 = DIRECTION ( 'NONE',  ( 0.5469441386039886100, 0.0000000000000000000, -0.8371691043312222700 ) ) ;
#9422 = DIRECTION ( 'NONE',  ( 0.0000000000000000000, 0.0000000000000000000, -1.000000000000000000 ) ) ;
#9423 = FACE_OUTER_BOUND ( 'NONE', #5092, .T. ) ;
#9424 = CARTESIAN_POINT ( 'NONE',  ( 15.50000000000000400, 0.6000000000000276200, 15.50000000000000500 ) ) ;
#9425 = EDGE_LOOP ( 'NONE', ( #6796, #8203, #7147, #11986, #5910, #330, #9850, #5083 ) ) ;
#9426 = LINE ( 'NONE', #7037, #6817 ) ;
#9427 = VECTOR ( 'NONE', #10087, 1000.000000000000000 ) ;
#9428 = AXIS2_PLACEMENT_3D ( 'NONE', #8991, #3235, #9982 ) ;
#9429 = ORIENTED_EDGE ( 'NONE', *, *, #12351, .F. ) ;
#9430 = EDGE_CURVE ( 'NONE', #2894, #10658, #7431, .T. ) ;
#9431 = CARTESIAN_POINT ( 'NONE',  ( 16.01066363930341700, 0.6000000000000297300, -16.95812298778030700 ) ) ;
#9432 = DIRECTION ( 'NONE',  ( -0.0000000000000000000, -1.000000000000000000, 0.0000000000000000000 ) ) ;
#9433 = CIRCLE ( 'NONE', #8511, 1.250000000000011500 ) ;
#9434 = EDGE_LOOP ( 'NONE', ( #1492, #6379, #352, #7565 ) ) ;
#9435 = DIRECTION ( 'NONE',  ( 0.3735429735244764100, 0.8949343913984425500, 0.2440452458516483600 ) ) ;
#9436 = ADVANCED_FACE ( 'NONE', ( #6818 ), #9105, .F. ) ;
#9437 = LINE ( 'NONE', #7697, #6829 ) ;
#9438 = DIRECTION ( 'NONE',  ( 0.0000000000000000000, 1.000000000000000000, 0.0000000000000000000 ) ) ;
#9439 = DIRECTION ( 'NONE',  ( 0.0000000000000000000, 0.0000000000000000000, -1.000000000000000000 ) ) ;
#9440 = EDGE_CURVE ( 'NONE', #5398, #3635, #2039, .T. ) ;
#9441 = DIRECTION ( 'NONE',  ( -0.0000000000000000000, -1.000000000000000000, -0.0000000000000000000 ) ) ;
#9442 = DIRECTION ( 'NONE',  ( -0.0000000000000000000, -1.000000000000000000, -0.0000000000000000000 ) ) ;
#9443 = AXIS2_PLACEMENT_3D ( 'NONE', #3701, #10464, #4678 ) ;
#9444 = EDGE_CURVE ( 'NONE', #7889, #1521, #4592, .T. ) ;
#9445 = LINE ( 'NONE', #8763, #6835 ) ;
#9446 = AXIS2_PLACEMENT_3D ( 'NONE', #5911, #1073, #128 ) ;
#9447 = VECTOR ( 'NONE', #2561, 999.9999999999998900 ) ;
#9448 = VERTEX_POINT ( 'NONE', #9153 ) ;
#9449 = CARTESIAN_POINT ( 'NONE',  ( -20.06066017177980100, 34.00000000000000000, 17.43223304703363800 ) ) ;
#9450 = DIRECTION ( 'NONE',  ( 0.5469441386039891600, 0.0000000000000000000, -0.8371691043312219400 ) ) ;
#9451 = TOROIDAL_SURFACE ( 'NONE', #5525, 2.799999999999999800, 0.2999999999999999300 ) ;
#9452 = ORIENTED_EDGE ( 'NONE', *, *, #7542, .T. ) ;
#9453 = ORIENTED_EDGE ( 'NONE', *, *, #7542, .F. ) ;
#9454 = CARTESIAN_POINT ( 'NONE',  ( 3.894712078817836000, 1.628844685195823100, 18.00000000000000700 ) ) ;
#9455 = VECTOR ( 'NONE', #9934, 1000.000000000000000 ) ;
#9456 = CARTESIAN_POINT ( 'NONE',  ( -16.13253578028826100, 0.6000000000000319500, -15.20830766548010300 ) ) ;
#9457 = CARTESIAN_POINT ( 'NONE',  ( 17.78578643762690000, 33.50000000000000000, -20.41421356237309200 ) ) ;
#9458 = CIRCLE ( 'NONE', #9095, 0.5559999999999988300 ) ;
#9459 = AXIS2_PLACEMENT_3D ( 'NONE', #4579, #9432, #11331 ) ;
#9460 = ORIENTED_EDGE ( 'NONE', *, *, #7597, .T. ) ;
#9461 = CIRCLE ( 'NONE', #9311, 0.2999999999999999300 ) ;
#9462 = AXIS2_PLACEMENT_3D ( 'NONE', #8846, #6850, #1151 ) ;
#9463 = DIRECTION ( 'NONE',  ( 0.5469441386039886100, 0.0000000000000000000, -0.8371691043312222700 ) ) ;
#9464 = EDGE_LOOP ( 'NONE', ( #1372, #4110, #10465, #7265 ) ) ;
#9465 = CARTESIAN_POINT ( 'NONE',  ( 6.350000000000008500, 7.500000000000001800, 6.938893903907228400E-015 ) ) ;
#9466 = CARTESIAN_POINT ( 'NONE',  ( -15.56331376197797300, 26.00000000000000400, 20.32592592592593300 ) ) ;
#9467 = EDGE_CURVE ( 'NONE', #4278, #10277, #4286, .T. ) ;
#9468 = VERTEX_POINT ( 'NONE', #5317 ) ;
#9469 = VECTOR ( 'NONE', #9100, 1000.000000000000000 ) ;
#9470 = DIRECTION ( 'NONE',  ( -0.0000000000000000000, -1.000000000000000000, 0.0000000000000000000 ) ) ;
#9471 = ADVANCED_FACE ( 'NONE', ( #6531 ), #6232, .T. ) ;
#9472 = CONICAL_SURFACE ( 'NONE', #5961, 1.999999999999995300, 0.7853981633974530500 ) ;
#9473 = AXIS2_PLACEMENT_3D ( 'NONE', #2808, #9608, #3822 ) ;
#9474 = PLANE ( 'NONE',  #1161 ) ;
#9475 = CARTESIAN_POINT ( 'NONE',  ( 6.938893903907228400E-015, 30.87016261237511100, 3.469446951953614200E-015 ) ) ;
#9476 = ORIENTED_EDGE ( 'NONE', *, *, #3273, .F. ) ;
#9477 = CARTESIAN_POINT ( 'NONE',  ( 3.469446951953614200E-015, 2.500000000000004000, 6.938893903907228400E-015 ) ) ;
#9478 = EDGE_CURVE ( 'NONE', #8836, #9448, #8797, .T. ) ;
#9479 = AXIS2_PLACEMENT_3D ( 'NONE', #3201, #9946, #4159 ) ;
#9480 = VECTOR ( 'NONE', #2446, 1000.000000000000000 ) ;
#9481 = EDGE_LOOP ( 'NONE', ( #3806, #3899, #1427 ) ) ;
#9482 = CARTESIAN_POINT ( 'NONE',  ( 0.0000000000000000000, 0.0000000000000000000, 20.50000000000000400 ) ) ;
#9483 = VERTEX_POINT ( 'NONE', #506 ) ;
#9484 = DIRECTION ( 'NONE',  ( 0.5469441386039884900, 0.0000000000000000000, -0.8371691043312222700 ) ) ;
#9485 = VERTEX_POINT ( 'NONE', #9204 ) ;
#9486 = DIRECTION ( 'NONE',  ( -0.0000000000000000000, -0.0000000000000000000, 1.000000000000000000 ) ) ;
#9487 = DIRECTION ( 'NONE',  ( -0.0000000000000000000, 1.000000000000000000, -0.0000000000000000000 ) ) ;
#9488 = ADVANCED_FACE ( 'NONE', ( #3678, #3969, #1116, #11080, #11390, #1425 ), #547, .T. ) ;
#9489 = TOROIDAL_SURFACE ( 'NONE', #4985, 7.700000000000005500, 0.2999999999999994900 ) ;
#9490 = FACE_BOUND ( 'NONE', #11827, .T. ) ;
#9491 = CARTESIAN_POINT ( 'NONE',  ( 14.67958379209402000, 2.581370849898505100, 16.75575365649683900 ) ) ;
#9492 = AXIS2_PLACEMENT_3D ( 'NONE', #6713, #965, #7674 ) ;
#9493 = EDGE_LOOP ( 'NONE', ( #3258, #3240, #10426, #2007, #8930, #1031, #9044, #1063, #3027, #6161, #9343, #6622, #7451, #2682, #305, #5521 ) ) ;
#9494 = EDGE_CURVE ( 'NONE', #1498, #3327, #804, .T. ) ;
#9495 = ORIENTED_EDGE ( 'NONE', *, *, #10014, .T. ) ;
#9496 = CARTESIAN_POINT ( 'NONE',  ( -1.146920613196721600, 4.110050607254169800, 30.20000000000000300 ) ) ;
#9497 = CARTESIAN_POINT ( 'NONE',  ( 6.938893903907228400E-015, 29.89999999999999500, 3.469446951953614200E-015 ) ) ;
#9498 = FACE_OUTER_BOUND ( 'NONE', #12058, .T. ) ;
#9499 = VECTOR ( 'NONE', #2533, 1000.000000000000000 ) ;
#9500 = DIRECTION ( 'NONE',  ( 0.5469441386039881600, 0.0000000000000000000, -0.8371691043312224900 ) ) ;
#9501 = EDGE_LOOP ( 'NONE', ( #5926, #12090, #2723, #6489 ) ) ;
#9502 = CARTESIAN_POINT ( 'NONE',  ( 3.469446951953614200E-015, 2.500000000000003100, -2.799999999999993200 ) ) ;
#9503 = CARTESIAN_POINT ( 'NONE',  ( -16.75797151878918000, 2.581370849898484200, 17.42548893996181600 ) ) ;
#9504 = EDGE_CURVE ( 'NONE', #8995, #5403, #8476, .T. ) ;
#9505 = ORIENTED_EDGE ( 'NONE', *, *, #5438, .T. ) ;
#9506 = AXIS2_PLACEMENT_3D ( 'NONE', #6629, #870, #7584 ) ;
#9507 = VERTEX_POINT ( 'NONE', #5397 ) ;
#9508 = VECTOR ( 'NONE', #1929, 1000.000000000000100 ) ;
#9510 = CARTESIAN_POINT ( 'NONE',  ( 0.0000000000000000000, 0.0000000000000000000, 30.20000000000000300 ) ) ;
#9509 = VECTOR ( 'NONE', #4898, 1000.000000000000000 ) ;
#9511 = CARTESIAN_POINT ( 'NONE',  ( -15.50000000000000700, 0.6000000000000063100, 15.50000000000000400 ) ) ;
#9512 = EDGE_LOOP ( 'NONE', ( #6020, #10445 ) ) ;
#9513 = DIRECTION ( 'NONE',  ( -0.8371691043312221600, 0.0000000000000000000, -0.5469441386039887200 ) ) ;
#9514 = EDGE_LOOP ( 'NONE', ( #7528, #3354, #6458, #3436 ) ) ;
#9515 = ORIENTED_EDGE ( 'NONE', *, *, #466, .T. ) ;
#9516 = ORIENTED_EDGE ( 'NONE', *, *, #10876, .F. ) ;
#9517 = PLANE ( 'NONE',  #9655 ) ;
#9518 = DIRECTION ( 'NONE',  ( -0.0000000000000000000, 0.0000000000000000000, 1.000000000000000000 ) ) ;
#9519 = CARTESIAN_POINT ( 'NONE',  ( 14.91795067099118900, 2.610000000000027400, 15.71441625783252900 ) ) ;
#9520 = AXIS2_PLACEMENT_3D ( 'NONE', #3631, #10384, #9422 ) ;
#9521 = VECTOR ( 'NONE', #3992, 1000.000000000000100 ) ;
#9522 = LINE ( 'NONE', #10823, #6925 ) ;
#9523 = EDGE_CURVE ( 'NONE', #601, #3479, #10776, .T. ) ;
#9524 = ADVANCED_FACE ( 'NONE', ( #5637 ), #9250, .T. ) ;
#9525 = ORIENTED_EDGE ( 'NONE', *, *, #3501, .T. ) ;
#9526 = AXIS2_PLACEMENT_3D ( 'NONE', #2107, #8825, #3067 ) ;
#9527 = CARTESIAN_POINT ( 'NONE',  ( 19.10000000000000100, 23.40000000000000600, 19.09999999999999800 ) ) ;
#9528 = DIRECTION ( 'NONE',  ( 0.0000000000000000000, 1.000000000000000000, 0.0000000000000000000 ) ) ;
#9529 = DIRECTION ( 'NONE',  ( 0.0000000000000000000, 0.0000000000000000000, -1.000000000000000000 ) ) ;
#9530 = EDGE_CURVE ( 'NONE', #10942, #6777, #501, .T. ) ;
#9531 = ORIENTED_EDGE ( 'NONE', *, *, #7721, .F. ) ;
#9532 = CARTESIAN_POINT ( 'NONE',  ( -4.000000000000001800, 1.499999999999999600, 21.00000000000000400 ) ) ;
#9533 = CONICAL_SURFACE ( 'NONE', #244, 2.749999999999999600, 0.7853981633974500600 ) ;
#9534 = VECTOR ( 'NONE', #4033, 1000.000000000000000 ) ;
#9535 = CARTESIAN_POINT ( 'NONE',  ( 15.49999999999999300, -5.749999999999961800, -15.49999999999999600 ) ) ;
#9536 = ORIENTED_EDGE ( 'NONE', *, *, #1813, .F. ) ;
#9537 = ADVANCED_FACE ( 'NONE', ( #10473 ), #11235, .T. ) ;
#9538 = VERTEX_POINT ( 'NONE', #12228 ) ;
#9539 = CARTESIAN_POINT ( 'NONE',  ( -20.99999999999998200, 34.00000000000000000, -16.37157287525381100 ) ) ;
#9540 = CARTESIAN_POINT ( 'NONE',  ( 13.13154598666890900, 8.500000000000000000, 21.14999999999999500 ) ) ;
#9541 = VERTEX_POINT ( 'NONE', #3554 ) ;
#9542 = EDGE_CURVE ( 'NONE', #3451, #5697, #2770, .T. ) ;
#9543 = LINE ( 'NONE', #2455, #2163 ) ;
#9544 = FACE_OUTER_BOUND ( 'NONE', #4909, .T. ) ;
#9545 = AXIS2_PLACEMENT_3D ( 'NONE', #1306, #8007, #2272 ) ;
#9546 = VERTEX_POINT ( 'NONE', #12185 ) ;
#9547 = DIRECTION ( 'NONE',  ( 0.0000000000000000000, 0.0000000000000000000, 1.000000000000000000 ) ) ;
#9548 = ADVANCED_FACE ( 'NONE', ( #5334 ), #3377, .F. ) ;
#9549 = CARTESIAN_POINT ( 'NONE',  ( -15.50000000000000700, 2.610000000000031400, -15.49999999999999600 ) ) ;
#9550 = MANIFOLD_SOLID_BREP ( 'nema17_bottom-1-solid2', #7158 ) ;
#9551 = PERSON ( 'UNSPECIFIED', 'UNSPECIFIED', 'UNSPECIFIED', ('UNSPECIFIED'), ('UNSPECIFIED'), ('UNSPECIFIED') ) ;
#9553 = VERTEX_POINT ( 'NONE', #3588 ) ;
#9552 = ORIENTED_EDGE ( 'NONE', *, *, #8459, .F. ) ;
#9554 = EDGE_LOOP ( 'NONE', ( #7032, #5999, #6638, #4368 ) ) ;
#9555 = EDGE_CURVE ( 'NONE', #10996, #2699, #10173, .T. ) ;
#9556 = VERTEX_POINT ( 'NONE', #10347 ) ;
#9557 = VECTOR ( 'NONE', #10341, 1000.000000000000000 ) ;
#9558 = DIRECTION ( 'NONE',  ( -0.0000000000000000000, -1.000000000000000000, 0.0000000000000000000 ) ) ;
#9559 = ORIENTED_EDGE ( 'NONE', *, *, #298, .T. ) ;
#9560 = VECTOR ( 'NONE', #3564, 1000.000000000000100 ) ;
#9561 = LINE ( 'NONE', #2739, #9269 ) ;
#9562 = ORIENTED_EDGE ( 'NONE', *, *, #7799, .T. ) ;
#9563 = CARTESIAN_POINT ( 'NONE',  ( -15.50000000000000700, 33.70000000000000300, 15.50000000000000400 ) ) ;
#9564 = AXIS2_PLACEMENT_3D ( 'NONE', #9762, #3966, #10722 ) ;
#9565 = CARTESIAN_POINT ( 'NONE',  ( -1.146920613196742700, 6.110050607254169800, 18.20000000000000300 ) ) ;
#9566 = EDGE_CURVE ( 'NONE', #8027, #1086, #3075, .T. ) ;
#9568 = ORIENTED_EDGE ( 'NONE', *, *, #10544, .F. ) ;
#9567 = ORIENTED_EDGE ( 'NONE', *, *, #12055, .F. ) ;
#9569 = CARTESIAN_POINT ( 'NONE',  ( 15.49999999999999300, 34.00000000000000000, 17.05000000000001800 ) ) ;
#9570 = EDGE_CURVE ( 'NONE', #6114, #2009, #5025, .T. ) ;
#9571 = CARTESIAN_POINT ( 'NONE',  ( -1.821700008836307300, 0.0000000000000000000, -0.8254750618920907400 ) ) ;
#9572 = CARTESIAN_POINT ( 'NONE',  ( 16.37157287525380800, 0.5000000000000004400, 19.00000000000000400 ) ) ;
#9573 = VECTOR ( 'NONE', #12481, 999.9999999999998900 ) ;
#9574 = DIRECTION ( 'NONE',  ( -0.0000000000000000000, -1.000000000000000000, -0.0000000000000000000 ) ) ;
#9575 = EDGE_LOOP ( 'NONE', ( #779, #1700, #10932, #12478 ) ) ;
#9576 = CARTESIAN_POINT ( 'NONE',  ( 15.25313562342063300, 2.424605185108646800, 16.04381431269170500 ) ) ;
#9577 = LINE ( 'NONE', #2961, #12173 ) ;
#9578 = VERTEX_POINT ( 'NONE', #9332 ) ;
#9579 = EDGE_LOOP ( 'NONE', ( #2084, #4888, #7598 ) ) ;
#9580 = CARTESIAN_POINT ( 'NONE',  ( -1.954389032750088100, 6.110050607254169800, 28.20000000000000300 ) ) ;
#9581 = DIRECTION ( 'NONE',  ( 0.5469441386039886100, 0.0000000000000000000, -0.8371691043312221600 ) ) ;
#9582 = DIRECTION ( 'NONE',  ( 0.0000000000000000000, 1.000000000000000000, -0.0000000000000000000 ) ) ;
#9583 = CIRCLE ( 'NONE', #3615, 25.60000000000002600 ) ;
#9584 = VERTEX_POINT ( 'NONE', #1701 ) ;
#9585 = FACE_OUTER_BOUND ( 'NONE', #7870, .T. ) ;
#9586 = DIRECTION ( 'NONE',  ( 0.0000000000000000000, 1.000000000000000000, 0.0000000000000000000 ) ) ;
#9587 = DIRECTION ( 'NONE',  ( -0.0000000000000000000, -1.000000000000000000, -0.0000000000000000000 ) ) ;
#9588 = DIRECTION ( 'NONE',  ( 0.0000000000000000000, -1.000000000000000000, 0.0000000000000000000 ) ) ;
#9589 = ORIENTED_EDGE ( 'NONE', *, *, #9136, .T. ) ;
#9590 = CIRCLE ( 'NONE', #11534, 2.500000000000000900 ) ;
#9591 = DIRECTION ( 'NONE',  ( 0.5469441386039891600, 0.0000000000000000000, -0.8371691043312219400 ) ) ;
#9592 = VECTOR ( 'NONE', #12555, 1000.000000000000200 ) ;
#9593 = ORIENTED_EDGE ( 'NONE', *, *, #8996, .T. ) ;
#9594 = DIRECTION ( 'NONE',  ( -0.0000000000000000000, -1.000000000000000000, 0.0000000000000000000 ) ) ;
#9595 = CIRCLE ( 'NONE', #11006, 11.00000000000000500 ) ;
#9596 = EDGE_CURVE ( 'NONE', #12115, #9485, #2472, .T. ) ;
#9598 = DIRECTION ( 'NONE',  ( -0.0000000000000000000, -1.000000000000000000, 0.0000000000000000000 ) ) ;
#9597 = AXIS2_PLACEMENT_3D ( 'NONE', #9475, #3686, #10444 ) ;
#9599 = CARTESIAN_POINT ( 'NONE',  ( 0.0000000000000000000, 12.00000000000000000, -20.99999999999999600 ) ) ;
#9600 =( GEOMETRIC_REPRESENTATION_CONTEXT ( 3 ) GLOBAL_UNCERTAINTY_ASSIGNED_CONTEXT ( ( #8279 ) ) GLOBAL_UNIT_ASSIGNED_CONTEXT ( ( #10242, #8309, #2560 ) ) REPRESENTATION_CONTEXT ( 'NONE', 'WORKASPACE' ) );
#9601 = EDGE_CURVE ( 'NONE', #8277, #368, #9872, .T. ) ;
#9602 = AXIS2_PLACEMENT_3D ( 'NONE', #4762, #12522, #5688 ) ;
#9603 = ORIENTED_EDGE ( 'NONE', *, *, #12356, .T. ) ;
#9604 = ADVANCED_FACE ( 'NONE', ( #12463 ), #4430, .F. ) ;
#9605 = EDGE_CURVE ( 'NONE', #8319, #2041, #6962, .T. ) ;
#9606 = DIRECTION ( 'NONE',  ( 0.0000000000000000000, 1.000000000000000000, 0.0000000000000000000 ) ) ;
#9607 = CARTESIAN_POINT ( 'NONE',  ( -15.50000000000000700, 2.790655351105523400, -15.49999999999999800 ) ) ;
#9608 = DIRECTION ( 'NONE',  ( 0.0000000000000000000, 0.0000000000000000000, -1.000000000000000000 ) ) ;
#9609 = DIRECTION ( 'NONE',  ( 0.0000000000000000000, 0.0000000000000000000, -1.000000000000000000 ) ) ;
#9610 = FACE_OUTER_BOUND ( 'NONE', #9821, .T. ) ;
#9611 = LINE ( 'NONE', #11283, #12212 ) ;
#9612 = DIRECTION ( 'NONE',  ( 0.0000000000000000000, 0.0000000000000000000, 1.000000000000000000 ) ) ;
#9613 = DIRECTION ( 'NONE',  ( 0.0000000000000000000, 0.0000000000000000000, 1.000000000000000000 ) ) ;
#9614 = ADVANCED_FACE ( 'NONE', ( #2174 ), #4732, .T. ) ;
#9615 = VERTEX_POINT ( 'NONE', #9457 ) ;
#9616 = AXIS2_PLACEMENT_3D ( 'NONE', #9424, #3632, #10385 ) ;
#9617 = CARTESIAN_POINT ( 'NONE',  ( 15.49999999999999300, 1.000000000000034200, -15.49999999999999600 ) ) ;
#9618 = CIRCLE ( 'NONE', #8048, 25.60000000000000500 ) ;
#9619 = CARTESIAN_POINT ( 'NONE',  ( 15.56331376197796800, 26.00000000000000400, 20.32592592592592200 ) ) ;
#9620 = DIRECTION ( 'NONE',  ( 0.0000000000000000000, 1.000000000000000000, -0.0000000000000000000 ) ) ;
#9621 = EDGE_CURVE ( 'NONE', #8902, #5324, #1872, .T. ) ;
#9622 = DIRECTION ( 'NONE',  ( 0.0000000000000000000, 0.0000000000000000000, 1.000000000000000000 ) ) ;
#9623 = LINE ( 'NONE', #9308, #12223 ) ;
#9624 = VERTEX_POINT ( 'NONE', #9491 ) ;
#9625 = DIRECTION ( 'NONE',  ( 0.0000000000000000000, 0.0000000000000000000, 1.000000000000000000 ) ) ;
#9626 = ORIENTED_EDGE ( 'NONE', *, *, #3003, .T. ) ;
#9627 = CARTESIAN_POINT ( 'NONE',  ( 0.0000000000000000000, 0.0000000000000000000, 0.0000000000000000000 ) ) ;
#9628 = EDGE_LOOP ( 'NONE', ( #2400, #981, #4069, #6936 ) ) ;
#9629 = CARTESIAN_POINT ( 'NONE',  ( -15.50000000000000700, 33.70000000000000300, 15.50000000000000400 ) ) ;
#9630 = DIRECTION ( 'NONE',  ( -0.0000000000000000000, -1.000000000000000000, 0.0000000000000000000 ) ) ;
#9631 = CIRCLE ( 'NONE', #2807, 1.250000000000011500 ) ;
#9632 = ORGANIZATION ( 'UNSPECIFIED', 'UNSPECIFIED', '' ) ;
#9633 = CARTESIAN_POINT ( 'NONE',  ( 15.50000000000000400, 2.610000000000027400, 15.50000000000000500 ) ) ;
#9634 = CARTESIAN_POINT ( 'NONE',  ( -15.79169233451989700, 0.6000000000000319500, -16.13253578028825100 ) ) ;
#9635 = EDGE_LOOP ( 'NONE', ( #12545, #1588, #2633, #347 ) ) ;
#9636 = CARTESIAN_POINT ( 'NONE',  ( 13.99590361883903400, 1.000000000000032200, 17.80221503691086600 ) ) ;
#9637 = VERTEX_POINT ( 'NONE', #1785 ) ;
#9638 = DIRECTION ( 'NONE',  ( 0.0000000000000000000, 0.0000000000000000000, -1.000000000000000000 ) ) ;
#9639 = PLANE ( 'NONE',  #11289 ) ;
#9640 = EDGE_CURVE ( 'NONE', #7639, #3474, #9561, .T. ) ;
#9641 = EDGE_LOOP ( 'NONE', ( #9978, #3742, #5052, #5918 ) ) ;
#9642 = AXIS2_PLACEMENT_3D ( 'NONE', #5866, #76, #6822 ) ;
#9643 = CARTESIAN_POINT ( 'NONE',  ( -2.888629745115985700, 2.628844685195824000, 21.50000000000000400 ) ) ;
#9644 = FACE_OUTER_BOUND ( 'NONE', #2428, .T. ) ;
#9645 = CIRCLE ( 'NONE', #1443, 4.150000000000001200 ) ;
#9646 = VERTEX_POINT ( 'NONE', #12433 ) ;
#9647 = CARTESIAN_POINT ( 'NONE',  ( 16.08204932900880700, 2.610000000000029200, -15.71441625783251800 ) ) ;
#9648 = CARTESIAN_POINT ( 'NONE',  ( 14.98933636069657800, 0.6000000000000276200, 16.95812298778031400 ) ) ;
#9649 = CARTESIAN_POINT ( 'NONE',  ( -14.80356900291316400, 0.6000000000000319500, -15.48696935691684700 ) ) ;
#9650 = CARTESIAN_POINT ( 'NONE',  ( -20.50000000000000000, 0.5000000000000000000, 0.0000000000000000000 ) ) ;
#9651 = ORIENTED_EDGE ( 'NONE', *, *, #9259, .F. ) ;
#9652 = DIRECTION ( 'NONE',  ( 0.0000000000000000000, -1.000000000000000000, 0.0000000000000000000 ) ) ;
#9653 = DIRECTION ( 'NONE',  ( -0.0000000000000000000, -1.000000000000000000, 0.0000000000000000000 ) ) ;
#9654 = EDGE_LOOP ( 'NONE', ( #545, #6959 ) ) ;
#9655 = AXIS2_PLACEMENT_3D ( 'NONE', #3728, #4708, #11468 ) ;
#9656 = EDGE_CURVE ( 'NONE', #4610, #10554, #12160, .T. ) ;
#9657 = CIRCLE ( 'NONE', #2694, 4.150000000000001200 ) ;
#9658 = VECTOR ( 'NONE', #6852, 1000.000000000000000 ) ;
#9659 = VERTEX_POINT ( 'NONE', #1820 ) ;
#9660 = DIRECTION ( 'NONE',  ( 0.0000000000000000000, 0.0000000000000000000, 1.000000000000000000 ) ) ;
#9661 = EDGE_CURVE ( 'NONE', #7423, #3157, #11849, .T. ) ;
#9662 = CARTESIAN_POINT ( 'NONE',  ( 15.50000000000000400, 2.610000000000027400, 15.50000000000000500 ) ) ;
#9663 = DIRECTION ( 'NONE',  ( 0.9108500044181590000, 0.0000000000000000000, 0.4127375309460478100 ) ) ;
#9664 = CARTESIAN_POINT ( 'NONE',  ( -0.8674362310232205400, 4.110050607254169800, 30.20000000000000300 ) ) ;
#9665 = ORIENTED_EDGE ( 'NONE', *, *, #11977, .F. ) ;
#9666 = VERTEX_POINT ( 'NONE', #3740 ) ;
#9667 = ORIENTED_EDGE ( 'NONE', *, *, #1414, .T. ) ;
#9668 = ADVANCED_FACE ( 'NONE', ( #8941 ), #5686, .T. ) ;
#9669 = CARTESIAN_POINT ( 'NONE',  ( -15.02046330534039600, 2.610000000000006100, 15.21860959775619000 ) ) ;
#9670 = CARTESIAN_POINT ( 'NONE',  ( 15.49999999999999300, 1.000000000000034200, -15.49999999999999600 ) ) ;
#9671 = VECTOR ( 'NONE', #6335, 1000.000000000000000 ) ;
#9672 = VECTOR ( 'NONE', #6369, 1000.000000000000200 ) ;
#9673 = VERTEX_POINT ( 'NONE', #9532 ) ;
#9674 = AXIS2_PLACEMENT_3D ( 'NONE', #6234, #453, #7178 ) ;
#9675 = EDGE_CURVE ( 'NONE', #9777, #3734, #805, .T. ) ;
#9676 = AXIS2_PLACEMENT_3D ( 'NONE', #2647, #3611, #6461 ) ;
#9678 = VERTEX_POINT ( 'NONE', #881 ) ;
#9677 = EDGE_LOOP ( 'NONE', ( #10432, #7179, #7699, #6381 ) ) ;
#9679 = ORIENTED_EDGE ( 'NONE', *, *, #3160, .F. ) ;
#9680 = ADVANCED_FACE ( 'NONE', ( #1573 ), #6071, .F. ) ;
#9681 = PLANE ( 'NONE',  #7388 ) ;
#9682 = VERTEX_POINT ( 'NONE', #7632 ) ;
#9683 = CARTESIAN_POINT ( 'NONE',  ( -16.11915492039947800, 2.610000000000006100, 15.53745580819629300 ) ) ;
#9684 = PLANE ( 'NONE',  #5556 ) ;
#9685 = CIRCLE ( 'NONE', #2612, 0.8074684195533453600 ) ;
#9686 = CIRCLE ( 'NONE', #8920, 1.500000000000001300 ) ;
#9687 = VERTEX_POINT ( 'NONE', #1902 ) ;
#9688 = ORIENTED_EDGE ( 'NONE', *, *, #1906, .F. ) ;
#9689 = DIRECTION ( 'NONE',  ( 0.5469441386039857200, 0.0000000000000000000, -0.8371691043312240500 ) ) ;
#9690 = ORIENTED_EDGE ( 'NONE', *, *, #1166, .F. ) ;
#9691 = AXIS2_PLACEMENT_3D ( 'NONE', #11099, #10165, #12048 ) ;
#9692 = DIRECTION ( 'NONE',  ( 0.5469441386039908300, 0.0000000000000000000, -0.8371691043312209400 ) ) ;
#9693 = DIRECTION ( 'NONE',  ( 0.0000000000000000000, 0.0000000000000000000, -1.000000000000000000 ) ) ;
#9694 = VERTEX_POINT ( 'NONE', #6680 ) ;
#9695 = EDGE_CURVE ( 'NONE', #3719, #1995, #3817, .T. ) ;
#9696 = AXIS2_PLACEMENT_3D ( 'NONE', #1874, #8574, #2827 ) ;
#9697 = LINE ( 'NONE', #3868, #7692 ) ;
#9699 = CARTESIAN_POINT ( 'NONE',  ( 16.10227920081800700, 1.270265698095185400, 15.25461929357413400 ) ) ;
#9698 = VECTOR ( 'NONE', #133, 1000.000000000000100 ) ;
#9700 = DIRECTION ( 'NONE',  ( 1.000000000000000000, -0.0000000000000000000, 0.0000000000000000000 ) ) ;
#9701 = EDGE_LOOP ( 'NONE', ( #8644, #5754, #6612 ) ) ;
#9702 = CARTESIAN_POINT ( 'NONE',  ( -15.35493305815095300, 2.610000000000031400, -14.96325836533526900 ) ) ;
#9703 = EDGE_CURVE ( 'NONE', #1678, #9894, #3523, .T. ) ;
#9704 = DIRECTION ( 'NONE',  ( 0.5469441386039883800, 0.0000000000000000000, -0.8371691043312222700 ) ) ;
#9705 = ORIENTED_EDGE ( 'NONE', *, *, #2415, .F. ) ;
#9706 = DIRECTION ( 'NONE',  ( 1.000000000000000000, 0.0000000000000000000, 0.0000000000000000000 ) ) ;
#9707 = LINE ( 'NONE', #8650, #2020 ) ;
#9708 = CARTESIAN_POINT ( 'NONE',  ( -15.74538070642587500, 1.270265698095164300, 14.89772079918199500 ) ) ;
#9709 = EDGE_LOOP ( 'NONE', ( #11208, #9373, #4957, #5703 ) ) ;
#9710 = FACE_OUTER_BOUND ( 'NONE', #10112, .T. ) ;
#9711 = VECTOR ( 'NONE', #6302, 1000.000000000000000 ) ;
#9712 = AXIS2_PLACEMENT_3D ( 'NONE', #12263, #6428, #672 ) ;
#9713 = ORIENTED_EDGE ( 'NONE', *, *, #2270, .T. ) ;
#9714 = CARTESIAN_POINT ( 'NONE',  ( -16.95812298778031400, 0.6000000000000063100, 14.98933636069657300 ) ) ;
#9715 = CARTESIAN_POINT ( 'NONE',  ( -15.56505682615291700, 2.610000000000006100, 16.05218077598818400 ) ) ;
#9716 = ORIENTED_EDGE ( 'NONE', *, *, #4661, .F. ) ;
#9717 = CARTESIAN_POINT ( 'NONE',  ( 17.00409638116097000, 1.000000000000032200, 13.19778496308914300 ) ) ;
#9718 = EDGE_CURVE ( 'NONE', #4394, #11962, #8621, .T. ) ;
#9719 = LINE ( 'NONE', #11874, #4589 ) ;
#9720 = AXIS2_PLACEMENT_3D ( 'NONE', #12513, #6671, #916 ) ;
#9721 = VERTEX_POINT ( 'NONE', #5764 ) ;
#9722 = CARTESIAN_POINT ( 'NONE',  ( 0.0000000000000000000, 0.0000000000000000000, 0.0000000000000000000 ) ) ;
#9723 = LINE ( 'NONE', #12206, #4591 ) ;
#9724 = LINE ( 'NONE', #4267, #7126 ) ;
#9725 = CARTESIAN_POINT ( 'NONE',  ( -16.37157287525380400, 12.00000000000000000, 21.00000000000000400 ) ) ;
#9726 = DIRECTION ( 'NONE',  ( -0.2440452458516469700, 0.8949343913984425500, 0.3735429735244773000 ) ) ;
#9727 = EDGE_LOOP ( 'NONE', ( #256, #1033 ) ) ;
#9728 = CARTESIAN_POINT ( 'NONE',  ( -15.71441625783252500, 2.610000000000031400, -16.08204932900881100 ) ) ;
#9730 = VERTEX_POINT ( 'NONE', #1950 ) ;
#9729 = EDGE_LOOP ( 'NONE', ( #533, #8055, #7563, #6997 ) ) ;
#9731 = PLANE ( 'NONE',  #5050 ) ;
#9732 = VECTOR ( 'NONE', #1497, 999.9999999999998900 ) ;
#9733 = ORIENTED_EDGE ( 'NONE', *, *, #3060, .F. ) ;
#9734 = ADVANCED_FACE ( 'NONE', ( #1268 ), #4840, .F. ) ;
#9735 = DIRECTION ( 'NONE',  ( 0.5469441386039892700, 0.0000000000000000000, -0.8371691043312217100 ) ) ;
#9736 = DIRECTION ( 'NONE',  ( -0.0000000000000000000, -1.000000000000000000, -0.0000000000000000000 ) ) ;
#9737 = LINE ( 'NONE', #7647, #4606 ) ;
#9738 = AXIS2_PLACEMENT_3D ( 'NONE', #11153, #1532, #8236 ) ;
#9739 = EDGE_CURVE ( 'NONE', #9764, #12240, #951, .T. ) ;
#9740 = PLANE ( 'NONE',  #3654 ) ;
#9741 = DIRECTION ( 'NONE',  ( 1.000000000000000000, 0.0000000000000000000, 0.0000000000000000000 ) ) ;
#9742 = VECTOR ( 'NONE', #8964, 1000.000000000000000 ) ;
#9743 = CARTESIAN_POINT ( 'NONE',  ( -16.37157287525379300, 33.50000000000000000, 19.00000000000000700 ) ) ;
#9744 = ADVANCED_FACE ( 'NONE', ( #6374, #8327, #10926, #7865, #5776, #3221 ), #1009, .T. ) ;
#9745 = DIRECTION ( 'NONE',  ( 0.0000000000000000000, -1.000000000000000000, 0.0000000000000000000 ) ) ;
#9746 = FACE_BOUND ( 'NONE', #6314, .T. ) ;
#9747 = ORIENTED_EDGE ( 'NONE', *, *, #2609, .F. ) ;
#9748 = FACE_OUTER_BOUND ( 'NONE', #4659, .T. ) ;
#9749 = DIRECTION ( 'NONE',  ( 0.0000000000000000000, -1.000000000000000000, 0.0000000000000000000 ) ) ;
#9750 = CARTESIAN_POINT ( 'NONE',  ( -16.04980560441601200, 2.610000000000031400, -15.41723649745961700 ) ) ;
#9751 = ORIENTED_EDGE ( 'NONE', *, *, #2921, .T. ) ;
#9752 = AXIS2_PLACEMENT_3D ( 'NONE', #6413, #651, #7366 ) ;
#9753 = EDGE_CURVE ( 'NONE', #10317, #3412, #10610, .T. ) ;
#9754 = FACE_OUTER_BOUND ( 'NONE', #5758, .T. ) ;
#9755 = AXIS2_PLACEMENT_3D ( 'NONE', #4437, #1495, #1662 ) ;
#9756 = CARTESIAN_POINT ( 'NONE',  ( 15.58276350254038400, 2.610000000000027400, 16.04980560441601200 ) ) ;
#9757 = LINE ( 'NONE', #12140, #7156 ) ;
#9758 = CARTESIAN_POINT ( 'NONE',  ( 15.49999999999999300, 26.00000000000000400, -15.49999999999999600 ) ) ;
#9759 = CONICAL_SURFACE ( 'NONE', #3476, 1.250000000000011500, 0.7853981633974545000 ) ;
#9760 = DIRECTION ( 'NONE',  ( 1.000000000000000000, 0.0000000000000000000, 0.0000000000000000000 ) ) ;
#9761 = DIRECTION ( 'NONE',  ( -0.5201747870687639700, -0.3090169943749421200, 0.7961951319151877600 ) ) ;
#9762 = CARTESIAN_POINT ( 'NONE',  ( 0.8530793868032574600, 6.110050607254169800, 28.20000000000000300 ) ) ;
#9763 = CARTESIAN_POINT ( 'NONE',  ( -15.50000000000000700, 2.610000000000031400, -15.49999999999999600 ) ) ;
#9764 = VERTEX_POINT ( 'NONE', #5844 ) ;
#9765 = DIRECTION ( 'NONE',  ( -0.9108500044181590000, 0.0000000000000000000, -0.4127375309460477600 ) ) ;
#9767 = DIRECTION ( 'NONE',  ( 1.000000000000000000, 0.0000000000000000000, -1.224646799147353200E-016 ) ) ;
#9766 = AXIS2_PLACEMENT_3D ( 'NONE', #11070, #5277, #12064 ) ;
#9768 = DIRECTION ( 'NONE',  ( 0.0000000000000000000, 0.0000000000000000000, 1.000000000000000000 ) ) ;
#9769 = CYLINDRICAL_SURFACE ( 'NONE', #7163, 0.2794843821735009700 ) ;
#9770 = EDGE_CURVE ( 'NONE', #9859, #159, #343, .T. ) ;
#9771 = AXIS2_PLACEMENT_3D ( 'NONE', #12338, #6512, #737 ) ;
#9772 = VECTOR ( 'NONE', #4188, 1000.000000000000000 ) ;
#9773 = EDGE_CURVE ( 'NONE', #2956, #7264, #2915, .T. ) ;
#9774 = CARTESIAN_POINT ( 'NONE',  ( 15.49999999999999300, 2.015685424949268200, -15.49999999999999600 ) ) ;
#9775 = CARTESIAN_POINT ( 'NONE',  ( -15.50000000000000700, 1.000000000000036400, -15.49999999999999600 ) ) ;
#9776 = DIRECTION ( 'NONE',  ( -0.0000000000000000000, -1.000000000000000000, -0.0000000000000000000 ) ) ;
#9777 = VERTEX_POINT ( 'NONE', #7759 ) ;
#9778 = DIRECTION ( 'NONE',  ( -0.9108500044181590000, 0.0000000000000000000, -0.4127375309460477600 ) ) ;
#9779 = CARTESIAN_POINT ( 'NONE',  ( 0.0000000000000000000, 8.500000000000000000, 18.00000000000000700 ) ) ;
#9780 = CARTESIAN_POINT ( 'NONE',  ( 17.78578643762690300, 12.00000000000000000, -20.41421356237309200 ) ) ;
#9781 = DIRECTION ( 'NONE',  ( 0.7071067811865475700, 0.0000000000000000000, -0.7071067811865475700 ) ) ;
#9782 = FACE_OUTER_BOUND ( 'NONE', #421, .T. ) ;
#9783 = B_SPLINE_CURVE_WITH_KNOTS ( 'NONE', 3,
 ( #7250, #522, #8217, #2476 ),
 .UNSPECIFIED., .F., .F.,
 ( 4, 4 ),
 ( 0.001013853424362995800, 0.003031486302369884200 ),
 .UNSPECIFIED. ) ;
#9784 = DIRECTION ( 'NONE',  ( 0.0000000000000000000, 0.0000000000000000000, -1.000000000000000000 ) ) ;
#9785 = AXIS2_PLACEMENT_3D ( 'NONE', #10079, #447, #7175 ) ;
#9786 = EDGE_LOOP ( 'NONE', ( #3055, #5011, #10374, #1019 ) ) ;
#9787 = ORIENTED_EDGE ( 'NONE', *, *, #1237, .T. ) ;
#9788 = VERTEX_POINT ( 'NONE', #10701 ) ;
#9789 = CARTESIAN_POINT ( 'NONE',  ( 6.595992800145968900E-015, 29.59999999999999400, 2.800000000000003400 ) ) ;
#9790 = EDGE_CURVE ( 'NONE', #9673, #6289, #5175, .T. ) ;
#9791 = ORIENTED_EDGE ( 'NONE', *, *, #8527, .T. ) ;
#9792 = ADVANCED_FACE ( 'NONE', ( #7708 ), #2323, .F. ) ;
#9793 = CIRCLE ( 'NONE', #1775, 0.6965528920064402200 ) ;
#9794 = LINE ( 'NONE', #365, #4952 ) ;
#9795 = CARTESIAN_POINT ( 'NONE',  ( 17.78578643762690000, 34.00000000000000000, 20.41421356237309900 ) ) ;
#9796 = VERTEX_POINT ( 'NONE', #8796 ) ;
#9797 = CARTESIAN_POINT ( 'NONE',  ( 15.46254419180370100, 2.610000000000029200, -16.11915492039946700 ) ) ;
#9798 = DIRECTION ( 'NONE',  ( 0.0000000000000000000, -1.000000000000000000, 0.0000000000000000000 ) ) ;
#9799 = DIRECTION ( 'NONE',  ( 0.0000000000000000000, -1.000000000000000000, 0.0000000000000000000 ) ) ;
#9800 = CARTESIAN_POINT ( 'NONE',  ( -15.50000000000000700, 8.500000000000000000, -15.49999999999999600 ) ) ;
#9801 = ADVANCED_FACE ( 'NONE', ( #12308 ), #3029, .T. ) ;
#9802 = EDGE_LOOP ( 'NONE', ( #4978, #3184 ) ) ;
#9803 = CARTESIAN_POINT ( 'NONE',  ( 14.91795067099117800, 2.610000000000029200, -15.28558374216747500 ) ) ;
#9804 = VECTOR ( 'NONE', #6457, 1000.000000000000000 ) ;
#9806 = CARTESIAN_POINT ( 'NONE',  ( -6.349999999999997900, 29.59999999999999800, 3.469446951953614200E-015 ) ) ;
#9805 = FACE_OUTER_BOUND ( 'NONE', #5151, .T. ) ;
#9807 = AXIS2_PLACEMENT_3D ( 'NONE', #3643, #10397, #4620 ) ;
#9808 = ORIENTED_EDGE ( 'NONE', *, *, #84, .T. ) ;
#9809 = EDGE_CURVE ( 'NONE', #9538, #8626, #8012, .T. ) ;
#9810 = DIRECTION ( 'NONE',  ( 0.0000000000000000000, 0.0000000000000000000, 1.000000000000000000 ) ) ;
#9811 = EDGE_CURVE ( 'NONE', #1738, #3030, #7422, .T. ) ;
#9812 = ORIENTED_EDGE ( 'NONE', *, *, #9259, .T. ) ;
#9813 = CARTESIAN_POINT ( 'NONE',  ( 3.894712078817836000, 8.500000000000000000, 21.50000000000000400 ) ) ;
#9814 = DIRECTION ( 'NONE',  ( 0.0000000000000000000, -1.000000000000000000, 0.0000000000000000000 ) ) ;
#9815 = ADVANCED_FACE ( 'NONE', ( #21 ), #4581, .T. ) ;
#9816 = LINE ( 'NONE', #5791, #11792 ) ;
#9817 = LINE ( 'NONE', #8720, #3320 ) ;
#9818 = ORIENTED_EDGE ( 'NONE', *, *, #8889, .F. ) ;
#9819 = CARTESIAN_POINT ( 'NONE',  ( -15.50000000000000700, 2.610000000000006100, 15.50000000000000400 ) ) ;
#9820 = CARTESIAN_POINT ( 'NONE',  ( -14.91795067099119300, 2.610000000000031400, -15.71441625783251800 ) ) ;
#9821 = EDGE_LOOP ( 'NONE', ( #1528, #3920, #4532, #2310 ) ) ;
#9822 = VERTEX_POINT ( 'NONE', #11779 ) ;
#9823 = DIRECTION ( 'NONE',  ( -1.000000000000000000, 0.0000000000000000000, 0.0000000000000000000 ) ) ;
#9824 = AXIS2_PLACEMENT_3D ( 'NONE', #8918, #6045, #271 ) ;
#9825 = EDGE_CURVE ( 'NONE', #10485, #4940, #4875, .T. ) ;
#9826 = ORIENTED_EDGE ( 'NONE', *, *, #3599, .T. ) ;
#9827 = AXIS2_PLACEMENT_3D ( 'NONE', #261, #7948, #5113 ) ;
#9828 = MANIFOLD_SOLID_BREP ( 'nema17_shaft_34-1-solid1', #10564 ) ;
#9829 = VECTOR ( 'NONE', #91, 999.9999999999998900 ) ;
#9830 = VECTOR ( 'NONE', #3810, 1000.000000000000000 ) ;
#9831 = DIRECTION ( 'NONE',  ( 0.0000000000000000000, -1.000000000000000000, 0.0000000000000000000 ) ) ;
#9832 = DIRECTION ( 'NONE',  ( 0.0000000000000000000, 0.0000000000000000000, 1.000000000000000000 ) ) ;
#9833 = ORIENTED_EDGE ( 'NONE', *, *, #6838, .F. ) ;
#9834 = CARTESIAN_POINT ( 'NONE',  ( 15.49999999999999300, 8.500000000000000000, -14.24999999999999500 ) ) ;
#9835 = EDGE_LOOP ( 'NONE', ( #8708, #9339, #2218, #7394 ) ) ;
#9836 = DIRECTION ( 'NONE',  ( 1.000000000000000000, -0.0000000000000000000, 0.0000000000000000000 ) ) ;
#9837 = CARTESIAN_POINT ( 'NONE',  ( -15.50000000000000700, 33.69999999999998200, -15.49999999999999600 ) ) ;
#9838 = CARTESIAN_POINT ( 'NONE',  ( -15.89884208304666700, 2.424605185108649900, -15.05547663739318600 ) ) ;
#9839 = CARTESIAN_POINT ( 'NONE',  ( 6.938893903907228400E-015, 29.89999999999999500, -8.000000000000001800 ) ) ;
#9840 = ORIENTED_EDGE ( 'NONE', *, *, #2696, .F. ) ;
#9841 = EDGE_CURVE ( 'NONE', #2803, #12126, #7111, .T. ) ;
#9842 = LINE ( 'NONE', #9132, #4399 ) ;
#9843 = TOROIDAL_SURFACE ( 'NONE', #9824, 2.799999999999999800, 0.2999999999999999300 ) ;
#9844 = AXIS2_PLACEMENT_3D ( 'NONE', #9820, #11776, #5968 ) ;
#9845 = EDGE_CURVE ( 'NONE', #8277, #1791, #5490, .T. ) ;
#9846 = ORIENTED_EDGE ( 'NONE', *, *, #9530, .F. ) ;
#9847 = AXIS2_PLACEMENT_3D ( 'NONE', #1539, #8242, #2503 ) ;
#9848 = DIRECTION ( 'NONE',  ( 1.000000000000000000, 0.0000000000000000000, 0.0000000000000000000 ) ) ;
#9849 = EDGE_CURVE ( 'NONE', #12102, #3390, #11105, .T. ) ;
#9850 = ORIENTED_EDGE ( 'NONE', *, *, #46, .T. ) ;
#9851 = ORIENTED_EDGE ( 'NONE', *, *, #9919, .F. ) ;
#9852 = ORIENTED_EDGE ( 'NONE', *, *, #11999, .F. ) ;
#9853 = LINE ( 'NONE', #5265, #7262 ) ;
#9854 = LINE ( 'NONE', #9482, #7546 ) ;
#9855 = DIRECTION ( 'NONE',  ( 0.0000000000000000000, 1.000000000000000000, 0.0000000000000000000 ) ) ;
#9856 = ADVANCED_FACE ( 'NONE', ( #4271 ), #6003, .T. ) ;
#9857 = ORIENTED_EDGE ( 'NONE', *, *, #7169, .F. ) ;
#9858 = DIRECTION ( 'NONE',  ( -0.3735429735244764600, 0.8949343913984425500, -0.2440452458516482700 ) ) ;
#9859 = VERTEX_POINT ( 'NONE', #8919 ) ;
#9860 = ORIENTED_EDGE ( 'NONE', *, *, #619, .T. ) ;
#9861 = EDGE_CURVE ( 'NONE', #8734, #3569, #1721, .T. ) ;
#9862 = AXIS2_PLACEMENT_3D ( 'NONE', #6396, #631, #7346 ) ;
#9863 = DIRECTION ( 'NONE',  ( 0.7071067811865475700, 0.0000000000000000000, -0.7071067811865475700 ) ) ;
#9864 = FACE_OUTER_BOUND ( 'NONE', #12480, .T. ) ;
#9865 = DIRECTION ( 'NONE',  ( -0.0000000000000000000, 1.000000000000000000, -0.0000000000000000000 ) ) ;
#9866 = VERTEX_POINT ( 'NONE', #5091 ) ;
#9867 = CARTESIAN_POINT ( 'NONE',  ( 15.43494317384708100, 2.610000000000029200, -14.94781922401181600 ) ) ;
#9868 = EDGE_CURVE ( 'NONE', #8937, #10298, #9091, .T. ) ;
#9869 = ADVANCED_FACE ( 'NONE', ( #11682 ), #5045, .T. ) ;
#9870 = CIRCLE ( 'NONE', #1295, 1.999999999999998200 ) ;
#9871 = CARTESIAN_POINT ( 'NONE',  ( 21.00000000000000000, 12.00000000000000000, 0.0000000000000000000 ) ) ;
#9872 = LINE ( 'NONE', #7443, #7274 ) ;
#9873 = EDGE_LOOP ( 'NONE', ( #1746, #7923 ) ) ;
#9874 = CARTESIAN_POINT ( 'NONE',  ( 15.49999999999999300, 34.00000000000000000, 15.50000000000000400 ) ) ;
#9875 = DIRECTION ( 'NONE',  ( 0.0000000000000000000, 1.000000000000000000, 0.0000000000000000000 ) ) ;
#9876 = DIRECTION ( 'NONE',  ( -0.0000000000000000000, -1.000000000000000000, -0.0000000000000000000 ) ) ;
#9877 = DIRECTION ( 'NONE',  ( -0.0000000000000000000, -1.000000000000000000, -0.0000000000000000000 ) ) ;
#9878 = LINE ( 'NONE', #2743, #5035 ) ;
#9879 = ORIENTED_EDGE ( 'NONE', *, *, #10494, .T. ) ;
#9880 = CIRCLE ( 'NONE', #6702, 0.5000000000000004400 ) ;
#9881 = DIRECTION ( 'NONE',  ( -0.0000000000000000000, -0.0000000000000000000, -1.000000000000000000 ) ) ;
#9882 = DIRECTION ( 'NONE',  ( 0.0000000000000000000, 0.0000000000000000000, 1.000000000000000000 ) ) ;
#9883 = ORIENTED_EDGE ( 'NONE', *, *, #6297, .F. ) ;
#9884 = ADVANCED_FACE ( 'NONE', ( #3958 ), #3662, .F. ) ;
#9885 = DIRECTION ( 'NONE',  ( -0.0000000000000000000, -1.000000000000000000, 0.0000000000000000000 ) ) ;
#9886 = CARTESIAN_POINT ( 'NONE',  ( 15.56505682615290500, 2.610000000000029200, -16.05218077598817700 ) ) ;
#9887 = EDGE_CURVE ( 'NONE', #9888, #1975, #6218, .T. ) ;
#9888 = VERTEX_POINT ( 'NONE', #2445 ) ;
#9889 = AXIS2_PLACEMENT_3D ( 'NONE', #12330, #6505, #733 ) ;
#9890 = DIRECTION ( 'NONE',  ( -0.0000000000000000000, -1.000000000000000000, -0.0000000000000000000 ) ) ;
#9891 = DIRECTION ( 'NONE',  ( -1.000000000000000000, 0.0000000000000000000, -0.0000000000000000000 ) ) ;
#9892 = VECTOR ( 'NONE', #10563, 1000.000000000000000 ) ;
#9893 = CARTESIAN_POINT ( 'NONE',  ( -15.28558374216748700, 2.610000000000006100, 16.08204932900881800 ) ) ;
#9894 = VERTEX_POINT ( 'NONE', #9190 ) ;
#9895 = CARTESIAN_POINT ( 'NONE',  ( -15.35493305815095300, 2.610000000000031400, -14.96325836533526900 ) ) ;
#9896 = LINE ( 'NONE', #11129, #2199 ) ;
#9897 = DIRECTION ( 'NONE',  ( -0.2440452458516469700, -0.8949343913984425500, 0.3735429735244773000 ) ) ;
#9898 = CIRCLE ( 'NONE', #8254, 4.500000000000000900 ) ;
#9899 = PLANE ( 'NONE',  #7526 ) ;
#9900 = AXIS2_PLACEMENT_3D ( 'NONE', #6262, #493, #12086 ) ;
#9901 = LINE ( 'NONE', #3825, #9592 ) ;
#9902 = EDGE_LOOP ( 'NONE', ( #10758, #11322, #1952 ) ) ;
#9903 = EDGE_CURVE ( 'NONE', #6675, #4046, #11376, .T. ) ;
#9904 = DIRECTION ( 'NONE',  ( -0.0000000000000000000, -1.000000000000000000, 0.0000000000000000000 ) ) ;
#9905 = CIRCLE ( 'NONE', #7089, 0.4999999999999982200 ) ;
#9906 = ORIENTED_EDGE ( 'NONE', *, *, #7399, .F. ) ;
#9907 = EDGE_CURVE ( 'NONE', #11634, #9659, #1416, .T. ) ;
#9908 = DIRECTION ( 'NONE',  ( 0.0000000000000000000, 0.0000000000000000000, -1.000000000000000000 ) ) ;
#9909 = CARTESIAN_POINT ( 'NONE',  ( -15.20830766548011500, 0.6000000000000063100, 16.13253578028825800 ) ) ;
#9910 = CARTESIAN_POINT ( 'NONE',  ( -2.081668171172168500E-014, 8.500000000000000000, -1.734723475976807100E-014 ) ) ;
#9911 = DIRECTION ( 'NONE',  ( -1.000000000000000000, 0.0000000000000000000, 0.0000000000000000000 ) ) ;
#9912 = ORIENTED_EDGE ( 'NONE', *, *, #7034, .F. ) ;
#9913 = VERTEX_POINT ( 'NONE', #3408 ) ;
#9914 = CYLINDRICAL_SURFACE ( 'NONE', #5003, 4.000000000000000000 ) ;
#9915 = DIRECTION ( 'NONE',  ( 0.7071067811865472400, 0.7071067811865479100, 0.0000000000000000000 ) ) ;
#9916 = DIRECTION ( 'NONE',  ( -0.0000000000000000000, -1.000000000000000000, -0.0000000000000000000 ) ) ;
#9917 = CARTESIAN_POINT ( 'NONE',  ( 3.469446951953614200E-014, 35.50000000000000700, -3.649999999999968800 ) ) ;
#9918 = CYLINDRICAL_SURFACE ( 'NONE', #6364, 6.350000000000005000 ) ;
#9919 = EDGE_CURVE ( 'NONE', #6426, #3004, #8779, .T. ) ;
#9920 = ADVANCED_FACE ( 'NONE', ( #6803 ), #5345, .T. ) ;
#9921 = CARTESIAN_POINT ( 'NONE',  ( -2.081668171172168500E-014, 26.00000000000000400, -1.734723475976807100E-014 ) ) ;
#9922 = EDGE_LOOP ( 'NONE', ( #9346, #4454 ) ) ;
#9923 = DIRECTION ( 'NONE',  ( -0.9108500044181590000, 0.0000000000000000000, -0.4127375309460477600 ) ) ;
#9924 = DIRECTION ( 'NONE',  ( 0.0000000000000000000, 1.000000000000000000, 0.0000000000000000000 ) ) ;
#9925 = DIRECTION ( 'NONE',  ( -0.0000000000000000000, -1.000000000000000000, -0.0000000000000000000 ) ) ;
#9926 = VECTOR ( 'NONE', #6644, 1000.000000000000000 ) ;
#9927 = DIRECTION ( 'NONE',  ( 0.7071067811865475700, 0.0000000000000000000, 0.7071067811865475700 ) ) ;
#9928 = LINE ( 'NONE', #5414, #7326 ) ;
#9929 = EDGE_LOOP ( 'NONE', ( #8709, #5401, #3077, #10968 ) ) ;
#9930 = DIRECTION ( 'NONE',  ( 0.5469441386039886100, 0.0000000000000000000, -0.8371691043312222700 ) ) ;
#9931 = ORIENTED_EDGE ( 'NONE', *, *, #4578, .T. ) ;
#9932 = AXIS2_PLACEMENT_3D ( 'NONE', #3124, #9875, #4075 ) ;
#9933 = ORIENTED_EDGE ( 'NONE', *, *, #5505, .T. ) ;
#9934 = DIRECTION ( 'NONE',  ( 1.000000000000000000, -0.0000000000000000000, 0.0000000000000000000 ) ) ;
#9935 = DIRECTION ( 'NONE',  ( -0.0000000000000000000, -1.000000000000000000, 0.0000000000000000000 ) ) ;
#9936 = AXIS2_PLACEMENT_3D ( 'NONE', #11981, #10988, #6160 ) ;
#9937 = EDGE_LOOP ( 'NONE', ( #12452, #2566 ) ) ;
#9938 = DIRECTION ( 'NONE',  ( 0.9108500044181590000, 0.0000000000000000000, 0.4127375309460477600 ) ) ;
#9939 = EDGE_CURVE ( 'NONE', #8836, #11996, #11069, .T. ) ;
#9940 = VECTOR ( 'NONE', #8569, 1000.000000000000000 ) ;
#9941 = MANIFOLD_SOLID_BREP ( 'countersunk flat head cross recess screw_din-1-solid1', #622 ) ;
#9942 = VERTEX_POINT ( 'NONE', #1563 ) ;
#9943 = CARTESIAN_POINT ( 'NONE',  ( 15.49999999999999300, 26.00000000000000400, 15.50000000000000400 ) ) ;
#9944 = ADVANCED_FACE ( 'NONE', ( #8466 ), #10761, .F. ) ;
#9945 = EDGE_LOOP ( 'NONE', ( #9808, #4003, #2079, #10650, #12137, #3416, #5185, #5461, #7382, #5862, #205, #10221, #2927, #844, #5041, #132 ) ) ;
#9946 = DIRECTION ( 'NONE',  ( 0.8371691043312222700, 0.0000000000000000000, 0.5469441386039884900 ) ) ;
#9947 = DIRECTION ( 'NONE',  ( -0.0000000000000000000, 1.000000000000000000, -0.0000000000000000000 ) ) ;
#9948 = CARTESIAN_POINT ( 'NONE',  ( 3.469446951953614200E-014, 23.40000000000000600, 3.122502256758252800E-014 ) ) ;
#9949 = DIRECTION ( 'NONE',  ( 0.5469441386039873800, 0.0000000000000000000, -0.8371691043312230500 ) ) ;
#9950 = AXIS2_PLACEMENT_3D ( 'NONE', #5056, #242, #6966 ) ;
#9951 = CIRCLE ( 'NONE', #8029, 0.5560000000000002700 ) ;
#9952 = FACE_OUTER_BOUND ( 'NONE', #7941, .T. ) ;
#9953 = EDGE_LOOP ( 'NONE', ( #5093, #4011, #8267, #12390 ) ) ;
#9954 = DIRECTION ( 'NONE',  ( -0.0000000000000000000, -1.000000000000000000, -0.0000000000000000000 ) ) ;
#9955 = DIRECTION ( 'NONE',  ( 0.0000000000000000000, -1.000000000000000000, 0.0000000000000000000 ) ) ;
#9956 = EDGE_CURVE ( 'NONE', #994, #430, #1103, .T. ) ;
#9957 = CARTESIAN_POINT ( 'NONE',  ( 15.49999999999999300, 8.500000000000000000, -14.24999999999999500 ) ) ;
#9958 = ORIENTED_EDGE ( 'NONE', *, *, #12356, .F. ) ;
#9959 = AXIS2_PLACEMENT_3D ( 'NONE', #327, #4215, #10972 ) ;
#9960 = ORIENTED_EDGE ( 'NONE', *, *, #7695, .F. ) ;
#9961 = CARTESIAN_POINT ( 'NONE',  ( 16.08204932900881800, 2.610000000000027400, 15.28558374216748400 ) ) ;
#9962 = FACE_OUTER_BOUND ( 'NONE', #2819, .T. ) ;
#9963 = VECTOR ( 'NONE', #2999, 1000.000000000000000 ) ;
#9964 = EDGE_CURVE ( 'NONE', #5164, #3282, #3361, .T. ) ;
#9965 = PLANE ( 'NONE',  #5218 ) ;
#9966 = ORIENTED_EDGE ( 'NONE', *, *, #5804, .T. ) ;
#9967 = ORIENTED_EDGE ( 'NONE', *, *, #11368, .F. ) ;
#9968 = CARTESIAN_POINT ( 'NONE',  ( 15.49999999999999300, 2.500000000000019500, 14.25000000000000200 ) ) ;
#9969 = VERTEX_POINT ( 'NONE', #2567 ) ;
#9970 = EDGE_CURVE ( 'NONE', #1951, #3120, #3063, .T. ) ;
#9971 = DIRECTION ( 'NONE',  ( 0.5469441386039883800, 0.0000000000000000000, -0.8371691043312222700 ) ) ;
#9972 = ORIENTED_EDGE ( 'NONE', *, *, #6330, .T. ) ;
#9973 = ORIENTED_EDGE ( 'NONE', *, *, #12502, .F. ) ;
#9974 = AXIS2_PLACEMENT_3D ( 'NONE', #11841, #9885, #10846 ) ;
#9975 = EDGE_CURVE ( 'NONE', #4157, #3577, #5622, .T. ) ;
#9976 = LINE ( 'NONE', #1555, #9671 ) ;
#9977 = VECTOR ( 'NONE', #603, 1000.000000000000000 ) ;
#9978 = ORIENTED_EDGE ( 'NONE', *, *, #2949, .T. ) ;
#9979 = EDGE_CURVE ( 'NONE', #7530, #5100, #10462, .T. ) ;
#9980 = CARTESIAN_POINT ( 'NONE',  ( -15.19589905893619000, 2.610000000000031400, -15.96546602200815600 ) ) ;
#9981 = ADVANCED_FACE ( 'NONE', ( #8156 ), #7848, .T. ) ;
#9982 = DIRECTION ( 'NONE',  ( 0.0000000000000000000, 0.0000000000000000000, 1.000000000000000000 ) ) ;
#9983 = ORIENTED_EDGE ( 'NONE', *, *, #5587, .F. ) ;
#9984 = EDGE_LOOP ( 'NONE', ( #5780, #10141 ) ) ;
#9985 = ORIENTED_EDGE ( 'NONE', *, *, #10903, .F. ) ;
#9986 = FACE_OUTER_BOUND ( 'NONE', #2212, .T. ) ;
#9988 = CARTESIAN_POINT ( 'NONE',  ( 2.093673140360953900, 53.89747120467747300, 0.2252710351756187800 ) ) ;
#9987 = VECTOR ( 'NONE', #8135, 1000.000000000000000 ) ;
#9989 = DIRECTION ( 'NONE',  ( 0.0000000000000000000, 1.000000000000000000, -0.0000000000000000000 ) ) ;
#9990 = CARTESIAN_POINT ( 'NONE',  ( 3.469446951953614200E-015, 2.500000000000004000, 6.938893903907228400E-015 ) ) ;
#9991 = ORIENTED_EDGE ( 'NONE', *, *, #9071, .F. ) ;
#9992 = CARTESIAN_POINT ( 'NONE',  ( -15.50000000000000700, 2.581370849898509500, -15.49999999999999600 ) ) ;
#9993 = AXIS2_PLACEMENT_3D ( 'NONE', #6898, #12535, #8629 ) ;
#9994 = ORIENTED_EDGE ( 'NONE', *, *, #9160, .T. ) ;
#9995 = EDGE_LOOP ( 'NONE', ( #4061, #4799 ) ) ;
#9996 = PLANE ( 'NONE',  #43 ) ;
#9997 = DIRECTION ( 'NONE',  ( 0.5469441386039883800, 0.0000000000000000000, -0.8371691043312223800 ) ) ;
#9998 = PLANE ( 'NONE',  #9959 ) ;
#9999 = ORIENTED_EDGE ( 'NONE', *, *, #293, .T. ) ;
#10000 = DIRECTION ( 'NONE',  ( -0.0000000000000000000, -1.000000000000000000, 0.0000000000000000000 ) ) ;
#10001 = LINE ( 'NONE', #8659, #4567 ) ;
#10002 = CIRCLE ( 'NONE', #2946, 0.5560000000000012700 ) ;
#10003 = ORIENTED_EDGE ( 'NONE', *, *, #5290, .F. ) ;
#10004 = CARTESIAN_POINT ( 'NONE',  ( 15.80928918440701700, 2.474345677606098400, 15.02659269710754800 ) ) ;
#10005 = CARTESIAN_POINT ( 'NONE',  ( -14.42350512184887600, 26.00000000000000400, 21.14999999999999900 ) ) ;
#10006 = VERTEX_POINT ( 'NONE', #703 ) ;
#10007 = ADVANCED_FACE ( 'NONE', ( #5321 ), #789, .T. ) ;
#10008 = CARTESIAN_POINT ( 'NONE',  ( 21.00000000000000000, 12.00000000000000000, -14.64103821455294800 ) ) ;
#10009 = CARTESIAN_POINT ( 'NONE',  ( -14.98933636069658200, 0.6000000000000063100, 14.04187701221969100 ) ) ;
#10010 = CC_DESIGN_APPROVAL ( #9371, ( #7392 ) ) ;
#10011 = EDGE_CURVE ( 'NONE', #847, #1181, #2756, .T. ) ;
#10012 = LINE ( 'NONE', #6781, #9283 ) ;
#10013 = ORIENTED_EDGE ( 'NONE', *, *, #4988, .F. ) ;
#10014 = EDGE_CURVE ( 'NONE', #4980, #8096, #176, .T. ) ;
#10015 = AXIS2_PLACEMENT_3D ( 'NONE', #5178, #11957, #6140 ) ;
#10016 = DIRECTION ( 'NONE',  ( 0.0000000000000000000, 0.0000000000000000000, 1.000000000000000000 ) ) ;
#10017 = CIRCLE ( 'NONE', #6202, 0.8074684195533453600 ) ;
#10018 = VECTOR ( 'NONE', #5930, 999.9999999999998900 ) ;
#10019 = CARTESIAN_POINT ( 'NONE',  ( -16.37157287525379300, 34.00000000000000000, -19.00000000000000000 ) ) ;
#10020 = ORIENTED_EDGE ( 'NONE', *, *, #2850, .F. ) ;
#10021 = EDGE_CURVE ( 'NONE', #9615, #10736, #10156, .T. ) ;
#10022 = EDGE_LOOP ( 'NONE', ( #1564, #7966, #12261, #5359 ) ) ;
#10023 = CARTESIAN_POINT ( 'NONE',  ( 6.938893903907228400E-015, 26.00000000000000400, 21.00000000000000700 ) ) ;
#10024 = DIRECTION ( 'NONE',  ( 0.2440452458516471600, 0.8949343913984425500, -0.3735429735244771800 ) ) ;
#10025 = CARTESIAN_POINT ( 'NONE',  ( -15.50000000000000700, 2.610000000000006100, 15.50000000000000400 ) ) ;
#10026 = VECTOR ( 'NONE', #3166, 999.9999999999998900 ) ;
#10027 = CARTESIAN_POINT ( 'NONE',  ( 15.49999999999999300, 8.500000000000000000, -15.49999999999999600 ) ) ;
#10028 = VERTEX_POINT ( 'NONE', #6510 ) ;
#10029 = VECTOR ( 'NONE', #10200, 1000.000000000000000 ) ;
#10030 = FACE_OUTER_BOUND ( 'NONE', #1288, .T. ) ;
#10031 = EDGE_CURVE ( 'NONE', #10381, #454, #2462, .T. ) ;
#10032 = AXIS2_PLACEMENT_3D ( 'NONE', #3954, #10710, #4930 ) ;
#10033 = ORIENTED_EDGE ( 'NONE', *, *, #6371, .T. ) ;
#10034 = CARTESIAN_POINT ( 'NONE',  ( 6.938893903907228400E-015, 34.60000000000000900, 3.469446951953614200E-015 ) ) ;
#10035 = DIRECTION ( 'NONE',  ( 0.0000000000000000000, 1.000000000000000000, 0.0000000000000000000 ) ) ;
#10036 = VERTEX_POINT ( 'NONE', #9449 ) ;
#10037 = PLANE ( 'NONE',  #2766 ) ;
#10038 = CARTESIAN_POINT ( 'NONE',  ( -14.67958379209402300, 2.581370849898484200, 14.24424634350317100 ) ) ;
#10039 = CARTESIAN_POINT ( 'NONE',  ( 2.894712078817835500, 0.0000000000000000000, 21.50000000000000400 ) ) ;
#10040 = EDGE_CURVE ( 'NONE', #1498, #10978, #7263, .T. ) ;
#10041 = ORIENTED_EDGE ( 'NONE', *, *, #12404, .F. ) ;
#10042 = CIRCLE ( 'NONE', #6586, 0.2794843821735010800 ) ;
#10043 = VERTEX_POINT ( 'NONE', #11392 ) ;
#10044 = LINE ( 'NONE', #2924, #11710 ) ;
#10045 = ORIENTED_EDGE ( 'NONE', *, *, #11555, .F. ) ;
#10046 = CARTESIAN_POINT ( 'NONE',  ( -15.50000000000000700, 2.610000000000031400, -15.49999999999999600 ) ) ;
#10047 = DIRECTION ( 'NONE',  ( 0.0000000000000000000, -1.000000000000000000, -0.0000000000000000000 ) ) ;
#10048 = DIRECTION ( 'NONE',  ( 0.0000000000000000000, 1.000000000000000000, 0.0000000000000000000 ) ) ;
#10049 = CARTESIAN_POINT ( 'NONE',  ( 5.995915868563765700E-015, 34.29999999999999700, 7.700000000000009100 ) ) ;
#10050 = CONICAL_SURFACE ( 'NONE', #8015, 0.5559999999999997200, 0.06981317007976596500 ) ;
#10051 = ADVANCED_FACE ( 'NONE', ( #9544 ), #4418, .T. ) ;
#10052 = CARTESIAN_POINT ( 'NONE',  ( 20.50000000000000400, 0.0000000000000000000, 16.37157287525380400 ) ) ;
#10053 = FACE_OUTER_BOUND ( 'NONE', #9137, .T. ) ;
#10054 = EDGE_LOOP ( 'NONE', ( #1361, #6968 ) ) ;
#10055 = DIRECTION ( 'NONE',  ( 0.0000000000000000000, 0.0000000000000000000, 1.000000000000000000 ) ) ;
#10056 = FACE_OUTER_BOUND ( 'NONE', #4476, .T. ) ;
#10057 = EDGE_CURVE ( 'NONE', #11996, #10958, #9854, .T. ) ;
#10058 = AXIS2_PLACEMENT_3D ( 'NONE', #9119, #3343, #10095 ) ;
#10059 = EDGE_LOOP ( 'NONE', ( #6358, #1646, #5248, #300 ) ) ;
#10060 = VERTEX_POINT ( 'NONE', #1772 ) ;
#10061 = CARTESIAN_POINT ( 'NONE',  ( 4.449164391271497700E-015, 25.63749999999999900, 8.000000000000012400 ) ) ;
#10062 = TOROIDAL_SURFACE ( 'NONE', #5854, 2.299999999999999800, 0.8000000000000000400 ) ;
#10063 = TOROIDAL_SURFACE ( 'NONE', #7327, 1.500000000000000000, 0.5000000000000000000 ) ;
#10064 = CARTESIAN_POINT ( 'NONE',  ( 13.99590361883902500, 1.000000000000034200, -13.19778496308913600 ) ) ;
#10065 = DIRECTION ( 'NONE',  ( 1.000000000000000000, 0.0000000000000000000, 0.0000000000000000000 ) ) ;
#10066 = AXIS2_PLACEMENT_3D ( 'NONE', #1254, #3190, #4152 ) ;
#10067 = EDGE_LOOP ( 'NONE', ( #12265, #10360, #3380, #1309 ) ) ;
#10068 = EDGE_CURVE ( 'NONE', #1070, #2470, #6951, .T. ) ;
#10069 = DIRECTION ( 'NONE',  ( 0.0000000000000000000, 0.0000000000000000000, -1.000000000000000000 ) ) ;
#10070 = ADVANCED_FACE ( 'NONE', ( #11834 ), #8928, .F. ) ;
#10071 = VECTOR ( 'NONE', #7047, 1000.000000000000000 ) ;
#10072 = DIRECTION ( 'NONE',  ( 0.8371691043312221600, 0.0000000000000000000, 0.5469441386039886100 ) ) ;
#10073 = CARTESIAN_POINT ( 'NONE',  ( 1.202593712417245200, 39.00000000000000000, 2.191750068519335400 ) ) ;
#10074 = LINE ( 'NONE', #4054, #12363 ) ;
#10075 = ORIENTED_EDGE ( 'NONE', *, *, #162, .F. ) ;
#10076 = EDGE_LOOP ( 'NONE', ( #732, #10566, #9056, #11808 ) ) ;
#10077 = DIRECTION ( 'NONE',  ( 0.7071067811865475700, -0.0000000000000000000, -0.7071067811865475700 ) ) ;
#10078 = DIRECTION ( 'NONE',  ( 0.0000000000000000000, 0.0000000000000000000, 1.000000000000000000 ) ) ;
#10079 = CARTESIAN_POINT ( 'NONE',  ( 0.0000000000000000000, 8.500000000000000000, -20.99999999999999600 ) ) ;
#10080 = EDGE_CURVE ( 'NONE', #9584, #9068, #11519, .T. ) ;
#10081 = CARTESIAN_POINT ( 'NONE',  ( -4.000000000000001800, 1.499999999999999600, 18.00000000000000700 ) ) ;
#10082 = AXIS2_PLACEMENT_3D ( 'NONE', #7548, #1818, #8521 ) ;
#10083 = CIRCLE ( 'NONE', #5155, 0.5560000000000002700 ) ;
#10084 = APPROVAL_DATE_TIME ( #97, #9371 ) ;
#10085 = CARTESIAN_POINT ( 'NONE',  ( 20.41421356237309900, 0.5000000000000004400, 17.78578643762689600 ) ) ;
#10086 = VERTEX_POINT ( 'NONE', #7535 ) ;
#10087 = DIRECTION ( 'NONE',  ( -0.0000000000000000000, -0.0000000000000000000, -1.000000000000000000 ) ) ;
#10088 = ORIENTED_EDGE ( 'NONE', *, *, #11314, .T. ) ;
#10089 = ORIENTED_EDGE ( 'NONE', *, *, #6259, .T. ) ;
#10090 = DIRECTION ( 'NONE',  ( 0.0000000000000000000, 0.0000000000000000000, 1.000000000000000000 ) ) ;
#10091 = ORIENTED_EDGE ( 'NONE', *, *, #11974, .F. ) ;
#10092 = PLANE ( 'NONE',  #3153 ) ;
#10093 = CIRCLE ( 'NONE', #11725, 1.500000000000000000 ) ;
#10095 = DIRECTION ( 'NONE',  ( 0.5469441386039892700, 0.0000000000000000000, -0.8371691043312217100 ) ) ;
#10094 = LINE ( 'NONE', #9001, #425 ) ;
#10096 = VERTEX_POINT ( 'NONE', #827 ) ;
#10097 = DIRECTION ( 'NONE',  ( 0.0000000000000000000, 0.0000000000000000000, -1.000000000000000000 ) ) ;
#10098 = AXIS2_PLACEMENT_3D ( 'NONE', #9921, #4131, #10887 ) ;
#10099 = ORIENTED_EDGE ( 'NONE', *, *, #6642, .F. ) ;
#10100 = CARTESIAN_POINT ( 'NONE',  ( -15.51722593638710800, 1.270265698095189200, -16.15011936899281900 ) ) ;
#10101 = ADVANCED_FACE ( 'NONE', ( #6649, #1860 ), #9517, .T. ) ;
#10102 = EDGE_CURVE ( 'NONE', #11950, #11746, #3803, .T. ) ;
#10103 = ORIENTED_EDGE ( 'NONE', *, *, #2080, .T. ) ;
#10104 = DIRECTION ( 'NONE',  ( -1.000000000000000000, 0.0000000000000000000, 0.0000000000000000000 ) ) ;
#10105 = VECTOR ( 'NONE', #8259, 1000.000000000000200 ) ;
#10106 = CIRCLE ( 'NONE', #9674, 0.5000000000000004400 ) ;
#10107 = ORIENTED_EDGE ( 'NONE', *, *, #3714, .F. ) ;
#10108 = CARTESIAN_POINT ( 'NONE',  ( -16.11915492039947800, 2.610000000000006100, 15.53745580819629300 ) ) ;
#10109 = DIRECTION ( 'NONE',  ( 0.0000000000000000000, 1.000000000000000000, 0.0000000000000000000 ) ) ;
#10110 = DIRECTION ( 'NONE',  ( 0.7071067811865475700, 0.0000000000000000000, 0.7071067811865475700 ) ) ;
#10111 = DIRECTION ( 'NONE',  ( -0.0000000000000000000, -1.000000000000000000, 0.0000000000000000000 ) ) ;
#10112 = EDGE_LOOP ( 'NONE', ( #4963, #10984, #9589, #4060 ) ) ;
#10113 = AXIS2_PLACEMENT_3D ( 'NONE', #7712, #1985, #8696 ) ;
#10114 = EDGE_LOOP ( 'NONE', ( #6248, #1836, #3477, #11114, #3302, #6331, #10995, #1180 ) ) ;
#10115 = CIRCLE ( 'NONE', #5752, 0.5560000000000012700 ) ;
#10116 = CIRCLE ( 'NONE', #10157, 1.550000000000016700 ) ;
#10117 = DIRECTION ( 'NONE',  ( 0.8371691043312241600, -5.359117379318552800E-017, 0.5469441386039858300 ) ) ;
#10118 = CARTESIAN_POINT ( 'NONE',  ( 20.99999999999999600, 26.00000000000000400, -14.64103821455301500 ) ) ;
#10119 = EDGE_LOOP ( 'NONE', ( #1437, #3928, #3191, #540, #9323, #5591, #3762, #1935 ) ) ;
#10120 = EDGE_CURVE ( 'NONE', #7114, #11187, #1560, .T. ) ;
#10121 = AXIS2_PLACEMENT_3D ( 'NONE', #8959, #5084, #6041 ) ;
#10122 = ORIENTED_EDGE ( 'NONE', *, *, #3489, .T. ) ;
#10123 = CARTESIAN_POINT ( 'NONE',  ( 3.469446951953614200E-015, 2.800000000000002000, 6.938893903907228400E-015 ) ) ;
#10124 = CARTESIAN_POINT ( 'NONE',  ( -14.89767972042401200, 1.940406951505566000, -15.54845431265168000 ) ) ;
#10125 = CARTESIAN_POINT ( 'NONE',  ( 15.49999999999999300, 2.610000000000029200, -15.49999999999999600 ) ) ;
#10126 = ORIENTED_EDGE ( 'NONE', *, *, #4988, .T. ) ;
#10127 = ADVANCED_FACE ( 'NONE', ( #6361 ), #3512, .T. ) ;
#10128 = DIRECTION ( 'NONE',  ( -0.0000000000000000000, -1.000000000000000000, -0.0000000000000000000 ) ) ;
#10129 = FACE_OUTER_BOUND ( 'NONE', #8489, .T. ) ;
#10130 = CYLINDRICAL_SURFACE ( 'NONE', #6093, 1.250000000000011500 ) ;
#10131 = EDGE_LOOP ( 'NONE', ( #11107, #11651, #5245, #2391 ) ) ;
#10132 = DIRECTION ( 'NONE',  ( 1.000000000000000000, 0.0000000000000000000, 0.0000000000000000000 ) ) ;
#10133 = DIRECTION ( 'NONE',  ( 0.0000000000000000000, 0.0000000000000000000, -1.000000000000000000 ) ) ;
#10134 = EDGE_LOOP ( 'NONE', ( #11894, #12067 ) ) ;
#10135 = ORIENTED_EDGE ( 'NONE', *, *, #5528, .F. ) ;
#10136 = CARTESIAN_POINT ( 'NONE',  ( -15.50000000000000700, 2.610000000000006100, 15.50000000000000400 ) ) ;
#10137 = AXIS2_PLACEMENT_3D ( 'NONE', #2905, #9653, #3872 ) ;
#10138 = EDGE_CURVE ( 'NONE', #7259, #11150, #6058, .T. ) ;
#10139 = ORIENTED_EDGE ( 'NONE', *, *, #4625, .F. ) ;
#10140 = DIRECTION ( 'NONE',  ( 0.0000000000000000000, 1.000000000000000000, -0.0000000000000000000 ) ) ;
#10141 = ORIENTED_EDGE ( 'NONE', *, *, #7988, .F. ) ;
#10142 = VECTOR ( 'NONE', #364, 999.9999999999998900 ) ;
#10143 = FACE_OUTER_BOUND ( 'NONE', #2828, .T. ) ;
#10144 = DIRECTION ( 'NONE',  ( 0.0000000000000000000, -1.000000000000000000, 0.0000000000000000000 ) ) ;
#10145 = ORIENTED_EDGE ( 'NONE', *, *, #12484, .T. ) ;
#10146 = CARTESIAN_POINT ( 'NONE',  ( 6.938893903907228400E-015, 34.00000000000000000, -20.50000000000000000 ) ) ;
#10147 = VERTEX_POINT ( 'NONE', #906 ) ;
#10148 = ORIENTED_EDGE ( 'NONE', *, *, #7494, .T. ) ;
#10149 = CARTESIAN_POINT ( 'NONE',  ( 6.938893903907228400E-015, 11.46249999999999700, 3.469446951953614200E-015 ) ) ;
#10150 = DIRECTION ( 'NONE',  ( 0.0000000000000000000, 0.0000000000000000000, 1.000000000000000000 ) ) ;
#10151 = DIRECTION ( 'NONE',  ( -0.0000000000000000000, -1.000000000000000000, -0.0000000000000000000 ) ) ;
#10152 = CARTESIAN_POINT ( 'NONE',  ( 15.49999999999999300, 26.00000000000000400, 15.50000000000000400 ) ) ;
#10153 = VERTEX_POINT ( 'NONE', #5709 ) ;
#10154 = CARTESIAN_POINT ( 'NONE',  ( -1.426404995370222500, 4.110050607254169800, 30.20000000000000300 ) ) ;
#10155 = FACE_BOUND ( 'NONE', #10787, .T. ) ;
#10156 = LINE ( 'NONE', #3616, #12449 ) ;
#10157 = AXIS2_PLACEMENT_3D ( 'NONE', #70, #6809, #1062 ) ;
#10158 = EDGE_CURVE ( 'NONE', #4251, #4691, #933, .T. ) ;
#10159 = VERTEX_POINT ( 'NONE', #11511 ) ;
#10160 = AXIS2_PLACEMENT_3D ( 'NONE', #12238, #6740, #5782 ) ;
#10162 = ORIENTED_EDGE ( 'NONE', *, *, #1779, .F. ) ;
#10161 = CARTESIAN_POINT ( 'NONE',  ( 15.50000000000000400, 2.610000000000027400, 15.50000000000000500 ) ) ;
#10163 = CARTESIAN_POINT ( 'NONE',  ( 15.49999999999999300, 33.70000000000000300, 16.75000000000001400 ) ) ;
#10164 = EDGE_LOOP ( 'NONE', ( #4474, #11872, #5256 ) ) ;
#10165 = DIRECTION ( 'NONE',  ( -0.0000000000000000000, -1.000000000000000000, -0.0000000000000000000 ) ) ;
#10166 = CARTESIAN_POINT ( 'NONE',  ( 3.469446951953614200E-015, 8.500000000000000000, 6.938893903907228400E-015 ) ) ;
#10167 = DIRECTION ( 'NONE',  ( 0.5469441386039873800, 0.0000000000000000000, -0.8371691043312230500 ) ) ;
#10168 = CARTESIAN_POINT ( 'NONE',  ( 3.469446951953614200E-015, 25.63749999999999900, 6.938893903907228400E-015 ) ) ;
#10169 = CONICAL_SURFACE ( 'NONE', #5873, 3.750000000000000000, 0.7853981633974447300 ) ;
#10170 = ORIENTED_EDGE ( 'NONE', *, *, #8207, .F. ) ;
#10171 = ADVANCED_FACE ( 'NONE', ( #10909 ), #5760, .T. ) ;
#10172 = VECTOR ( 'NONE', #516, 1000.000000000000100 ) ;
#10173 = LINE ( 'NONE', #12270, #7561 ) ;
#10174 = DIRECTION ( 'NONE',  ( -0.0000000000000000000, -1.000000000000000000, -0.0000000000000000000 ) ) ;
#10175 = B_SPLINE_CURVE_WITH_KNOTS ( 'NONE', 3,
 ( #12028, #8121, #10100, #4324 ),
 .UNSPECIFIED., .F., .F.,
 ( 4, 4 ),
 ( 0.001380840031689471100, 0.003398373201679219000 ),
 .UNSPECIFIED. ) ;
#10176 = VERTEX_POINT ( 'NONE', #3819 ) ;
#10177 = CARTESIAN_POINT ( 'NONE',  ( 20.99999999999999600, 26.00000000000000400, 3.469446951953614200E-015 ) ) ;
#10178 = AXIS2_PLACEMENT_3D ( 'NONE', #7478, #12357, #1749 ) ;
#10179 = ORIENTED_EDGE ( 'NONE', *, *, #10415, .T. ) ;
#10180 = EDGE_CURVE ( 'NONE', #6181, #8088, #3210, .T. ) ;
#10181 = AXIS2_PLACEMENT_3D ( 'NONE', #5959, #360, #7080 ) ;
#10182 = CARTESIAN_POINT ( 'NONE',  ( 15.49999999999999300, 2.581370849898507300, -15.49999999999999600 ) ) ;
#10183 = CIRCLE ( 'NONE', #2494, 0.5559999999999988300 ) ;
#10184 = CARTESIAN_POINT ( 'NONE',  ( 3.469446951953614200E-015, 25.63749999999999900, 6.938893903907228400E-015 ) ) ;
#10185 = ORIENTED_EDGE ( 'NONE', *, *, #8240, .F. ) ;
#10186 = EDGE_CURVE ( 'NONE', #3492, #504, #11218, .T. ) ;
#10187 = DIRECTION ( 'NONE',  ( -0.0000000000000000000, 1.000000000000000000, -0.0000000000000000000 ) ) ;
#10188 = FACE_OUTER_BOUND ( 'NONE', #1628, .T. ) ;
#10189 = VERTEX_POINT ( 'NONE', #11556 ) ;
#10190 = ORIENTED_EDGE ( 'NONE', *, *, #6166, .F. ) ;
#10191 = CARTESIAN_POINT ( 'NONE',  ( 6.938893903907228400E-015, 29.59999999999999800, -4.149999999999997700 ) ) ;
#10192 = PLANE ( 'NONE',  #4275 ) ;
#10193 = LINE ( 'NONE', #12499, #7576 ) ;
#10194 = ORIENTED_EDGE ( 'NONE', *, *, #8943, .F. ) ;
#10195 = AXIS2_PLACEMENT_3D ( 'NONE', #7663, #1936, #8653 ) ;
#10196 = CARTESIAN_POINT ( 'NONE',  ( -15.50000000000000700, 8.500000000000000000, -16.75000000000000700 ) ) ;
#10197 = ADVANCED_FACE ( 'NONE', ( #7998 ), #8608, .T. ) ;
#10198 = VECTOR ( 'NONE', #4362, 1000.000000000000000 ) ;
#10199 = CARTESIAN_POINT ( 'NONE',  ( -16.63016877650854000, 0.6000000000000319500, -14.44661567478663500 ) ) ;
#10200 = DIRECTION ( 'NONE',  ( -0.0000000000000000000, -1.000000000000000000, -0.0000000000000000000 ) ) ;
#10201 = EDGE_CURVE ( 'NONE', #1673, #10086, #642, .T. ) ;
#10202 = DIRECTION ( 'NONE',  ( 0.0000000000000000000, -1.000000000000000000, 0.0000000000000000000 ) ) ;
#10203 = DIRECTION ( 'NONE',  ( 0.0000000000000000000, 1.000000000000000000, -0.0000000000000000000 ) ) ;
#10204 = DIRECTION ( 'NONE',  ( 0.0000000000000000000, 0.0000000000000000000, -1.000000000000000000 ) ) ;
#10205 = CARTESIAN_POINT ( 'NONE',  ( -15.46254419180371500, 2.610000000000006100, 16.11915492039947400 ) ) ;
#10206 = EDGE_CURVE ( 'NONE', #2237, #8238, #2901, .T. ) ;
#10207 = FACE_BOUND ( 'NONE', #10904, .T. ) ;
#10208 = VECTOR ( 'NONE', #4792, 1000.000000000000100 ) ;
#10209 = VERTEX_POINT ( 'NONE', #5797 ) ;
#10210 = CIRCLE ( 'NONE', #4533, 1.650000000000000400 ) ;
#10211 = DIRECTION ( 'NONE',  ( 0.5469441386039871600, 0.0000000000000000000, -0.8371691043312232700 ) ) ;
#10212 = CARTESIAN_POINT ( 'NONE',  ( 13.99590361883902500, 1.000000000000034200, -13.19778496308913600 ) ) ;
#10213 = CARTESIAN_POINT ( 'NONE',  ( 17.00409638116095900, 1.000000000000034200, -17.80221503691085900 ) ) ;
#10214 = CARTESIAN_POINT ( 'NONE',  ( 6.938893903907228400E-015, 34.29999999999999700, -7.700000000000002000 ) ) ;
#10215 = ORIENTED_EDGE ( 'NONE', *, *, #7334, .F. ) ;
#10216 = DIRECTION ( 'NONE',  ( 0.0000000000000000000, 1.000000000000000000, -0.0000000000000000000 ) ) ;
#10217 = CARTESIAN_POINT ( 'NONE',  ( 16.63016877650853700, 0.6000000000000276200, 14.44661567478664200 ) ) ;
#10218 = AXIS2_PLACEMENT_3D ( 'NONE', #9722, #5859, #71 ) ;
#10219 = CARTESIAN_POINT ( 'NONE',  ( 3.812348055714872900E-015, 7.200000000000002800, 2.800000000000006900 ) ) ;
#10220 = EDGE_CURVE ( 'NONE', #1270, #1070, #7693, .T. ) ;
#10221 = ORIENTED_EDGE ( 'NONE', *, *, #5770, .T. ) ;
#10222 = FACE_OUTER_BOUND ( 'NONE', #11755, .T. ) ;
#10223 = DIRECTION ( 'NONE',  ( -0.0000000000000000000, -1.000000000000000000, -0.0000000000000000000 ) ) ;
#10224 = EDGE_CURVE ( 'NONE', #3623, #9507, #10305, .T. ) ;
#10225 = CONICAL_SURFACE ( 'NONE', #3787, 3077.683537175311800, 1.256637061435922800 ) ;
#10226 = DIRECTION ( 'NONE',  ( -0.0000000000000000000, -1.000000000000000000, 0.0000000000000000000 ) ) ;
#10227 = CARTESIAN_POINT ( 'NONE',  ( -16.55338432521336500, 0.6000000000000319500, -16.63016877650853300 ) ) ;
#10228 = CARTESIAN_POINT ( 'NONE',  ( 6.938893903907228400E-015, 30.87016261237511100, 3.469446951953614200E-015 ) ) ;
#10229 = VERTEX_POINT ( 'NONE', #6779 ) ;
#10230 = VECTOR ( 'NONE', #7558, 1000.000000000000000 ) ;
#10231 = CARTESIAN_POINT ( 'NONE',  ( 16.01066363930342700, 0.6000000000000276200, 14.04187701221969300 ) ) ;
#10232 = ADVANCED_FACE ( 'NONE', ( #6 ), #7406, .T. ) ;
#10233 = FACE_OUTER_BOUND ( 'NONE', #8022, .T. ) ;
#10234 = EDGE_CURVE ( 'NONE', #7955, #6466, #10002, .T. ) ;
#10235 = ORIENTED_EDGE ( 'NONE', *, *, #10138, .F. ) ;
#10236 = AXIS2_PLACEMENT_3D ( 'NONE', #824, #7196, #2637 ) ;
#10237 = DIRECTION ( 'NONE',  ( 1.000000000000000000, 0.0000000000000000000, 0.0000000000000000000 ) ) ;
#10238 = CARTESIAN_POINT ( 'NONE',  ( 15.49999999999999300, 2.610000000000029200, -15.49999999999999600 ) ) ;
#10239 = ORIENTED_EDGE ( 'NONE', *, *, #11936, .T. ) ;
#10240 = DIRECTION ( 'NONE',  ( 1.000000000000000000, -0.0000000000000000000, 0.0000000000000000000 ) ) ;
#10241 = DIRECTION ( 'NONE',  ( -0.5469441386039857200, 0.0000000000000000000, 0.8371691043312240500 ) ) ;
#10242 =( LENGTH_UNIT ( ) NAMED_UNIT ( * ) SI_UNIT ( .MILLI., .METRE. ) );
#10243 = DIRECTION ( 'NONE',  ( 0.5469441386039889400, 0.0000000000000000000, -0.8371691043312219400 ) ) ;
#10244 = EDGE_LOOP ( 'NONE', ( #11640, #9006, #8663, #2880 ) ) ;
#10245 = FACE_OUTER_BOUND ( 'NONE', #10276, .T. ) ;
#10246 = EDGE_LOOP ( 'NONE', ( #11441, #2948, #451, #7777, #8923, #4385 ) ) ;
#10247 = CARTESIAN_POINT ( 'NONE',  ( 16.37157287525380800, 0.0000000000000000000, 19.00000000000000400 ) ) ;
#10248 = CARTESIAN_POINT ( 'NONE',  ( 3.469446951953614200E-015, 12.00000000000000000, 6.938893903907228400E-015 ) ) ;
#10249 = ORIENTED_EDGE ( 'NONE', *, *, #3525, .T. ) ;
#10250 = DIRECTION ( 'NONE',  ( 0.0000000000000000000, 0.0000000000000000000, -1.000000000000000000 ) ) ;
#10251 = CARTESIAN_POINT ( 'NONE',  ( -15.50000000000000700, 2.610000000000006100, 15.50000000000000400 ) ) ;
#10252 = AXIS2_PLACEMENT_3D ( 'NONE', #770, #7492, #1763 ) ;
#10253 = DIRECTION ( 'NONE',  ( 0.0000000000000000000, 0.0000000000000000000, 1.000000000000000000 ) ) ;
#10254 = ORIENTED_EDGE ( 'NONE', *, *, #297, .T. ) ;
#10255 = EDGE_CURVE ( 'NONE', #6580, #10592, #2611, .T. ) ;
#10256 = EDGE_CURVE ( 'NONE', #11607, #925, #5474, .T. ) ;
#10257 = DIRECTION ( 'NONE',  ( -0.3735429735244768500, 0.8949343913984423300, -0.2440452458516482500 ) ) ;
#10258 = EDGE_CURVE ( 'NONE', #11150, #156, #4857, .T. ) ;
#10259 = ADVANCED_FACE ( 'NONE', ( #4568 ), #11984, .T. ) ;
#10260 = CONICAL_SURFACE ( 'NONE', #4816, 1.250000000000011500, 0.7853981633974545000 ) ;
#10261 = FACE_OUTER_BOUND ( 'NONE', #6121, .T. ) ;
#10262 = DIRECTION ( 'NONE',  ( 0.0000000000000000000, 0.0000000000000000000, 1.000000000000000000 ) ) ;
#10263 = ORIENTED_EDGE ( 'NONE', *, *, #6166, .T. ) ;
#10264 = ORIENTED_EDGE ( 'NONE', *, *, #8933, .F. ) ;
#10265 = CARTESIAN_POINT ( 'NONE',  ( -15.50000000000000700, 2.610000000000031400, -15.49999999999999600 ) ) ;
#10266 = CARTESIAN_POINT ( 'NONE',  ( 3.469446951953614200E-014, 23.40000000000000600, 3.122502256758252800E-014 ) ) ;
#10267 = VERTEX_POINT ( 'NONE', #3066 ) ;
#10268 = AXIS2_PLACEMENT_3D ( 'NONE', #11320, #5539, #12317 ) ;
#10269 = VECTOR ( 'NONE', #5199, 1000.000000000000000 ) ;
#10270 = LINE ( 'NONE', #10009, #7651 ) ;
#10271 = ORIENTED_EDGE ( 'NONE', *, *, #6984, .F. ) ;
#10272 = CARTESIAN_POINT ( 'NONE',  ( 6.295954334354868100E-015, 32.09999999999999400, -5.249999999999996400 ) ) ;
#10273 = EDGE_CURVE ( 'NONE', #8268, #5100, #2011, .T. ) ;
#10274 = DIRECTION ( 'NONE',  ( 0.0000000000000000000, 1.000000000000000000, -0.0000000000000000000 ) ) ;
#10275 = VERTEX_POINT ( 'NONE', #8824 ) ;
#10276 = EDGE_LOOP ( 'NONE', ( #8798, #2687, #11888, #12009 ) ) ;
#10277 = VERTEX_POINT ( 'NONE', #7833 ) ;
#10278 = DIRECTION ( 'NONE',  ( 0.5469441386039882700, 0.0000000000000000000, -0.8371691043312226000 ) ) ;
#10279 = CARTESIAN_POINT ( 'NONE',  ( 2.027165091052717500, 2.628844685195824000, 18.20000000000000300 ) ) ;
#10280 = CYLINDRICAL_SURFACE ( 'NONE', #4050, 15.49999999999997900 ) ;
#10282 = CARTESIAN_POINT ( 'NONE',  ( -18.74644660940671800, 34.00000000000000000, -18.74644660940671800 ) ) ;
#10281 = CIRCLE ( 'NONE', #8424, 1.650000000000000400 ) ;
#10283 = MECHANICAL_CONTEXT ( 'NONE', #4496, 'mechanical' ) ;
#10284 = DIRECTION ( 'NONE',  ( 0.0000000000000000000, 0.0000000000000000000, 1.000000000000000000 ) ) ;
#10285 = ORIENTED_EDGE ( 'NONE', *, *, #2794, .F. ) ;
#10286 = ORIENTED_EDGE ( 'NONE', *, *, #4322, .F. ) ;
#10287 = EDGE_LOOP ( 'NONE', ( #8067, #6238 ) ) ;
#10288 = EDGE_LOOP ( 'NONE', ( #1566, #7834, #4287, #7618 ) ) ;
#10289 = VERTEX_POINT ( 'NONE', #5919 ) ;
#10290 = EDGE_LOOP ( 'NONE', ( #5922, #2099, #4082, #5742 ) ) ;
#10291 = CARTESIAN_POINT ( 'NONE',  ( 16.37157287525380800, 34.00000000000000000, 19.00000000000000700 ) ) ;
#10292 = CARTESIAN_POINT ( 'NONE',  ( -16.04980560441601200, 2.610000000000031400, -15.41723649745961700 ) ) ;
#10293 = EDGE_CURVE ( 'NONE', #2899, #10856, #12296, .T. ) ;
#10294 = LINE ( 'NONE', #2367, #3198 ) ;
#10295 = CYLINDRICAL_SURFACE ( 'NONE', #1176, 4.000000000000000000 ) ;
#10296 = AXIS2_PLACEMENT_3D ( 'NONE', #7744, #2016, #2967 ) ;
#10297 = ADVANCED_FACE ( 'NONE', ( #7100 ), #6910, .T. ) ;
#10298 = VERTEX_POINT ( 'NONE', #9813 ) ;
#10299 = DIRECTION ( 'NONE',  ( 0.0000000000000000000, 1.000000000000000000, -0.0000000000000000000 ) ) ;
#10300 = ORIENTED_EDGE ( 'NONE', *, *, #7244, .T. ) ;
#10301 = ORIENTED_EDGE ( 'NONE', *, *, #9845, .T. ) ;
#10302 = DIRECTION ( 'NONE',  ( -0.0000000000000000000, -1.000000000000000000, 0.0000000000000000000 ) ) ;
#10303 = DIRECTION ( 'NONE',  ( -0.0000000000000000000, 0.0000000000000000000, 1.000000000000000000 ) ) ;
#10304 = VECTOR ( 'NONE', #9486, 1000.000000000000000 ) ;
#10305 = CIRCLE ( 'NONE', #1668, 0.5560000000000012700 ) ;
#10306 = PLANE ( 'NONE',  #7541 ) ;
#10307 = DIRECTION ( 'NONE',  ( -0.5469441386039887200, 0.0000000000000000000, 0.8371691043312221600 ) ) ;
#10308 = ORIENTED_EDGE ( 'NONE', *, *, #3567, .F. ) ;
#10309 = CARTESIAN_POINT ( 'NONE',  ( 15.50000000000000400, 2.610000000000027400, 15.50000000000000500 ) ) ;
#10310 = AXIS2_PLACEMENT_3D ( 'NONE', #10569, #9606, #4785 ) ;
#10311 = EDGE_CURVE ( 'NONE', #919, #6067, #329, .T. ) ;
#10312 = ORIENTED_EDGE ( 'NONE', *, *, #1615, .F. ) ;
#10313 = CLOSED_SHELL ( 'NONE', ( #11277, #11460, #8070, #6063, #9290, #7785, #4796, #34, #5853, #6678, #8622, #1784, #6979, #1342, #8950, #674, #3087, #11186, #10768, #3785, #10480, #5733, #5247, #11964, #3666, #8421, #5044, #3239, #10862, #1659, #2574, #95, #9884, #9792, #3480, #4401, #7673, #3990, #4849, #5316, #2386 ) ) ;
#10314 = EDGE_CURVE ( 'NONE', #6060, #7259, #1709, .T. ) ;
#10315 = FACE_OUTER_BOUND ( 'NONE', #6823, .T. ) ;
#10316 = CARTESIAN_POINT ( 'NONE',  ( 20.99999999999999600, 26.00000000000000400, 14.64103821455307400 ) ) ;
#10317 = VERTEX_POINT ( 'NONE', #5991 ) ;
#10318 = DIRECTION ( 'NONE',  ( 0.0000000000000000000, 0.0000000000000000000, -1.000000000000000000 ) ) ;
#10319 = CYLINDRICAL_SURFACE ( 'NONE', #1706, 0.4999999999999982200 ) ;
#10320 = VECTOR ( 'NONE', #6749, 1000.000000000000100 ) ;
#10321 = EDGE_LOOP ( 'NONE', ( #748, #11391, #1913, #7429 ) ) ;
#10322 = ADVANCED_FACE ( 'NONE', ( #9401 ), #6508, .T. ) ;
#10323 = DIRECTION ( 'NONE',  ( 0.8371691043312221600, 0.0000000000000000000, 0.5469441386039887200 ) ) ;
#10325 = EDGE_LOOP ( 'NONE', ( #4269, #4810 ) ) ;
#10324 = VERTEX_POINT ( 'NONE', #7912 ) ;
#10326 = EDGE_LOOP ( 'NONE', ( #9690, #3022, #10300, #4839 ) ) ;
#10327 = EDGE_LOOP ( 'NONE', ( #10404, #269 ) ) ;
#10328 = CARTESIAN_POINT ( 'NONE',  ( -15.50000000000000700, 34.00000000000000000, 15.50000000000000400 ) ) ;
#10329 = PERSON_AND_ORGANIZATION_ROLE ( 'design_supplier' ) ;
#10330 = DIRECTION ( 'NONE',  ( 0.0000000000000000000, 1.000000000000000000, 0.0000000000000000000 ) ) ;
#10331 = CARTESIAN_POINT ( 'NONE',  ( 15.48696935691684500, 0.6000000000000297300, -14.80356900291315400 ) ) ;
#10332 = AXIS2_PLACEMENT_3D ( 'NONE', #3257, #3290, #6189 ) ;
#10333 = EDGE_CURVE ( 'NONE', #6466, #11645, #3944, .T. ) ;
#10334 = FACE_OUTER_BOUND ( 'NONE', #5629, .T. ) ;
#10335 = EDGE_LOOP ( 'NONE', ( #10364, #8453, #8392, #4347 ) ) ;
#10336 = EDGE_CURVE ( 'NONE', #6241, #4685, #1404, .T. ) ;
#10337 = LINE ( 'NONE', #12118, #2634 ) ;
#10338 = FACE_OUTER_BOUND ( 'NONE', #2172, .T. ) ;
#10339 = B_SPLINE_CURVE_WITH_KNOTS ( 'NONE', 3,
 ( #3910, #9699, #11646, #5839 ),
 .UNSPECIFIED., .F., .F.,
 ( 4, 4 ),
 ( 0.001013853424362995800, 0.003031486302369884200 ),
 .UNSPECIFIED. ) ;
#10340 = ORIENTED_EDGE ( 'NONE', *, *, #3003, .F. ) ;
#10341 = DIRECTION ( 'NONE',  ( -0.0000000000000000000, 1.000000000000000000, -0.0000000000000000000 ) ) ;
#10342 = CARTESIAN_POINT ( 'NONE',  ( 3.469446951953614200E-015, 5.000000000000002700, 5.250000000000007100 ) ) ;
#10343 = CYLINDRICAL_SURFACE ( 'NONE', #1447, 2.750000000000000400 ) ;
#10344 = CARTESIAN_POINT ( 'NONE',  ( -14.04187701221969700, 0.6000000000000063100, 16.01066363930343400 ) ) ;
#10345 = ORIENTED_EDGE ( 'NONE', *, *, #1910, .T. ) ;
#10346 = VERTEX_POINT ( 'NONE', #6035 ) ;
#10347 = CARTESIAN_POINT ( 'NONE',  ( 3.999999999999998200, 1.500000000000000400, 18.00000000000000700 ) ) ;
#10348 = LINE ( 'NONE', #5662, #6098 ) ;
#10349 = AXIS2_PLACEMENT_3D ( 'NONE', #9235, #3448, #10211 ) ;
#10350 = AXIS2_PLACEMENT_3D ( 'NONE', #12398, #3680, #6573 ) ;
#10351 = ORIENTED_EDGE ( 'NONE', *, *, #3764, .T. ) ;
#10352 = PLANE ( 'NONE',  #3136 ) ;
#10353 = CARTESIAN_POINT ( 'NONE',  ( -14.64103821455298000, 8.500000000000000000, -20.99999999999999600 ) ) ;
#10354 = VECTOR ( 'NONE', #9558, 1000.000000000000000 ) ;
#10355 = EDGE_CURVE ( 'NONE', #757, #7853, #11670, .T. ) ;
#10356 = VECTOR ( 'NONE', #9134, 1000.000000000000000 ) ;
#10357 = ORIENTED_EDGE ( 'NONE', *, *, #11974, .T. ) ;
#10358 = VECTOR ( 'NONE', #7664, 1000.000000000000000 ) ;
#10359 = CARTESIAN_POINT ( 'NONE',  ( 3.469446951953614200E-014, 23.40000000000000600, 3.122502256758252800E-014 ) ) ;
#10360 = ORIENTED_EDGE ( 'NONE', *, *, #3489, .F. ) ;
#10361 = ADVANCED_FACE ( 'NONE', ( #6204 ), #8456, .T. ) ;
#10362 = DIRECTION ( 'NONE',  ( 0.5469441386039892700, 0.0000000000000000000, -0.8371691043312217100 ) ) ;
#10363 = ORIENTED_EDGE ( 'NONE', *, *, #8542, .T. ) ;
#10364 = ORIENTED_EDGE ( 'NONE', *, *, #7228, .F. ) ;
#10365 = AXIS2_PLACEMENT_3D ( 'NONE', #11227, #5435, #627 ) ;
#10366 = DIRECTION ( 'NONE',  ( -0.0000000000000000000, 1.000000000000000000, -0.0000000000000000000 ) ) ;
#10367 = LINE ( 'NONE', #4607, #5535 ) ;
#10368 = TOROIDAL_SURFACE ( 'NONE', #2198, 1.500000000000000000, 0.5000000000000000000 ) ;
#10369 = CARTESIAN_POINT ( 'NONE',  ( 3.469446951953614200E-015, 8.500000000000000000, 6.938893903907228400E-015 ) ) ;
#10370 = EDGE_CURVE ( 'NONE', #5638, #2974, #1088, .T. ) ;
#10371 = VERTEX_POINT ( 'NONE', #6083 ) ;
#10372 = ORIENTED_EDGE ( 'NONE', *, *, #2490, .T. ) ;
#10373 = DIRECTION ( 'NONE',  ( 0.0000000000000000000, 1.000000000000000000, 0.0000000000000000000 ) ) ;
#10374 = ORIENTED_EDGE ( 'NONE', *, *, #11330, .T. ) ;
#10375 = LINE ( 'NONE', #5095, #401 ) ;
#10376 = FACE_OUTER_BOUND ( 'NONE', #3341, .T. ) ;
#10377 = DIRECTION ( 'NONE',  ( -0.3735429735244764600, -0.8949343913984425500, -0.2440452458516482700 ) ) ;
#10378 = ADVANCED_FACE ( 'NONE', ( #11362 ), #776, .F. ) ;
#10379 = ORIENTED_EDGE ( 'NONE', *, *, #3102, .F. ) ;
#10380 = EDGE_CURVE ( 'NONE', #10381, #9942, #3347, .T. ) ;
#10381 = VERTEX_POINT ( 'NONE', #11941 ) ;
#10382 = DIRECTION ( 'NONE',  ( -0.0000000000000000000, -1.000000000000000000, 0.0000000000000000000 ) ) ;
#10383 = EDGE_CURVE ( 'NONE', #12496, #6477, #8837, .T. ) ;
#10384 = DIRECTION ( 'NONE',  ( 0.0000000000000000000, -1.000000000000000000, 0.0000000000000000000 ) ) ;
#10385 = DIRECTION ( 'NONE',  ( 0.5469441386039881600, 0.0000000000000000000, -0.8371691043312224900 ) ) ;
#10386 = CYLINDRICAL_SURFACE ( 'NONE', #1938, 8.000000000000000000 ) ;
#10387 = APPROVAL_PERSON_ORGANIZATION ( #415, #9371, #6460 ) ;
#10388 = ORIENTED_EDGE ( 'NONE', *, *, #2630, .T. ) ;
#10389 = CARTESIAN_POINT ( 'NONE',  ( -17.00409638116097400, 0.6000000000000319500, -13.19778496308913600 ) ) ;
#10390 = EDGE_LOOP ( 'NONE', ( #1850, #10254, #7873, #3539 ) ) ;
#10391 = EDGE_LOOP ( 'NONE', ( #8756, #2706, #11443, #10779, #995, #1423 ) ) ;
#10392 = CARTESIAN_POINT ( 'NONE',  ( -15.50000000000000700, 26.00000000000000400, 16.75000000000001400 ) ) ;
#10393 = CARTESIAN_POINT ( 'NONE',  ( 17.00409638116095900, 1.000000000000034200, -17.80221503691085900 ) ) ;
#10394 = ORIENTED_EDGE ( 'NONE', *, *, #9523, .T. ) ;
#10395 = AXIS2_PLACEMENT_3D ( 'NONE', #4576, #722, #11329 ) ;
#10396 = EDGE_CURVE ( 'NONE', #1690, #9678, #8147, .T. ) ;
#10397 = DIRECTION ( 'NONE',  ( -0.0000000000000000000, -1.000000000000000000, 0.0000000000000000000 ) ) ;
#10398 = CIRCLE ( 'NONE', #9766, 0.5559999999999997200 ) ;
#10399 = VECTOR ( 'NONE', #2194, 1000.000000000000000 ) ;
#10400 = EDGE_LOOP ( 'NONE', ( #12519, #2753 ) ) ;
#10401 = CARTESIAN_POINT ( 'NONE',  ( 15.50000000000000400, 0.6000000000000276200, 15.50000000000000500 ) ) ;
#10402 = CARTESIAN_POINT ( 'NONE',  ( 3.469446951953614200E-015, 25.63749999999999900, 6.938893903907228400E-015 ) ) ;
#10403 = DIRECTION ( 'NONE',  ( -0.0000000000000000000, -1.000000000000000000, -0.0000000000000000000 ) ) ;
#10404 = ORIENTED_EDGE ( 'NONE', *, *, #11428, .T. ) ;
#10405 = CARTESIAN_POINT ( 'NONE',  ( 16.63016877650853700, 0.6000000000000276200, 14.44661567478664200 ) ) ;
#10406 = CARTESIAN_POINT ( 'NONE',  ( 6.430665482261076600E-015, 11.46249999999999700, 4.150000000000004800 ) ) ;
#10407 = VECTOR ( 'NONE', #1554, 1000.000000000000000 ) ;
#10408 = FACE_OUTER_BOUND ( 'NONE', #8983, .T. ) ;
#10409 = DIRECTION ( 'NONE',  ( 0.0000000000000000000, 1.000000000000000000, 0.0000000000000000000 ) ) ;
#10410 = AXIS2_PLACEMENT_3D ( 'NONE', #9162, #3386, #10133 ) ;
#10411 = ORIENTED_EDGE ( 'NONE', *, *, #10459, .F. ) ;
#10412 = CARTESIAN_POINT ( 'NONE',  ( 3.469446951953614200E-015, 7.500000000000001800, 6.938893903907228400E-015 ) ) ;
#10413 = EDGE_CURVE ( 'NONE', #593, #3154, #5904, .T. ) ;
#10414 = ADVANCED_FACE ( 'NONE', ( #5613 ), #7838, .T. ) ;
#10415 = EDGE_CURVE ( 'NONE', #9687, #9212, #6588, .T. ) ;
#10416 = AXIS2_PLACEMENT_3D ( 'NONE', #5523, #2652, #11302 ) ;
#10417 = DIRECTION ( 'NONE',  ( 0.0000000000000000000, 0.0000000000000000000, -1.000000000000000000 ) ) ;
#10418 = CARTESIAN_POINT ( 'NONE',  ( 6.938893903907228400E-015, 34.29999999999999700, 3.469446951953614200E-015 ) ) ;
#10419 = CARTESIAN_POINT ( 'NONE',  ( -16.10227920081801000, 1.270265698095189900, -15.25461929357412500 ) ) ;
#10420 = ORIENTED_EDGE ( 'NONE', *, *, #2550, .T. ) ;
#10421 = EDGE_CURVE ( 'NONE', #919, #1047, #3050, .T. ) ;
#10422 = VERTEX_POINT ( 'NONE', #9 ) ;
#10423 = CARTESIAN_POINT ( 'NONE',  ( 3.469446951953614200E-015, 7.200000000000002800, 6.938893903907228400E-015 ) ) ;
#10424 = FACE_OUTER_BOUND ( 'NONE', #8468, .T. ) ;
#10425 = FACE_OUTER_BOUND ( 'NONE', #2617, .T. ) ;
#10426 = ORIENTED_EDGE ( 'NONE', *, *, #3995, .T. ) ;
#10427 = DIRECTION ( 'NONE',  ( 0.5469441386039887200, 0.0000000000000000000, -0.8371691043312221600 ) ) ;
#10428 = CARTESIAN_POINT ( 'NONE',  ( -15.43494317384709500, 2.610000000000006100, 14.94781922401182200 ) ) ;
#10429 = VERTEX_POINT ( 'NONE', #9702 ) ;
#10430 = ORIENTED_EDGE ( 'NONE', *, *, #8085, .F. ) ;
#10431 = AXIS2_PLACEMENT_3D ( 'NONE', #9191, #3411, #10167 ) ;
#10432 = ORIENTED_EDGE ( 'NONE', *, *, #6445, .T. ) ;
#10433 = ORIENTED_EDGE ( 'NONE', *, *, #5405, .F. ) ;
#10434 = FACE_OUTER_BOUND ( 'NONE', #6770, .T. ) ;
#10435 = FACE_OUTER_BOUND ( 'NONE', #9121, .T. ) ;
#10436 = CARTESIAN_POINT ( 'NONE',  ( 15.54845431265168900, 1.940406951505562000, 16.10232027957599900 ) ) ;
#10437 = ORIENTED_EDGE ( 'NONE', *, *, #4939, .T. ) ;
#10438 = EDGE_CURVE ( 'NONE', #4850, #1296, #473, .T. ) ;
#10439 = AXIS2_PLACEMENT_3D ( 'NONE', #1991, #8699, #2941 ) ;
#10440 = CARTESIAN_POINT ( 'NONE',  ( 15.50000000000000400, 2.610000000000027400, 15.50000000000000500 ) ) ;
#10441 = EDGE_LOOP ( 'NONE', ( #11164, #4083, #12413 ) ) ;
#10442 = ORIENTED_EDGE ( 'NONE', *, *, #5443, .T. ) ;
#10443 = ADVANCED_FACE ( 'NONE', ( #10747 ), #7533, .F. ) ;
#10444 = DIRECTION ( 'NONE',  ( 0.0000000000000000000, 0.0000000000000000000, -1.000000000000000000 ) ) ;
#10445 = ORIENTED_EDGE ( 'NONE', *, *, #4146, .F. ) ;
#10446 = ORIENTED_EDGE ( 'NONE', *, *, #8981, .F. ) ;
#10447 = DIRECTION ( 'NONE',  ( 0.0000000000000000000, 0.0000000000000000000, 1.000000000000000000 ) ) ;
#10448 = DIRECTION ( 'NONE',  ( -0.0000000000000000000, -1.000000000000000000, 0.0000000000000000000 ) ) ;
#10449 = TOROIDAL_SURFACE ( 'NONE', #10841, 1.500000000000000000, 0.5000000000000000000 ) ;
#10450 = CARTESIAN_POINT ( 'NONE',  ( -14.67958379209402300, -5.749999999999959100, -16.75575365649683200 ) ) ;
#10451 = EDGE_LOOP ( 'NONE', ( #1713, #1754 ) ) ;
#10453 = ORIENTED_EDGE ( 'NONE', *, *, #7494, .F. ) ;
#10452 = DIRECTION ( 'NONE',  ( -0.0000000000000000000, -1.000000000000000000, 0.0000000000000000000 ) ) ;
#10454 = CARTESIAN_POINT ( 'NONE',  ( 0.0000000000000000000, 0.5000000000000000000, -20.49999999999999600 ) ) ;
#10455 = AXIS2_PLACEMENT_3D ( 'NONE', #8303, #5549, #12327 ) ;
#10456 = DIRECTION ( 'NONE',  ( 0.5469441386039883800, 0.0000000000000000000, -0.8371691043312222700 ) ) ;
#10457 = EDGE_CURVE ( 'NONE', #12374, #4934, #164, .T. ) ;
#10458 = AXIS2_PLACEMENT_3D ( 'NONE', #10238, #12205, #6377 ) ;
#10459 = EDGE_CURVE ( 'NONE', #3830, #7635, #2745, .T. ) ;
#10460 = CARTESIAN_POINT ( 'NONE',  ( 6.938893903907228400E-015, 11.46250000000000000, 3.469446951953614200E-015 ) ) ;
#10461 = LINE ( 'NONE', #9017, #3062 ) ;
#10462 = CIRCLE ( 'NONE', #4483, 0.5000000000000004400 ) ;
#10463 = CARTESIAN_POINT ( 'NONE',  ( -2.081668171172168500E-014, 26.00000000000000400, -15.49999999999999600 ) ) ;
#10464 = DIRECTION ( 'NONE',  ( 0.0000000000000000000, 0.0000000000000000000, 1.000000000000000000 ) ) ;
#10465 = ORIENTED_EDGE ( 'NONE', *, *, #9174, .F. ) ;
#10466 = CARTESIAN_POINT ( 'NONE',  ( -19.00000000000000400, 0.5000000000000004400, 16.37157287525380800 ) ) ;
#10467 = VERTEX_POINT ( 'NONE', #8746 ) ;
#10468 = ORIENTED_EDGE ( 'NONE', *, *, #7681, .F. ) ;
#10469 = DIRECTION ( 'NONE',  ( 1.000000000000000000, 0.0000000000000000000, 0.0000000000000000000 ) ) ;
#10470 = FACE_OUTER_BOUND ( 'NONE', #8896, .T. ) ;
#10471 = DIRECTION ( 'NONE',  ( 0.0000000000000000000, 0.0000000000000000000, -1.000000000000000000 ) ) ;
#10472 = VECTOR ( 'NONE', #6282, 999.9999999999998900 ) ;
#10473 = FACE_OUTER_BOUND ( 'NONE', #10927, .T. ) ;
#10474 = AXIS2_PLACEMENT_3D ( 'NONE', #4292, #11046, #5254 ) ;
#10475 = EDGE_CURVE ( 'NONE', #284, #11524, #4360, .T. ) ;
#10476 = VERTEX_POINT ( 'NONE', #7796 ) ;
#10477 = AXIS2_PLACEMENT_3D ( 'NONE', #3186, #8947, #2222 ) ;
#10478 = ORIENTED_EDGE ( 'NONE', *, *, #12584, .T. ) ;
#10479 = DIRECTION ( 'NONE',  ( 1.000000000000000000, 0.0000000000000000000, 0.0000000000000000000 ) ) ;
#10480 = ADVANCED_FACE ( 'NONE', ( #10143 ), #4961, .T. ) ;
#10481 = FACE_BOUND ( 'NONE', #4709, .T. ) ;
#10482 = EDGE_LOOP ( 'NONE', ( #1769, #7040, #2839, #4420 ) ) ;
#10483 = CARTESIAN_POINT ( 'NONE',  ( -21.00000000000000000, 0.5000000000000004400, 16.37157287525380800 ) ) ;
#10484 = LINE ( 'NONE', #4051, #2779 ) ;
#10485 = VERTEX_POINT ( 'NONE', #4923 ) ;
#10486 = DIRECTION ( 'NONE',  ( -0.0000000000000000000, 0.0000000000000000000, 1.000000000000000000 ) ) ;
#10487 = EDGE_CURVE ( 'NONE', #10422, #430, #5309, .T. ) ;
#10488 = DIRECTION ( 'NONE',  ( 0.5469441386039889400, 0.0000000000000000000, -0.8371691043312219400 ) ) ;
#10489 = DIRECTION ( 'NONE',  ( 0.5469441386039857200, 0.0000000000000000000, -0.8371691043312240500 ) ) ;
#10490 = ORIENTED_EDGE ( 'NONE', *, *, #5576, .F. ) ;
#10491 = AXIS2_PLACEMENT_3D ( 'NONE', #12190, #6359, #592 ) ;
#10492 = CYLINDRICAL_SURFACE ( 'NONE', #376, 8.000000000000000000 ) ;
#10493 = EDGE_LOOP ( 'NONE', ( #8958, #12280, #3323 ) ) ;
#10494 = EDGE_CURVE ( 'NONE', #9546, #3691, #12439, .T. ) ;
#10495 = CIRCLE ( 'NONE', #2060, 2.000000000000001800 ) ;
#10496 = CARTESIAN_POINT ( 'NONE',  ( -19.00000000000000400, 12.00000000000000000, 16.37157287525380800 ) ) ;
#10497 = CARTESIAN_POINT ( 'NONE',  ( -15.50000000000000700, 26.00000000000000400, 15.50000000000000400 ) ) ;
#10498 = DIRECTION ( 'NONE',  ( 0.5469441386039857200, 0.0000000000000000000, -0.8371691043312240500 ) ) ;
#10499 = EDGE_LOOP ( 'NONE', ( #7590, #7667, #9716, #323 ) ) ;
#10500 = CARTESIAN_POINT ( 'NONE',  ( 3.469446951953614200E-015, 12.00000000000000000, 6.938893903907228400E-015 ) ) ;
#10501 = FACE_BOUND ( 'NONE', #1733, .T. ) ;
#10502 = DIRECTION ( 'NONE',  ( 0.0000000000000000000, 1.000000000000000000, 0.0000000000000000000 ) ) ;
#10503 = EDGE_LOOP ( 'NONE', ( #6794, #7981, #6324, #8821 ) ) ;
#10504 = ADVANCED_FACE ( 'NONE', ( #12134 ), #1848, .F. ) ;
#10505 = DIRECTION ( 'NONE',  ( -0.5469441386039886100, 0.0000000000000000000, 0.8371691043312221600 ) ) ;
#10506 = CIRCLE ( 'NONE', #9506, 7.700000000000005500 ) ;
#10507 = DIRECTION ( 'NONE',  ( 0.0000000000000000000, 0.0000000000000000000, 1.000000000000000000 ) ) ;
#10508 = EDGE_LOOP ( 'NONE', ( #5286, #4770, #10340, #5672 ) ) ;
#10509 = AXIS2_PLACEMENT_3D ( 'NONE', #7064, #1329, #8037 ) ;
#10510 = ORIENTED_EDGE ( 'NONE', *, *, #11143, .F. ) ;
#10511 = LINE ( 'NONE', #449, #8211 ) ;
#10512 = AXIS2_PLACEMENT_3D ( 'NONE', #2532, #9291, #3502 ) ;
#10513 = DIRECTION ( 'NONE',  ( -0.0000000000000000000, -1.000000000000000000, -0.0000000000000000000 ) ) ;
#10514 = DIRECTION ( 'NONE',  ( -0.0000000000000000000, -1.000000000000000000, 0.0000000000000000000 ) ) ;
#10515 = CARTESIAN_POINT ( 'NONE',  ( 0.04561096724991218300, 6.110050607254169800, 28.20000000000000300 ) ) ;
#10516 = EDGE_CURVE ( 'NONE', #12310, #3591, #4400, .T. ) ;
#10517 = ORIENTED_EDGE ( 'NONE', *, *, #12105, .T. ) ;
#10518 = DIRECTION ( 'NONE',  ( 0.0000000000000000000, 0.0000000000000000000, 1.000000000000000000 ) ) ;
#10519 = CYLINDRICAL_SURFACE ( 'NONE', #2429, 2.500000000000000000 ) ;
#10520 = LINE ( 'NONE', #5323, #7910 ) ;
#10521 = DIRECTION ( 'NONE',  ( 0.5469441386039857200, 0.0000000000000000000, -0.8371691043312240500 ) ) ;
#10522 = DIRECTION ( 'NONE',  ( 0.5469441386039871600, 0.0000000000000000000, -0.8371691043312232700 ) ) ;
#10523 = ORIENTED_EDGE ( 'NONE', *, *, #7097, .F. ) ;
#10524 = DIRECTION ( 'NONE',  ( -0.0000000000000000000, -1.000000000000000000, -0.0000000000000000000 ) ) ;
#10525 = EDGE_CURVE ( 'NONE', #593, #2803, #2139, .T. ) ;
#10526 = AXIS2_PLACEMENT_3D ( 'NONE', #2646, #9396, #3610 ) ;
#10527 = VECTOR ( 'NONE', #10532, 1000.000000000000200 ) ;
#10528 = ORIENTED_EDGE ( 'NONE', *, *, #4148, .T. ) ;
#10529 = DIRECTION ( 'NONE',  ( 0.0000000000000000000, 0.0000000000000000000, 1.000000000000000000 ) ) ;
#10530 = VERTEX_POINT ( 'NONE', #1173 ) ;
#10531 = DIRECTION ( 'NONE',  ( 1.000000000000000000, 0.0000000000000000000, 0.0000000000000000000 ) ) ;
#10532 = DIRECTION ( 'NONE',  ( -0.5469441386039857200, 0.0000000000000000000, 0.8371691043312240500 ) ) ;
#10533 = DIRECTION ( 'NONE',  ( 0.0000000000000000000, 0.0000000000000000000, 1.000000000000000000 ) ) ;
#10534 = CARTESIAN_POINT ( 'NONE',  ( 16.04980560441599700, 2.610000000000029200, -15.58276350254037500 ) ) ;
#10535 = ORIENTED_EDGE ( 'NONE', *, *, #9329, .F. ) ;
#10536 = DIRECTION ( 'NONE',  ( -0.8371691043312240500, 0.0000000000000000000, -0.5469441386039857200 ) ) ;
#10537 = FACE_OUTER_BOUND ( 'NONE', #7566, .T. ) ;
#10538 = AXIS2_PLACEMENT_3D ( 'NONE', #4337, #11097, #5302 ) ;
#10539 = VERTEX_POINT ( 'NONE', #231 ) ;
#10540 = EDGE_CURVE ( 'NONE', #11150, #4108, #11821, .T. ) ;
#10541 = ORIENTED_EDGE ( 'NONE', *, *, #8032, .F. ) ;
#10542 = ORIENTED_EDGE ( 'NONE', *, *, #9391, .F. ) ;
#10543 = CARTESIAN_POINT ( 'NONE',  ( -17.00409638116097400, -5.749999999999984000, 17.80221503691086600 ) ) ;
#10544 = EDGE_CURVE ( 'NONE', #10229, #3648, #2153, .T. ) ;
#10545 = EDGE_CURVE ( 'NONE', #4037, #1864, #4705, .T. ) ;
#10546 = B_SPLINE_CURVE_WITH_KNOTS ( 'NONE', 3,
 ( #9909, #3202, #4160, #10921 ),
 .UNSPECIFIED., .F., .F.,
 ( 4, 4 ),
 ( 0.001013853424283301100, 0.003031486302290191900 ),
 .UNSPECIFIED. ) ;
#10547 = ADVANCED_FACE ( 'NONE', ( #11508 ), #9843, .T. ) ;
#10548 = CONICAL_SURFACE ( 'NONE', #3543, 3.750000000000003600, 0.7853981633974456100 ) ;
#10549 = LINE ( 'NONE', #2816, #7350 ) ;
#10550 = CARTESIAN_POINT ( 'NONE',  ( -18.74644660940671800, 0.5000000000000000000, -18.74644660940673200 ) ) ;
#10551 = ORIENTED_EDGE ( 'NONE', *, *, #1616, .F. ) ;
#10552 = CARTESIAN_POINT ( 'NONE',  ( -15.50000000000000700, 29.60000000000003300, -15.49999999999999600 ) ) ;
#10553 = CARTESIAN_POINT ( 'NONE',  ( 6.938893903907228400E-015, 11.46250000000000000, 3.469446951953614200E-015 ) ) ;
#10554 = VERTEX_POINT ( 'NONE', #1266 ) ;
#10555 = EDGE_CURVE ( 'NONE', #12406, #4691, #6643, .T. ) ;
#10556 = ORIENTED_EDGE ( 'NONE', *, *, #9263, .F. ) ;
#10557 = EDGE_CURVE ( 'NONE', #3589, #3719, #1546, .T. ) ;
#10558 = ADVANCED_FACE ( 'NONE', ( #11206 ), #6040, .T. ) ;
#10559 = ORIENTED_EDGE ( 'NONE', *, *, #8296, .F. ) ;
#10560 = CARTESIAN_POINT ( 'NONE',  ( 15.49999999999999300, 0.0000000000000000000, -15.49999999999999600 ) ) ;
#10561 = FACE_OUTER_BOUND ( 'NONE', #1819, .T. ) ;
#10562 = CYLINDRICAL_SURFACE ( 'NONE', #6650, 25.60000000000002600 ) ;
#10563 = DIRECTION ( 'NONE',  ( 0.0000000000000000000, -0.7071067811865479100, -0.7071067811865472400 ) ) ;
#10564 = CLOSED_SHELL ( 'NONE', ( #7314, #9175, #11020, #6474, #4080, #3553, #8299, #2037, #11791, #6849 ) ) ;
#10565 = CARTESIAN_POINT ( 'NONE',  ( 18.99999999999999600, 34.00000000000000000, 16.37157287525381800 ) ) ;
#10566 = ORIENTED_EDGE ( 'NONE', *, *, #11532, .T. ) ;
#10567 = EDGE_LOOP ( 'NONE', ( #9178, #11154, #5785, #905 ) ) ;
#10568 = ORIENTED_EDGE ( 'NONE', *, *, #2248, .T. ) ;
#10569 = CARTESIAN_POINT ( 'NONE',  ( 6.938893903907228400E-015, 29.89999999999999500, 3.469446951953614200E-015 ) ) ;
#10570 = DIRECTION ( 'NONE',  ( -0.0000000000000000000, -1.000000000000000000, -0.0000000000000000000 ) ) ;
#10571 = DIRECTION ( 'NONE',  ( -1.475119460951884600E-016, 1.000000000000000000, 2.257862093665809900E-016 ) ) ;
#10572 = AXIS2_PLACEMENT_3D ( 'NONE', #4041, #3081, #2123 ) ;
#10573 = DIRECTION ( 'NONE',  ( 0.0000000000000000000, 0.0000000000000000000, 1.000000000000000000 ) ) ;
#10574 = VECTOR ( 'NONE', #12039, 1000.000000000000200 ) ;
#10575 = CIRCLE ( 'NONE', #5852, 6.350000000000005000 ) ;
#10576 = VERTEX_POINT ( 'NONE', #2275 ) ;
#10577 = CARTESIAN_POINT ( 'NONE',  ( -16.37157287525379300, 23.40000000000000600, -21.00000000000000000 ) ) ;
#10578 = DIRECTION ( 'NONE',  ( 0.8371691043312241600, -5.359117379318552800E-017, 0.5469441386039858300 ) ) ;
#10579 = EDGE_CURVE ( 'NONE', #5344, #6380, #8914, .T. ) ;
#10580 = ORIENTED_EDGE ( 'NONE', *, *, #5704, .T. ) ;
#10581 = ORIENTED_EDGE ( 'NONE', *, *, #9168, .T. ) ;
#10582 = DIRECTION ( 'NONE',  ( -0.0000000000000000000, 1.000000000000000000, -0.0000000000000000000 ) ) ;
#10583 = ORIENTED_EDGE ( 'NONE', *, *, #7285, .T. ) ;
#10584 = DIRECTION ( 'NONE',  ( 0.5469441386039879400, 0.0000000000000000000, -0.8371691043312227100 ) ) ;
#10585 = FACE_OUTER_BOUND ( 'NONE', #2307, .T. ) ;
#10586 = CIRCLE ( 'NONE', #12442, 6.350000000000005000 ) ;
#10587 = CARTESIAN_POINT ( 'NONE',  ( 15.49999999999999300, 26.00000000000000400, 16.75000000000001400 ) ) ;
#10588 = DIRECTION ( 'NONE',  ( -0.0000000000000000000, -1.000000000000000000, -0.0000000000000000000 ) ) ;
#10589 = ORIENTED_EDGE ( 'NONE', *, *, #5047, .F. ) ;
#10590 = AXIS2_PLACEMENT_3D ( 'NONE', #2243, #8971, #3208 ) ;
#10591 = ORIENTED_EDGE ( 'NONE', *, *, #5872, .F. ) ;
#10592 = VERTEX_POINT ( 'NONE', #5127 ) ;
#10593 = CARTESIAN_POINT ( 'NONE',  ( -19.00000000000000400, 0.5000000000000004400, 16.37157287525380800 ) ) ;
#10594 = DIRECTION ( 'NONE',  ( 0.0000000000000000000, 0.0000000000000000000, 1.000000000000000000 ) ) ;
#10595 = CARTESIAN_POINT ( 'NONE',  ( -14.96325836533528200, 2.610000000000006100, 15.35493305815094800 ) ) ;
#10596 = CARTESIAN_POINT ( 'NONE',  ( 16.05218077598817300, 2.610000000000029200, -15.43494317384708300 ) ) ;
#10597 = EDGE_CURVE ( 'NONE', #5446, #12126, #3499, .T. ) ;
#10598 = FACE_OUTER_BOUND ( 'NONE', #10164, .T. ) ;
#10599 = VECTOR ( 'NONE', #12548, 999.9999999999998900 ) ;
#10600 = EDGE_LOOP ( 'NONE', ( #2837, #10657, #3645, #9381 ) ) ;
#10601 = DIRECTION ( 'NONE',  ( 0.5469441386039908300, 0.0000000000000000000, -0.8371691043312209400 ) ) ;
#10602 = CARTESIAN_POINT ( 'NONE',  ( 16.95812298778030000, 0.6000000000000297300, -14.98933636069656600 ) ) ;
#10603 = ORIENTED_EDGE ( 'NONE', *, *, #711, .T. ) ;
#10604 = DIRECTION ( 'NONE',  ( 0.0000000000000000000, 0.0000000000000000000, 1.000000000000000000 ) ) ;
#10605 = DIRECTION ( 'NONE',  ( 0.0000000000000000000, 1.000000000000000000, -0.0000000000000000000 ) ) ;
#10606 = VECTOR ( 'NONE', #9518, 1000.000000000000000 ) ;
#10607 = EDGE_LOOP ( 'NONE', ( #9791, #6149 ) ) ;
#10608 = EDGE_CURVE ( 'NONE', #6942, #7065, #8594, .T. ) ;
#10609 = VECTOR ( 'NONE', #5695, 1000.000000000000000 ) ;
#10610 = LINE ( 'NONE', #11653, #655 ) ;
#10611 = ADVANCED_FACE ( 'NONE', ( #5751 ), #629, .T. ) ;
#10612 = ORIENTED_EDGE ( 'NONE', *, *, #9841, .T. ) ;
#10613 = AXIS2_PLACEMENT_3D ( 'NONE', #6896, #1154, #7855 ) ;
#10614 = EDGE_CURVE ( 'NONE', #4835, #1944, #3200, .T. ) ;
#10615 = DIRECTION ( 'NONE',  ( 2.257862093665814800E-016, 1.000000000000000000, 1.475119460951876700E-016 ) ) ;
#10616 = DIRECTION ( 'NONE',  ( 0.0000000000000000000, 0.0000000000000000000, 1.000000000000000000 ) ) ;
#10617 = EDGE_LOOP ( 'NONE', ( #2291, #11922, #8136, #782 ) ) ;
#10618 = EDGE_CURVE ( 'NONE', #11610, #8902, #10896, .T. ) ;
#10619 = CARTESIAN_POINT ( 'NONE',  ( 6.938893903907228400E-015, 11.46249999999999700, -4.149999999999997700 ) ) ;
#10620 = DIRECTION ( 'NONE',  ( 0.0000000000000000000, 1.000000000000000000, 0.0000000000000000000 ) ) ;
#10621 = VECTOR ( 'NONE', #2990, 1000.000000000000100 ) ;
#10622 = DIRECTION ( 'NONE',  ( 0.0000000000000000000, 1.000000000000000000, 0.0000000000000000000 ) ) ;
#10623 = ORIENTED_EDGE ( 'NONE', *, *, #4823, .F. ) ;
#10624 = CARTESIAN_POINT ( 'NONE',  ( -16.05218077598818700, 2.610000000000006100, 15.43494317384709000 ) ) ;
#10625 = ADVANCED_FACE ( 'NONE', ( #6349 ), #10295, .T. ) ;
#10626 = FACE_OUTER_BOUND ( 'NONE', #8400, .T. ) ;
#10627 = CIRCLE ( 'NONE', #679, 1.999999999999995300 ) ;
#10628 = ORIENTED_EDGE ( 'NONE', *, *, #3371, .T. ) ;
#10629 = EDGE_LOOP ( 'NONE', ( #6268, #6613, #11523, #5773 ) ) ;
#10630 = DIRECTION ( 'NONE',  ( 0.5469441386039908300, 0.0000000000000000000, -0.8371691043312209400 ) ) ;
#10631 = DIRECTION ( 'NONE',  ( 0.0000000000000000000, 1.000000000000000000, 0.0000000000000000000 ) ) ;
#10632 = CARTESIAN_POINT ( 'NONE',  ( 18.99999999999999600, 23.40000000000000600, -16.37157287525381100 ) ) ;
#10633 = CYLINDRICAL_SURFACE ( 'NONE', #120, 4.500000000000000900 ) ;
#10634 = ORIENTED_EDGE ( 'NONE', *, *, #4019, .T. ) ;
#10635 = AXIS2_PLACEMENT_3D ( 'NONE', #9022, #10303, #5495 ) ;
#10636 = VECTOR ( 'NONE', #9435, 1000.000000000000100 ) ;
#10637 = DIRECTION ( 'NONE',  ( -0.0000000000000000000, -1.000000000000000000, 0.0000000000000000000 ) ) ;
#10638 = DIRECTION ( 'NONE',  ( 0.5469441386039879400, 0.0000000000000000000, -0.8371691043312227100 ) ) ;
#10639 = CARTESIAN_POINT ( 'NONE',  ( 3.469446951953614200E-015, 8.500000000000000000, 6.938893903907228400E-015 ) ) ;
#10640 = PLANE ( 'NONE',  #10803 ) ;
#10641 = ORIENTED_EDGE ( 'NONE', *, *, #11517, .T. ) ;
#10642 = FACE_OUTER_BOUND ( 'NONE', #4725, .T. ) ;
#10643 = CARTESIAN_POINT ( 'NONE',  ( -15.50000000000000700, 26.00000000000000400, 15.50000000000000400 ) ) ;
#10644 = CARTESIAN_POINT ( 'NONE',  ( 6.938893903907228400E-015, 29.89999999999999500, 3.469446951953614200E-015 ) ) ;
#10645 = CIRCLE ( 'NONE', #7929, 0.4999999999999982200 ) ;
#10646 = CARTESIAN_POINT ( 'NONE',  ( 15.46254419180371200, 2.610000000000027400, 14.88084507960053500 ) ) ;
#10647 = VERTEX_POINT ( 'NONE', #403 ) ;
#10648 = CARTESIAN_POINT ( 'NONE',  ( 15.46254419180371200, 2.610000000000027400, 14.88084507960053500 ) ) ;
#10649 = VECTOR ( 'NONE', #10573, 1000.000000000000000 ) ;
#10650 = ORIENTED_EDGE ( 'NONE', *, *, #9964, .T. ) ;
#10652 = DIRECTION ( 'NONE',  ( 0.0000000000000000000, 1.000000000000000000, 0.0000000000000000000 ) ) ;
#10651 = AXIS2_PLACEMENT_3D ( 'NONE', #2098, #11759, #4944 ) ;
#10653 = CC_DESIGN_SECURITY_CLASSIFICATION ( #7392, ( #4184 ) ) ;
#10654 = DIRECTION ( 'NONE',  ( -0.8371691043312240500, 0.0000000000000000000, -0.5469441386039857200 ) ) ;
#10655 = EDGE_CURVE ( 'NONE', #8003, #3897, #2886, .T. ) ;
#10656 = AXIS2_PLACEMENT_3D ( 'NONE', #6099, #8016, #2280 ) ;
#10657 = ORIENTED_EDGE ( 'NONE', *, *, #5165, .F. ) ;
#10658 = VERTEX_POINT ( 'NONE', #2360 ) ;
#10659 = EDGE_CURVE ( 'NONE', #3997, #10915, #7682, .T. ) ;
#10660 = CARTESIAN_POINT ( 'NONE',  ( -15.50000000000000700, 2.610000000000006100, 15.50000000000000400 ) ) ;
#10661 = CARTESIAN_POINT ( 'NONE',  ( -15.50000000000000700, 2.581370849898509500, -15.49999999999999600 ) ) ;
#10662 = CIRCLE ( 'NONE', #3283, 0.4999999999999982200 ) ;
#10663 = CARTESIAN_POINT ( 'NONE',  ( -15.28558374216748700, 2.610000000000031400, -14.91795067099118200 ) ) ;
#10664 = FACE_OUTER_BOUND ( 'NONE', #3115, .T. ) ;
#10665 = LINE ( 'NONE', #1826, #10230 ) ;
#10666 = DIRECTION ( 'NONE',  ( 0.0000000000000000000, 0.0000000000000000000, 1.000000000000000000 ) ) ;
#10667 = DIRECTION ( 'NONE',  ( 0.0000000000000000000, -0.0000000000000000000, 1.000000000000000000 ) ) ;
#10668 = ORIENTED_EDGE ( 'NONE', *, *, #10992, .T. ) ;
#10669 = EDGE_CURVE ( 'NONE', #11601, #10766, #10586, .T. ) ;
#10670 = AXIS2_PLACEMENT_3D ( 'NONE', #107, #6845, #1098 ) ;
#10671 = EDGE_CURVE ( 'NONE', #11187, #7114, #2594, .T. ) ;
#10672 = CARTESIAN_POINT ( 'NONE',  ( -14.04187701221969700, 0.6000000000000063100, 16.01066363930343400 ) ) ;
#10673 = LINE ( 'NONE', #2202, #2969 ) ;
#10674 = DIRECTION ( 'NONE',  ( 0.0000000000000000000, -1.000000000000000000, 0.0000000000000000000 ) ) ;
#10675 = CARTESIAN_POINT ( 'NONE',  ( -15.64506694184905900, 2.610000000000006100, 14.96325836533527600 ) ) ;
#10676 = EDGE_CURVE ( 'NONE', #8523, #11387, #316, .T. ) ;
#10677 = CARTESIAN_POINT ( 'NONE',  ( 15.49999999999999300, 2.610000000000029200, -15.49999999999999600 ) ) ;
#10678 = CIRCLE ( 'NONE', #2740, 2.500000000000000900 ) ;
#10679 = ADVANCED_FACE ( 'NONE', ( #4844 ), #7082, .F. ) ;
#10680 = EDGE_LOOP ( 'NONE', ( #8210, #1667, #6434, #11715 ) ) ;
#10681 = CARTESIAN_POINT ( 'NONE',  ( -15.50000000000000700, 33.69999999999998200, -15.49999999999999600 ) ) ;
#10682 = ADVANCED_FACE ( 'NONE', ( #7391 ), #1999, .F. ) ;
#10683 = VECTOR ( 'NONE', #3167, 1000.000000000000000 ) ;
#10684 = COORDINATED_UNIVERSAL_TIME_OFFSET ( 3, 0, .AHEAD. ) ;
#10685 = VERTEX_POINT ( 'NONE', #10154 ) ;
#10686 = AXIS2_PLACEMENT_3D ( 'NONE', #4243, #10997, #5209 ) ;
#10687 = ORIENTED_EDGE ( 'NONE', *, *, #9350, .T. ) ;
#10688 = EDGE_CURVE ( 'NONE', #10189, #1513, #5459, .T. ) ;
#10689 = VERTEX_POINT ( 'NONE', #11135 ) ;
#10690 = DIRECTION ( 'NONE',  ( -0.0000000000000000000, 1.000000000000000000, -0.0000000000000000000 ) ) ;
#10691 = ORIENTED_EDGE ( 'NONE', *, *, #4647, .F. ) ;
#10692 = ORIENTED_EDGE ( 'NONE', *, *, #11804, .T. ) ;
#10693 = FACE_OUTER_BOUND ( 'NONE', #5823, .T. ) ;
#10694 = LINE ( 'NONE', #7883, #8095 ) ;
#10695 = ORIENTED_EDGE ( 'NONE', *, *, #11457, .F. ) ;
#10696 = DIRECTION ( 'NONE',  ( -0.0000000000000000000, -1.000000000000000000, 0.0000000000000000000 ) ) ;
#10697 = DIRECTION ( 'NONE',  ( 0.0000000000000000000, -1.000000000000000000, 0.0000000000000000000 ) ) ;
#10698 = ORIENTED_EDGE ( 'NONE', *, *, #558, .F. ) ;
#10699 = DIRECTION ( 'NONE',  ( 0.0000000000000000000, 0.0000000000000000000, 1.000000000000000000 ) ) ;
#10700 = ORIENTED_EDGE ( 'NONE', *, *, #11166, .T. ) ;
#10701 = CARTESIAN_POINT ( 'NONE',  ( -15.19589905893619000, 2.610000000000006100, 15.03453397799184500 ) ) ;
#10702 = AXIS2_PLACEMENT_3D ( 'NONE', #12561, #6712, #963 ) ;
#10703 = B_SPLINE_CURVE_WITH_KNOTS ( 'NONE', 3,
 ( #10292, #4509, #8365, #2618 ),
 .UNSPECIFIED., .F., .F.,
 ( 4, 4 ),
 ( 0.001380840031689472200, 0.003398373201679220300 ),
 .UNSPECIFIED. ) ;
#10704 = EDGE_CURVE ( 'NONE', #1207, #6550, #12285, .T. ) ;
#10705 = FACE_OUTER_BOUND ( 'NONE', #6186, .T. ) ;
#10706 = VECTOR ( 'NONE', #8975, 1000.000000000000200 ) ;
#10707 = ORIENTED_EDGE ( 'NONE', *, *, #5827, .T. ) ;
#10708 = CARTESIAN_POINT ( 'NONE',  ( -15.50000000000000700, 2.500000000000017800, -14.24999999999999600 ) ) ;
#10709 = DIRECTION ( 'NONE',  ( -0.0000000000000000000, -1.000000000000000000, 0.0000000000000000000 ) ) ;
#10710 = DIRECTION ( 'NONE',  ( -0.0000000000000000000, -1.000000000000000000, 0.0000000000000000000 ) ) ;
#10711 = CARTESIAN_POINT ( 'NONE',  ( 15.97953669465960400, 2.610000000000029200, -15.78139040224381000 ) ) ;
#10712 = ORIENTED_EDGE ( 'NONE', *, *, #6440, .T. ) ;
#10713 = ORIENTED_EDGE ( 'NONE', *, *, #7190, .F. ) ;
#10714 = LINE ( 'NONE', #2721, #3020 ) ;
#10715 = LINE ( 'NONE', #11454, #5584 ) ;
#10716 = DIRECTION ( 'NONE',  ( 0.0000000000000000000, 0.0000000000000000000, 1.000000000000000000 ) ) ;
#10717 = CARTESIAN_POINT ( 'NONE',  ( 15.49999999999999300, 2.610000000000029200, -15.49999999999999600 ) ) ;
#10718 = EDGE_CURVE ( 'NONE', #3426, #4192, #12443, .T. ) ;
#10719 = ORIENTED_EDGE ( 'NONE', *, *, #2842, .F. ) ;
#10720 = EDGE_CURVE ( 'NONE', #9331, #8238, #4556, .T. ) ;
#10721 = AXIS2_PLACEMENT_3D ( 'NONE', #10850, #5075, #11846 ) ;
#10722 = DIRECTION ( 'NONE',  ( 1.000000000000000000, 0.0000000000000000000, 0.0000000000000000000 ) ) ;
#10723 = ORIENTED_EDGE ( 'NONE', *, *, #6185, .T. ) ;
#10724 = ORIENTED_EDGE ( 'NONE', *, *, #1745, .T. ) ;
#10725 = DIRECTION ( 'NONE',  ( 0.5469441386039871600, 0.0000000000000000000, -0.8371691043312232700 ) ) ;
#10726 = DIRECTION ( 'NONE',  ( 0.5469441386039886100, 0.0000000000000000000, -0.8371691043312222700 ) ) ;
#10727 = EDGE_LOOP ( 'NONE', ( #1676, #4396 ) ) ;
#10728 = DIRECTION ( 'NONE',  ( 0.8371691043312221600, 0.0000000000000000000, 0.5469441386039887200 ) ) ;
#10729 = CARTESIAN_POINT ( 'NONE',  ( 20.41421356237309600, 12.00000000000000000, 17.78578643762690000 ) ) ;
#10730 = DIRECTION ( 'NONE',  ( -0.0000000000000000000, -1.000000000000000000, 0.0000000000000000000 ) ) ;
#10731 = FACE_OUTER_BOUND ( 'NONE', #11965, .T. ) ;
#10732 = VECTOR ( 'NONE', #9442, 1000.000000000000000 ) ;
#10733 = EDGE_LOOP ( 'NONE', ( #6944, #6484, #4838 ) ) ;
#10734 = ADVANCED_FACE ( 'NONE', ( #12593 ), #1695, .T. ) ;
#10736 = VERTEX_POINT ( 'NONE', #8265 ) ;
#10735 = DIRECTION ( 'NONE',  ( 0.5469441386039889400, 0.0000000000000000000, -0.8371691043312219400 ) ) ;
#10737 = DIRECTION ( 'NONE',  ( -0.0000000000000000000, -1.000000000000000000, 0.0000000000000000000 ) ) ;
#10738 = VERTEX_POINT ( 'NONE', #2522 ) ;
#10739 = EDGE_CURVE ( 'NONE', #6808, #4668, #11658, .T. ) ;
#10740 = AXIS2_PLACEMENT_3D ( 'NONE', #6732, #986, #7698 ) ;
#10741 = DIRECTION ( 'NONE',  ( 0.0000000000000000000, 0.0000000000000000000, 1.000000000000000000 ) ) ;
#10742 = EDGE_LOOP ( 'NONE', ( #9688, #8134, #9246, #7779 ) ) ;
#10743 = CARTESIAN_POINT ( 'NONE',  ( 14.04187701221969500, 0.6000000000000276200, 14.98933636069657500 ) ) ;
#10744 = EDGE_LOOP ( 'NONE', ( #4228, #8818, #39 ) ) ;
#10745 = AXIS2_PLACEMENT_3D ( 'NONE', #1188, #7851, #7894 ) ;
#10746 = FACE_OUTER_BOUND ( 'NONE', #7689, .T. ) ;
#10748 = DIRECTION ( 'NONE',  ( 0.0000000000000000000, -1.000000000000000000, 0.0000000000000000000 ) ) ;
#10747 = FACE_OUTER_BOUND ( 'NONE', #554, .T. ) ;
#10749 = ORIENTED_EDGE ( 'NONE', *, *, #10293, .F. ) ;
#10750 = EDGE_CURVE ( 'NONE', #801, #5266, #6775, .T. ) ;
#10751 = ADVANCED_FACE ( 'NONE', ( #9388 ), #3934, .T. ) ;
#10752 = DIRECTION ( 'NONE',  ( 0.5469441386039886100, 2.697020329565932900E-016, -0.8371691043312222700 ) ) ;
#10753 = ORIENTED_EDGE ( 'NONE', *, *, #711, .F. ) ;
#10754 = ORIENTED_EDGE ( 'NONE', *, *, #12221, .F. ) ;
#10755 = PLANE ( 'NONE',  #3548 ) ;
#10756 = DIRECTION ( 'NONE',  ( 0.0000000000000000000, 0.0000000000000000000, 1.000000000000000000 ) ) ;
#10757 = CARTESIAN_POINT ( 'NONE',  ( -1.146920613196721600, 4.110050607254169800, 28.20000000000000300 ) ) ;
#10758 = ORIENTED_EDGE ( 'NONE', *, *, #10857, .F. ) ;
#10759 = DIRECTION ( 'NONE',  ( 0.0000000000000000000, 1.000000000000000000, -0.0000000000000000000 ) ) ;
#10760 = CIRCLE ( 'NONE', #798, 1.999999999999998200 ) ;
#10761 = CYLINDRICAL_SURFACE ( 'NONE', #3833, 25.60000000000001900 ) ;
#10762 = AXIS2_PLACEMENT_3D ( 'NONE', #9647, #3863, #10615 ) ;
#10763 = ORIENTED_EDGE ( 'NONE', *, *, #1487, .F. ) ;
#10764 = DIRECTION ( 'NONE',  ( 0.0000000000000000000, 0.0000000000000000000, 1.000000000000000000 ) ) ;
#10765 = CARTESIAN_POINT ( 'NONE',  ( 16.08204932900881800, 2.610000000000027400, 15.28558374216748400 ) ) ;
#10766 = VERTEX_POINT ( 'NONE', #9319 ) ;
#10767 = ORIENTED_EDGE ( 'NONE', *, *, #5608, .F. ) ;
#10768 = ADVANCED_FACE ( 'NONE', ( #6494 ), #3534, .F. ) ;
#10769 = PLANE ( 'NONE',  #10613 ) ;
#10770 = CARTESIAN_POINT ( 'NONE',  ( 13.13154598666893600, 26.00000000000000400, -21.15000000000000200 ) ) ;
#10771 = EDGE_CURVE ( 'NONE', #6543, #3474, #4247, .T. ) ;
#10772 = LINE ( 'NONE', #10163, #6227 ) ;
#10773 = AXIS2_PLACEMENT_3D ( 'NONE', #1305, #8006, #2271 ) ;
#10774 = ORIENTED_EDGE ( 'NONE', *, *, #222, .T. ) ;
#10775 = CIRCLE ( 'NONE', #9299, 4.150000000000001200 ) ;
#10776 = CIRCLE ( 'NONE', #9070, 1.249999999999997600 ) ;
#10777 = CARTESIAN_POINT ( 'NONE',  ( 6.938893903907228400E-015, 29.89999999999999500, -2.499999999999996400 ) ) ;
#10778 = DIRECTION ( 'NONE',  ( -0.3735429735244764600, 0.8949343913984425500, -0.2440452458516482500 ) ) ;
#10779 = ORIENTED_EDGE ( 'NONE', *, *, #6793, .F. ) ;
#10780 = DIRECTION ( 'NONE',  ( 0.0000000000000000000, 0.0000000000000000000, 1.000000000000000000 ) ) ;
#10781 = EDGE_LOOP ( 'NONE', ( #4193, #9787, #1618, #1230 ) ) ;
#10782 = DIRECTION ( 'NONE',  ( 0.5469441386039882700, 0.0000000000000000000, -0.8371691043312226000 ) ) ;
#10783 = CARTESIAN_POINT ( 'NONE',  ( 3.469446951953614200E-015, 0.0000000000000000000, 6.938893903907228400E-015 ) ) ;
#10784 = CIRCLE ( 'NONE', #6352, 1.249999999999999300 ) ;
#10785 = ORIENTED_EDGE ( 'NONE', *, *, #10068, .T. ) ;
#10786 = FACE_OUTER_BOUND ( 'NONE', #3189, .T. ) ;
#10787 = EDGE_LOOP ( 'NONE', ( #4025, #11416 ) ) ;
#10788 = EDGE_CURVE ( 'NONE', #757, #12416, #9061, .T. ) ;
#10789 = CARTESIAN_POINT ( 'NONE',  ( -14.96325836533528200, 2.610000000000031400, -15.64506694184905200 ) ) ;
#10790 = VERTEX_POINT ( 'NONE', #10331 ) ;
#10791 = EDGE_CURVE ( 'NONE', #3353, #623, #9686, .T. ) ;
#10792 = DIRECTION ( 'NONE',  ( 0.5469441386039886100, 0.0000000000000000000, -0.8371691043312222700 ) ) ;
#10793 = PLANE ( 'NONE',  #7569 ) ;
#10794 = CARTESIAN_POINT ( 'NONE',  ( -15.50000000000000700, 33.69999999999998200, -16.75000000000000700 ) ) ;
#10795 = CARTESIAN_POINT ( 'NONE',  ( -15.50000000000000700, -997.2093446488945600, 15.50000000000000400 ) ) ;
#10796 = FACE_OUTER_BOUND ( 'NONE', #10326, .T. ) ;
#10797 = EDGE_LOOP ( 'NONE', ( #6501, #10603, #8769, #9567 ) ) ;
#10798 = CIRCLE ( 'NONE', #77, 8.000000000000000000 ) ;
#10799 = CARTESIAN_POINT ( 'NONE',  ( 15.50000000000000400, 2.610000000000027400, 15.50000000000000500 ) ) ;
#10800 = CARTESIAN_POINT ( 'NONE',  ( -21.00000000000000000, 12.00000000000000000, 0.0000000000000000000 ) ) ;
#10801 = CARTESIAN_POINT ( 'NONE',  ( 3.514146560122492800E-014, 36.00000000000000700, 3.650000000000031400 ) ) ;
#10802 = ORIENTED_EDGE ( 'NONE', *, *, #7638, .T. ) ;
#10803 = AXIS2_PLACEMENT_3D ( 'NONE', #1963, #7736, #2008 ) ;
#10804 = VECTOR ( 'NONE', #4195, 1000.000000000000000 ) ;
#10805 = ADVANCED_FACE ( 'NONE', ( #1390 ), #4543, .T. ) ;
#10806 = AXIS2_PLACEMENT_3D ( 'NONE', #7625, #1896, #8603 ) ;
#10807 = CIRCLE ( 'NONE', #6890, 0.5560000000000002700 ) ;
#10808 = DIRECTION ( 'NONE',  ( 0.0000000000000000000, 0.0000000000000000000, 1.000000000000000000 ) ) ;
#10809 = ORIENTED_EDGE ( 'NONE', *, *, #10138, .T. ) ;
#10810 = ORIENTED_EDGE ( 'NONE', *, *, #12422, .T. ) ;
#10811 = CARTESIAN_POINT ( 'NONE',  ( -15.74686437657937800, 2.424605185108650800, -14.95618568730829900 ) ) ;
#10812 = VECTOR ( 'NONE', #8065, 1000.000000000000000 ) ;
#10813 = ORIENTED_EDGE ( 'NONE', *, *, #263, .F. ) ;
#10814 = ADVANCED_FACE ( 'NONE', ( #1075 ), #4588, .T. ) ;
#10815 = DIRECTION ( 'NONE',  ( -0.0000000000000000000, -1.000000000000000000, 0.0000000000000000000 ) ) ;
#10816 = VERTEX_POINT ( 'NONE', #6462 ) ;
#10817 = DIRECTION ( 'NONE',  ( 0.0000000000000000000, -1.000000000000000000, 0.0000000000000000000 ) ) ;
#10818 = AXIS2_PLACEMENT_3D ( 'NONE', #9465, #12393, #6569 ) ;
#10819 = CIRCLE ( 'NONE', #11081, 2.000000000000001800 ) ;
#10820 = EDGE_CURVE ( 'NONE', #10996, #994, #6193, .T. ) ;
#10821 = AXIS2_PLACEMENT_3D ( 'NONE', #2316, #9039, #3277 ) ;
#10822 = VECTOR ( 'NONE', #2379, 1000.000000000000000 ) ;
#10823 = CARTESIAN_POINT ( 'NONE',  ( 14.44661567478664600, 0.6000000000000276200, 14.36983122349147000 ) ) ;
#10824 = EDGE_CURVE ( 'NONE', #1956, #4879, #11042, .T. ) ;
#10825 = DIRECTION ( 'NONE',  ( 0.0000000000000000000, 0.0000000000000000000, -1.000000000000000000 ) ) ;
#10826 = ORIENTED_EDGE ( 'NONE', *, *, #7928, .F. ) ;
#10827 = ADVANCED_FACE ( 'NONE', ( #8754 ), #3638, .F. ) ;
#10828 = DIRECTION ( 'NONE',  ( 0.0000000000000000000, -1.000000000000000000, 0.0000000000000000000 ) ) ;
#10829 = DIRECTION ( 'NONE',  ( 0.5469441386039886100, 0.0000000000000000000, -0.8371691043312222700 ) ) ;
#10830 = CIRCLE ( 'NONE', #11641, 25.60000000000001900 ) ;
#10831 = DIRECTION ( 'NONE',  ( 0.0000000000000000000, 0.0000000000000000000, -1.000000000000000000 ) ) ;
#10832 = AXIS2_PLACEMENT_3D ( 'NONE', #8600, #3821, #10571 ) ;
#10833 = ORIENTED_EDGE ( 'NONE', *, *, #2550, .F. ) ;
#10834 = ORIENTED_EDGE ( 'NONE', *, *, #6949, .F. ) ;
#10835 = ORIENTED_EDGE ( 'NONE', *, *, #4605, .T. ) ;
#10836 = DIRECTION ( 'NONE',  ( 0.0000000000000000000, 0.0000000000000000000, 1.000000000000000000 ) ) ;
#10837 = DIRECTION ( 'NONE',  ( 0.0000000000000000000, 1.000000000000000000, 0.0000000000000000000 ) ) ;
#10838 = EDGE_CURVE ( 'NONE', #8387, #4879, #5892, .T. ) ;
#10839 = CARTESIAN_POINT ( 'NONE',  ( -16.32041620790598900, 2.581370849898484200, 16.75575365649683900 ) ) ;
#10840 = ORIENTED_EDGE ( 'NONE', *, *, #602, .F. ) ;
#10841 = AXIS2_PLACEMENT_3D ( 'NONE', #7000, #9989, #4205 ) ;
#10842 = FACE_BOUND ( 'NONE', #4384, .T. ) ;
#10843 = LINE ( 'NONE', #9183, #8245 ) ;
#10844 = ORIENTED_EDGE ( 'NONE', *, *, #3142, .F. ) ;
#10845 = DIRECTION ( 'NONE',  ( 0.5469441386039892700, 0.0000000000000000000, -0.8371691043312217100 ) ) ;
#10846 = DIRECTION ( 'NONE',  ( 0.5469441386039879400, 0.0000000000000000000, -0.8371691043312227100 ) ) ;
#10847 = ORIENTED_EDGE ( 'NONE', *, *, #3351, .T. ) ;
#10848 = CARTESIAN_POINT ( 'NONE',  ( 14.86746421971173900, 0.6000000000000297300, -15.20830766548010300 ) ) ;
#10849 = EDGE_LOOP ( 'NONE', ( #12321, #5790 ) ) ;
#10850 = CARTESIAN_POINT ( 'NONE',  ( -15.50000000000000700, 1.000000000000036400, -15.49999999999999600 ) ) ;
#10851 = PRODUCT ( '17HS13-0404S', '17HS13-0404S', '', ( #10283 ) ) ;
#10852 = DIRECTION ( 'NONE',  ( -1.475119460951884600E-016, 1.000000000000000000, 2.257862093665809900E-016 ) ) ;
#10853 = TOROIDAL_SURFACE ( 'NONE', #8681, 7.700000000000005500, 0.2999999999999994900 ) ;
#10854 = LINE ( 'NONE', #6521, #5712 ) ;
#10855 = AXIS2_PLACEMENT_3D ( 'NONE', #167, #3052, #5950 ) ;
#10856 = VERTEX_POINT ( 'NONE', #7495 ) ;
#10857 = EDGE_CURVE ( 'NONE', #12496, #5905, #8128, .T. ) ;
#10858 = ORIENTED_EDGE ( 'NONE', *, *, #162, .T. ) ;
#10859 = EDGE_CURVE ( 'NONE', #3767, #5398, #3335, .T. ) ;
#10860 = DIRECTION ( 'NONE',  ( -0.5469441386039886100, 0.0000000000000000000, 0.8371691043312222700 ) ) ;
#10861 = ORIENTED_EDGE ( 'NONE', *, *, #3695, .T. ) ;
#10862 = ADVANCED_FACE ( 'NONE', ( #764 ), #2734, .T. ) ;
#10863 = VERTEX_POINT ( 'NONE', #1803 ) ;
#10864 = MANIFOLD_SOLID_BREP ( 'countersunk flat head cross recess screw_din-3-solid1', #3015 ) ;
#10865 = CARTESIAN_POINT ( 'NONE',  ( 20.99999999999999600, 34.00000000000000000, 3.469446951953614200E-015 ) ) ;
#10866 = FACE_OUTER_BOUND ( 'NONE', #12391, .T. ) ;
#10867 = LINE ( 'NONE', #11711, #9658 ) ;
#10868 = ORIENTED_EDGE ( 'NONE', *, *, #10258, .T. ) ;
#10869 = CARTESIAN_POINT ( 'NONE',  ( -15.58276350254038800, 2.610000000000031400, -16.04980560441600100 ) ) ;
#10870 = DIRECTION ( 'NONE',  ( -0.0000000000000000000, -1.000000000000000000, 0.0000000000000000000 ) ) ;
#10871 = DIRECTION ( 'NONE',  ( 0.0000000000000000000, 0.0000000000000000000, 1.000000000000000000 ) ) ;
#10872 = ORIENTED_EDGE ( 'NONE', *, *, #7002, .F. ) ;
#10873 = EDGE_LOOP ( 'NONE', ( #5723, #6074, #2043, #9397, #998, #565, #3414 ) ) ;
#10874 = ADVANCED_FACE ( 'NONE', ( #3032 ), #6549, .T. ) ;
#10875 = AXIS2_PLACEMENT_3D ( 'NONE', #11297, #8395, #2648 ) ;
#10876 = EDGE_CURVE ( 'NONE', #6987, #1877, #7830, .T. ) ;
#10877 = ORIENTED_EDGE ( 'NONE', *, *, #9172, .F. ) ;
#10878 = AXIS2_PLACEMENT_3D ( 'NONE', #3935, #6867, #3980 ) ;
#10879 = DIRECTION ( 'NONE',  ( 0.0000000000000000000, 1.000000000000000000, 0.0000000000000000000 ) ) ;
#10880 = CIRCLE ( 'NONE', #10773, 1.999999999999995300 ) ;
#10881 = VECTOR ( 'NONE', #8079, 1000.000000000000000 ) ;
#10882 = DIRECTION ( 'NONE',  ( -0.0000000000000000000, -1.000000000000000000, -0.0000000000000000000 ) ) ;
#10883 = DIRECTION ( 'NONE',  ( -1.475119460951884600E-016, 1.000000000000000000, 2.257862093665809900E-016 ) ) ;
#10884 = ORIENTED_EDGE ( 'NONE', *, *, #10380, .F. ) ;
#10885 = ORIENTED_EDGE ( 'NONE', *, *, #948, .F. ) ;
#10886 = VERTEX_POINT ( 'NONE', #6619 ) ;
#10887 = DIRECTION ( 'NONE',  ( 0.0000000000000000000, 0.0000000000000000000, 1.000000000000000000 ) ) ;
#10888 = DIRECTION ( 'NONE',  ( 0.0000000000000000000, 1.000000000000000000, 0.0000000000000000000 ) ) ;
#10889 = ORIENTED_EDGE ( 'NONE', *, *, #9621, .F. ) ;
#10890 = ADVANCED_FACE ( 'NONE', ( #10435 ), #10130, .F. ) ;
#10891 = CARTESIAN_POINT ( 'NONE',  ( 15.49999999999999300, 33.69999999999998200, -14.24999999999998600 ) ) ;
#10892 = CARTESIAN_POINT ( 'NONE',  ( 14.64103821455294800, 12.00000000000000000, -20.99999999999999600 ) ) ;
#10893 = EDGE_CURVE ( 'NONE', #2809, #4585, #151, .T. ) ;
#10894 = AXIS2_PLACEMENT_3D ( 'NONE', #7457, #731, #8427 ) ;
#10895 = LINE ( 'NONE', #4171, #6039 ) ;
#10896 = LINE ( 'NONE', #11004, #7985 ) ;
#10897 = EDGE_CURVE ( 'NONE', #7184, #11249, #5294, .T. ) ;
#10899 = EDGE_CURVE ( 'NONE', #2789, #3516, #459, .T. ) ;
#10898 = EDGE_LOOP ( 'NONE', ( #1455, #6748, #11473 ) ) ;
#10900 = AXIS2_PLACEMENT_3D ( 'NONE', #1954, #2908, #9660 ) ;
#10901 = DIRECTION ( 'NONE',  ( 0.0000000000000000000, 0.0000000000000000000, 1.000000000000000000 ) ) ;
#10902 = CARTESIAN_POINT ( 'NONE',  ( 3.469446951953614200E-015, 2.500000000000004000, -4.499999999999993800 ) ) ;
#10903 = EDGE_CURVE ( 'NONE', #9546, #575, #7521, .T. ) ;
#10904 = EDGE_LOOP ( 'NONE', ( #7991, #6784 ) ) ;
#10905 = EDGE_LOOP ( 'NONE', ( #11900, #9108, #9603, #2776 ) ) ;
#10906 = DIRECTION ( 'NONE',  ( -0.0000000000000000000, -1.000000000000000000, 0.0000000000000000000 ) ) ;
#10907 = ORIENTED_EDGE ( 'NONE', *, *, #7414, .F. ) ;
#10908 = LINE ( 'NONE', #3663, #5759 ) ;
#10909 = FACE_OUTER_BOUND ( 'NONE', #2303, .T. ) ;
#10910 = DIRECTION ( 'NONE',  ( -0.0000000000000000000, -1.000000000000000000, 0.0000000000000000000 ) ) ;
#10911 = ORIENTED_EDGE ( 'NONE', *, *, #9907, .T. ) ;
#10912 = CARTESIAN_POINT ( 'NONE',  ( 15.49999999999999300, 2.500000000000016000, -15.49999999999999600 ) ) ;
#10913 = AXIS2_PLACEMENT_3D ( 'NONE', #8335, #1666, #6406 ) ;
#10914 = DIRECTION ( 'NONE',  ( 0.0000000000000000000, 0.0000000000000000000, 1.000000000000000000 ) ) ;
#10915 = VERTEX_POINT ( 'NONE', #6698 ) ;
#10916 = EDGE_LOOP ( 'NONE', ( #9007, #487 ) ) ;
#10917 = EDGE_CURVE ( 'NONE', #10277, #647, #5598, .T. ) ;
#10918 = EDGE_LOOP ( 'NONE', ( #3676, #11930, #4507, #5741 ) ) ;
#10919 = ORIENTED_EDGE ( 'NONE', *, *, #2152, .F. ) ;
#10920 = LINE ( 'NONE', #6592, #3518 ) ;
#10921 = CARTESIAN_POINT ( 'NONE',  ( -15.35493305815095300, 2.610000000000006100, 16.03674163466472900 ) ) ;
#10922 = ORIENTED_EDGE ( 'NONE', *, *, #4067, .F. ) ;
#10923 = DIRECTION ( 'NONE',  ( 0.0000000000000000000, 0.0000000000000000000, 1.000000000000000000 ) ) ;
#10924 = EDGE_CURVE ( 'NONE', #10530, #8038, #12425, .T. ) ;
#10925 = VECTOR ( 'NONE', #1756, 1000.000000000000100 ) ;
#10926 = FACE_OUTER_BOUND ( 'NONE', #9493, .T. ) ;
#10927 = EDGE_LOOP ( 'NONE', ( #8729, #5338, #7978, #11823 ) ) ;
#10928 = DIRECTION ( 'NONE',  ( -0.0000000000000000000, -1.000000000000000000, 0.0000000000000000000 ) ) ;
#10929 = VERTEX_POINT ( 'NONE', #5748 ) ;
#10930 = CARTESIAN_POINT ( 'NONE',  ( 15.50000000000000200, 2.790655351105519000, 15.50000000000000500 ) ) ;
#10931 = VECTOR ( 'NONE', #3874, 1000.000000000000000 ) ;
#10932 = ORIENTED_EDGE ( 'NONE', *, *, #12143, .T. ) ;
#10933 = ADVANCED_FACE ( 'NONE', ( #4987 ), #11769, .F. ) ;
#10934 = CIRCLE ( 'NONE', #872, 0.5560000000000002700 ) ;
#10935 = LINE ( 'NONE', #249, #5504 ) ;
#10936 = DIRECTION ( 'NONE',  ( 0.7071067811865479100, 0.0000000000000000000, 0.7071067811865472400 ) ) ;
#10937 = CARTESIAN_POINT ( 'NONE',  ( 0.0000000000000000000, 2.628844685195824000, 18.00000000000000700 ) ) ;
#10938 = ORIENTED_EDGE ( 'NONE', *, *, #7460, .T. ) ;
#10939 = DIRECTION ( 'NONE',  ( 0.0000000000000000000, 1.000000000000000000, 0.0000000000000000000 ) ) ;
#10940 = CARTESIAN_POINT ( 'NONE',  ( 3.469446951953614200E-014, 35.50000000000000700, 3.122502256758252800E-014 ) ) ;
#10941 = EDGE_CURVE ( 'NONE', #1032, #3894, #2143, .T. ) ;
#10943 = ORIENTED_EDGE ( 'NONE', *, *, #9919, .T. ) ;
#10942 = VERTEX_POINT ( 'NONE', #7655 ) ;
#10944 = CARTESIAN_POINT ( 'NONE',  ( 3.469446951953614200E-014, 23.40000000000000600, 3.122502256758252800E-014 ) ) ;
#10945 = VECTOR ( 'NONE', #8819, 1000.000000000000000 ) ;
#10946 = DIRECTION ( 'NONE',  ( 0.0000000000000000000, 0.0000000000000000000, -1.000000000000000000 ) ) ;
#10947 = ORIENTED_EDGE ( 'NONE', *, *, #6810, .F. ) ;
#10948 = DIRECTION ( 'NONE',  ( 0.0000000000000000000, 0.0000000000000000000, -1.000000000000000000 ) ) ;
#10949 = FACE_OUTER_BOUND ( 'NONE', #659, .T. ) ;
#10950 = DIRECTION ( 'NONE',  ( 0.7071067811865474600, 0.0000000000000000000, 0.7071067811865474600 ) ) ;
#10951 = CARTESIAN_POINT ( 'NONE',  ( -15.50000000000000700, 26.00000000000000400, -15.49999999999999600 ) ) ;
#10952 = ORIENTED_EDGE ( 'NONE', *, *, #252, .T. ) ;
#10953 = LINE ( 'NONE', #1757, #10354 ) ;
#10954 = DIRECTION ( 'NONE',  ( -0.0000000000000000000, -1.000000000000000000, 0.0000000000000000000 ) ) ;
#10955 = CARTESIAN_POINT ( 'NONE',  ( -4.000000000000001800, 8.500000000000000000, 18.00000000000000700 ) ) ;
#10956 = AXIS2_PLACEMENT_3D ( 'NONE', #1933, #8649, #2892 ) ;
#10957 = VECTOR ( 'NONE', #7086, 1000.000000000000200 ) ;
#10958 = VERTEX_POINT ( 'NONE', #8861 ) ;
#10959 = EDGE_CURVE ( 'NONE', #7818, #4307, #9522, .T. ) ;
#10960 = PLANE ( 'NONE',  #740 ) ;
#10961 = ADVANCED_FACE ( 'NONE', ( #4693 ), #9639, .T. ) ;
#10962 = CIRCLE ( 'NONE', #4933, 7.700000000000005500 ) ;
#10963 = CARTESIAN_POINT ( 'NONE',  ( 1.932019013674677800, 53.98630900375073300, 0.5820175168171309900 ) ) ;
#10964 = CARTESIAN_POINT ( 'NONE',  ( 3.469446951953614200E-014, 34.00000000000000000, 3.122502256758252800E-014 ) ) ;
#10965 = DIRECTION ( 'NONE',  ( 0.0000000000000000000, 0.0000000000000000000, 1.000000000000000000 ) ) ;
#10966 = DIRECTION ( 'NONE',  ( 0.5469441386039883800, 0.0000000000000000000, -0.8371691043312222700 ) ) ;
#10967 = ORIENTED_EDGE ( 'NONE', *, *, #4789, .F. ) ;
#10968 = ORIENTED_EDGE ( 'NONE', *, *, #18, .F. ) ;
#10969 = LINE ( 'NONE', #6870, #8057 ) ;
#10970 = VERTEX_POINT ( 'NONE', #8905 ) ;
#10971 = VECTOR ( 'NONE', #955, 999.9999999999998900 ) ;
#10972 = DIRECTION ( 'NONE',  ( 0.0000000000000000000, 0.0000000000000000000, 1.000000000000000000 ) ) ;
#10973 = CARTESIAN_POINT ( 'NONE',  ( -20.99999999999998200, 23.40000000000000600, 3.469446951953614200E-015 ) ) ;
#10974 = DIRECTION ( 'NONE',  ( 1.000000000000000000, 0.0000000000000000000, -1.224646799147353200E-016 ) ) ;
#10975 = VECTOR ( 'NONE', #2709, 1000.000000000000000 ) ;
#10976 = AXIS2_PLACEMENT_3D ( 'NONE', #7146, #9107, #3329 ) ;
#10977 = AXIS2_PLACEMENT_3D ( 'NONE', #4662, #11426, #5631 ) ;
#10978 = VERTEX_POINT ( 'NONE', #3147 ) ;
#10979 = EDGE_LOOP ( 'NONE', ( #3165, #8404, #4252, #3641 ) ) ;
#10980 = CARTESIAN_POINT ( 'NONE',  ( 19.00000000000000400, 0.0000000000000000000, -16.37157287525380400 ) ) ;
#10981 = CYLINDRICAL_SURFACE ( 'NONE', #717, 0.4999999999999982200 ) ;
#10982 = VECTOR ( 'NONE', #8679, 1000.000000000000000 ) ;
#10983 = DIRECTION ( 'NONE',  ( 0.0000000000000000000, 0.0000000000000000000, 1.000000000000000000 ) ) ;
#10984 = ORIENTED_EDGE ( 'NONE', *, *, #7334, .T. ) ;
#10985 = CARTESIAN_POINT ( 'NONE',  ( 15.49999999999999300, 34.00000000000000000, -14.24999999999998600 ) ) ;
#10986 = ORIENTED_EDGE ( 'NONE', *, *, #10614, .T. ) ;
#10987 = AXIS2_PLACEMENT_3D ( 'NONE', #1526, #6303, #2488 ) ;
#10988 = DIRECTION ( 'NONE',  ( -0.0000000000000000000, -1.000000000000000000, 0.0000000000000000000 ) ) ;
#10989 = AXIS2_PLACEMENT_3D ( 'NONE', #5656, #12446, #9500 ) ;
#10990 = CARTESIAN_POINT ( 'NONE',  ( 14.24202848121083100, 2.581370849898505100, 17.42548893996181600 ) ) ;
#10991 = ADVANCED_FACE ( 'NONE', ( #1834 ), #2184, .F. ) ;
#10992 = EDGE_CURVE ( 'NONE', #645, #6470, #12120, .T. ) ;
#10993 = CYLINDRICAL_SURFACE ( 'NONE', #10572, 2.000000000000001800 ) ;
#10994 = DATE_AND_TIME ( #1030, #3595 ) ;
#10995 = ORIENTED_EDGE ( 'NONE', *, *, #10614, .F. ) ;
#10996 = VERTEX_POINT ( 'NONE', #264 ) ;
#10997 = DIRECTION ( 'NONE',  ( 0.0000000000000000000, -1.000000000000000000, 0.0000000000000000000 ) ) ;
#10998 = ORIENTED_EDGE ( 'NONE', *, *, #396, .T. ) ;
#10999 = CARTESIAN_POINT ( 'NONE',  ( 15.49999999999999300, 8.500000000000000000, -15.49999999999999600 ) ) ;
#11000 = EDGE_LOOP ( 'NONE', ( #2106, #11328, #8381, #17, #12290, #12226 ) ) ;
#11001 = DIRECTION ( 'NONE',  ( -0.0000000000000000000, -1.000000000000000000, 0.0000000000000000000 ) ) ;
#11002 = DIRECTION ( 'NONE',  ( 0.0000000000000000000, 1.000000000000000000, -0.0000000000000000000 ) ) ;
#11003 = CARTESIAN_POINT ( 'NONE',  ( -15.50000000000000700, 8.500000000000000000, 14.24999999999999300 ) ) ;
#11004 = CARTESIAN_POINT ( 'NONE',  ( -21.00000000000000000, 0.5000000000000000000, 16.37157287525380800 ) ) ;
#11005 = EDGE_LOOP ( 'NONE', ( #1124, #5586, #6363, #3938, #6509, #8114 ) ) ;
#11006 = AXIS2_PLACEMENT_3D ( 'NONE', #11307, #5529, #12304 ) ;
#11007 = CIRCLE ( 'NONE', #4596, 25.60000000000001900 ) ;
#11008 = CYLINDRICAL_SURFACE ( 'NONE', #9195, 0.4999999999999982200 ) ;
#11009 = ORIENTED_EDGE ( 'NONE', *, *, #724, .T. ) ;
#11010 = CARTESIAN_POINT ( 'NONE',  ( -14.44661567478664700, 0.6000000000000063100, 16.63016877650854000 ) ) ;
#11011 = DIRECTION ( 'NONE',  ( -0.3735429735244768500, 0.8949343913984423300, -0.2440452458516482500 ) ) ;
#11012 = DIRECTION ( 'NONE',  ( 0.0000000000000000000, -1.000000000000000000, 0.0000000000000000000 ) ) ;
#11013 = EDGE_CURVE ( 'NONE', #8238, #1673, #11806, .T. ) ;
#11014 = DIRECTION ( 'NONE',  ( -1.224646799147340400E-016, 0.0000000000000000000, 1.000000000000000000 ) ) ;
#11015 = ORIENTED_EDGE ( 'NONE', *, *, #10771, .T. ) ;
#11016 = AXIS2_PLACEMENT_3D ( 'NONE', #5761, #12558, #6709 ) ;
#11017 = ORIENTED_EDGE ( 'NONE', *, *, #11447, .T. ) ;
#11018 = CARTESIAN_POINT ( 'NONE',  ( 15.50000000000000400, 2.610000000000027400, 15.50000000000000500 ) ) ;
#11019 = CARTESIAN_POINT ( 'NONE',  ( 3.469446951953614200E-015, 2.800000000000002000, 6.938893903907228400E-015 ) ) ;
#11020 = ADVANCED_FACE ( 'NONE', ( #4388 ), #1536, .T. ) ;
#11021 = FACE_OUTER_BOUND ( 'NONE', #10076, .T. ) ;
#11022 = CONICAL_SURFACE ( 'NONE', #3849, 0.5559999999999988300, 0.06981317007976596500 ) ;
#11023 = EDGE_LOOP ( 'NONE', ( #11488, #1827, #10695, #596 ) ) ;
#11024 = EDGE_CURVE ( 'NONE', #10970, #8144, #9222, .T. ) ;
#11025 = DIRECTION ( 'NONE',  ( -0.5469441386039886100, 0.0000000000000000000, 0.8371691043312222700 ) ) ;
#11026 = DIRECTION ( 'NONE',  ( 0.0000000000000000000, -1.000000000000000000, 0.0000000000000000000 ) ) ;
#11027 = EDGE_LOOP ( 'NONE', ( #4422, #4495, #5617, #5885 ) ) ;
#11028 = PLANE ( 'NONE',  #12017 ) ;
#11029 = AXIS2_PLACEMENT_3D ( 'NONE', #636, #7351, #1622 ) ;
#11030 = EDGE_CURVE ( 'NONE', #6214, #7818, #4074, .T. ) ;
#11031 = LINE ( 'NONE', #1765, #752 ) ;
#11032 = CIRCLE ( 'NONE', #2396, 1.250000000000011500 ) ;
#11033 = DIRECTION ( 'NONE',  ( 0.5469441386039908300, 0.0000000000000000000, -0.8371691043312209400 ) ) ;
#11034 = VERTEX_POINT ( 'NONE', #6081 ) ;
#11035 = EDGE_CURVE ( 'NONE', #8780, #4265, #11495, .T. ) ;
#11036 = DIRECTION ( 'NONE',  ( -0.5469441386039887200, 0.0000000000000000000, 0.8371691043312221600 ) ) ;
#11037 = EDGE_LOOP ( 'NONE', ( #1471, #8325, #4375, #5410 ) ) ;
#11038 = EDGE_LOOP ( 'NONE', ( #11177, #6170 ) ) ;
#11039 = VERTEX_POINT ( 'NONE', #9980 ) ;
#11040 = CARTESIAN_POINT ( 'NONE',  ( -3.888629745115985700, 8.500000000000000000, 18.00000000000000700 ) ) ;
#11041 = VECTOR ( 'NONE', #4553, 1000.000000000000000 ) ;
#11042 = CIRCLE ( 'NONE', #11531, 1.249999999999999300 ) ;
#11043 = CARTESIAN_POINT ( 'NONE',  ( -0.3394521936433762500, 4.110050607254169800, 18.20000000000000300 ) ) ;
#11044 = DIRECTION ( 'NONE',  ( -0.0000000000000000000, -1.000000000000000000, 0.0000000000000000000 ) ) ;
#11045 = ORIENTED_EDGE ( 'NONE', *, *, #1195, .F. ) ;
#11046 = DIRECTION ( 'NONE',  ( 0.0000000000000000000, 1.000000000000000000, -0.0000000000000000000 ) ) ;
#11047 = AXIS2_PLACEMENT_3D ( 'NONE', #688, #7416, #1674 ) ;
#11048 = EDGE_CURVE ( 'NONE', #11487, #9777, #7232, .T. ) ;
#11049 = AXIS2_PLACEMENT_3D ( 'NONE', #10125, #8235, #10845 ) ;
#11050 = ORIENTED_EDGE ( 'NONE', *, *, #5947, .T. ) ;
#11051 = EDGE_LOOP ( 'NONE', ( #2317, #5886 ) ) ;
#11052 = ORIENTED_EDGE ( 'NONE', *, *, #3672, .T. ) ;
#11053 = DIRECTION ( 'NONE',  ( 0.0000000000000000000, 1.000000000000000000, 0.0000000000000000000 ) ) ;
#11054 = CARTESIAN_POINT ( 'NONE',  ( -14.67958379209402300, 2.581370849898509500, -16.75575365649683200 ) ) ;
#11055 = CARTESIAN_POINT ( 'NONE',  ( -15.50000000000000700, 1.000000000000036400, -15.49999999999999600 ) ) ;
#11056 = ORIENTED_EDGE ( 'NONE', *, *, #3104, .F. ) ;
#11057 = DIRECTION ( 'NONE',  ( 1.000000000000000000, 1.084202172485504400E-016, 0.0000000000000000000 ) ) ;
#11058 = TOROIDAL_SURFACE ( 'NONE', #6298, 2.299999999999999800, 0.8000000000000000400 ) ;
#11059 = VECTOR ( 'NONE', #12516, 999.9999999999998900 ) ;
#11060 = ADVANCED_FACE ( 'NONE', ( #6029 ), #8286, .T. ) ;
#11061 = ORIENTED_EDGE ( 'NONE', *, *, #5034, .F. ) ;
#11062 = CARTESIAN_POINT ( 'NONE',  ( 6.938893903907228400E-015, 34.60000000000000900, -7.999999999999996400 ) ) ;
#11063 = ORIENTED_EDGE ( 'NONE', *, *, #9197, .F. ) ;
#11064 = ORIENTED_EDGE ( 'NONE', *, *, #12169, .F. ) ;
#11065 = DIRECTION ( 'NONE',  ( 0.7071067811865472400, 0.7071067811865479100, 0.0000000000000000000 ) ) ;
#11066 = ORIENTED_EDGE ( 'NONE', *, *, #509, .T. ) ;
#11067 = AXIS2_PLACEMENT_3D ( 'NONE', #670, #9363, #3578 ) ;
#11068 = FACE_OUTER_BOUND ( 'NONE', #6807, .T. ) ;
#11069 = CIRCLE ( 'NONE', #1255, 1.500000000000001300 ) ;
#11070 = CARTESIAN_POINT ( 'NONE',  ( 15.50000000000000400, 2.610000000000027400, 15.50000000000000500 ) ) ;
#11071 = CARTESIAN_POINT ( 'NONE',  ( -15.20830766548011500, 0.6000000000000063100, 16.13253578028825800 ) ) ;
#11072 = EDGE_LOOP ( 'NONE', ( #3261, #6021 ) ) ;
#11073 = EDGE_CURVE ( 'NONE', #112, #9624, #913, .T. ) ;
#11074 = ORIENTED_EDGE ( 'NONE', *, *, #991, .F. ) ;
#11075 = DIRECTION ( 'NONE',  ( -0.0000000000000000000, 1.000000000000000000, -0.0000000000000000000 ) ) ;
#11076 = LINE ( 'NONE', #3318, #5924 ) ;
#11077 = CARTESIAN_POINT ( 'NONE',  ( 0.0000000000000000000, 8.500000000000000000, 21.00000000000000400 ) ) ;
#11078 = ORIENTED_EDGE ( 'NONE', *, *, #5119, .T. ) ;
#11079 = FACE_OUTER_BOUND ( 'NONE', #9425, .T. ) ;
#11080 = FACE_BOUND ( 'NONE', #4858, .T. ) ;
#11081 = AXIS2_PLACEMENT_3D ( 'NONE', #580, #7310, #1568 ) ;
#11082 = ORIENTED_EDGE ( 'NONE', *, *, #4869, .T. ) ;
#11083 = DIRECTION ( 'NONE',  ( 0.0000000000000000000, 1.000000000000000000, -0.0000000000000000000 ) ) ;
#11084 = ADVANCED_FACE ( 'NONE', ( #3484 ), #5735, .F. ) ;
#11085 = CARTESIAN_POINT ( 'NONE',  ( 15.49999999999999300, 2.610000000000029200, -15.49999999999999600 ) ) ;
#11086 = ORIENTED_EDGE ( 'NONE', *, *, #7393, .T. ) ;
#11087 = CARTESIAN_POINT ( 'NONE',  ( 0.8530793868032574600, 6.110050607254169800, 30.20000000000000300 ) ) ;
#11088 = ORIENTED_EDGE ( 'NONE', *, *, #8904, .F. ) ;
#11089 = CARTESIAN_POINT ( 'NONE',  ( 19.10000000000000100, 23.40000000000000600, -19.09999999999999100 ) ) ;
#11090 = CARTESIAN_POINT ( 'NONE',  ( -15.50000000000000700, 33.70000000000000300, 15.50000000000000400 ) ) ;
#11091 = EDGE_CURVE ( 'NONE', #5512, #2231, #3777, .T. ) ;
#11092 = CYLINDRICAL_SURFACE ( 'NONE', #1196, 1.500000000000000000 ) ;
#11093 = AXIS2_PLACEMENT_3D ( 'NONE', #3781, #7668, #1943 ) ;
#11094 = VERTEX_POINT ( 'NONE', #6162 ) ;
#11095 = LINE ( 'NONE', #1066, #3389 ) ;
#11096 = ORIENTED_EDGE ( 'NONE', *, *, #10120, .T. ) ;
#11097 = DIRECTION ( 'NONE',  ( 0.7071067811865475700, 0.0000000000000000000, -0.7071067811865475700 ) ) ;
#11098 = DIRECTION ( 'NONE',  ( 0.0000000000000000000, 1.000000000000000000, 0.0000000000000000000 ) ) ;
#11099 = CARTESIAN_POINT ( 'NONE',  ( 15.49999999999999300, 0.0000000000000000000, 15.50000000000000400 ) ) ;
#11100 = EDGE_CURVE ( 'NONE', #4521, #12102, #3188, .T. ) ;
#11101 = CARTESIAN_POINT ( 'NONE',  ( 20.32592592592591200, 26.00000000000000400, -15.56331376197800700 ) ) ;
#11102 = CARTESIAN_POINT ( 'NONE',  ( 21.14999999999998400, 8.500000000000000000, 13.13154598666892500 ) ) ;
#11103 = ORIENTED_EDGE ( 'NONE', *, *, #10021, .T. ) ;
#11104 = DIRECTION ( 'NONE',  ( 0.0000000000000000000, 0.0000000000000000000, -1.000000000000000000 ) ) ;
#11105 =( BOUNDED_CURVE ( )  B_SPLINE_CURVE ( 3, ( #4070, #6920, #233, #6961 ),
 .UNSPECIFIED., .F., .T. ) 
 B_SPLINE_CURVE_WITH_KNOTS ( ( 4, 4 ),
 ( 5.754796812637097000, 6.811573801722078200 ),
 .UNSPECIFIED. ) 
 CURVE ( )  GEOMETRIC_REPRESENTATION_ITEM ( )  RATIONAL_B_SPLINE_CURVE ( ( 1.000000000000000000, 0.9090804130449046100, 0.9090804130449046100, 1.000000000000000000 ) ) 
 REPRESENTATION_ITEM ( '' )  );
#11106 = CIRCLE ( 'NONE', #9014, 1.249999999999997600 ) ;
#11107 = ORIENTED_EDGE ( 'NONE', *, *, #11936, .F. ) ;
#11108 = CARTESIAN_POINT ( 'NONE',  ( -16.37157287525381100, 8.500000000000000000, -20.99999999999999600 ) ) ;
#11109 = LINE ( 'NONE', #8002, #8497 ) ;
#11110 = AXIS2_PLACEMENT_3D ( 'NONE', #10440, #4655, #11421 ) ;
#11111 = DIRECTION ( 'NONE',  ( 1.000000000000000000, 0.0000000000000000000, 1.224646799147353200E-016 ) ) ;
#11112 = EDGE_CURVE ( 'NONE', #6194, #7233, #6334, .T. ) ;
#11113 = AXIS2_PLACEMENT_3D ( 'NONE', #4366, #9220, #3433 ) ;
#11114 = ORIENTED_EDGE ( 'NONE', *, *, #3871, .F. ) ;
#11115 = DIRECTION ( 'NONE',  ( -0.5469441386039888300, -5.359117379318553400E-017, 0.8371691043312222700 ) ) ;
#11116 = TOROIDAL_SURFACE ( 'NONE', #3749, 2.299999999999999800, 0.8000000000000000400 ) ;
#11117 = DIRECTION ( 'NONE',  ( -0.5201747870687639700, -0.3090169943749421200, 0.7961951319151877600 ) ) ;
#11118 = CARTESIAN_POINT ( 'NONE',  ( -14.88084507960053500, 2.610000000000006100, 15.46254419180371400 ) ) ;
#11119 = FACE_OUTER_BOUND ( 'NONE', #4577, .T. ) ;
#11120 = TOROIDAL_SURFACE ( 'NONE', #656, 2.299999999999999800, 0.8000000000000000400 ) ;
#11121 = DIRECTION ( 'NONE',  ( -0.0000000000000000000, 0.0000000000000000000, 1.000000000000000000 ) ) ;
#11122 = ORIENTED_EDGE ( 'NONE', *, *, #4138, .F. ) ;
#11123 = ADVANCED_FACE ( 'NONE', ( #11193 ), #7968, .T. ) ;
#11124 = AXIS2_PLACEMENT_3D ( 'NONE', #9992, #4208, #10966 ) ;
#11125 = EDGE_CURVE ( 'NONE', #3824, #4108, #10175, .T. ) ;
#11126 = VERTEX_POINT ( 'NONE', #432 ) ;
#11127 = ORIENTED_EDGE ( 'NONE', *, *, #306, .T. ) ;
#11128 = AXIS2_PLACEMENT_3D ( 'NONE', #2305, #349, #9810 ) ;
#11129 = CARTESIAN_POINT ( 'NONE',  ( 6.161243186448658000E-015, 11.46250000000000000, 6.350000000000008500 ) ) ;
#11130 = DIRECTION ( 'NONE',  ( -1.000000000000000000, 0.0000000000000000000, 0.0000000000000000000 ) ) ;
#11131 = DIRECTION ( 'NONE',  ( 0.0000000000000000000, -1.000000000000000000, -0.0000000000000000000 ) ) ;
#11132 = CARTESIAN_POINT ( 'NONE',  ( -16.10227920081801000, 1.270265698095164100, 15.74538070642587500 ) ) ;
#11133 = CYLINDRICAL_SURFACE ( 'NONE', #12395, 0.4999999999999982200 ) ;
#11134 = DIRECTION ( 'NONE',  ( 0.0000000000000000000, 0.0000000000000000000, 1.000000000000000000 ) ) ;
#11135 = CARTESIAN_POINT ( 'NONE',  ( 15.49999999999999300, 8.500000000000000000, -14.24999999999998600 ) ) ;
#11136 = VECTOR ( 'NONE', #3298, 999.9999999999998900 ) ;
#11137 = ORIENTED_EDGE ( 'NONE', *, *, #4019, .F. ) ;
#11138 = DIRECTION ( 'NONE',  ( 0.5469441386039908300, 0.0000000000000000000, -0.8371691043312209400 ) ) ;
#11139 = CARTESIAN_POINT ( 'NONE',  ( 3.469446951953614200E-015, 7.500000000000001800, 6.938893903907228400E-015 ) ) ;
#11140 = DIRECTION ( 'NONE',  ( 0.0000000000000000000, 0.0000000000000000000, 1.000000000000000000 ) ) ;
#11141 = DIRECTION ( 'NONE',  ( -0.0000000000000000000, -1.000000000000000000, 0.0000000000000000000 ) ) ;
#11142 = EDGE_CURVE ( 'NONE', #6258, #3861, #2873, .T. ) ;
#11143 = EDGE_CURVE ( 'NONE', #3556, #10176, #10575, .T. ) ;
#11144 = DIRECTION ( 'NONE',  ( 1.000000000000000000, 0.0000000000000000000, -0.0000000000000000000 ) ) ;
#11145 = AXIS2_PLACEMENT_3D ( 'NONE', #230, #1215, #7920 ) ;
#11146 = EDGE_CURVE ( 'NONE', #1181, #9942, #309, .T. ) ;
#11147 = AXIS2_PLACEMENT_3D ( 'NONE', #7446, #1707, #8413 ) ;
#11148 = LINE ( 'NONE', #12382, #3429 ) ;
#11149 = CARTESIAN_POINT ( 'NONE',  ( 15.88254670065109100, 2.474345677606101000, 15.07445371934437600 ) ) ;
#11150 = VERTEX_POINT ( 'NONE', #2427 ) ;
#11151 = EDGE_CURVE ( 'NONE', #5112, #8410, #2582, .T. ) ;
#11152 = ADVANCED_FACE ( 'NONE', ( #5445 ), #5133, .T. ) ;
#11153 = CARTESIAN_POINT ( 'NONE',  ( 0.0000000000000000000, 8.500000000000000000, 0.0000000000000000000 ) ) ;
#11154 = ORIENTED_EDGE ( 'NONE', *, *, #4186, .T. ) ;
#11155 = CARTESIAN_POINT ( 'NONE',  ( 15.49999999999999300, 34.00000000000000000, -15.49999999999999600 ) ) ;
#11156 = DIRECTION ( 'NONE',  ( 0.5469441386039877200, 0.0000000000000000000, -0.8371691043312229400 ) ) ;
#11157 = LINE ( 'NONE', #8457, #5699 ) ;
#11159 = PLANE ( 'NONE',  #3336 ) ;
#11158 = LINE ( 'NONE', #11174, #573 ) ;
#11160 = AXIS2_PLACEMENT_3D ( 'NONE', #2219, #7990, #9971 ) ;
#11161 = VERTEX_POINT ( 'NONE', #10191 ) ;
#11162 = CARTESIAN_POINT ( 'NONE',  ( 6.938893903907228400E-015, 34.59999999999999400, 3.469446951953614200E-015 ) ) ;
#11163 = AXIS2_PLACEMENT_3D ( 'NONE', #1619, #12224, #8328 ) ;
#11164 = ORIENTED_EDGE ( 'NONE', *, *, #8811, .F. ) ;
#11165 = PLANE ( 'NONE',  #9092 ) ;
#11166 = EDGE_CURVE ( 'NONE', #8626, #8420, #7375, .T. ) ;
#11167 = ORIENTED_EDGE ( 'NONE', *, *, #263, .T. ) ;
#11168 = FACE_OUTER_BOUND ( 'NONE', #1730, .T. ) ;
#11169 = FACE_OUTER_BOUND ( 'NONE', #7609, .T. ) ;
#11170 = CARTESIAN_POINT ( 'NONE',  ( 1.132563768976779400, 4.110050607254169800, 30.20000000000000300 ) ) ;
#11171 = EDGE_LOOP ( 'NONE', ( #10478, #12361, #1723, #673 ) ) ;
#11172 = DIRECTION ( 'NONE',  ( 0.7071067811865479100, -0.7071067811865472400, 0.0000000000000000000 ) ) ;
#11173 = CARTESIAN_POINT ( 'NONE',  ( -21.14999999999999900, 26.00000000000000400, 14.42350512184888500 ) ) ;
#11174 = CARTESIAN_POINT ( 'NONE',  ( 16.95812298778030000, 0.6000000000000297300, -14.98933636069656600 ) ) ;
#11175 = DIRECTION ( 'NONE',  ( 0.0000000000000000000, 1.000000000000000000, 0.0000000000000000000 ) ) ;
#11176 = CARTESIAN_POINT ( 'NONE',  ( 14.80356900291316100, 0.6000000000000276200, 15.48696935691685400 ) ) ;
#11177 = ORIENTED_EDGE ( 'NONE', *, *, #374, .F. ) ;
#11178 = CIRCLE ( 'NONE', #5530, 3.649999999999999900 ) ;
#11179 = VECTOR ( 'NONE', #11794, 1000.000000000000000 ) ;
#11180 = DIRECTION ( 'NONE',  ( 0.8371691043312221600, 0.0000000000000000000, 0.5469441386039886100 ) ) ;
#11181 = CARTESIAN_POINT ( 'NONE',  ( 5.977546166576556000E-015, 34.59999999999999400, 7.700000000000009100 ) ) ;
#11182 = ORIENTED_EDGE ( 'NONE', *, *, #1410, .F. ) ;
#11183 = EDGE_CURVE ( 'NONE', #3623, #9894, #7887, .T. ) ;
#11184 = DIRECTION ( 'NONE',  ( 0.5469441386039882700, 0.0000000000000000000, -0.8371691043312226000 ) ) ;
#11185 = AXIS2_PLACEMENT_3D ( 'NONE', #10328, #4539, #7376 ) ;
#11186 = ADVANCED_FACE ( 'NONE', ( #2282 ), #11165, .F. ) ;
#11187 = VERTEX_POINT ( 'NONE', #8250 ) ;
#11188 = ORIENTED_EDGE ( 'NONE', *, *, #4821, .T. ) ;
#11189 = DIRECTION ( 'NONE',  ( 0.0000000000000000000, 0.0000000000000000000, -1.000000000000000000 ) ) ;
#11190 = PLANE ( 'NONE',  #3614 ) ;
#11191 = VERTEX_POINT ( 'NONE', #11207 ) ;
#11192 = LINE ( 'NONE', #4290, #5734 ) ;
#11193 = FACE_OUTER_BOUND ( 'NONE', #2389, .T. ) ;
#11194 = EDGE_LOOP ( 'NONE', ( #10430, #5124, #809, #6669 ) ) ;
#11195 = CARTESIAN_POINT ( 'NONE',  ( 0.0000000000000000000, 12.00000000000000000, 0.0000000000000000000 ) ) ;
#11196 = EDGE_CURVE ( 'NONE', #10159, #11607, #12580, .T. ) ;
#11197 = ORIENTED_EDGE ( 'NONE', *, *, #11897, .F. ) ;
#11198 = DIRECTION ( 'NONE',  ( 0.0000000000000000000, 0.0000000000000000000, -1.000000000000000000 ) ) ;
#11199 = AXIS2_PLACEMENT_3D ( 'NONE', #10161, #4376, #11138 ) ;
#11200 = ORIENTED_EDGE ( 'NONE', *, *, #9530, .T. ) ;
#11201 = EDGE_CURVE ( 'NONE', #12202, #5493, #12272, .T. ) ;
#11202 = CARTESIAN_POINT ( 'NONE',  ( 15.49999999999999300, 26.00000000000000400, -16.75000000000000700 ) ) ;
#11203 = EDGE_CURVE ( 'NONE', #9468, #10738, #10281, .T. ) ;
#11204 = VECTOR ( 'NONE', #7926, 1000.000000000000000 ) ;
#11205 = EDGE_CURVE ( 'NONE', #3589, #9678, #4538, .T. ) ;
#11206 = FACE_OUTER_BOUND ( 'NONE', #7278, .T. ) ;
#11207 = CARTESIAN_POINT ( 'NONE',  ( 21.00000000000000000, 12.00000000000000000, -16.37157287525380400 ) ) ;
#11208 = ORIENTED_EDGE ( 'NONE', *, *, #2252, .T. ) ;
#11209 = CARTESIAN_POINT ( 'NONE',  ( -21.14999999999999900, 8.500000000000000000, 14.42350512184888500 ) ) ;
#11210 = ORIENTED_EDGE ( 'NONE', *, *, #3907, .T. ) ;
#11211 = VERTEX_POINT ( 'NONE', #2552 ) ;
#11212 = ADVANCED_FACE ( 'NONE', ( #1988 ), #4236, .T. ) ;
#11213 = DIRECTION ( 'NONE',  ( -0.8371691043312221600, 0.0000000000000000000, -0.5469441386039887200 ) ) ;
#11214 = CARTESIAN_POINT ( 'NONE',  ( -14.96325836533528200, 2.610000000000031400, -15.64506694184905200 ) ) ;
#11215 = EDGE_LOOP ( 'NONE', ( #12415, #1541, #2540, #1890 ) ) ;
#11216 = DIRECTION ( 'NONE',  ( 0.0000000000000000000, 1.000000000000000000, -0.0000000000000000000 ) ) ;
#11217 = CIRCLE ( 'NONE', #727, 0.5560000000000012700 ) ;
#11218 = LINE ( 'NONE', #7661, #10599 ) ;
#11219 = AXIS2_PLACEMENT_3D ( 'NONE', #5857, #11665, #6806 ) ;
#11220 = VERTEX_POINT ( 'NONE', #2595 ) ;
#11222 = EDGE_LOOP ( 'NONE', ( #11866, #12138 ) ) ;
#11221 = DIRECTION ( 'NONE',  ( 0.0000000000000000000, 0.0000000000000000000, 1.000000000000000000 ) ) ;
#11223 = DIRECTION ( 'NONE',  ( 0.0000000000000000000, 0.0000000000000000000, 1.000000000000000000 ) ) ;
#11224 = VERTEX_POINT ( 'NONE', #9347 ) ;
#11225 = DIRECTION ( 'NONE',  ( 0.0000000000000000000, 0.0000000000000000000, 1.000000000000000000 ) ) ;
#11226 = DIRECTION ( 'NONE',  ( 0.5469441386039886100, 0.0000000000000000000, -0.8371691043312222700 ) ) ;
#11227 = CARTESIAN_POINT ( 'NONE',  ( 16.37157287525380800, 12.00000000000000000, 19.00000000000000400 ) ) ;
#11228 = VECTOR ( 'NONE', #9405, 1000.000000000000000 ) ;
#11229 = ORIENTED_EDGE ( 'NONE', *, *, #12034, .F. ) ;
#11230 = CYLINDRICAL_SURFACE ( 'NONE', #8377, 11.50000000000000500 ) ;
#11231 = VECTOR ( 'NONE', #10582, 1000.000000000000000 ) ;
#11232 = CARTESIAN_POINT ( 'NONE',  ( 13.99590361883902500, 0.6000000000000297300, -13.19778496308913600 ) ) ;
#11233 = CARTESIAN_POINT ( 'NONE',  ( 15.41723649745961200, 2.610000000000029200, -16.04980560441600100 ) ) ;
#11234 = VERTEX_POINT ( 'NONE', #10316 ) ;
#11235 = PLANE ( 'NONE',  #1081 ) ;
#11236 = AXIS2_PLACEMENT_3D ( 'NONE', #7969, #2241, #8968 ) ;
#11238 = ORIENTED_EDGE ( 'NONE', *, *, #8162, .F. ) ;
#11237 = ORIENTED_EDGE ( 'NONE', *, *, #10396, .F. ) ;
#11239 = VERTEX_POINT ( 'NONE', #8346 ) ;
#11240 = AXIS2_PLACEMENT_3D ( 'NONE', #9122, #12026, #10097 ) ;
#11241 = DIRECTION ( 'NONE',  ( 0.5469441386039871600, 0.0000000000000000000, -0.8371691043312232700 ) ) ;
#11242 = DIRECTION ( 'NONE',  ( 0.0000000000000000000, 0.0000000000000000000, 1.000000000000000000 ) ) ;
#11243 = FACE_OUTER_BOUND ( 'NONE', #3141, .T. ) ;
#11244 = CARTESIAN_POINT ( 'NONE',  ( -15.50000000000000700, 1.000000000000010900, 15.50000000000000400 ) ) ;
#11245 = ORIENTED_EDGE ( 'NONE', *, *, #11201, .T. ) ;
#11246 = EDGE_CURVE ( 'NONE', #8748, #5128, #1681, .T. ) ;
#11247 = CONICAL_SURFACE ( 'NONE', #8860, 2.750000000000001800, 0.7853981633974500600 ) ;
#11248 = LINE ( 'NONE', #4086, #3538 ) ;
#11249 = VERTEX_POINT ( 'NONE', #12241 ) ;
#11250 = CARTESIAN_POINT ( 'NONE',  ( 16.04980560441600800, 2.610000000000027400, 15.41723649745962600 ) ) ;
#11251 = DIRECTION ( 'NONE',  ( -0.0000000000000000000, -1.000000000000000000, 0.0000000000000000000 ) ) ;
#11252 = ORIENTED_EDGE ( 'NONE', *, *, #3760, .T. ) ;
#11253 = DIRECTION ( 'NONE',  ( 1.224646799147353900E-016, 0.0000000000000000000, 1.000000000000000000 ) ) ;
#11254 = ADVANCED_FACE ( 'NONE', ( #7069 ), #9049, .T. ) ;
#11255 = FACE_OUTER_BOUND ( 'NONE', #10067, .T. ) ;
#11256 = ORIENTED_EDGE ( 'NONE', *, *, #9970, .T. ) ;
#11257 = AXIS2_PLACEMENT_3D ( 'NONE', #4217, #10974, #5182 ) ;
#11258 = DIRECTION ( 'NONE',  ( -0.0000000000000000000, -1.000000000000000000, 0.0000000000000000000 ) ) ;
#11259 = VECTOR ( 'NONE', #10366, 1000.000000000000000 ) ;
#11260 = CARTESIAN_POINT ( 'NONE',  ( -2.081668171172168500E-014, 26.00000000000000400, -1.734723475976807100E-014 ) ) ;
#11261 = APPLICATION_PROTOCOL_DEFINITION ( 'international standard', 'config_control_design', 1994, #4496 ) ;
#11262 = CARTESIAN_POINT ( 'NONE',  ( -15.05547663739319500, 2.424605185108624100, 15.89884208304666300 ) ) ;
#11263 = EDGE_CURVE ( 'NONE', #4278, #7252, #11644, .T. ) ;
#11264 = LINE ( 'NONE', #5240, #8357 ) ;
#11265 = AXIS2_PLACEMENT_3D ( 'NONE', #409, #6178, #9099 ) ;
#11266 = B_SPLINE_CURVE_WITH_KNOTS ( 'NONE', 3,
 ( #7195, #6246, #12069, #8164, #2424, #9166 ),
 .UNSPECIFIED., .F., .F.,
 ( 4, 2, 4 ),
 ( 0.0000000000000000000, 0.0007961420118602722100, 0.001592284023720544400 ),
 .UNSPECIFIED. ) ;
#11267 = VECTOR ( 'NONE', #11904, 999.9999999999998900 ) ;
#11268 = ORIENTED_EDGE ( 'NONE', *, *, #8446, .T. ) ;
#11269 = DIRECTION ( 'NONE',  ( 0.0000000000000000000, 0.0000000000000000000, 1.000000000000000000 ) ) ;
#11270 = FACE_OUTER_BOUND ( 'NONE', #251, .T. ) ;
#11271 = CARTESIAN_POINT ( 'NONE',  ( 15.48696935691684500, 0.6000000000000297300, -14.80356900291315400 ) ) ;
#11272 = CARTESIAN_POINT ( 'NONE',  ( -15.50000000000000700, 2.610000000000006100, 15.50000000000000400 ) ) ;
#11273 = CARTESIAN_POINT ( 'NONE',  ( -18.74644660940672500, 0.5000000000000004400, 18.74644660940672500 ) ) ;
#11274 = VERTEX_POINT ( 'NONE', #9389 ) ;
#11275 = EDGE_LOOP ( 'NONE', ( #2768, #2843, #578 ) ) ;
#11276 = PLANE ( 'NONE',  #6812 ) ;
#11277 = ADVANCED_FACE ( 'NONE', ( #11959 ), #8740, .F. ) ;
#11278 = EDGE_CURVE ( 'NONE', #11274, #6568, #6763, .T. ) ;
#11279 = CIRCLE ( 'NONE', #6921, 0.8074684195533453600 ) ;
#11280 = CARTESIAN_POINT ( 'NONE',  ( 15.28558374216748400, 2.610000000000027400, 14.91795067099119100 ) ) ;
#11281 = EDGE_CURVE ( 'NONE', #8344, #10381, #11338, .T. ) ;
#11282 = LINE ( 'NONE', #9466, #10975 ) ;
#11283 = CARTESIAN_POINT ( 'NONE',  ( 15.28558374216747300, 2.610000000000029200, -16.08204932900881100 ) ) ;
#11284 = DIRECTION ( 'NONE',  ( 0.5469441386039908300, 0.0000000000000000000, -0.8371691043312209400 ) ) ;
#11285 = ORIENTED_EDGE ( 'NONE', *, *, #1816, .T. ) ;
#11286 = DIRECTION ( 'NONE',  ( 0.0000000000000000000, 0.0000000000000000000, 1.000000000000000000 ) ) ;
#11287 = CONICAL_SURFACE ( 'NONE', #9385, 1.250000000000011500, 0.7853981633974545000 ) ;
#11288 = CONICAL_SURFACE ( 'NONE', #9459, 0.5559999999999997200, 0.06981317007976596500 ) ;
#11289 = AXIS2_PLACEMENT_3D ( 'NONE', #220, #6952, #1206 ) ;
#11290 = EDGE_CURVE ( 'NONE', #11377, #9682, #9380, .T. ) ;
#11291 = ORIENTED_EDGE ( 'NONE', *, *, #7463, .T. ) ;
#11292 = CARTESIAN_POINT ( 'NONE',  ( 3.469446951953614200E-015, 25.63749999999999900, -6.349999999999997900 ) ) ;
#11293 = EDGE_LOOP ( 'NONE', ( #4900, #11655, #8261 ) ) ;
#11294 = ORIENTED_EDGE ( 'NONE', *, *, #9773, .T. ) ;
#11295 = PERSON_AND_ORGANIZATION_ROLE ( 'classification_officer' ) ;
#11296 = CARTESIAN_POINT ( 'NONE',  ( 15.49999999999999300, 33.69999999999998200, -16.75000000000000700 ) ) ;
#11297 = CARTESIAN_POINT ( 'NONE',  ( 0.0000000000000000000, 0.0000000000000000000, 21.50000000000000400 ) ) ;
#11298 = FACE_OUTER_BOUND ( 'NONE', #234, .T. ) ;
#11299 = PERSON_AND_ORGANIZATION ( #9551, #9632 ) ;
#11300 = ORIENTED_EDGE ( 'NONE', *, *, #11445, .F. ) ;
#11301 = DIRECTION ( 'NONE',  ( 1.000000000000000000, 0.0000000000000000000, 1.224646799147353200E-016 ) ) ;
#11302 = DIRECTION ( 'NONE',  ( 0.0000000000000000000, 0.0000000000000000000, 1.000000000000000000 ) ) ;
#11303 = VERTEX_POINT ( 'NONE', #10392 ) ;
#11304 = CARTESIAN_POINT ( 'NONE',  ( 20.99999999999999600, 23.40000000000000600, 16.37157287525381800 ) ) ;
#11305 = CARTESIAN_POINT ( 'NONE',  ( -19.09999999999999800, 12.00000000000000000, 19.09999999999999800 ) ) ;
#11306 = AXIS2_PLACEMENT_3D ( 'NONE', #8772, #1117, #7821 ) ;
#11307 = CARTESIAN_POINT ( 'NONE',  ( 3.469446951953614200E-014, 35.50000000000000700, 3.122502256758252800E-014 ) ) ;
#11308 = ORIENTED_EDGE ( 'NONE', *, *, #9811, .T. ) ;
#11309 = PRODUCT_RELATED_PRODUCT_CATEGORY ( 'detail', '', ( #10851 ) ) ;
#11310 = ADVANCED_FACE ( 'NONE', ( #6176 ), #8429, .F. ) ;
#11311 = EDGE_CURVE ( 'NONE', #6777, #10942, #11032, .T. ) ;
#11312 = DIRECTION ( 'NONE',  ( 0.0000000000000000000, 0.0000000000000000000, 1.000000000000000000 ) ) ;
#11313 = ORIENTED_EDGE ( 'NONE', *, *, #6639, .T. ) ;
#11314 = EDGE_CURVE ( 'NONE', #3170, #3826, #5673, .T. ) ;
#11315 = VECTOR ( 'NONE', #7942, 1000.000000000000000 ) ;
#11316 = CONICAL_SURFACE ( 'NONE', #5310, 0.5559999999999988300, 0.06981317007976596500 ) ;
#11317 = ORIENTED_EDGE ( 'NONE', *, *, #538, .F. ) ;
#11318 = DIRECTION ( 'NONE',  ( -0.0000000000000000000, 1.000000000000000000, -0.0000000000000000000 ) ) ;
#11319 = CARTESIAN_POINT ( 'NONE',  ( -1.146920613196742700, 6.110050607254169800, 28.20000000000000300 ) ) ;
#11320 = CARTESIAN_POINT ( 'NONE',  ( 20.06066017177981600, 33.50000000000000000, -17.43223304703363400 ) ) ;
#11321 = EDGE_LOOP ( 'NONE', ( #6933, #5017 ) ) ;
#11322 = ORIENTED_EDGE ( 'NONE', *, *, #4899, .F. ) ;
#11323 = AXIS2_PLACEMENT_3D ( 'NONE', #10757, #4967, #11750 ) ;
#11324 = FACE_OUTER_BOUND ( 'NONE', #3709, .T. ) ;
#11325 = VECTOR ( 'NONE', #7980, 999.9999999999998900 ) ;
#11326 = DIRECTION ( 'NONE',  ( 0.7071067811865475700, -0.0000000000000000000, 0.7071067811865475700 ) ) ;
#11327 = CARTESIAN_POINT ( 'NONE',  ( 3.514146560122492800E-014, 34.60000000000000900, 3.650000000000031400 ) ) ;
#11328 = ORIENTED_EDGE ( 'NONE', *, *, #358, .T. ) ;
#11329 = DIRECTION ( 'NONE',  ( 0.5469441386039886100, 0.0000000000000000000, -0.8371691043312222700 ) ) ;
#11330 = EDGE_CURVE ( 'NONE', #11377, #12322, #3926, .T. ) ;
#11331 = DIRECTION ( 'NONE',  ( 0.5469441386039908300, 0.0000000000000000000, -0.8371691043312209400 ) ) ;
#11332 = ORIENTED_EDGE ( 'NONE', *, *, #11765, .T. ) ;
#11333 = VERTEX_POINT ( 'NONE', #9502 ) ;
#11334 = CARTESIAN_POINT ( 'NONE',  ( 6.938893903907228400E-015, 32.09999999999999400, 3.469446951953614200E-015 ) ) ;
#11335 = ADVANCED_FACE ( 'NONE', ( #753 ), #8118, .T. ) ;
#11336 = CARTESIAN_POINT ( 'NONE',  ( 15.50000000000000400, 29.60000000000003000, 15.50000000000000500 ) ) ;
#11337 = FACE_OUTER_BOUND ( 'NONE', #7671, .T. ) ;
#11338 = LINE ( 'NONE', #3602, #6483 ) ;
#11339 = DIRECTION ( 'NONE',  ( 0.0000000000000000000, 0.0000000000000000000, 1.000000000000000000 ) ) ;
#11340 = ORIENTED_EDGE ( 'NONE', *, *, #9035, .F. ) ;
#11341 = DIRECTION ( 'NONE',  ( 0.0000000000000000000, 0.0000000000000000000, -1.000000000000000000 ) ) ;
#11342 = ORIENTED_EDGE ( 'NONE', *, *, #9570, .F. ) ;
#11343 = ORIENTED_EDGE ( 'NONE', *, *, #4106, .T. ) ;
#11344 = ORIENTED_EDGE ( 'NONE', *, *, #5103, .F. ) ;
#11345 = CARTESIAN_POINT ( 'NONE',  ( 3.469446951953614200E-015, 8.500000000000000000, 6.938893903907228400E-015 ) ) ;
#11346 = AXIS2_PLACEMENT_3D ( 'NONE', #5120, #359, #7078 ) ;
#11347 = CARTESIAN_POINT ( 'NONE',  ( -14.84988063100718700, 1.270265698095164100, 15.48277406361290600 ) ) ;
#11348 = EDGE_CURVE ( 'NONE', #6209, #1967, #3627, .T. ) ;
#11349 = CIRCLE ( 'NONE', #6465, 6.350000000000005000 ) ;
#11350 = VECTOR ( 'NONE', #7379, 1000.000000000000100 ) ;
#11351 = AXIS2_PLACEMENT_3D ( 'NONE', #5154, #11934, #10948 ) ;
#11352 = EDGE_LOOP ( 'NONE', ( #1589, #3798, #7839, #8191 ) ) ;
#11353 = EDGE_CURVE ( 'NONE', #2859, #8931, #10715, .T. ) ;
#11354 = CARTESIAN_POINT ( 'NONE',  ( 0.5735950046297562100, 6.110050607254169800, 30.20000000000000300 ) ) ;
#11355 = DIRECTION ( 'NONE',  ( -1.000000000000000000, -0.0000000000000000000, -0.0000000000000000000 ) ) ;
#11356 = ORIENTED_EDGE ( 'NONE', *, *, #1685, .F. ) ;
#11357 = VERTEX_POINT ( 'NONE', #9540 ) ;
#11358 = ORIENTED_EDGE ( 'NONE', *, *, #12071, .F. ) ;
#11359 = CARTESIAN_POINT ( 'NONE',  ( -16.08204932900882200, 2.610000000000006100, 15.71441625783252500 ) ) ;
#11360 = EDGE_CURVE ( 'NONE', #8038, #10530, #1060, .T. ) ;
#11361 = CIRCLE ( 'NONE', #5016, 0.4999999999999982200 ) ;
#11362 = FACE_OUTER_BOUND ( 'NONE', #9434, .T. ) ;
#11363 = CARTESIAN_POINT ( 'NONE',  ( 1.660547806356623500, 4.110050607254169800, 28.20000000000000300 ) ) ;
#11364 = CARTESIAN_POINT ( 'NONE',  ( 3.469446951953614200E-015, 12.00000000000000000, 6.938893903907228400E-015 ) ) ;
#11365 = VERTEX_POINT ( 'NONE', #4694 ) ;
#11366 = AXIS2_PLACEMENT_3D ( 'NONE', #8001, #7026, #2265 ) ;
#11367 = EDGE_CURVE ( 'NONE', #12085, #7403, #3021, .T. ) ;
#11368 = EDGE_CURVE ( 'NONE', #5653, #6942, #445, .T. ) ;
#11369 = ORIENTED_EDGE ( 'NONE', *, *, #11311, .F. ) ;
#11370 = ORIENTED_EDGE ( 'NONE', *, *, #11146, .F. ) ;
#11371 = DIRECTION ( 'NONE',  ( 0.0000000000000000000, 0.0000000000000000000, 1.000000000000000000 ) ) ;
#11372 = VERTEX_POINT ( 'NONE', #8578 ) ;
#11373 = ADVANCED_FACE ( 'NONE', ( #7816 ), #138, .F. ) ;
#11374 = CARTESIAN_POINT ( 'NONE',  ( 15.49999999999999300, 8.500000000000000000, 16.75000000000000400 ) ) ;
#11375 = VECTOR ( 'NONE', #9881, 1000.000000000000000 ) ;
#11376 = LINE ( 'NONE', #1482, #9711 ) ;
#11377 = VERTEX_POINT ( 'NONE', #7644 ) ;
#11378 = DIRECTION ( 'NONE',  ( 0.0000000000000000000, 0.0000000000000000000, 1.000000000000000000 ) ) ;
#11379 = ORIENTED_EDGE ( 'NONE', *, *, #7370, .F. ) ;
#11380 = ORIENTED_EDGE ( 'NONE', *, *, #10718, .F. ) ;
#11381 = DIRECTION ( 'NONE',  ( 0.5469441386039881600, 0.0000000000000000000, -0.8371691043312224900 ) ) ;
#11382 = EDGE_CURVE ( 'NONE', #103, #9507, #3430, .T. ) ;
#11383 = CARTESIAN_POINT ( 'NONE',  ( 3.469446951953614200E-015, 6.229837387624883100, 6.938893903907228400E-015 ) ) ;
#11384 = DIRECTION ( 'NONE',  ( 0.5469441386039886100, 0.0000000000000000000, -0.8371691043312222700 ) ) ;
#11385 = AXIS2_PLACEMENT_3D ( 'NONE', #6634, #876, #7589 ) ;
#11386 = LINE ( 'NONE', #11010, #3964 ) ;
#11387 = VERTEX_POINT ( 'NONE', #1919 ) ;
#11388 = AXIS2_PLACEMENT_3D ( 'NONE', #9024, #3262, #10016 ) ;
#11389 = FACE_OUTER_BOUND ( 'NONE', #11037, .T. ) ;
#11390 = FACE_BOUND ( 'NONE', #7914, .T. ) ;
#11391 = ORIENTED_EDGE ( 'NONE', *, *, #12465, .T. ) ;
#11392 = CARTESIAN_POINT ( 'NONE',  ( -14.55142680868052500, 2.015685424949270400, -16.95191457942383200 ) ) ;
#11393 = DIRECTION ( 'NONE',  ( 0.0000000000000000000, 0.0000000000000000000, 1.000000000000000000 ) ) ;
#11394 = CARTESIAN_POINT ( 'NONE',  ( 15.49999999999999300, -5.749999999999961800, -15.49999999999999600 ) ) ;
#11395 = DIRECTION ( 'NONE',  ( 0.0000000000000000000, 0.0000000000000000000, -1.000000000000000000 ) ) ;
#11396 = ORIENTED_EDGE ( 'NONE', *, *, #4702, .T. ) ;
#11397 = DIRECTION ( 'NONE',  ( 0.0000000000000000000, -1.000000000000000000, 0.0000000000000000000 ) ) ;
#11398 = DIRECTION ( 'NONE',  ( 0.0000000000000000000, 0.0000000000000000000, -1.000000000000000000 ) ) ;
#11399 = CYLINDRICAL_SURFACE ( 'NONE', #12461, 1.250000000000011500 ) ;
#11400 = CARTESIAN_POINT ( 'NONE',  ( -16.03674163466473200, 2.610000000000031400, -15.35493305815094300 ) ) ;
#11401 = ADVANCED_FACE ( 'NONE', ( #10425 ), #12410, .F. ) ;
#11402 = FACE_BOUND ( 'NONE', #11680, .T. ) ;
#11403 = CARTESIAN_POINT ( 'NONE',  ( 6.938893903907228400E-015, 23.40000000000000600, 3.469446951953614200E-015 ) ) ;
#11404 = AXIS2_PLACEMENT_3D ( 'NONE', #4616, #7649, #1927 ) ;
#11405 = EDGE_LOOP ( 'NONE', ( #637, #2508, #8517, #10379 ) ) ;
#11406 = AXIS2_PLACEMENT_3D ( 'NONE', #7011, #7979, #1231 ) ;
#11407 = ORIENTED_EDGE ( 'NONE', *, *, #10383, .T. ) ;
#11408 = DIRECTION ( 'NONE',  ( -0.0000000000000000000, -1.000000000000000000, 0.0000000000000000000 ) ) ;
#11409 = DIRECTION ( 'NONE',  ( 0.0000000000000000000, 1.000000000000000000, 0.0000000000000000000 ) ) ;
#11410 = EDGE_CURVE ( 'NONE', #10970, #9546, #2423, .T. ) ;
#11411 = FACE_OUTER_BOUND ( 'NONE', #9579, .T. ) ;
#11412 = ORIENTED_EDGE ( 'NONE', *, *, #680, .T. ) ;
#11413 = FACE_OUTER_BOUND ( 'NONE', #2406, .T. ) ;
#11414 = DIRECTION ( 'NONE',  ( 0.0000000000000000000, 1.000000000000000000, 0.0000000000000000000 ) ) ;
#11415 = ORIENTED_EDGE ( 'NONE', *, *, #2711, .F. ) ;
#11416 = ORIENTED_EDGE ( 'NONE', *, *, #1580, .F. ) ;
#11417 = CARTESIAN_POINT ( 'NONE',  ( 16.32041620790597500, -5.749999999999961800, -16.75575365649683200 ) ) ;
#11418 = VERTEX_POINT ( 'NONE', #3887 ) ;
#11419 = LINE ( 'NONE', #12457, #6260 ) ;
#11420 = AXIS2_PLACEMENT_3D ( 'NONE', #5756, #2938, #9692 ) ;
#11421 = DIRECTION ( 'NONE',  ( 0.5469441386039908300, 0.0000000000000000000, -0.8371691043312209400 ) ) ;
#11422 = DIRECTION ( 'NONE',  ( 1.000000000000000000, 0.0000000000000000000, -0.0000000000000000000 ) ) ;
#11423 = TOROIDAL_SURFACE ( 'NONE', #4973, 1.500000000000000000, 0.5000000000000000000 ) ;
#11424 = DIRECTION ( 'NONE',  ( 0.0000000000000000000, -1.000000000000000000, 0.0000000000000000000 ) ) ;
#11425 = TOROIDAL_SURFACE ( 'NONE', #11907, 2.799999999999999800, 0.2999999999999999300 ) ;
#11426 = DIRECTION ( 'NONE',  ( -0.7071067811865475700, 0.0000000000000000000, 0.7071067811865475700 ) ) ;
#11427 = ORIENTED_EDGE ( 'NONE', *, *, #8962, .F. ) ;
#11428 = EDGE_CURVE ( 'NONE', #3384, #8151, #4977, .T. ) ;
#11429 = ORIENTED_EDGE ( 'NONE', *, *, #8276, .T. ) ;
#11430 = DIRECTION ( 'NONE',  ( 0.7071067811865474600, 0.0000000000000000000, -0.7071067811865474600 ) ) ;
#11431 = DIRECTION ( 'NONE',  ( -0.0000000000000000000, -1.000000000000000000, 0.0000000000000000000 ) ) ;
#11432 = DIRECTION ( 'NONE',  ( 0.8371691043312222700, 0.0000000000000000000, 0.5469441386039884900 ) ) ;
#11433 = CARTESIAN_POINT ( 'NONE',  ( 15.49999999999999300, 0.6000000000000297300, -15.49999999999999600 ) ) ;
#11434 = VECTOR ( 'NONE', #8143, 1000.000000000000000 ) ;
#11435 = ADVANCED_FACE ( 'NONE', ( #5282 ), #10640, .F. ) ;
#11436 = DIRECTION ( 'NONE',  ( 0.0000000000000000000, 0.0000000000000000000, -1.000000000000000000 ) ) ;
#11437 = CYLINDRICAL_SURFACE ( 'NONE', #11160, 1.500000000000001100 ) ;
#11438 = DIRECTION ( 'NONE',  ( 0.0000000000000000000, 1.000000000000000000, 0.0000000000000000000 ) ) ;
#11439 = DIRECTION ( 'NONE',  ( 0.0000000000000000000, 0.0000000000000000000, 1.000000000000000000 ) ) ;
#11440 = AXIS2_PLACEMENT_3D ( 'NONE', #8704, #2945, #9704 ) ;
#11441 = ORIENTED_EDGE ( 'NONE', *, *, #7354, .T. ) ;
#11442 = EDGE_CURVE ( 'NONE', #9788, #6511, #9817, .T. ) ;
#11443 = ORIENTED_EDGE ( 'NONE', *, *, #3268, .T. ) ;
#11444 = CARTESIAN_POINT ( 'NONE',  ( 15.71441625783251400, 2.610000000000029200, -14.91795067099118200 ) ) ;
#11445 = EDGE_CURVE ( 'NONE', #7608, #862, #10116, .T. ) ;
#11446 = ORIENTED_EDGE ( 'NONE', *, *, #5350, .F. ) ;
#11447 = EDGE_CURVE ( 'NONE', #321, #4980, #4684, .T. ) ;
#11448 = DIRECTION ( 'NONE',  ( 0.5469441386039857200, 0.0000000000000000000, -0.8371691043312240500 ) ) ;
#11449 = LINE ( 'NONE', #9454, #3726 ) ;
#11450 = EDGE_LOOP ( 'NONE', ( #5023, #8809, #4175, #947 ) ) ;
#11451 = DIRECTION ( 'NONE',  ( 0.5469441386039871600, 0.0000000000000000000, -0.8371691043312232700 ) ) ;
#11452 = ORIENTED_EDGE ( 'NONE', *, *, #10487, .T. ) ;
#11453 = ORIENTED_EDGE ( 'NONE', *, *, #2253, .T. ) ;
#11454 = CARTESIAN_POINT ( 'NONE',  ( 0.0000000000000000000, 0.5000000000000004400, 21.00000000000000400 ) ) ;
#11455 = ORIENTED_EDGE ( 'NONE', *, *, #9605, .T. ) ;
#11456 = AXIS2_PLACEMENT_3D ( 'NONE', #8762, #3002, #9760 ) ;
#11457 = EDGE_CURVE ( 'NONE', #5289, #11672, #7216, .T. ) ;
#11458 = AXIS2_PLACEMENT_3D ( 'NONE', #4919, #11689, #5877 ) ;
#11459 = PLANE ( 'NONE',  #3729 ) ;
#11460 = ADVANCED_FACE ( 'NONE', ( #4379 ), #6616, .F. ) ;
#11461 = VECTOR ( 'NONE', #714, 1000.000000000000000 ) ;
#11462 = FACE_OUTER_BOUND ( 'NONE', #6632, .T. ) ;
#11463 = DIRECTION ( 'NONE',  ( 0.0000000000000000000, 0.0000000000000000000, -1.000000000000000000 ) ) ;
#11464 = ORIENTED_EDGE ( 'NONE', *, *, #11146, .T. ) ;
#11465 = CARTESIAN_POINT ( 'NONE',  ( -16.37157287525379300, 34.00000000000000000, -20.50000000000000000 ) ) ;
#11466 = CARTESIAN_POINT ( 'NONE',  ( -15.41723649745962600, 2.610000000000006100, 16.04980560441600800 ) ) ;
#11467 = CARTESIAN_POINT ( 'NONE',  ( 15.49999999999999300, 34.00000000000000000, -15.49999999999999600 ) ) ;
#11468 = DIRECTION ( 'NONE',  ( 0.5469441386039886100, 0.0000000000000000000, -0.8371691043312222700 ) ) ;
#11469 = DIRECTION ( 'NONE',  ( 0.0000000000000000000, 1.000000000000000000, -0.0000000000000000000 ) ) ;
#11470 = LINE ( 'NONE', #5628, #4055 ) ;
#11471 = CIRCLE ( 'NONE', #6183, 4.000000000000000000 ) ;
#11472 = AXIS2_PLACEMENT_3D ( 'NONE', #6607, #845, #7556 ) ;
#11473 = ORIENTED_EDGE ( 'NONE', *, *, #2368, .F. ) ;
#11474 = DIRECTION ( 'NONE',  ( 0.0000000000000000000, 0.0000000000000000000, 1.000000000000000000 ) ) ;
#11475 = EDGE_CURVE ( 'NONE', #8172, #6543, #11793, .T. ) ;
#11476 = DIRECTION ( 'NONE',  ( 0.0000000000000000000, 0.0000000000000000000, 1.000000000000000000 ) ) ;
#11477 = CARTESIAN_POINT ( 'NONE',  ( -1.426404995370243800, 6.110050607254169800, 30.20000000000000300 ) ) ;
#11478 = ORIENTED_EDGE ( 'NONE', *, *, #9192, .F. ) ;
#11479 = ORIENTED_EDGE ( 'NONE', *, *, #3060, .T. ) ;
#11480 = EDGE_CURVE ( 'NONE', #11566, #11239, #2130, .T. ) ;
#11481 = CIRCLE ( 'NONE', #2297, 0.8074684195533452500 ) ;
#11482 = VECTOR ( 'NONE', #9798, 1000.000000000000000 ) ;
#11483 = ORIENTED_EDGE ( 'NONE', *, *, #4349, .F. ) ;
#11484 = CARTESIAN_POINT ( 'NONE',  ( 15.49999999999999300, 0.0000000000000000000, -15.49999999999999600 ) ) ;
#11485 = DIRECTION ( 'NONE',  ( -0.0000000000000000000, -1.000000000000000000, 0.0000000000000000000 ) ) ;
#11486 = DIRECTION ( 'NONE',  ( -0.0000000000000000000, 1.000000000000000000, -0.0000000000000000000 ) ) ;
#11487 = VERTEX_POINT ( 'NONE', #8810 ) ;
#11488 = ORIENTED_EDGE ( 'NONE', *, *, #5646, .T. ) ;
#11489 =( BOUNDED_CURVE ( )  B_SPLINE_CURVE ( 3, ( #7734, #8717, #2960, #9715 ),
 .UNSPECIFIED., .F., .T. ) 
 B_SPLINE_CURVE_WITH_KNOTS ( ( 4, 4 ),
 ( 5.754796812637098700, 6.811573801722078200 ),
 .UNSPECIFIED. ) 
 CURVE ( )  GEOMETRIC_REPRESENTATION_ITEM ( )  RATIONAL_B_SPLINE_CURVE ( ( 1.000000000000000000, 0.9090804130449049400, 0.9090804130449049400, 1.000000000000000000 ) ) 
 REPRESENTATION_ITEM ( '' )  );
#11490 = ORIENTED_EDGE ( 'NONE', *, *, #7954, .F. ) ;
#11491 = VERTEX_POINT ( 'NONE', #3047 ) ;
#11492 = DIRECTION ( 'NONE',  ( 0.7071067811865475700, 0.0000000000000000000, 0.7071067811865475700 ) ) ;
#11493 = DESIGN_CONTEXT ( 'detailed design', #12252, 'design' ) ;
#11494 = LINE ( 'NONE', #7881, #4073 ) ;
#11495 = LINE ( 'NONE', #3232, #1223 ) ;
#11496 = ORIENTED_EDGE ( 'NONE', *, *, #4634, .F. ) ;
#11497 = EDGE_CURVE ( 'NONE', #7330, #11161, #9210, .T. ) ;
#11498 = AXIS2_PLACEMENT_3D ( 'NONE', #400, #7132, #1392 ) ;
#11499 = CARTESIAN_POINT ( 'NONE',  ( -17.78578643762688600, 34.00000000000000000, 20.41421356237309900 ) ) ;
#11500 = ORIENTED_EDGE ( 'NONE', *, *, #4552, .F. ) ;
#11501 = ORIENTED_EDGE ( 'NONE', *, *, #10258, .F. ) ;
#11502 = ORIENTED_EDGE ( 'NONE', *, *, #10597, .F. ) ;
#11503 = ORIENTED_EDGE ( 'NONE', *, *, #4902, .T. ) ;
#11504 = DIRECTION ( 'NONE',  ( 0.5469441386039892700, 0.0000000000000000000, -0.8371691043312217100 ) ) ;
#11505 = EDGE_CURVE ( 'NONE', #5987, #4194, #4065, .T. ) ;
#11506 = DIRECTION ( 'NONE',  ( -0.0000000000000000000, -1.000000000000000000, 0.0000000000000000000 ) ) ;
#11507 = VECTOR ( 'NONE', #9915, 999.9999999999998900 ) ;
#11508 = FACE_OUTER_BOUND ( 'NONE', #4142, .T. ) ;
#11509 = ORIENTED_EDGE ( 'NONE', *, *, #5031, .T. ) ;
#11510 = ADVANCED_FACE ( 'NONE', ( #1525 ), #1212, .F. ) ;
#11512 = ORIENTED_EDGE ( 'NONE', *, *, #1024, .T. ) ;
#11511 = CARTESIAN_POINT ( 'NONE',  ( 14.86746421971174900, 0.6000000000000276200, 15.79169233451990100 ) ) ;
#11513 = VERTEX_POINT ( 'NONE', #9839 ) ;
#11514 = EDGE_CURVE ( 'NONE', #2049, #7939, #12107, .T. ) ;
#11515 = CARTESIAN_POINT ( 'NONE',  ( -14.24202848121083200, 2.581370849898484200, 13.57451106003819200 ) ) ;
#11516 = ORIENTED_EDGE ( 'NONE', *, *, #3510, .F. ) ;
#11517 = EDGE_CURVE ( 'NONE', #8151, #9402, #3759, .T. ) ;
#11518 = VECTOR ( 'NONE', #7397, 1000.000000000000200 ) ;
#11519 = LINE ( 'NONE', #6591, #4103 ) ;
#11520 = DIRECTION ( 'NONE',  ( 0.0000000000000000000, 0.0000000000000000000, -1.000000000000000000 ) ) ;
#11521 = ORIENTED_EDGE ( 'NONE', *, *, #10413, .T. ) ;
#11522 = ADVANCED_FACE ( 'NONE', ( #6322 ), #897, .T. ) ;
#11523 = ORIENTED_EDGE ( 'NONE', *, *, #11246, .F. ) ;
#11524 = VERTEX_POINT ( 'NONE', #9886 ) ;
#11525 = CARTESIAN_POINT ( 'NONE',  ( 4.430794689284286500E-015, 7.500000000000001800, 7.700000000000012600 ) ) ;
#11526 = CARTESIAN_POINT ( 'NONE',  ( -15.50000000000000700, 26.00000000000000400, -15.49999999999999600 ) ) ;
#11527 = CIRCLE ( 'NONE', #11730, 0.6965528920064402200 ) ;
#11528 = ORIENTED_EDGE ( 'NONE', *, *, #7345, .T. ) ;
#11529 = CIRCLE ( 'NONE', #6441, 1.499999999999998400 ) ;
#11530 = VECTOR ( 'NONE', #10505, 999.9999999999998900 ) ;
#11531 = AXIS2_PLACEMENT_3D ( 'NONE', #3650, #10403, #4627 ) ;
#11532 = EDGE_CURVE ( 'NONE', #11274, #3154, #1200, .T. ) ;
#11533 = EDGE_LOOP ( 'NONE', ( #7760, #1099, #11167, #1638 ) ) ;
#11534 = AXIS2_PLACEMENT_3D ( 'NONE', #11855, #262, #1247 ) ;
#11535 = VERTEX_POINT ( 'NONE', #3131 ) ;
#11536 = VERTEX_POINT ( 'NONE', #8890 ) ;
#11537 = DIRECTION ( 'NONE',  ( 0.5469441386039883800, 0.0000000000000000000, -0.8371691043312222700 ) ) ;
#11538 = CARTESIAN_POINT ( 'NONE',  ( 6.938893903907228400E-015, 29.89999999999999500, 3.469446951953614200E-015 ) ) ;
#11539 = CYLINDRICAL_SURFACE ( 'NONE', #9602, 2.000000000000000000 ) ;
#11540 = ORIENTED_EDGE ( 'NONE', *, *, #11977, .T. ) ;
#11541 = CARTESIAN_POINT ( 'NONE',  ( 15.71441625783251400, 2.610000000000029200, -14.91795067099118200 ) ) ;
#11542 = LINE ( 'NONE', #5920, #8952 ) ;
#11543 = VECTOR ( 'NONE', #3130, 999.9999999999998900 ) ;
#11544 = DIRECTION ( 'NONE',  ( 0.0000000000000000000, 1.000000000000000000, -0.0000000000000000000 ) ) ;
#11545 = ORIENTED_EDGE ( 'NONE', *, *, #4100, .F. ) ;
#11546 = EDGE_CURVE ( 'NONE', #1513, #8005, #8566, .T. ) ;
#11547 = CARTESIAN_POINT ( 'NONE',  ( -16.11915492039947800, 2.610000000000031400, -15.46254419180370700 ) ) ;
#11548 = DIRECTION ( 'NONE',  ( 0.0000000000000000000, 0.0000000000000000000, 1.000000000000000000 ) ) ;
#11549 = ORIENTED_EDGE ( 'NONE', *, *, #11024, .F. ) ;
#11550 = CARTESIAN_POINT ( 'NONE',  ( 15.50000000000000400, 0.6000000000000276200, 15.50000000000000500 ) ) ;
#11551 = EDGE_CURVE ( 'NONE', #6221, #2497, #6017, .T. ) ;
#11552 = AXIS2_PLACEMENT_3D ( 'NONE', #11656, #5848, #60 ) ;
#11553 = VECTOR ( 'NONE', #2928, 1000.000000000000100 ) ;
#11554 = ORIENTED_EDGE ( 'NONE', *, *, #8654, .F. ) ;
#11555 = EDGE_CURVE ( 'NONE', #3353, #368, #8887, .T. ) ;
#11556 = CARTESIAN_POINT ( 'NONE',  ( -20.32592592592592200, 26.00000000000000400, 15.56331376197799400 ) ) ;
#11557 = DIRECTION ( 'NONE',  ( -0.0000000000000000000, 1.000000000000000000, -0.0000000000000000000 ) ) ;
#11558 = FACE_OUTER_BOUND ( 'NONE', #3746, .T. ) ;
#11559 = CARTESIAN_POINT ( 'NONE',  ( -15.50000000000000700, 34.00000000000000000, 14.24999999999999100 ) ) ;
#11560 = CARTESIAN_POINT ( 'NONE',  ( 18.74644660940672800, 34.00000000000000000, -18.74644660940671800 ) ) ;
#11561 = ORIENTED_EDGE ( 'NONE', *, *, #12465, .F. ) ;
#11562 = CARTESIAN_POINT ( 'NONE',  ( -16.37157287525381100, 0.5000000000000004400, -20.99999999999999600 ) ) ;
#11563 = CIRCLE ( 'NONE', #2870, 0.2794843821735011300 ) ;
#11564 = DIRECTION ( 'NONE',  ( 0.0000000000000000000, -1.000000000000000000, 0.0000000000000000000 ) ) ;
#11565 = CIRCLE ( 'NONE', #5387, 2.500000000000000900 ) ;
#11566 = VERTEX_POINT ( 'NONE', #10892 ) ;
#11567 = AXIS2_PLACEMENT_3D ( 'NONE', #7408, #9383, #6487 ) ;
#11568 = CIRCLE ( 'NONE', #9045, 0.5559999999999988300 ) ;
#11569 = ORIENTED_EDGE ( 'NONE', *, *, #4180, .T. ) ;
#11570 = DIRECTION ( 'NONE',  ( -0.7071067811865479100, -0.0000000000000000000, -0.7071067811865472400 ) ) ;
#11571 = DIRECTION ( 'NONE',  ( 0.0000000000000000000, 0.0000000000000000000, -1.000000000000000000 ) ) ;
#11572 = CARTESIAN_POINT ( 'NONE',  ( -13.13154598666891800, 8.500000000000000000, 17.14999999999999900 ) ) ;
#11573 = EDGE_CURVE ( 'NONE', #8192, #7530, #3469, .T. ) ;
#11574 = CARTESIAN_POINT ( 'NONE',  ( -16.95812298778031400, 0.6000000000000319500, -16.01066363930342700 ) ) ;
#11575 = ORIENTED_EDGE ( 'NONE', *, *, #12050, .F. ) ;
#11576 = ADVANCED_FACE ( 'NONE', ( #8271 ), #10562, .T. ) ;
#11577 = DIRECTION ( 'NONE',  ( 0.0000000000000000000, 0.0000000000000000000, 1.000000000000000000 ) ) ;
#11578 = CARTESIAN_POINT ( 'NONE',  ( 1.660547806356623700, 4.110050607254169800, 28.20000000000000300 ) ) ;
#11579 = ORIENTED_EDGE ( 'NONE', *, *, #5089, .F. ) ;
#11580 = CARTESIAN_POINT ( 'NONE',  ( -4.000000000000001800, 1.499999999999999600, 18.00000000000000700 ) ) ;
#11581 = CYLINDRICAL_SURFACE ( 'NONE', #8216, 1.500000000000001100 ) ;
#11582 = ORIENTED_EDGE ( 'NONE', *, *, #1558, .T. ) ;
#11583 = FACE_OUTER_BOUND ( 'NONE', #2575, .T. ) ;
#11584 = CARTESIAN_POINT ( 'NONE',  ( 19.00000000000000400, 0.5000000000000004400, 16.37157287525380400 ) ) ;
#11585 = ADVANCED_FACE ( 'NONE', ( #3175 ), #5432, .T. ) ;
#11586 = CARTESIAN_POINT ( 'NONE',  ( 15.49999999999999300, 33.69999999999998200, -15.49999999999999600 ) ) ;
#11587 = EDGE_LOOP ( 'NONE', ( #4122, #10357, #5551, #1916 ) ) ;
#11588 = CARTESIAN_POINT ( 'NONE',  ( -15.58276350254038800, 2.610000000000006100, 14.95019439558399900 ) ) ;
#11589 = CARTESIAN_POINT ( 'NONE',  ( -19.09999999999998700, 23.40000000000000600, 19.09999999999999800 ) ) ;
#11590 = ORIENTED_EDGE ( 'NONE', *, *, #11410, .T. ) ;
#11591 = EDGE_CURVE ( 'NONE', #8086, #3451, #7959, .T. ) ;
#11592 = CARTESIAN_POINT ( 'NONE',  ( 3.775608651740452800E-015, 7.200000000000002800, 2.500000000000007100 ) ) ;
#11593 = FACE_OUTER_BOUND ( 'NONE', #11908, .T. ) ;
#11594 = VECTOR ( 'NONE', #12542, 1000.000000000000100 ) ;
#11595 = ORIENTED_EDGE ( 'NONE', *, *, #10487, .F. ) ;
#11596 = DIRECTION ( 'NONE',  ( 0.0000000000000000000, 0.0000000000000000000, 1.000000000000000000 ) ) ;
#11597 = VERTEX_POINT ( 'NONE', #8028 ) ;
#11598 = EDGE_LOOP ( 'NONE', ( #42, #6815, #6389, #11743 ) ) ;
#11599 = CARTESIAN_POINT ( 'NONE',  ( 15.21860959775618300, 2.610000000000029200, -15.97953669465960600 ) ) ;
#11600 = DIRECTION ( 'NONE',  ( -0.0000000000000000000, -1.000000000000000000, 0.0000000000000000000 ) ) ;
#11601 = VERTEX_POINT ( 'NONE', #2293 ) ;
#11602 = DIRECTION ( 'NONE',  ( 0.0000000000000000000, 0.0000000000000000000, 1.000000000000000000 ) ) ;
#11603 = VECTOR ( 'NONE', #11749, 1000.000000000000000 ) ;
#11604 = PERSON_AND_ORGANIZATION ( #9551, #9632 ) ;
#11605 = DIRECTION ( 'NONE',  ( 0.0000000000000000000, 1.000000000000000000, 0.0000000000000000000 ) ) ;
#11606 = AXIS2_PLACEMENT_3D ( 'NONE', #8548, #6624, #2804 ) ;
#11607 = VERTEX_POINT ( 'NONE', #4807 ) ;
#11608 = EDGE_CURVE ( 'NONE', #7537, #201, #10270, .T. ) ;
#11609 = ORIENTED_EDGE ( 'NONE', *, *, #8054, .F. ) ;
#11610 = VERTEX_POINT ( 'NONE', #9021 ) ;
#11611 = DIRECTION ( 'NONE',  ( 0.0000000000000000000, 1.000000000000000000, 0.0000000000000000000 ) ) ;
#11612 = CARTESIAN_POINT ( 'NONE',  ( -16.13253578028826100, 0.6000000000000063100, 15.79169233451989700 ) ) ;
#11613 = ORIENTED_EDGE ( 'NONE', *, *, #260, .T. ) ;
#11614 = DIRECTION ( 'NONE',  ( 6.938893903907228400E-015, 0.0000000000000000000, 1.000000000000000000 ) ) ;
#11615 = EDGE_LOOP ( 'NONE', ( #9189, #6655, #3056, #616 ) ) ;
#11616 = VECTOR ( 'NONE', #3095, 1000.000000000000000 ) ;
#11617 = VECTOR ( 'NONE', #2075, 1000.000000000000000 ) ;
#11618 = CARTESIAN_POINT ( 'NONE',  ( 14.89772079918199700, 1.270265698095185200, 15.74538070642587900 ) ) ;
#11619 = DIRECTION ( 'NONE',  ( 0.0000000000000000000, 1.000000000000000000, 0.0000000000000000000 ) ) ;
#11620 = EDGE_LOOP ( 'NONE', ( #3670, #10591, #9019, #11479 ) ) ;
#11621 = DIRECTION ( 'NONE',  ( 0.0000000000000000000, 0.0000000000000000000, 1.000000000000000000 ) ) ;
#11622 = VERTEX_POINT ( 'NONE', #12577 ) ;
#11623 = AXIS2_PLACEMENT_3D ( 'NONE', #2408, #9150, #3379 ) ;
#11624 = EDGE_CURVE ( 'NONE', #8172, #7639, #5123, .T. ) ;
#11625 = AXIS2_PLACEMENT_3D ( 'NONE', #10402, #6548, #774 ) ;
#11626 = DIRECTION ( 'NONE',  ( 0.0000000000000000000, 0.0000000000000000000, 1.000000000000000000 ) ) ;
#11627 = DIRECTION ( 'NONE',  ( 0.0000000000000000000, 0.0000000000000000000, -1.000000000000000000 ) ) ;
#11628 = DIRECTION ( 'NONE',  ( -0.0000000000000000000, -1.000000000000000000, 0.0000000000000000000 ) ) ;
#11629 = LINE ( 'NONE', #553, #6468 ) ;
#11631 = DIRECTION ( 'NONE',  ( 0.0000000000000000000, -1.000000000000000000, 0.0000000000000000000 ) ) ;
#11630 = CYLINDRICAL_SURFACE ( 'NONE', #2564, 2.749999999999999100 ) ;
#11632 = CARTESIAN_POINT ( 'NONE',  ( -15.71441625783252900, 2.610000000000006100, 14.91795067099118900 ) ) ;
#11633 = ORIENTED_EDGE ( 'NONE', *, *, #9430, .T. ) ;
#11634 = VERTEX_POINT ( 'NONE', #11578 ) ;
#11635 = ORIENTED_EDGE ( 'NONE', *, *, #5290, .T. ) ;
#11636 = ADVANCED_FACE ( 'NONE', ( #2861 ), #978, .F. ) ;
#11637 = VERTEX_POINT ( 'NONE', #1961 ) ;
#11638 = DIRECTION ( 'NONE',  ( 0.5469441386039886100, 0.0000000000000000000, -0.8371691043312222700 ) ) ;
#11639 = CARTESIAN_POINT ( 'NONE',  ( -15.54845431265169300, 1.940406951505541800, 14.89767972042400900 ) ) ;
#11640 = ORIENTED_EDGE ( 'NONE', *, *, #12239, .F. ) ;
#11641 = AXIS2_PLACEMENT_3D ( 'NONE', #10500, #4715, #11476 ) ;
#11642 = CARTESIAN_POINT ( 'NONE',  ( -15.50000000000000900, 2.790655351105523400, -15.49999999999999600 ) ) ;
#11643 = LINE ( 'NONE', #10282, #9048 ) ;
#11644 = CIRCLE ( 'NONE', #12364, 0.5000000000000004400 ) ;
#11645 = VERTEX_POINT ( 'NONE', #1020 ) ;
#11646 = CARTESIAN_POINT ( 'NONE',  ( 16.07105082455342400, 1.940406951505561300, 15.30241838299096100 ) ) ;
#11647 = CARTESIAN_POINT ( 'NONE',  ( 15.97953669465960400, 2.610000000000029200, -15.78139040224381000 ) ) ;
#11648 = CARTESIAN_POINT ( 'NONE',  ( -15.50000000000000700, 2.015685424949244600, 15.50000000000000400 ) ) ;
#11649 = EDGE_CURVE ( 'NONE', #3030, #1673, #11489, .T. ) ;
#11650 = VERTEX_POINT ( 'NONE', #6761 ) ;
#11651 = ORIENTED_EDGE ( 'NONE', *, *, #2891, .T. ) ;
#11652 = ADVANCED_FACE ( 'NONE', ( #2570 ), #5727, .T. ) ;
#11653 = CARTESIAN_POINT ( 'NONE',  ( 15.71441625783252500, 2.610000000000027400, 16.08204932900882200 ) ) ;
#11654 =( BOUNDED_CURVE ( )  B_SPLINE_CURVE ( 3, ( #9258, #597, #8291, #2543 ),
 .UNSPECIFIED., .F., .T. ) 
 B_SPLINE_CURVE_WITH_KNOTS ( ( 4, 4 ),
 ( -7.105427357601001900E-015, 0.5283884945424930400 ),
 .UNSPECIFIED. ) 
 CURVE ( )  GEOMETRIC_REPRESENTATION_ITEM ( )  RATIONAL_B_SPLINE_CURVE ( ( 1.000000000000000000, 0.9768688144526042100, 0.9768688144526042100, 1.000000000000000000 ) ) 
 REPRESENTATION_ITEM ( '' )  );
#11655 = ORIENTED_EDGE ( 'NONE', *, *, #11649, .F. ) ;
#11656 = CARTESIAN_POINT ( 'NONE',  ( 6.595992800145969600E-015, 34.29999999999999700, 2.800000000000003400 ) ) ;
#11657 = FACE_BOUND ( 'NONE', #8976, .T. ) ;
#11658 = CIRCLE ( 'NONE', #5046, 0.5560000000000002700 ) ;
#11659 = DIRECTION ( 'NONE',  ( 0.0000000000000000000, 0.0000000000000000000, 1.000000000000000000 ) ) ;
#11660 = VERTEX_POINT ( 'NONE', #7771 ) ;
#11661 = DIRECTION ( 'NONE',  ( 0.5469441386039892700, 0.0000000000000000000, -0.8371691043312217100 ) ) ;
#11662 = AXIS2_PLACEMENT_3D ( 'NONE', #11273, #7389, #4510 ) ;
#11663 = EDGE_LOOP ( 'NONE', ( #4068, #4711, #1395 ) ) ;
#11664 = ORIENTED_EDGE ( 'NONE', *, *, #4552, .T. ) ;
#11665 = DIRECTION ( 'NONE',  ( 0.0000000000000000000, 1.000000000000000000, -0.0000000000000000000 ) ) ;
#11666 = CARTESIAN_POINT ( 'NONE',  ( 21.14999999999998400, 26.00000000000000400, 14.42350512184888500 ) ) ;
#11667 = ORIENTED_EDGE ( 'NONE', *, *, #9127, .T. ) ;
#11668 = EDGE_CURVE ( 'NONE', #5403, #9584, #291, .T. ) ;
#11669 = CONICAL_SURFACE ( 'NONE', #11754, 0.5559999999999997200, 0.06981317007976596500 ) ;
#11670 = CIRCLE ( 'NONE', #8083, 1.250000000000001100 ) ;
#11671 = AXIS2_PLACEMENT_3D ( 'NONE', #5719, #7627, #1897 ) ;
#11672 = VERTEX_POINT ( 'NONE', #67 ) ;
#11673 = DIRECTION ( 'NONE',  ( 0.0000000000000000000, 0.0000000000000000000, 1.000000000000000000 ) ) ;
#11674 = CARTESIAN_POINT ( 'NONE',  ( -15.50000000000000700, 0.6000000000000319500, -15.49999999999999600 ) ) ;
#11675 = CARTESIAN_POINT ( 'NONE',  ( 15.49999999999999300, 33.69999999999998200, -14.24999999999998600 ) ) ;
#11676 = ORIENTED_EDGE ( 'NONE', *, *, #11445, .T. ) ;
#11677 = CARTESIAN_POINT ( 'NONE',  ( -17.78578643762688600, 33.50000000000000000, 20.41421356237309900 ) ) ;
#11678 = EDGE_CURVE ( 'NONE', #4085, #4121, #12567, .T. ) ;
#11679 = PLANE ( 'NONE',  #7464 ) ;
#11680 = EDGE_LOOP ( 'NONE', ( #10249, #3304 ) ) ;
#11681 = FACE_OUTER_BOUND ( 'NONE', #4484, .T. ) ;
#11682 = FACE_OUTER_BOUND ( 'NONE', #4478, .T. ) ;
#11683 = VERTEX_POINT ( 'NONE', #1058 ) ;
#11684 = DIRECTION ( 'NONE',  ( -0.0000000000000000000, 1.000000000000000000, -0.0000000000000000000 ) ) ;
#11685 = AXIS2_PLACEMENT_3D ( 'NONE', #589, #3504, #10262 ) ;
#11686 = EDGE_CURVE ( 'NONE', #7939, #2395, #10867, .T. ) ;
#11688 = EDGE_LOOP ( 'NONE', ( #10559, #3601 ) ) ;
#11687 = ORIENTED_EDGE ( 'NONE', *, *, #5553, .T. ) ;
#11689 = DIRECTION ( 'NONE',  ( 0.7071067811865475700, 0.0000000000000000000, 0.7071067811865475700 ) ) ;
#11690 = ORIENTED_EDGE ( 'NONE', *, *, #1299, .F. ) ;
#11691 = EDGE_CURVE ( 'NONE', #1956, #2675, #7363, .T. ) ;
#11692 = DIRECTION ( 'NONE',  ( 0.0000000000000000000, 1.000000000000000000, 0.0000000000000000000 ) ) ;
#11693 = CARTESIAN_POINT ( 'NONE',  ( 15.43494317384709200, 2.610000000000027400, 16.05218077598818700 ) ) ;
#11694 = CIRCLE ( 'NONE', #708, 1.250000000000011500 ) ;
#11695 = DIRECTION ( 'NONE',  ( 0.5469441386039886100, 0.0000000000000000000, -0.8371691043312222700 ) ) ;
#11696 = ORIENTED_EDGE ( 'NONE', *, *, #11290, .T. ) ;
#11697 = VECTOR ( 'NONE', #7070, 1000.000000000000200 ) ;
#11698 = DIRECTION ( 'NONE',  ( 0.5469441386039892700, 0.0000000000000000000, -0.8371691043312217100 ) ) ;
#11699 = VECTOR ( 'NONE', #12098, 1000.000000000000000 ) ;
#11700 = VERTEX_POINT ( 'NONE', #3042 ) ;
#11701 = VERTEX_POINT ( 'NONE', #8808 ) ;
#11702 = DIRECTION ( 'NONE',  ( -0.0000000000000000000, -1.000000000000000000, 0.0000000000000000000 ) ) ;
#11703 = CARTESIAN_POINT ( 'NONE',  ( 4.000000000000001800, 8.500000000000000000, 21.00000000000000400 ) ) ;
#11704 = DIRECTION ( 'NONE',  ( 0.7071067811865475700, -0.0000000000000000000, -0.7071067811865475700 ) ) ;
#11705 = AXIS2_PLACEMENT_3D ( 'NONE', #12198, #1633, #5460 ) ;
#11706 = LINE ( 'NONE', #549, #9116 ) ;
#11707 = ORIENTED_EDGE ( 'NONE', *, *, #2748, .T. ) ;
#11708 = ADVANCED_FACE ( 'NONE', ( #7057 ), #9365, .F. ) ;
#11709 = AXIS2_PLACEMENT_3D ( 'NONE', #7230, #83, #3418 ) ;
#11710 = VECTOR ( 'NONE', #983, 1000.000000000000000 ) ;
#11711 = CARTESIAN_POINT ( 'NONE',  ( 16.37157287525380800, 34.00000000000000000, -21.00000000000000000 ) ) ;
#11712 = ORIENTED_EDGE ( 'NONE', *, *, #682, .F. ) ;
#11713 = DIRECTION ( 'NONE',  ( 0.0000000000000000000, 0.0000000000000000000, 1.000000000000000000 ) ) ;
#11714 = DIRECTION ( 'NONE',  ( -0.0000000000000000000, -1.000000000000000000, 0.0000000000000000000 ) ) ;
#11715 = ORIENTED_EDGE ( 'NONE', *, *, #4079, .F. ) ;
#11716 = VECTOR ( 'NONE', #4438, 1000.000000000000000 ) ;
#11717 = CARTESIAN_POINT ( 'NONE',  ( -15.26396833183707000, 2.474345677606103700, -16.02126832512928800 ) ) ;
#11718 = ADVANCED_FACE ( 'NONE', ( #12258 ), #5941, .T. ) ;
#11719 = PLANE ( 'NONE',  #11306 ) ;
#11720 = FACE_OUTER_BOUND ( 'NONE', #1123, .T. ) ;
#11721 = CARTESIAN_POINT ( 'NONE',  ( -19.09999999999998700, 34.00000000000000000, -19.09999999999999100 ) ) ;
#11722 = ORIENTED_EDGE ( 'NONE', *, *, #11678, .F. ) ;
#11723 = CARTESIAN_POINT ( 'NONE',  ( 15.49999999999999300, 26.00000000000000400, 15.50000000000000400 ) ) ;
#11724 = CIRCLE ( 'NONE', #4866, 0.5560000000000002700 ) ;
#11726 = CARTESIAN_POINT ( 'NONE',  ( -1.821700008836313800, 54.00000000000000000, -0.8254750618920935200 ) ) ;
#11725 = AXIS2_PLACEMENT_3D ( 'NONE', #10182, #4392, #11156 ) ;
#11727 = EDGE_LOOP ( 'NONE', ( #278, #2877, #4531, #2987 ) ) ;
#11728 = PLANE ( 'NONE',  #1179 ) ;
#11729 = PLANE ( 'NONE',  #10160 ) ;
#11730 = AXIS2_PLACEMENT_3D ( 'NONE', #8436, #2689, #9450 ) ;
#11731 = CYLINDRICAL_SURFACE ( 'NONE', #521, 1.250000000000011500 ) ;
#11732 = EDGE_CURVE ( 'NONE', #12310, #11597, #4526, .T. ) ;
#11733 = CARTESIAN_POINT ( 'NONE',  ( -14.98933636069658200, 0.6000000000000319500, -16.95812298778030700 ) ) ;
#11734 = CIRCLE ( 'NONE', #11049, 0.5560000000000012700 ) ;
#11735 = CARTESIAN_POINT ( 'NONE',  ( -18.99999999999998200, 34.00000000000000000, -16.37157287525381100 ) ) ;
#11736 = ADVANCED_FACE ( 'NONE', ( #11944 ), #11630, .T. ) ;
#11737 = LINE ( 'NONE', #9957, #8505 ) ;
#11738 = CARTESIAN_POINT ( 'NONE',  ( 16.01066363930342700, 0.6000000000000276200, 14.04187701221969300 ) ) ;
#11739 = DIRECTION ( 'NONE',  ( 0.0000000000000000000, 1.000000000000000000, -0.0000000000000000000 ) ) ;
#11740 = VERTEX_POINT ( 'NONE', #11790 ) ;
#11741 = DIRECTION ( 'NONE',  ( 0.7071067811865475700, 0.0000000000000000000, 0.7071067811865475700 ) ) ;
#11742 = CARTESIAN_POINT ( 'NONE',  ( 0.0000000000000000000, 8.500000000000000000, 21.50000000000000400 ) ) ;
#11743 = ORIENTED_EDGE ( 'NONE', *, *, #7841, .F. ) ;
#11744 = AXIS2_PLACEMENT_3D ( 'NONE', #12131, #11141, #1486 ) ;
#11745 = ORIENTED_EDGE ( 'NONE', *, *, #5078, .F. ) ;
#11746 = VERTEX_POINT ( 'NONE', #6932 ) ;
#11747 = DIRECTION ( 'NONE',  ( -0.7071067811865474600, 0.0000000000000000000, 0.7071067811865474600 ) ) ;
#11748 = CONICAL_SURFACE ( 'NONE', #5888, 1.250000000000011500, 0.7853981633974537200 ) ;
#11749 = DIRECTION ( 'NONE',  ( -0.0000000000000000000, -1.000000000000000000, -0.0000000000000000000 ) ) ;
#11750 = DIRECTION ( 'NONE',  ( 1.000000000000000000, 0.0000000000000000000, 0.0000000000000000000 ) ) ;
#11751 = EDGE_CURVE ( 'NONE', #6887, #6488, #1671, .T. ) ;
#11752 = CARTESIAN_POINT ( 'NONE',  ( 15.78139040224381300, 2.610000000000027400, 15.97953669465961600 ) ) ;
#11753 = CIRCLE ( 'NONE', #8525, 8.000000000000000000 ) ;
#11754 = AXIS2_PLACEMENT_3D ( 'NONE', #6747, #11600, #2902 ) ;
#11755 = EDGE_LOOP ( 'NONE', ( #3078, #1205, #2407, #10170 ) ) ;
#11756 = CARTESIAN_POINT ( 'NONE',  ( 3.469446951953614200E-015, 2.500000000000004000, -7.699999999999998400 ) ) ;
#11757 = ORIENTED_EDGE ( 'NONE', *, *, #8712, .F. ) ;
#11758 = FACE_OUTER_BOUND ( 'NONE', #5440, .T. ) ;
#11759 = DIRECTION ( 'NONE',  ( -0.0000000000000000000, -1.000000000000000000, 0.0000000000000000000 ) ) ;
#11760 = ORIENTED_EDGE ( 'NONE', *, *, #7677, .T. ) ;
#11761 = DIRECTION ( 'NONE',  ( -0.0000000000000000000, -1.000000000000000000, -0.0000000000000000000 ) ) ;
#11762 = AXIS2_PLACEMENT_3D ( 'NONE', #11334, #7456, #11378 ) ;
#11763 = ORIENTED_EDGE ( 'NONE', *, *, #2609, .T. ) ;
#11764 = CARTESIAN_POINT ( 'NONE',  ( 6.938893903907228400E-015, 26.00000000000000400, -21.00000000000000000 ) ) ;
#11765 = EDGE_CURVE ( 'NONE', #5846, #9694, #6752, .T. ) ;
#11766 = EDGE_LOOP ( 'NONE', ( #2250, #11989, #11197, #5635 ) ) ;
#11767 = AXIS2_PLACEMENT_3D ( 'NONE', #5468, #12248, #6418 ) ;
#11768 = EDGE_CURVE ( 'NONE', #4664, #6953, #1972, .T. ) ;
#11769 = PLANE ( 'NONE',  #9349 ) ;
#11770 = ADVANCED_FACE ( 'NONE', ( #4222 ), #8726, .T. ) ;
#11771 = DIRECTION ( 'NONE',  ( 0.0000000000000000000, 1.000000000000000000, -0.0000000000000000000 ) ) ;
#11772 = CIRCLE ( 'NONE', #5640, 4.000000000000000000 ) ;
#11773 = VECTOR ( 'NONE', #10072, 999.9999999999998900 ) ;
#11774 = ORIENTED_EDGE ( 'NONE', *, *, #11867, .T. ) ;
#11775 = ORIENTED_EDGE ( 'NONE', *, *, #6929, .T. ) ;
#11776 = DIRECTION ( 'NONE',  ( -0.8371691043312241600, 2.697020329565932900E-016, -0.5469441386039857200 ) ) ;
#11777 = CARTESIAN_POINT ( 'NONE',  ( -15.50000000000000700, 33.69999999999998200, -16.75000000000000700 ) ) ;
#11778 = ADVANCED_FACE ( 'NONE', ( #1366 ), #11022, .F. ) ;
#11779 = CARTESIAN_POINT ( 'NONE',  ( -15.50000000000000700, 34.00000000000000000, 17.05000000000001800 ) ) ;
#11780 = AXIS2_PLACEMENT_3D ( 'NONE', #11905, #5088, #6092 ) ;
#11781 = AXIS2_PLACEMENT_3D ( 'NONE', #7871, #12591, #10782 ) ;
#11782 = CYLINDRICAL_SURFACE ( 'NONE', #10894, 1.250000000000011500 ) ;
#11783 = FACE_BOUND ( 'NONE', #1079, .T. ) ;
#11784 = EDGE_LOOP ( 'NONE', ( #8112, #2015, #9525, #7977 ) ) ;
#11785 = DIRECTION ( 'NONE',  ( 0.5469441386039908300, 0.0000000000000000000, -0.8371691043312209400 ) ) ;
#11786 = CARTESIAN_POINT ( 'NONE',  ( 17.78578643762690000, 12.00000000000000000, 20.41421356237309600 ) ) ;
#11787 = CARTESIAN_POINT ( 'NONE',  ( 15.94452336260681400, 2.424605185108645400, 15.89884208304666700 ) ) ;
#11788 = ORIENTED_EDGE ( 'NONE', *, *, #9372, .T. ) ;
#11789 = CARTESIAN_POINT ( 'NONE',  ( 3.812348055714872900E-015, 2.500000000000003100, 2.800000000000006900 ) ) ;
#11790 = CARTESIAN_POINT ( 'NONE',  ( 16.11915492039946700, 2.610000000000029200, -15.53745580819628600 ) ) ;
#11791 = ADVANCED_FACE ( 'NONE', ( #3915 ), #5865, .T. ) ;
#11792 = VECTOR ( 'NONE', #6771, 1000.000000000000000 ) ;
#11793 = LINE ( 'NONE', #5901, #1823 ) ;
#11794 = DIRECTION ( 'NONE',  ( -0.0000000000000000000, -1.000000000000000000, -0.0000000000000000000 ) ) ;
#11795 = EDGE_CURVE ( 'NONE', #9507, #11740, #6469, .T. ) ;
#11796 = ORIENTED_EDGE ( 'NONE', *, *, #2711, .T. ) ;
#11797 = EDGE_CURVE ( 'NONE', #10060, #3284, #3618, .T. ) ;
#11798 = AXIS2_PLACEMENT_3D ( 'NONE', #10265, #4480, #11241 ) ;
#11799 = CARTESIAN_POINT ( 'NONE',  ( 16.75797151878916900, 2.581370849898507300, -17.42548893996180900 ) ) ;
#11800 = ORIENTED_EDGE ( 'NONE', *, *, #6773, .F. ) ;
#11801 = EDGE_LOOP ( 'NONE', ( #1429, #5967, #1767, #7322, #839, #11635 ) ) ;
#11802 = DIRECTION ( 'NONE',  ( -0.0000000000000000000, -1.000000000000000000, 0.0000000000000000000 ) ) ;
#11803 = ORIENTED_EDGE ( 'NONE', *, *, #2498, .T. ) ;
#11804 = EDGE_CURVE ( 'NONE', #6122, #3942, #8417, .T. ) ;
#11805 = CIRCLE ( 'NONE', #8148, 0.8000000000000009300 ) ;
#11806 = CIRCLE ( 'NONE', #691, 0.5559999999999988300 ) ;
#11807 = DIRECTION ( 'NONE',  ( 0.8371691043312241600, -5.359117379318552800E-017, 0.5469441386039858300 ) ) ;
#11808 = ORIENTED_EDGE ( 'NONE', *, *, #5307, .F. ) ;
#11809 = DIRECTION ( 'NONE',  ( 0.3735429735244764100, 0.8949343913984425500, 0.2440452458516483600 ) ) ;
#11812 = ORIENTED_EDGE ( 'NONE', *, *, #489, .T. ) ;
#11811 = ORIENTED_EDGE ( 'NONE', *, *, #12262, .F. ) ;
#11810 = CARTESIAN_POINT ( 'NONE',  ( -16.01066363930343100, 0.6000000000000319500, -14.04187701221968400 ) ) ;
#11813 = ORIENTED_EDGE ( 'NONE', *, *, #10102, .F. ) ;
#11814 = ORIENTED_EDGE ( 'NONE', *, *, #3811, .F. ) ;
#11815 = ORIENTED_EDGE ( 'NONE', *, *, #2348, .T. ) ;
#11816 = DIRECTION ( 'NONE',  ( 0.0000000000000000000, -1.000000000000000000, 0.0000000000000000000 ) ) ;
#11817 = ORIENTED_EDGE ( 'NONE', *, *, #8657, .T. ) ;
#11818 = ORIENTED_EDGE ( 'NONE', *, *, #2891, .F. ) ;
#11819 = AXIS2_PLACEMENT_3D ( 'NONE', #5491, #12267, #6432 ) ;
#11820 = VECTOR ( 'NONE', #9224, 1000.000000000000000 ) ;
#11821 = LINE ( 'NONE', #190, #9241 ) ;
#11822 = CARTESIAN_POINT ( 'NONE',  ( 15.69758161700903500, 1.940406951505564400, -14.92894917544657400 ) ) ;
#11823 = ORIENTED_EDGE ( 'NONE', *, *, #6793, .T. ) ;
#11824 = DIRECTION ( 'NONE',  ( 0.5201747870687640800, -0.3090169943749421200, -0.7961951319151876500 ) ) ;
#11825 = EDGE_CURVE ( 'NONE', #5905, #5331, #3309, .T. ) ;
#11827 = EDGE_LOOP ( 'NONE', ( #12094, #11951 ) ) ;
#11826 = VERTEX_POINT ( 'NONE', #4176 ) ;
#11828 = ORIENTED_EDGE ( 'NONE', *, *, #8630, .F. ) ;
#11829 = DIRECTION ( 'NONE',  ( -0.9108500044181590000, 0.0000000000000000000, -0.4127375309460478100 ) ) ;
#11830 = CARTESIAN_POINT ( 'NONE',  ( 6.295954334354868100E-015, 32.09999999999999400, -5.249999999999996400 ) ) ;
#11831 = ORIENTED_EDGE ( 'NONE', *, *, #11514, .T. ) ;
#11832 = PLANE ( 'NONE',  #9950 ) ;
#11833 = CIRCLE ( 'NONE', #9862, 11.50000000000000500 ) ;
#11834 = FACE_OUTER_BOUND ( 'NONE', #285, .T. ) ;
#11835 = ADVANCED_FACE ( 'NONE', ( #8109 ), #8026, .T. ) ;
#11836 = EDGE_LOOP ( 'NONE', ( #9020, #6645 ) ) ;
#11837 = CARTESIAN_POINT ( 'NONE',  ( 15.71441625783252500, 2.610000000000027400, 16.08204932900882200 ) ) ;
#11838 = CARTESIAN_POINT ( 'NONE',  ( 0.0000000000000000000, 0.5000000000000073300, 0.0000000000000000000 ) ) ;
#11839 = EDGE_LOOP ( 'NONE', ( #6883, #6496, #10045, #9030 ) ) ;
#11840 = VERTEX_POINT ( 'NONE', #1322 ) ;
#11841 = CARTESIAN_POINT ( 'NONE',  ( 15.49999999999999300, 1.000000000000034200, -15.49999999999999600 ) ) ;
#11842 = CARTESIAN_POINT ( 'NONE',  ( 14.92894917544657000, 1.940406951505564900, -15.30241838299095400 ) ) ;
#11843 = EDGE_CURVE ( 'NONE', #11211, #1744, #6169, .T. ) ;
#11844 = LINE ( 'NONE', #4551, #9557 ) ;
#11845 = ORIENTED_EDGE ( 'NONE', *, *, #6532, .T. ) ;
#11846 = DIRECTION ( 'NONE',  ( 0.5469441386039883800, 0.0000000000000000000, -0.8371691043312223800 ) ) ;
#11847 = ADVANCED_FACE ( 'NONE', ( #5578 ), #5189, .F. ) ;
#11848 = LINE ( 'NONE', #8382, #1871 ) ;
#11849 = LINE ( 'NONE', #2778, #11530 ) ;
#11850 = CARTESIAN_POINT ( 'NONE',  ( 21.00000000000000000, 0.5000000000000004400, -16.37157287525380400 ) ) ;
#11851 = ORIENTED_EDGE ( 'NONE', *, *, #4261, .T. ) ;
#11852 = CARTESIAN_POINT ( 'NONE',  ( 6.938893903907228400E-015, 34.60000000000000900, 3.469446951953614200E-015 ) ) ;
#11853 = ORIENTED_EDGE ( 'NONE', *, *, #4625, .T. ) ;
#11854 = CARTESIAN_POINT ( 'NONE',  ( 15.28558374216747300, 2.610000000000029200, -16.08204932900881100 ) ) ;
#11855 = CARTESIAN_POINT ( 'NONE',  ( 0.0000000000000000000, 0.5000000000000073300, 0.0000000000000000000 ) ) ;
#11856 = FACE_OUTER_BOUND ( 'NONE', #8792, .T. ) ;
#11857 = CARTESIAN_POINT ( 'NONE',  ( 16.95812298778031000, 0.6000000000000276200, 16.01066363930343400 ) ) ;
#11858 = ORIENTED_EDGE ( 'NONE', *, *, #8358, .T. ) ;
#11859 = DIRECTION ( 'NONE',  ( 0.5469441386039857200, 0.0000000000000000000, -0.8371691043312240500 ) ) ;
#11860 = CONICAL_SURFACE ( 'NONE', #4990, 0.5560000000000002700, 0.06981317007976596500 ) ;
#11861 = VECTOR ( 'NONE', #7817, 1000.000000000000000 ) ;
#11862 = AXIS2_PLACEMENT_3D ( 'NONE', #2486, #9233, #3447 ) ;
#11863 = EDGE_LOOP ( 'NONE', ( #193, #6986, #9023, #5895 ) ) ;
#11864 = EDGE_CURVE ( 'NONE', #7403, #12085, #3009, .T. ) ;
#11865 = ADVANCED_FACE ( 'NONE', ( #10408 ), #435, .T. ) ;
#11866 = ORIENTED_EDGE ( 'NONE', *, *, #5424, .T. ) ;
#11867 = EDGE_CURVE ( 'NONE', #4374, #2729, #7803, .T. ) ;
#11868 = CARTESIAN_POINT ( 'NONE',  ( 20.99999999999999600, 33.50000000000000000, 16.37157287525381800 ) ) ;
#11869 = DIRECTION ( 'NONE',  ( -0.0000000000000000000, -1.000000000000000000, 0.0000000000000000000 ) ) ;
#11870 = CARTESIAN_POINT ( 'NONE',  ( -16.37157287525379300, 33.50000000000000000, 21.00000000000000700 ) ) ;
#11871 = LINE ( 'NONE', #41, #11553 ) ;
#11872 = ORIENTED_EDGE ( 'NONE', *, *, #2490, .F. ) ;
#11873 = LINE ( 'NONE', #11209, #6687 ) ;
#11874 = CARTESIAN_POINT ( 'NONE',  ( 6.938893903907228400E-015, 11.46249999999999700, -4.149999999999997700 ) ) ;
#11875 = CARTESIAN_POINT ( 'NONE',  ( -1.146920613196742700, 6.110050607254169800, 30.20000000000000300 ) ) ;
#11876 = DIRECTION ( 'NONE',  ( -0.0000000000000000000, -1.000000000000000000, -0.0000000000000000000 ) ) ;
#11877 = TOROIDAL_SURFACE ( 'NONE', #1594, 2.299999999999999800, 0.8000000000000000400 ) ;
#11878 = AXIS2_PLACEMENT_3D ( 'NONE', #1478, #8180, #2437 ) ;
#11879 = DIRECTION ( 'NONE',  ( 1.000000000000000000, 0.0000000000000000000, 0.0000000000000000000 ) ) ;
#11880 = VECTOR ( 'NONE', #2976, 1000.000000000000100 ) ;
#11881 = CARTESIAN_POINT ( 'NONE',  ( -16.11915492039947800, 2.610000000000006100, 15.53745580819629300 ) ) ;
#11882 = ORIENTED_EDGE ( 'NONE', *, *, #11480, .F. ) ;
#11883 = CYLINDRICAL_SURFACE ( 'NONE', #10365, 2.000000000000001800 ) ;
#11884 = CARTESIAN_POINT ( 'NONE',  ( 3.469446951953614200E-015, 3.770162612375122600, 6.938893903907228400E-015 ) ) ;
#11885 = ORIENTED_EDGE ( 'NONE', *, *, #8510, .F. ) ;
#11886 = DIRECTION ( 'NONE',  ( -0.0000000000000000000, -1.000000000000000000, 0.0000000000000000000 ) ) ;
#11887 = DIRECTION ( 'NONE',  ( -0.8371691043312241600, 2.697020329565932900E-016, -0.5469441386039857200 ) ) ;
#11888 = ORIENTED_EDGE ( 'NONE', *, *, #3525, .F. ) ;
#11889 = DIRECTION ( 'NONE',  ( 0.0000000000000000000, -1.000000000000000000, 0.0000000000000000000 ) ) ;
#11890 = DIRECTION ( 'NONE',  ( 0.0000000000000000000, -1.000000000000000000, 0.0000000000000000000 ) ) ;
#11891 = AXIS2_PLACEMENT_3D ( 'NONE', #11875, #6052, #280 ) ;
#11892 = FACE_OUTER_BOUND ( 'NONE', #8305, .T. ) ;
#11894 = ORIENTED_EDGE ( 'NONE', *, *, #6639, .F. ) ;
#11893 = AXIS2_PLACEMENT_3D ( 'NONE', #4357, #11121, #5329 ) ;
#11895 = FACE_OUTER_BOUND ( 'NONE', #3814, .T. ) ;
#11896 = ADVANCED_FACE ( 'NONE', ( #126 ), #5269, .T. ) ;
#11897 = EDGE_CURVE ( 'NONE', #10958, #2859, #10106, .T. ) ;
#11898 = DIRECTION ( 'NONE',  ( 0.0000000000000000000, 0.0000000000000000000, 1.000000000000000000 ) ) ;
#11899 = ORIENTED_EDGE ( 'NONE', *, *, #5510, .T. ) ;
#11900 = ORIENTED_EDGE ( 'NONE', *, *, #2784, .F. ) ;
#11901 = DIRECTION ( 'NONE',  ( 0.0000000000000000000, -1.000000000000000000, 0.0000000000000000000 ) ) ;
#11902 = LINE ( 'NONE', #8711, #7015 ) ;
#11903 = PLANE ( 'NONE',  #1193 ) ;
#11904 = DIRECTION ( 'NONE',  ( 0.8371691043312221600, 0.0000000000000000000, 0.5469441386039886100 ) ) ;
#11905 = CARTESIAN_POINT ( 'NONE',  ( -18.74644660940671800, 33.50000000000000000, 18.74644660940672500 ) ) ;
#11906 = CIRCLE ( 'NONE', #5571, 25.60000000000001900 ) ;
#11907 = AXIS2_PLACEMENT_3D ( 'NONE', #1274, #5136, #11915 ) ;
#11908 = EDGE_LOOP ( 'NONE', ( #918, #4993, #5869, #12003 ) ) ;
#11909 = ORIENTED_EDGE ( 'NONE', *, *, #2657, .F. ) ;
#11910 = ORIENTED_EDGE ( 'NONE', *, *, #4634, .T. ) ;
#11911 = DIRECTION ( 'NONE',  ( -0.0000000000000000000, -0.0000000000000000000, -1.000000000000000000 ) ) ;
#11912 = PLANE ( 'NONE',  #8632 ) ;
#11913 = CARTESIAN_POINT ( 'NONE',  ( 15.35493305815095000, 2.610000000000027400, 14.96325836533528000 ) ) ;
#11914 = EDGE_CURVE ( 'NONE', #10736, #8831, #739, .T. ) ;
#11915 = DIRECTION ( 'NONE',  ( 0.0000000000000000000, 0.0000000000000000000, -1.000000000000000000 ) ) ;
#11916 = ORIENTED_EDGE ( 'NONE', *, *, #2677, .T. ) ;
#11917 = AXIS2_PLACEMENT_3D ( 'NONE', #7140, #1399, #8099 ) ;
#11918 = LINE ( 'NONE', #1097, #9015 ) ;
#11919 = COORDINATED_UNIVERSAL_TIME_OFFSET ( 3, 0, .AHEAD. ) ;
#11920 = DIRECTION ( 'NONE',  ( -1.000000000000000000, 0.0000000000000000000, 0.0000000000000000000 ) ) ;
#11921 = DIRECTION ( 'NONE',  ( 0.0000000000000000000, 1.000000000000000000, -0.0000000000000000000 ) ) ;
#11922 = ORIENTED_EDGE ( 'NONE', *, *, #11532, .F. ) ;
#11923 = ADVANCED_FACE ( 'NONE', ( #2411 ), #7205, .F. ) ;
#11924 = DIRECTION ( 'NONE',  ( -0.0000000000000000000, 1.000000000000000000, -0.0000000000000000000 ) ) ;
#11925 = EDGE_CURVE ( 'NONE', #6258, #3691, #9244, .T. ) ;
#11926 = VERTEX_POINT ( 'NONE', #8150 ) ;
#11927 = DIRECTION ( 'NONE',  ( 0.0000000000000000000, 0.0000000000000000000, 1.000000000000000000 ) ) ;
#11928 = ORIENTED_EDGE ( 'NONE', *, *, #8272, .T. ) ;
#11929 = CARTESIAN_POINT ( 'NONE',  ( -16.37157287525380400, 0.5000000000000004400, 19.00000000000000400 ) ) ;
#11930 = ORIENTED_EDGE ( 'NONE', *, *, #9156, .F. ) ;
#11931 = DIRECTION ( 'NONE',  ( 0.0000000000000000000, 0.0000000000000000000, 1.000000000000000000 ) ) ;
#11932 = CIRCLE ( 'NONE', #40, 4.000000000000000000 ) ;
#11934 = DIRECTION ( 'NONE',  ( -0.0000000000000000000, -1.000000000000000000, -0.0000000000000000000 ) ) ;
#11933 = CIRCLE ( 'NONE', #3370, 6.350000000000005000 ) ;
#11935 = VERTEX_POINT ( 'NONE', #7226 ) ;
#11936 = EDGE_CURVE ( 'NONE', #3373, #1397, #12397, .T. ) ;
#11937 = CARTESIAN_POINT ( 'NONE',  ( 3.812348055714872900E-015, 7.500000000000002700, 2.800000000000006900 ) ) ;
#11938 = DIRECTION ( 'NONE',  ( 0.0000000000000000000, 0.0000000000000000000, 1.000000000000000000 ) ) ;
#11939 = EDGE_CURVE ( 'NONE', #8319, #3330, #6963, .T. ) ;
#11940 = ORIENTED_EDGE ( 'NONE', *, *, #11203, .F. ) ;
#11941 = CARTESIAN_POINT ( 'NONE',  ( -4.000000000000001800, 8.500000000000000000, 18.00000000000000700 ) ) ;
#11942 = DIRECTION ( 'NONE',  ( -0.0000000000000000000, -1.000000000000000000, 0.0000000000000000000 ) ) ;
#11943 = CYLINDRICAL_SURFACE ( 'NONE', #1411, 6.350000000000005000 ) ;
#11944 = FACE_OUTER_BOUND ( 'NONE', #3960, .T. ) ;
#11945 = ORIENTED_EDGE ( 'NONE', *, *, #9320, .F. ) ;
#11946 = CARTESIAN_POINT ( 'NONE',  ( 1.821700008836317600, 54.00000000000000000, 0.8254750618920955200 ) ) ;
#11947 = DIRECTION ( 'NONE',  ( -0.0000000000000000000, -1.000000000000000000, -0.0000000000000000000 ) ) ;
#11948 = CARTESIAN_POINT ( 'NONE',  ( -16.63016877650854000, 0.6000000000000319500, -14.44661567478663500 ) ) ;
#11949 = DIRECTION ( 'NONE',  ( 0.2440452458516471600, 0.8949343913984425500, -0.3735429735244771800 ) ) ;
#11950 = VERTEX_POINT ( 'NONE', #1530 ) ;
#11951 = ORIENTED_EDGE ( 'NONE', *, *, #6876, .F. ) ;
#11952 = AXIS2_PLACEMENT_3D ( 'NONE', #1250, #7952, #2227 ) ;
#11953 = EDGE_CURVE ( 'NONE', #182, #5450, #7503, .T. ) ;
#11954 = EDGE_LOOP ( 'NONE', ( #1683, #8732, #11415, #178 ) ) ;
#11955 = ORIENTED_EDGE ( 'NONE', *, *, #10704, .T. ) ;
#11956 = AXIS2_PLACEMENT_3D ( 'NONE', #5946, #12434, #8599 ) ;
#11957 = DIRECTION ( 'NONE',  ( 0.0000000000000000000, 1.000000000000000000, 0.0000000000000000000 ) ) ;
#11958 = VECTOR ( 'NONE', #5421, 1000.000000000000000 ) ;
#11959 = FACE_OUTER_BOUND ( 'NONE', #3916, .T. ) ;
#11960 = DIRECTION ( 'NONE',  ( -0.0000000000000000000, 1.000000000000000000, -0.0000000000000000000 ) ) ;
#11961 = CARTESIAN_POINT ( 'NONE',  ( 21.14999999999998400, 8.500000000000000000, -13.13154598666895000 ) ) ;
#11962 = VERTEX_POINT ( 'NONE', #1491 ) ;
#11963 = DIRECTION ( 'NONE',  ( 0.5469441386039888300, 0.0000000000000000000, -0.8371691043312220500 ) ) ;
#11964 = ADVANCED_FACE ( 'NONE', ( #9805 ), #11190, .T. ) ;
#11966 = VERTEX_POINT ( 'NONE', #9245 ) ;
#11965 = EDGE_LOOP ( 'NONE', ( #2204, #8909, #11973 ) ) ;
#11967 = VERTEX_POINT ( 'NONE', #586 ) ;
#11968 = DIRECTION ( 'NONE',  ( 0.0000000000000000000, -1.000000000000000000, 0.0000000000000000000 ) ) ;
#11969 = ORIENTED_EDGE ( 'NONE', *, *, #2730, .F. ) ;
#11970 = AXIS2_PLACEMENT_3D ( 'NONE', #4053, #10815, #5026 ) ;
#11971 = VECTOR ( 'NONE', #7217, 999.9999999999998900 ) ;
#11972 = VECTOR ( 'NONE', #5383, 1000.000000000000200 ) ;
#11974 = EDGE_CURVE ( 'NONE', #4940, #12441, #12097, .T. ) ;
#11973 = ORIENTED_EDGE ( 'NONE', *, *, #761, .F. ) ;
#11975 = AXIS2_PLACEMENT_3D ( 'NONE', #10046, #4253, #9047 ) ;
#11976 = PLANE ( 'NONE',  #555 ) ;
#11977 = EDGE_CURVE ( 'NONE', #3133, #5696, #4365, .T. ) ;
#11978 = ORIENTED_EDGE ( 'NONE', *, *, #4955, .F. ) ;
#11979 = ORIENTED_EDGE ( 'NONE', *, *, #3937, .T. ) ;
#11980 = DIRECTION ( 'NONE',  ( -0.0000000000000000000, -1.000000000000000000, 0.0000000000000000000 ) ) ;
#11981 = CARTESIAN_POINT ( 'NONE',  ( -15.50000000000000700, -5.749999999999984000, 15.50000000000000400 ) ) ;
#11982 = VERTEX_POINT ( 'NONE', #11233 ) ;
#11983 = CIRCLE ( 'NONE', #1149, 0.5559999999999997200 ) ;
#11984 = CYLINDRICAL_SURFACE ( 'NONE', #5540, 4.000000000000000000 ) ;
#11985 = DIRECTION ( 'NONE',  ( 0.5469441386039889400, 0.0000000000000000000, -0.8371691043312219400 ) ) ;
#11986 = ORIENTED_EDGE ( 'NONE', *, *, #10080, .F. ) ;
#11987 = AXIS2_PLACEMENT_3D ( 'NONE', #197, #6927, #1183 ) ;
#11988 = DIRECTION ( 'NONE',  ( 0.0000000000000000000, -1.000000000000000000, 0.0000000000000000000 ) ) ;
#11989 = ORIENTED_EDGE ( 'NONE', *, *, #11353, .F. ) ;
#11990 = ADVANCED_FACE ( 'NONE', ( #11783, #2121 ), #8280, .T. ) ;
#11991 = CARTESIAN_POINT ( 'NONE',  ( 15.45154568734830700, 1.940406951505564400, -16.10232027957599100 ) ) ;
#11992 = CARTESIAN_POINT ( 'NONE',  ( -15.53745580819629900, 2.610000000000031400, -16.11915492039946700 ) ) ;
#11993 = DIRECTION ( 'NONE',  ( -0.0000000000000000000, -1.000000000000000000, -0.0000000000000000000 ) ) ;
#11994 = CIRCLE ( 'NONE', #4350, 25.60000000000003300 ) ;
#11995 = CARTESIAN_POINT ( 'NONE',  ( 6.938893903907228400E-015, 26.00000000000000400, 3.469446951953614200E-015 ) ) ;
#11996 = VERTEX_POINT ( 'NONE', #4475 ) ;
#11997 = PLANE ( 'NONE',  #1280 ) ;
#11998 = DIRECTION ( 'NONE',  ( -0.0000000000000000000, -0.0000000000000000000, 1.000000000000000000 ) ) ;
#11999 = EDGE_CURVE ( 'NONE', #4278, #3589, #6902, .T. ) ;
#12000 = CYLINDRICAL_SURFACE ( 'NONE', #6832, 4.150000000000001200 ) ;
#12001 = EDGE_LOOP ( 'NONE', ( #7982, #5687 ) ) ;
#12002 = DIRECTION ( 'NONE',  ( -0.7071067811865475700, 0.0000000000000000000, -0.7071067811865475700 ) ) ;
#12003 = ORIENTED_EDGE ( 'NONE', *, *, #5463, .F. ) ;
#12004 = CARTESIAN_POINT ( 'NONE',  ( 6.938893903907228400E-015, 29.89999999999999500, 3.469446951953614200E-015 ) ) ;
#12005 = CARTESIAN_POINT ( 'NONE',  ( 16.55338432521335100, 0.6000000000000297300, -14.36983122349146100 ) ) ;
#12006 = CARTESIAN_POINT ( 'NONE',  ( 15.49999999999999300, 33.70000000000000300, 15.50000000000000400 ) ) ;
#12007 = DIRECTION ( 'NONE',  ( 0.0000000000000000000, -1.000000000000000000, 0.0000000000000000000 ) ) ;
#12008 = FACE_OUTER_BOUND ( 'NONE', #10781, .T. ) ;
#12009 = ORIENTED_EDGE ( 'NONE', *, *, #7321, .F. ) ;
#12010 = LINE ( 'NONE', #3272, #1424 ) ;
#12011 = CYLINDRICAL_SURFACE ( 'NONE', #7116, 16.49999999999998900 ) ;
#12012 = DIRECTION ( 'NONE',  ( 0.5469441386039908300, 0.0000000000000000000, -0.8371691043312209400 ) ) ;
#12013 = DIRECTION ( 'NONE',  ( 0.0000000000000000000, 0.0000000000000000000, -1.000000000000000000 ) ) ;
#12014 = ORIENTED_EDGE ( 'NONE', *, *, #5677, .F. ) ;
#12015 = EDGE_CURVE ( 'NONE', #3194, #7939, #9203, .T. ) ;
#12016 = ORIENTED_EDGE ( 'NONE', *, *, #3396, .F. ) ;
#12017 = AXIS2_PLACEMENT_3D ( 'NONE', #1377, #5237, #12024 ) ;
#12018 = CARTESIAN_POINT ( 'NONE',  ( -18.99999999999998200, 33.50000000000000000, -16.37157287525381100 ) ) ;
#12019 = EDGE_CURVE ( 'NONE', #4250, #12453, #6611, .T. ) ;
#12020 = CARTESIAN_POINT ( 'NONE',  ( -16.37157287525379300, 23.40000000000000600, 21.00000000000000700 ) ) ;
#12021 = CIRCLE ( 'NONE', #9847, 25.60000000000002300 ) ;
#12022 = CARTESIAN_POINT ( 'NONE',  ( 1.821700008836317600, 54.00000000000000000, 0.8254750618920955200 ) ) ;
#12023 = EDGE_LOOP ( 'NONE', ( #68, #4120, #13, #10312 ) ) ;
#12024 = DIRECTION ( 'NONE',  ( 0.8371691043312221600, 0.0000000000000000000, 0.5469441386039887200 ) ) ;
#12025 = CIRCLE ( 'NONE', #6312, 1.250000000000011500 ) ;
#12026 = DIRECTION ( 'NONE',  ( -0.0000000000000000000, -1.000000000000000000, -0.0000000000000000000 ) ) ;
#12027 = CYLINDRICAL_SURFACE ( 'NONE', #26, 1.999999999999998200 ) ;
#12028 = CARTESIAN_POINT ( 'NONE',  ( -15.58276350254038800, 2.610000000000031400, -16.04980560441600100 ) ) ;
#12029 = ADVANCED_FACE ( 'NONE', ( #3751 ), #11276, .T. ) ;
#12030 = AXIS2_PLACEMENT_3D ( 'NONE', #1993, #8700, #2944 ) ;
#12031 = EDGE_CURVE ( 'NONE', #1951, #5177, #1203, .T. ) ;
#12032 = CIRCLE ( 'NONE', #7052, 25.59999999999999800 ) ;
#12033 = EDGE_LOOP ( 'NONE', ( #12, #7401, #139, #7842 ) ) ;
#12034 = EDGE_CURVE ( 'NONE', #9694, #11357, #4056, .T. ) ;
#12035 = DIRECTION ( 'NONE',  ( 0.0000000000000000000, 1.000000000000000000, 0.0000000000000000000 ) ) ;
#12036 = CIRCLE ( 'NONE', #2757, 4.150000000000001200 ) ;
#12037 = CARTESIAN_POINT ( 'NONE',  ( -15.50000000000000700, 2.610000000000006100, 15.50000000000000400 ) ) ;
#12038 = ORIENTED_EDGE ( 'NONE', *, *, #3396, .T. ) ;
#12039 = DIRECTION ( 'NONE',  ( 0.5469441386039857200, 0.0000000000000000000, -0.8371691043312240500 ) ) ;
#12040 = PLANE ( 'NONE',  #2206 ) ;
#12041 = CARTESIAN_POINT ( 'NONE',  ( 15.50000000000000400, -5.749999999999963600, 15.50000000000000500 ) ) ;
#12042 = ORIENTED_EDGE ( 'NONE', *, *, #11112, .F. ) ;
#12043 = CIRCLE ( 'NONE', #11781, 1.499999999999998400 ) ;
#12044 = FACE_OUTER_BOUND ( 'NONE', #5837, .T. ) ;
#12045 = ORIENTED_EDGE ( 'NONE', *, *, #12562, .T. ) ;
#12046 = DIRECTION ( 'NONE',  ( 0.5469441386039908300, 0.0000000000000000000, -0.8371691043312209400 ) ) ;
#12047 = LINE ( 'NONE', #10801, #1766 ) ;
#12048 = DIRECTION ( 'NONE',  ( 0.0000000000000000000, 0.0000000000000000000, -1.000000000000000000 ) ) ;
#12049 = DIRECTION ( 'NONE',  ( 0.0000000000000000000, 1.000000000000000000, 0.0000000000000000000 ) ) ;
#12050 = EDGE_CURVE ( 'NONE', #4194, #3648, #11471, .T. ) ;
#12051 = VERTEX_POINT ( 'NONE', #9374 ) ;
#12052 = CARTESIAN_POINT ( 'NONE',  ( -15.21860959775619500, 2.610000000000006100, 15.97953669465961300 ) ) ;
#12053 = EDGE_LOOP ( 'NONE', ( #3681, #5478, #8315, #633 ) ) ;
#12054 = AXIS2_PLACEMENT_3D ( 'NONE', #836, #2775, #9529 ) ;
#12055 = EDGE_CURVE ( 'NONE', #3442, #11249, #6005, .T. ) ;
#12056 = AXIS2_PLACEMENT_3D ( 'NONE', #3181, #9927, #4137 ) ;
#12057 = CARTESIAN_POINT ( 'NONE',  ( -15.50000000000000700, 34.00000000000000000, -15.49999999999999600 ) ) ;
#12058 = EDGE_LOOP ( 'NONE', ( #3962, #11050 ) ) ;
#12059 = B_SPLINE_CURVE_WITH_KNOTS ( 'NONE', 3,
 ( #2112, #7836, #4027, #10789 ),
 .UNSPECIFIED., .F., .F.,
 ( 4, 4 ),
 ( 0.001013853424362995800, 0.003031486302369884200 ),
 .UNSPECIFIED. ) ;
#12060 = DIRECTION ( 'NONE',  ( 0.0000000000000000000, -1.000000000000000000, 0.0000000000000000000 ) ) ;
#12061 = ADVANCED_FACE ( 'NONE', ( #11169 ), #3456, .T. ) ;
#12062 = FACE_OUTER_BOUND ( 'NONE', #9635, .T. ) ;
#12063 = LINE ( 'NONE', #6941, #4639 ) ;
#12064 = DIRECTION ( 'NONE',  ( 0.5469441386039908300, 0.0000000000000000000, -0.8371691043312209400 ) ) ;
#12065 = DIRECTION ( 'NONE',  ( -0.5469441386039886100, 0.0000000000000000000, 0.8371691043312222700 ) ) ;
#12066 = CARTESIAN_POINT ( 'NONE',  ( 6.938893903907228400E-015, 11.46250000000000000, 3.469446951953614200E-015 ) ) ;
#12067 = ORIENTED_EDGE ( 'NONE', *, *, #915, .F. ) ;
#12068 = AXIS2_PLACEMENT_3D ( 'NONE', #4862, #11628, #5825 ) ;
#12069 = CARTESIAN_POINT ( 'NONE',  ( 1.602719222428165900, 53.94413871639185500, 1.308732908131986300 ) ) ;
#12070 = AXIS2_PLACEMENT_3D ( 'NONE', #245, #5098, #11879 ) ;
#12071 = EDGE_CURVE ( 'NONE', #12051, #2231, #10854, .T. ) ;
#12072 = CIRCLE ( 'NONE', #8374, 7.700000000000005500 ) ;
#12073 = ORIENTED_EDGE ( 'NONE', *, *, #4487, .T. ) ;
#12074 = DIRECTION ( 'NONE',  ( 0.2440452458516470500, 0.8949343913984425500, -0.3735429735244772400 ) ) ;
#12075 = ORIENTED_EDGE ( 'NONE', *, *, #7452, .T. ) ;
#12076 = DIRECTION ( 'NONE',  ( 0.5469441386039892700, 0.0000000000000000000, -0.8371691043312217100 ) ) ;
#12077 = VERTEX_POINT ( 'NONE', #2700 ) ;
#12078 = CARTESIAN_POINT ( 'NONE',  ( 3.469446951953614200E-015, 5.000000000000002700, 6.938893903907228400E-015 ) ) ;
#12079 = DIRECTION ( 'NONE',  ( -0.0000000000000000000, -0.0000000000000000000, -1.000000000000000000 ) ) ;
#12080 = CARTESIAN_POINT ( 'NONE',  ( 6.938893903907228400E-015, 34.00000000000000000, -21.00000000000000000 ) ) ;
#12081 = DIRECTION ( 'NONE',  ( 0.0000000000000000000, 0.0000000000000000000, 1.000000000000000000 ) ) ;
#12082 = AXIS2_PLACEMENT_3D ( 'NONE', #7755, #2029, #8737 ) ;
#12083 = VECTOR ( 'NONE', #7447, 1000.000000000000100 ) ;
#12084 = VECTOR ( 'NONE', #11002, 1000.000000000000000 ) ;
#12085 = VERTEX_POINT ( 'NONE', #8445 ) ;
#12086 = DIRECTION ( 'NONE',  ( 0.5469441386039892700, 0.0000000000000000000, -0.8371691043312217100 ) ) ;
#12087 = DIRECTION ( 'NONE',  ( 0.0000000000000000000, -1.000000000000000000, 0.0000000000000000000 ) ) ;
#12088 = DIRECTION ( 'NONE',  ( -0.0000000000000000000, 0.0000000000000000000, 1.000000000000000000 ) ) ;
#12089 = EDGE_CURVE ( 'NONE', #8213, #5000, #4746, .T. ) ;
#12090 = ORIENTED_EDGE ( 'NONE', *, *, #5306, .T. ) ;
#12091 = AXIS2_PLACEMENT_3D ( 'NONE', #4248, #11001, #5211 ) ;
#12092 = ADVANCED_FACE ( 'NONE', ( #889 ), #2846, .F. ) ;
#12093 = CARTESIAN_POINT ( 'NONE',  ( -1.146920613196721600, 4.110050607254169800, 28.20000000000000300 ) ) ;
#12094 = ORIENTED_EDGE ( 'NONE', *, *, #7460, .F. ) ;
#12095 = CARTESIAN_POINT ( 'NONE',  ( 20.41421356237309900, 12.00000000000000000, 17.78578643762689600 ) ) ;
#12096 = CIRCLE ( 'NONE', #7611, 1.499999999999998400 ) ;
#12097 = LINE ( 'NONE', #7313, #9499 ) ;
#12098 = DIRECTION ( 'NONE',  ( -0.0000000000000000000, 1.000000000000000000, -0.0000000000000000000 ) ) ;
#12099 = CARTESIAN_POINT ( 'NONE',  ( -0.3008397970715543400, 0.3008397970715546700, 21.50000000000000400 ) ) ;
#12100 = ORIENTED_EDGE ( 'NONE', *, *, #821, .F. ) ;
#12101 = DIRECTION ( 'NONE',  ( 0.0000000000000000000, 1.000000000000000000, -0.0000000000000000000 ) ) ;
#12102 = VERTEX_POINT ( 'NONE', #1782 ) ;
#12103 = ORIENTED_EDGE ( 'NONE', *, *, #9675, .F. ) ;
#12104 = AXIS2_PLACEMENT_3D ( 'NONE', #12564, #11605, #5806 ) ;
#12105 = EDGE_CURVE ( 'NONE', #8902, #12202, #7945, .T. ) ;
#12106 = CONICAL_SURFACE ( 'NONE', #7016, 0.5560000000000012700, 0.06981317007976596500 ) ;
#12107 = CIRCLE ( 'NONE', #1517, 0.5000000000000004400 ) ;
#12108 = CARTESIAN_POINT ( 'NONE',  ( -16.08204932900882200, 2.610000000000031400, -15.28558374216747500 ) ) ;
#12109 = ORIENTED_EDGE ( 'NONE', *, *, #1338, .T. ) ;
#12110 = EDGE_CURVE ( 'NONE', #8005, #6895, #8258, .T. ) ;
#12111 = EDGE_CURVE ( 'NONE', #5814, #7292, #5418, .T. ) ;
#12112 = CARTESIAN_POINT ( 'NONE',  ( -20.32592592592592200, 26.00000000000000400, -15.56331376197801000 ) ) ;
#12113 = VERTEX_POINT ( 'NONE', #6599 ) ;
#12114 = EDGE_LOOP ( 'NONE', ( #2298, #9288, #5264, #6534 ) ) ;
#12115 = VERTEX_POINT ( 'NONE', #12429 ) ;
#12116 = CARTESIAN_POINT ( 'NONE',  ( 6.161243186448658000E-015, 29.59999999999999800, 6.350000000000008500 ) ) ;
#12117 = ADVANCED_FACE ( 'NONE', ( #7641 ), #5110, .T. ) ;
#12118 = CARTESIAN_POINT ( 'NONE',  ( 16.08204932900881800, 2.610000000000027400, 15.28558374216748400 ) ) ;
#12119 = VECTOR ( 'NONE', #2072, 999.9999999999998900 ) ;
#12121 = CARTESIAN_POINT ( 'NONE',  ( -16.13253578028826100, 0.6000000000000063100, 15.79169233451989700 ) ) ;
#12120 = CIRCLE ( 'NONE', #11952, 1.250000000000011500 ) ;
#12122 = ORIENTED_EDGE ( 'NONE', *, *, #3748, .F. ) ;
#12123 = AXIS2_PLACEMENT_3D ( 'NONE', #10717, #2054, #4938 ) ;
#12124 = EDGE_CURVE ( 'NONE', #11333, #3217, #3163, .T. ) ;
#12125 = AXIS2_PLACEMENT_3D ( 'NONE', #4713, #3735, #5678 ) ;
#12126 = VERTEX_POINT ( 'NONE', #791 ) ;
#12127 = ORIENTED_EDGE ( 'NONE', *, *, #9467, .F. ) ;
#12128 = DIRECTION ( 'NONE',  ( 0.0000000000000000000, 0.0000000000000000000, -1.000000000000000000 ) ) ;
#12129 = DIRECTION ( 'NONE',  ( 0.0000000000000000000, 0.0000000000000000000, -1.000000000000000000 ) ) ;
#12130 = CARTESIAN_POINT ( 'NONE',  ( -17.00409638116097400, 1.000000000000010900, 17.80221503691086600 ) ) ;
#12131 = CARTESIAN_POINT ( 'NONE',  ( -15.50000000000000700, 2.610000000000031400, -15.49999999999999600 ) ) ;
#12132 = ORIENTED_EDGE ( 'NONE', *, *, #10791, .T. ) ;
#12133 = LINE ( 'NONE', #9086, #4704 ) ;
#12134 = FACE_OUTER_BOUND ( 'NONE', #9294, .T. ) ;
#12135 = ORIENTED_EDGE ( 'NONE', *, *, #10579, .F. ) ;
#12136 = DIRECTION ( 'NONE',  ( 0.0000000000000000000, -1.000000000000000000, 0.0000000000000000000 ) ) ;
#12137 = ORIENTED_EDGE ( 'NONE', *, *, #2850, .T. ) ;
#12138 = ORIENTED_EDGE ( 'NONE', *, *, #6033, .T. ) ;
#12139 = DIRECTION ( 'NONE',  ( -0.7071067811865475700, 0.0000000000000000000, 0.7071067811865475700 ) ) ;
#12140 = CARTESIAN_POINT ( 'NONE',  ( -15.53745580819629900, 2.610000000000006100, 14.88084507960053300 ) ) ;
#12141 = AXIS2_PLACEMENT_3D ( 'NONE', #8492, #2746, #3673 ) ;
#12142 = EDGE_LOOP ( 'NONE', ( #9088, #9960 ) ) ;
#12143 = EDGE_CURVE ( 'NONE', #11513, #3979, #277, .T. ) ;
#12144 = AXIS2_PLACEMENT_3D ( 'NONE', #11085, #5292, #12076 ) ;
#12145 = DIRECTION ( 'NONE',  ( 0.0000000000000000000, 1.000000000000000000, 0.0000000000000000000 ) ) ;
#12146 = CIRCLE ( 'NONE', #7880, 0.2999999999999999300 ) ;
#12147 = VECTOR ( 'NONE', #5592, 1000.000000000000100 ) ;
#12148 = CARTESIAN_POINT ( 'NONE',  ( -16.01066363930343100, 0.6000000000000063100, 16.95812298778031400 ) ) ;
#12149 = VERTEX_POINT ( 'NONE', #5684 ) ;
#12150 = EDGE_CURVE ( 'NONE', #12345, #9913, #10549, .T. ) ;
#12151 = DIRECTION ( 'NONE',  ( -0.2440452458516469700, -0.8949343913984425500, 0.3735429735244773000 ) ) ;
#12152 = EDGE_LOOP ( 'NONE', ( #4651, #4827, #2012, #2479 ) ) ;
#12153 = DIRECTION ( 'NONE',  ( 0.0000000000000000000, 0.0000000000000000000, -1.000000000000000000 ) ) ;
#12154 = FACE_OUTER_BOUND ( 'NONE', #5889, .T. ) ;
#12155 = CARTESIAN_POINT ( 'NONE',  ( 16.04980560441599700, 2.610000000000029200, -15.58276350254037500 ) ) ;
#12156 = EDGE_LOOP ( 'NONE', ( #9345, #2502, #147, #4058 ) ) ;
#12157 = ADVANCED_FACE ( 'NONE', ( #9952 ), #12247, .F. ) ;
#12158 = CARTESIAN_POINT ( 'NONE',  ( 3.469446951953614200E-015, 2.500000000000004000, 6.938893903907228400E-015 ) ) ;
#12159 = TOROIDAL_SURFACE ( 'NONE', #5159, 5.250000000000000000, 1.650000000000000100 ) ;
#12160 = LINE ( 'NONE', #7508, #4118 ) ;
#12161 = AXIS2_PLACEMENT_3D ( 'NONE', #10632, #4848, #11614 ) ;
#12162 = VERTEX_POINT ( 'NONE', #12515 ) ;
#12163 = CARTESIAN_POINT ( 'NONE',  ( -0.0000000000000000000, 8.500000000000000000, 18.00000000000000700 ) ) ;
#12164 = CARTESIAN_POINT ( 'NONE',  ( 14.36983122349146100, 0.6000000000000297300, -14.44661567478663500 ) ) ;
#12165 = CARTESIAN_POINT ( 'NONE',  ( -2.081668171172168500E-014, 26.00000000000000400, -1.734723475976807100E-014 ) ) ;
#12166 = ORIENTED_EDGE ( 'NONE', *, *, #8933, .T. ) ;
#12167 = CARTESIAN_POINT ( 'NONE',  ( 1.202593712417245200, 39.00000000000000000, 2.191750068519335400 ) ) ;
#12168 = CARTESIAN_POINT ( 'NONE',  ( -4.000000000000001800, 8.500000000000000000, 18.00000000000000700 ) ) ;
#12169 = EDGE_CURVE ( 'NONE', #11637, #9666, #12551, .T. ) ;
#12170 = LINE ( 'NONE', #9580, #1876 ) ;
#12171 = AXIS2_PLACEMENT_3D ( 'NONE', #7084, #1347, #8051 ) ;
#12172 = ORIENTED_EDGE ( 'NONE', *, *, #1166, .T. ) ;
#12173 = VECTOR ( 'NONE', #4897, 1000.000000000000000 ) ;
#12174 = ORIENTED_EDGE ( 'NONE', *, *, #1410, .T. ) ;
#12175 = DIRECTION ( 'NONE',  ( -0.0000000000000000000, -1.000000000000000000, 0.0000000000000000000 ) ) ;
#12176 = CARTESIAN_POINT ( 'NONE',  ( -15.28558374216748700, 2.610000000000006100, 16.08204932900881800 ) ) ;
#12177 = CARTESIAN_POINT ( 'NONE',  ( -15.46254419180371500, 2.610000000000031400, -14.88084507960052400 ) ) ;
#12178 = DIRECTION ( 'NONE',  ( -0.0000000000000000000, -1.000000000000000000, 0.0000000000000000000 ) ) ;
#12179 = ORIENTED_EDGE ( 'NONE', *, *, #904, .F. ) ;
#12180 = CARTESIAN_POINT ( 'NONE',  ( 20.50000000000000000, 0.0000000000000000000, -16.37157287525380400 ) ) ;
#12181 = VECTOR ( 'NONE', #942, 1000.000000000000100 ) ;
#12182 = DIRECTION ( 'NONE',  ( -0.2440452458516469700, -0.8949343913984425500, 0.3735429735244773000 ) ) ;
#12183 = ORIENTED_EDGE ( 'NONE', *, *, #4847, .T. ) ;
#12184 = ADVANCED_FACE ( 'NONE', ( #10261 ), #8610, .T. ) ;
#12185 = CARTESIAN_POINT ( 'NONE',  ( -14.04187701221969700, 0.6000000000000319500, -14.98933636069656600 ) ) ;
#12186 = FACE_OUTER_BOUND ( 'NONE', #8891, .T. ) ;
#12187 = ORIENTED_EDGE ( 'NONE', *, *, #2722, .F. ) ;
#12188 = EDGE_CURVE ( 'NONE', #2735, #12077, #9645, .T. ) ;
#12189 = EDGE_LOOP ( 'NONE', ( #11940, #8855, #5436, #9505 ) ) ;
#12190 = CARTESIAN_POINT ( 'NONE',  ( 6.938893903907228400E-015, 34.59999999999999400, 3.469446951953614200E-015 ) ) ;
#12191 = VECTOR ( 'NONE', #4528, 1000.000000000000100 ) ;
#12192 = DIRECTION ( 'NONE',  ( -0.7071067811865474600, 0.0000000000000000000, 0.7071067811865474600 ) ) ;
#12193 = CIRCLE ( 'NONE', #855, 0.2794843821735010800 ) ;
#12194 = ORIENTED_EDGE ( 'NONE', *, *, #877, .F. ) ;
#12195 = VECTOR ( 'NONE', #2528, 1000.000000000000000 ) ;
#12196 = CARTESIAN_POINT ( 'NONE',  ( 19.00000000000000400, 0.5000000000000004400, 16.37157287525380400 ) ) ;
#12197 = ORIENTED_EDGE ( 'NONE', *, *, #11100, .F. ) ;
#12198 = CARTESIAN_POINT ( 'NONE',  ( 19.00000000000000400, 8.500000000000000000, 16.37157287525380400 ) ) ;
#12199 = CARTESIAN_POINT ( 'NONE',  ( 3.469446951953614200E-015, 7.200000000000002800, -2.799999999999993200 ) ) ;
#12200 = AXIS2_PLACEMENT_3D ( 'NONE', #3612, #661, #11341 ) ;
#12201 = EDGE_CURVE ( 'NONE', #6044, #7643, #2258, .T. ) ;
#12202 = VERTEX_POINT ( 'NONE', #6711 ) ;
#12203 = AXIS2_PLACEMENT_3D ( 'NONE', #10025, #6492, #2063 ) ;
#12204 = CARTESIAN_POINT ( 'NONE',  ( 3.469446951953614200E-015, 2.500000000000004000, -4.149999999999994100 ) ) ;
#12205 = DIRECTION ( 'NONE',  ( -0.0000000000000000000, -1.000000000000000000, 0.0000000000000000000 ) ) ;
#12206 = CARTESIAN_POINT ( 'NONE',  ( -14.88084507960053500, 2.610000000000006100, 15.46254419180371400 ) ) ;
#12207 = CONICAL_SURFACE ( 'NONE', #4361, 3.750000000000017300, 0.7853981633974477200 ) ;
#12208 = CARTESIAN_POINT ( 'NONE',  ( 15.50000000000000400, 0.6000000000000276200, 15.50000000000000500 ) ) ;
#12209 = DIRECTION ( 'NONE',  ( 0.0000000000000000000, 1.000000000000000000, 0.0000000000000000000 ) ) ;
#12210 = DIRECTION ( 'NONE',  ( -0.0000000000000000000, -1.000000000000000000, 0.0000000000000000000 ) ) ;
#12211 = EDGE_LOOP ( 'NONE', ( #2599, #9103, #2189, #73 ) ) ;
#12212 = VECTOR ( 'NONE', #10307, 1000.000000000000100 ) ;
#12213 = ORIENTED_EDGE ( 'NONE', *, *, #10893, .F. ) ;
#12214 = CARTESIAN_POINT ( 'NONE',  ( -15.28558374216748700, 2.610000000000031400, -14.91795067099118200 ) ) ;
#12215 = DIRECTION ( 'NONE',  ( -0.0000000000000000000, -0.0000000000000000000, 1.000000000000000000 ) ) ;
#12216 = DIRECTION ( 'NONE',  ( 0.0000000000000000000, 1.000000000000000000, 0.0000000000000000000 ) ) ;
#12217 = AXIS2_PLACEMENT_3D ( 'NONE', #12494, #6654, #895 ) ;
#12218 = FACE_OUTER_BOUND ( 'NONE', #2554, .T. ) ;
#12219 = AXIS2_PLACEMENT_3D ( 'NONE', #7333, #3486, #3533 ) ;
#12220 = ADVANCED_FACE ( 'NONE', ( #7042 ), #9354, .T. ) ;
#12221 = EDGE_CURVE ( 'NONE', #1995, #5260, #4516, .T. ) ;
#12222 = AXIS2_PLACEMENT_3D ( 'NONE', #921, #11611, #5810 ) ;
#12223 = VECTOR ( 'NONE', #1636, 999.9999999999998900 ) ;
#12224 = DIRECTION ( 'NONE',  ( -0.0000000000000000000, -1.000000000000000000, 0.0000000000000000000 ) ) ;
#12225 = DIRECTION ( 'NONE',  ( 0.0000000000000000000, 1.000000000000000000, -0.0000000000000000000 ) ) ;
#12226 = ORIENTED_EDGE ( 'NONE', *, *, #332, .T. ) ;
#12227 = EDGE_CURVE ( 'NONE', #11034, #2443, #4806, .T. ) ;
#12228 = CARTESIAN_POINT ( 'NONE',  ( -21.14999999999999900, 8.500000000000000000, -13.13154598666895000 ) ) ;
#12229 = EDGE_LOOP ( 'NONE', ( #3665, #12353 ) ) ;
#12230 = EDGE_LOOP ( 'NONE', ( #12450, #11369, #8082, #2655 ) ) ;
#12231 = ORIENTED_EDGE ( 'NONE', *, *, #8827, .T. ) ;
#12232 = DIRECTION ( 'NONE',  ( -1.000000000000000000, 0.0000000000000000000, 0.0000000000000000000 ) ) ;
#12233 = DIRECTION ( 'NONE',  ( 0.5469441386039887200, 0.0000000000000000000, -0.8371691043312221600 ) ) ;
#12234 = LINE ( 'NONE', #8616, #12540 ) ;
#12235 = AXIS2_PLACEMENT_3D ( 'NONE', #5575, #12358, #6528 ) ;
#12236 = ORIENTED_EDGE ( 'NONE', *, *, #12318, .T. ) ;
#12237 = ORIENTED_EDGE ( 'NONE', *, *, #7121, .T. ) ;
#12238 = CARTESIAN_POINT ( 'NONE',  ( 15.28558374216748400, 2.610000000000027400, 14.91795067099119100 ) ) ;
#12239 = EDGE_CURVE ( 'NONE', #8707, #479, #11933, .T. ) ;
#12240 = VERTEX_POINT ( 'NONE', #2943 ) ;
#12241 = CARTESIAN_POINT ( 'NONE',  ( 3.469446951953614200E-015, 7.200000000000002800, -7.999999999999998200 ) ) ;
#12242 = EDGE_CURVE ( 'NONE', #7955, #284, #2517, .T. ) ;
#12243 = PLANE ( 'NONE',  #6200 ) ;
#12244 = CARTESIAN_POINT ( 'NONE',  ( 15.50000000000000400, -5.749999999999963600, 15.50000000000000500 ) ) ;
#12245 = ADVANCED_FACE ( 'NONE', ( #6743 ), #11316, .F. ) ;
#12246 = FACE_OUTER_BOUND ( 'NONE', #1401, .T. ) ;
#12247 = CYLINDRICAL_SURFACE ( 'NONE', #777, 4.500000000000000900 ) ;
#12248 = DIRECTION ( 'NONE',  ( -0.0000000000000000000, -1.000000000000000000, 0.0000000000000000000 ) ) ;
#12249 = ORIENTED_EDGE ( 'NONE', *, *, #893, .F. ) ;
#12250 = DIRECTION ( 'NONE',  ( 0.0000000000000000000, 0.0000000000000000000, 1.000000000000000000 ) ) ;
#12251 = EDGE_CURVE ( 'NONE', #3861, #575, #1355, .T. ) ;
#12252 = APPLICATION_CONTEXT ( 'configuration controlled 3d designs of mechanical parts and assemblies' ) ;
#12253 = CARTESIAN_POINT ( 'NONE',  ( -15.21860959775619500, 2.610000000000006100, 15.97953669465961300 ) ) ;
#12254 = DIRECTION ( 'NONE',  ( -0.5469441386039886100, 0.0000000000000000000, 0.8371691043312222700 ) ) ;
#12255 = VERTEX_POINT ( 'NONE', #6836 ) ;
#12256 = DIRECTION ( 'NONE',  ( -0.8371691043312221600, 0.0000000000000000000, -0.5469441386039887200 ) ) ;
#12257 = CIRCLE ( 'NONE', #10058, 0.5560000000000012700 ) ;
#12258 = FACE_OUTER_BOUND ( 'NONE', #4212, .T. ) ;
#12259 = PLANE ( 'NONE',  #9054 ) ;
#12260 = DIRECTION ( 'NONE',  ( 0.5469441386039886100, 0.0000000000000000000, -0.8371691043312222700 ) ) ;
#12261 = ORIENTED_EDGE ( 'NONE', *, *, #5912, .F. ) ;
#12262 = EDGE_CURVE ( 'NONE', #4462, #4251, #3904, .T. ) ;
#12263 = CARTESIAN_POINT ( 'NONE',  ( -20.49999999999998200, 33.50000000000000000, -16.37157287525381100 ) ) ;
#12264 = AXIS2_PLACEMENT_3D ( 'NONE', #9683, #1071, #7778 ) ;
#12265 = ORIENTED_EDGE ( 'NONE', *, *, #6393, .F. ) ;
#12266 = EDGE_LOOP ( 'NONE', ( #11928, #11803, #8993, #6082 ) ) ;
#12267 = DIRECTION ( 'NONE',  ( 0.0000000000000000000, -1.000000000000000000, 0.0000000000000000000 ) ) ;
#12268 = ORIENTED_EDGE ( 'NONE', *, *, #1376, .F. ) ;
#12269 = ORIENTED_EDGE ( 'NONE', *, *, #9845, .F. ) ;
#12270 = CARTESIAN_POINT ( 'NONE',  ( 0.0000000000000000000, 7.500000000000000900, 18.20000000000000300 ) ) ;
#12271 = LINE ( 'NONE', #567, #4537 ) ;
#12272 = LINE ( 'NONE', #5412, #9977 ) ;
#12273 = ORIENTED_EDGE ( 'NONE', *, *, #4242, .F. ) ;
#12274 = DIRECTION ( 'NONE',  ( -0.5469441386039857200, 0.0000000000000000000, 0.8371691043312240500 ) ) ;
#12275 = CARTESIAN_POINT ( 'NONE',  ( -19.09999999999999100, 12.00000000000000000, -19.10000000000000500 ) ) ;
#12276 = DIRECTION ( 'NONE',  ( -0.0000000000000000000, 0.0000000000000000000, 1.000000000000000000 ) ) ;
#12277 = VERTEX_POINT ( 'NONE', #8791 ) ;
#12278 = ORIENTED_EDGE ( 'NONE', *, *, #7270, .T. ) ;
#12279 = AXIS2_PLACEMENT_3D ( 'NONE', #1981, #8692, #2935 ) ;
#12280 = ORIENTED_EDGE ( 'NONE', *, *, #5138, .F. ) ;
#12281 = EDGE_CURVE ( 'NONE', #8866, #8387, #4211, .T. ) ;
#12282 = ORIENTED_EDGE ( 'NONE', *, *, #3273, .T. ) ;
#12283 = DIRECTION ( 'NONE',  ( 0.0000000000000000000, 0.0000000000000000000, 1.000000000000000000 ) ) ;
#12284 = FACE_OUTER_BOUND ( 'NONE', #4459, .T. ) ;
#12285 = CIRCLE ( 'NONE', #3747, 1.999999999999988200 ) ;
#12286 = ADVANCED_FACE ( 'NONE', ( #9027 ), #11008, .T. ) ;
#12287 = ORIENTED_EDGE ( 'NONE', *, *, #3268, .F. ) ;
#12288 = CARTESIAN_POINT ( 'NONE',  ( 15.49999999999999300, 2.610000000000029200, -15.49999999999999600 ) ) ;
#12289 = ORIENTED_EDGE ( 'NONE', *, *, #3835, .T. ) ;
#12290 = ORIENTED_EDGE ( 'NONE', *, *, #6873, .T. ) ;
#12291 = CARTESIAN_POINT ( 'NONE',  ( -15.28558374216748700, 2.610000000000031400, -14.91795067099118200 ) ) ;
#12292 = CARTESIAN_POINT ( 'NONE',  ( 3.469446951953614200E-015, 2.500000000000004000, 8.000000000000007100 ) ) ;
#12293 = APPROVAL_STATUS ( 'not_yet_approved' ) ;
#12294 = ORIENTED_EDGE ( 'NONE', *, *, #507, .T. ) ;
#12295 = LINE ( 'NONE', #3911, #6785 ) ;
#12296 = LINE ( 'NONE', #179, #6786 ) ;
#12297 = EDGE_CURVE ( 'NONE', #5327, #1705, #3608, .T. ) ;
#12298 = ORIENTED_EDGE ( 'NONE', *, *, #6280, .T. ) ;
#12299 = AXIS2_PLACEMENT_3D ( 'NONE', #9511, #3722, #10488 ) ;
#12300 = DIRECTION ( 'NONE',  ( 0.0000000000000000000, 0.0000000000000000000, 1.000000000000000000 ) ) ;
#12301 = EDGE_LOOP ( 'NONE', ( #1159, #4590, #4505, #8341 ) ) ;
#12302 = DIRECTION ( 'NONE',  ( 0.0000000000000000000, 1.000000000000000000, 0.0000000000000000000 ) ) ;
#12303 = DIRECTION ( 'NONE',  ( -0.0000000000000000000, -1.000000000000000000, 0.0000000000000000000 ) ) ;
#12304 = DIRECTION ( 'NONE',  ( 0.0000000000000000000, 0.0000000000000000000, 1.000000000000000000 ) ) ;
#12305 = FACE_OUTER_BOUND ( 'NONE', #12033, .T. ) ;
#12306 = ORIENTED_EDGE ( 'NONE', *, *, #4522, .T. ) ;
#12307 = FACE_OUTER_BOUND ( 'NONE', #8611, .T. ) ;
#12308 = FACE_OUTER_BOUND ( 'NONE', #10482, .T. ) ;
#12309 = DIRECTION ( 'NONE',  ( -0.0000000000000000000, -0.0000000000000000000, -1.000000000000000000 ) ) ;
#12310 = VERTEX_POINT ( 'NONE', #10794 ) ;
#12311 = ADVANCED_FACE ( 'NONE', ( #8408 ), #4999, .T. ) ;
#12312 = ORIENTED_EDGE ( 'NONE', *, *, #646, .F. ) ;
#12313 = AXIS2_PLACEMENT_3D ( 'NONE', #1960, #8672, #2917 ) ;
#12314 = CARTESIAN_POINT ( 'NONE',  ( 15.50000000000000400, 0.6000000000000276200, 15.50000000000000500 ) ) ;
#12315 = DIRECTION ( 'NONE',  ( 1.000000000000000000, 0.0000000000000000000, 0.0000000000000000000 ) ) ;
#12316 = CIRCLE ( 'NONE', #6739, 1.650000000000000400 ) ;
#12317 = DIRECTION ( 'NONE',  ( 0.7071067811865475700, 0.0000000000000000000, -0.7071067811865475700 ) ) ;
#12318 = EDGE_CURVE ( 'NONE', #11187, #9822, #1036, .T. ) ;
#12319 = CYLINDRICAL_SURFACE ( 'NONE', #6031, 25.60000000000001600 ) ;
#12320 = CYLINDRICAL_SURFACE ( 'NONE', #5833, 1.250000000000001100 ) ;
#12321 = ORIENTED_EDGE ( 'NONE', *, *, #2546, .T. ) ;
#12322 = VERTEX_POINT ( 'NONE', #8871 ) ;
#12323 = DIRECTION ( 'NONE',  ( -1.000000000000000000, -0.0000000000000000000, -0.0000000000000000000 ) ) ;
#12324 = DIRECTION ( 'NONE',  ( 0.0000000000000000000, 1.000000000000000000, -0.0000000000000000000 ) ) ;
#12325 = CIRCLE ( 'NONE', #5313, 6.350000000000005000 ) ;
#12326 = ORIENTED_EDGE ( 'NONE', *, *, #5487, .F. ) ;
#12327 = DIRECTION ( 'NONE',  ( 0.5469441386039886100, 0.0000000000000000000, -0.8371691043312222700 ) ) ;
#12328 = VECTOR ( 'NONE', #3805, 1000.000000000000000 ) ;
#12329 = DIRECTION ( 'NONE',  ( 0.5469441386039882700, 0.0000000000000000000, -0.8371691043312226000 ) ) ;
#12330 = CARTESIAN_POINT ( 'NONE',  ( -15.50000000000000700, 0.6000000000000063100, 15.50000000000000400 ) ) ;
#12331 = DIRECTION ( 'NONE',  ( -0.0000000000000000000, -1.000000000000000000, 0.0000000000000000000 ) ) ;
#12332 = EDGE_CURVE ( 'NONE', #11826, #4679, #10694, .T. ) ;
#12333 = CIRCLE ( 'NONE', #10635, 0.2794843821735011300 ) ;
#12334 = CARTESIAN_POINT ( 'NONE',  ( 3.469446951953614200E-014, 23.40000000000000600, 3.122502256758252800E-014 ) ) ;
#12335 = VECTOR ( 'NONE', #3487, 1000.000000000000000 ) ;
#12336 = ORIENTED_EDGE ( 'NONE', *, *, #5872, .T. ) ;
#12337 = DIRECTION ( 'NONE',  ( 0.0000000000000000000, 0.0000000000000000000, 1.000000000000000000 ) ) ;
#12338 = CARTESIAN_POINT ( 'NONE',  ( -15.50000000000000700, 2.610000000000031400, -15.49999999999999600 ) ) ;
#12339 = CONICAL_SURFACE ( 'NONE', #11420, 0.5559999999999997200, 0.06981317007976596500 ) ;
#12340 = EDGE_CURVE ( 'NONE', #8572, #207, #255, .T. ) ;
#12341 = CARTESIAN_POINT ( 'NONE',  ( 15.49999999999999300, 0.0000000000000000000, 15.50000000000000400 ) ) ;
#12342 = ORIENTED_EDGE ( 'NONE', *, *, #5204, .F. ) ;
#12343 = DIRECTION ( 'NONE',  ( -0.0000000000000000000, -1.000000000000000000, 0.0000000000000000000 ) ) ;
#12344 = ADVANCED_FACE ( 'NONE', ( #5856 ), #3116, .T. ) ;
#12345 = VERTEX_POINT ( 'NONE', #8916 ) ;
#12346 = CARTESIAN_POINT ( 'NONE',  ( -15.50000000000000700, 0.0000000000000000000, -15.49999999999999600 ) ) ;
#12347 = CIRCLE ( 'NONE', #10477, 16.49999999999998900 ) ;
#12348 = DIRECTION ( 'NONE',  ( 0.0000000000000000000, 0.0000000000000000000, -1.000000000000000000 ) ) ;
#12349 = CARTESIAN_POINT ( 'NONE',  ( -15.50000000000000700, 26.00000000000000400, 15.50000000000000400 ) ) ;
#12350 = FACE_OUTER_BOUND ( 'NONE', #11000, .T. ) ;
#12351 = EDGE_CURVE ( 'NONE', #9180, #6964, #2997, .T. ) ;
#12352 = VECTOR ( 'NONE', #4968, 1000.000000000000000 ) ;
#12353 = ORIENTED_EDGE ( 'NONE', *, *, #5914, .T. ) ;
#12354 = ORIENTED_EDGE ( 'NONE', *, *, #7783, .F. ) ;
#12355 = CARTESIAN_POINT ( 'NONE',  ( -15.50000000000000700, 26.00000000000000400, -16.75000000000000700 ) ) ;
#12356 = EDGE_CURVE ( 'NONE', #12077, #3830, #730, .T. ) ;
#12357 = DIRECTION ( 'NONE',  ( -0.0000000000000000000, -1.000000000000000000, -0.0000000000000000000 ) ) ;
#12358 = DIRECTION ( 'NONE',  ( 0.0000000000000000000, 1.000000000000000000, -0.0000000000000000000 ) ) ;
#12359 = ORIENTED_EDGE ( 'NONE', *, *, #5912, .T. ) ;
#12360 = CARTESIAN_POINT ( 'NONE',  ( 15.50000000000000400, 2.581370849898505100, 15.50000000000000500 ) ) ;
#12361 = ORIENTED_EDGE ( 'NONE', *, *, #10383, .F. ) ;
#12362 = LINE ( 'NONE', #10973, #2676 ) ;
#12363 = VECTOR ( 'NONE', #6900, 1000.000000000000100 ) ;
#12364 = AXIS2_PLACEMENT_3D ( 'NONE', #5545, #12323, #6495 ) ;
#12365 = AXIS2_PLACEMENT_3D ( 'NONE', #9627, #7441, #9152 ) ;
#12366 = CARTESIAN_POINT ( 'NONE',  ( 14.44661567478663500, 0.6000000000000297300, -16.63016877650853300 ) ) ;
#12367 = ADVANCED_FACE ( 'NONE', ( #3301, #7790 ), #6043, .T. ) ;
#12368 = DIRECTION ( 'NONE',  ( 0.0000000000000000000, 0.7071067811865431300, 0.7071067811865519000 ) ) ;
#12369 = ORIENTED_EDGE ( 'NONE', *, *, #3368, .F. ) ;
#12370 = DIRECTION ( 'NONE',  ( 0.0000000000000000000, 0.0000000000000000000, -1.000000000000000000 ) ) ;
#12371 = DIRECTION ( 'NONE',  ( 0.0000000000000000000, 0.0000000000000000000, -1.000000000000000000 ) ) ;
#12372 = CARTESIAN_POINT ( 'NONE',  ( -15.50000000000000700, 8.500000000000000000, -16.74999999999999600 ) ) ;
#12373 = FACE_OUTER_BOUND ( 'NONE', #12589, .T. ) ;
#12374 = VERTEX_POINT ( 'NONE', #11870 ) ;
#12375 = DIRECTION ( 'NONE',  ( 0.0000000000000000000, 0.0000000000000000000, -1.000000000000000000 ) ) ;
#12376 = CARTESIAN_POINT ( 'NONE',  ( 3.469446951953614200E-014, 35.50000000000000700, 3.122502256758252800E-014 ) ) ;
#12377 = ORIENTED_EDGE ( 'NONE', *, *, #4958, .T. ) ;
#12378 = CARTESIAN_POINT ( 'NONE',  ( 16.37157287525380800, 33.50000000000000000, -19.00000000000000000 ) ) ;
#12379 = AXIS2_PLACEMENT_3D ( 'NONE', #2417, #11115, #5322 ) ;
#12380 = ORIENTED_EDGE ( 'NONE', *, *, #1654, .F. ) ;
#12381 = AXIS2_PLACEMENT_3D ( 'NONE', #4631, #11393, #5593 ) ;
#12382 = CARTESIAN_POINT ( 'NONE',  ( 21.00000000000000000, 12.00000000000000000, 0.0000000000000000000 ) ) ;
#12383 = CARTESIAN_POINT ( 'NONE',  ( 4.247097669412184600E-015, 2.500000000000004000, 6.350000000000012100 ) ) ;
#12384 = CARTESIAN_POINT ( 'NONE',  ( -21.14999999999999900, 26.00000000000000400, 13.13154598666893100 ) ) ;
#12385 = EDGE_CURVE ( 'NONE', #6987, #2237, #10546, .T. ) ;
#12386 = CIRCLE ( 'NONE', #3057, 25.60000000000002300 ) ;
#12387 = FACE_OUTER_BOUND ( 'NONE', #2191, .T. ) ;
#12388 = DIRECTION ( 'NONE',  ( -0.0000000000000000000, -1.000000000000000000, 0.0000000000000000000 ) ) ;
#12389 = CARTESIAN_POINT ( 'NONE',  ( -14.88084507960053500, 2.610000000000031400, -15.53745580819628600 ) ) ;
#12390 = ORIENTED_EDGE ( 'NONE', *, *, #3350, .T. ) ;
#12391 = EDGE_LOOP ( 'NONE', ( #4826, #10641, #1932, #4983 ) ) ;
#12392 = CARTESIAN_POINT ( 'NONE',  ( 21.00000000000000000, 12.00000000000000000, 14.64103821455293700 ) ) ;
#12393 = DIRECTION ( 'NONE',  ( -0.0000000000000000000, 1.000000000000000000, 0.0000000000000000000 ) ) ;
#12394 = PLANE ( 'NONE',  #4200 ) ;
#12395 = AXIS2_PLACEMENT_3D ( 'NONE', #8190, #496, #2448 ) ;
#12396 = CIRCLE ( 'NONE', #8934, 4.000000000000000000 ) ;
#12397 = LINE ( 'NONE', #12095, #4673 ) ;
#12398 = CARTESIAN_POINT ( 'NONE',  ( 15.49999999999999300, 26.00000000000000400, -15.49999999999999600 ) ) ;
#12399 = VERTEX_POINT ( 'NONE', #8961 ) ;
#12400 = DIRECTION ( 'NONE',  ( -0.2440452458516469400, 0.8949343913984425500, 0.3735429735244773500 ) ) ;
#12401 = DIRECTION ( 'NONE',  ( 0.0000000000000000000, 1.000000000000000000, 0.0000000000000000000 ) ) ;
#12402 = DIRECTION ( 'NONE',  ( -0.5469441386039887200, 0.0000000000000000000, 0.8371691043312221600 ) ) ;
#12403 = ADVANCED_FACE ( 'NONE', ( #110 ), #11903, .T. ) ;
#12404 = EDGE_CURVE ( 'NONE', #692, #5164, #10094, .T. ) ;
#12405 = AXIS2_PLACEMENT_3D ( 'NONE', #52, #6788, #1042 ) ;
#12406 = VERTEX_POINT ( 'NONE', #8009 ) ;
#12407 = DIRECTION ( 'NONE',  ( 0.0000000000000000000, 0.0000000000000000000, 1.000000000000000000 ) ) ;
#12408 = CARTESIAN_POINT ( 'NONE',  ( 14.98933636069656700, 0.6000000000000297300, -14.04187701221968400 ) ) ;
#12409 = FACE_OUTER_BOUND ( 'NONE', #6668, .T. ) ;
#12411 = DIRECTION ( 'NONE',  ( 0.0000000000000000000, 0.0000000000000000000, -1.000000000000000000 ) ) ;
#12410 = CONICAL_SURFACE ( 'NONE', #6888, 1.250000000000011500, 0.7853981633974537200 ) ;
#12412 = DIRECTION ( 'NONE',  ( -0.0000000000000000000, 1.000000000000000000, -0.0000000000000000000 ) ) ;
#12413 = ORIENTED_EDGE ( 'NONE', *, *, #12242, .F. ) ;
#12414 = CARTESIAN_POINT ( 'NONE',  ( 3.469446951953614200E-014, 34.00000000000000000, 3.122502256758252800E-014 ) ) ;
#12415 = ORIENTED_EDGE ( 'NONE', *, *, #9903, .F. ) ;
#12416 = VERTEX_POINT ( 'NONE', #6090 ) ;
#12417 = ORIENTED_EDGE ( 'NONE', *, *, #1795, .T. ) ;
#12418 = DIRECTION ( 'NONE',  ( 0.5469441386039908300, 0.0000000000000000000, -0.8371691043312209400 ) ) ;
#12419 = DIRECTION ( 'NONE',  ( 0.5469441386039857200, 0.0000000000000000000, -0.8371691043312240500 ) ) ;
#12420 = CARTESIAN_POINT ( 'NONE',  ( -18.99999999999998200, 34.00000000000000000, 16.37157287525381800 ) ) ;
#12421 = CARTESIAN_POINT ( 'NONE',  ( 14.98933636069657800, 0.6000000000000276200, 16.95812298778031400 ) ) ;
#12422 = EDGE_CURVE ( 'NONE', #11645, #7955, #2702, .T. ) ;
#12423 = DIRECTION ( 'NONE',  ( 0.5469441386039879400, 0.0000000000000000000, -0.8371691043312227100 ) ) ;
#12424 = VECTOR ( 'NONE', #6787, 1000.000000000000000 ) ;
#12425 = CIRCLE ( 'NONE', #7369, 3.649999999999999900 ) ;
#12426 = ORIENTED_EDGE ( 'NONE', *, *, #2474, .T. ) ;
#12427 = DIRECTION ( 'NONE',  ( -0.5469441386039857200, 0.0000000000000000000, 0.8371691043312240500 ) ) ;
#12428 = CARTESIAN_POINT ( 'NONE',  ( 6.938893903907228400E-015, 33.32983738762487700, 6.350000000000008500 ) ) ;
#12429 = CARTESIAN_POINT ( 'NONE',  ( -15.50000000000000700, 26.00000000000000400, 16.75000000000001400 ) ) ;
#12430 = ORIENTED_EDGE ( 'NONE', *, *, #3132, .T. ) ;
#12431 = ORIENTED_EDGE ( 'NONE', *, *, #10438, .T. ) ;
#12432 = ADVANCED_FACE ( 'NONE', ( #12387 ), #7193, .F. ) ;
#12433 = CARTESIAN_POINT ( 'NONE',  ( -17.43223304703361600, 34.00000000000000000, -20.06066017177981900 ) ) ;
#12434 = DIRECTION ( 'NONE',  ( 0.0000000000000000000, 1.000000000000000000, 0.0000000000000000000 ) ) ;
#12435 = ORIENTED_EDGE ( 'NONE', *, *, #7681, .T. ) ;
#12436 = DIRECTION ( 'NONE',  ( 0.0000000000000000000, 1.000000000000000000, 0.0000000000000000000 ) ) ;
#12437 = EDGE_CURVE ( 'NONE', #2667, #11610, #9794, .T. ) ;
#12438 = VECTOR ( 'NONE', #4249, 1000.000000000000000 ) ;
#12439 = LINE ( 'NONE', #3072, #2452 ) ;
#12440 = DIRECTION ( 'NONE',  ( 0.5469441386039877200, 0.0000000000000000000, -0.8371691043312229400 ) ) ;
#12441 = VERTEX_POINT ( 'NONE', #1348 ) ;
#12442 = AXIS2_PLACEMENT_3D ( 'NONE', #2394, #9135, #3359 ) ;
#12443 = B_SPLINE_CURVE_WITH_KNOTS ( 'NONE', 3,
 ( #529, #4372, #4416, #11176 ),
 .UNSPECIFIED., .F., .F.,
 ( 4, 4 ),
 ( 0.001380840031689470400, 0.003398373201679218600 ),
 .UNSPECIFIED. ) ;
#12444 = ORIENTED_EDGE ( 'NONE', *, *, #1396, .T. ) ;
#12445 = ORIENTED_EDGE ( 'NONE', *, *, #2186, .F. ) ;
#12446 = DIRECTION ( 'NONE',  ( -0.0000000000000000000, -1.000000000000000000, 0.0000000000000000000 ) ) ;
#12447 = CARTESIAN_POINT ( 'NONE',  ( 2.894712078817835500, 8.500000000000000000, 21.50000000000000400 ) ) ;
#12448 = CIRCLE ( 'NONE', #4686, 8.000000000000005300 ) ;
#12449 = VECTOR ( 'NONE', #736, 1000.000000000000100 ) ;
#12450 = ORIENTED_EDGE ( 'NONE', *, *, #1162, .F. ) ;
#12451 = DIRECTION ( 'NONE',  ( 0.0000000000000000000, 0.0000000000000000000, -1.000000000000000000 ) ) ;
#12453 = VERTEX_POINT ( 'NONE', #7085 ) ;
#12452 = ORIENTED_EDGE ( 'NONE', *, *, #3835, .F. ) ;
#12454 = CARTESIAN_POINT ( 'NONE',  ( -14.64103821455292100, 23.40000000000000600, -21.00000000000000000 ) ) ;
#12455 = EDGE_CURVE ( 'NONE', #9260, #450, #7491, .T. ) ;
#12456 = PLANE ( 'NONE',  #1687 ) ;
#12457 = CARTESIAN_POINT ( 'NONE',  ( -17.43223304703361600, 34.00000000000000000, 20.06066017177982600 ) ) ;
#12458 = AXIS2_PLACEMENT_3D ( 'NONE', #5087, #7001, #1264 ) ;
#12459 = LINE ( 'NONE', #2568, #2171 ) ;
#12460 = ORIENTED_EDGE ( 'NONE', *, *, #5587, .T. ) ;
#12461 = AXIS2_PLACEMENT_3D ( 'NONE', #4440, #10223, #5402 ) ;
#12462 = CIRCLE ( 'NONE', #2584, 1.734314575050762300 ) ;
#12463 = FACE_OUTER_BOUND ( 'NONE', #2483, .T. ) ;
#12464 = ORIENTED_EDGE ( 'NONE', *, *, #6590, .F. ) ;
#12465 = EDGE_CURVE ( 'NONE', #2470, #3194, #2109, .T. ) ;
#12466 = CARTESIAN_POINT ( 'NONE',  ( -19.09999999999999800, 12.00000000000000000, 19.09999999999999800 ) ) ;
#12467 = VERTEX_POINT ( 'NONE', #5213 ) ;
#12468 = DIRECTION ( 'NONE',  ( 0.0000000000000000000, 0.0000000000000000000, -1.000000000000000000 ) ) ;
#12469 = ADVANCED_FACE ( 'NONE', ( #9490, #5259, #4657, #6892, #4354, #1799 ), #2358, .F. ) ;
#12470 = DIRECTION ( 'NONE',  ( 0.7071067811865474600, 0.0000000000000000000, -0.7071067811865474600 ) ) ;
#12471 = DIRECTION ( 'NONE',  ( 0.0000000000000000000, 0.0000000000000000000, -1.000000000000000000 ) ) ;
#12472 = FACE_OUTER_BOUND ( 'NONE', #4439, .T. ) ;
#12473 = CARTESIAN_POINT ( 'NONE',  ( 3.469446951953614200E-015, 8.500000000000000000, 6.938893903907228400E-015 ) ) ;
#12474 = ORIENTED_EDGE ( 'NONE', *, *, #466, .F. ) ;
#12475 = DIRECTION ( 'NONE',  ( -0.4894791198105034000, -0.4461977533474358900, 0.7492114228822434100 ) ) ;
#12476 = CIRCLE ( 'NONE', #5442, 0.5560000000000012700 ) ;
#12477 = AXIS2_PLACEMENT_3D ( 'NONE', #345, #6118, #10946 ) ;
#12478 = ORIENTED_EDGE ( 'NONE', *, *, #662, .F. ) ;
#12479 = AXIS2_PLACEMENT_3D ( 'NONE', #10342, #4558, #11312 ) ;
#12480 = EDGE_LOOP ( 'NONE', ( #9126, #7368, #1649 ) ) ;
#12481 = DIRECTION ( 'NONE',  ( 0.8371691043312221600, 0.0000000000000000000, 0.5469441386039886100 ) ) ;
#12482 = CARTESIAN_POINT ( 'NONE',  ( -20.99999999999998200, 26.00000000000000400, -14.64103821455294300 ) ) ;
#12483 = CARTESIAN_POINT ( 'NONE',  ( -16.37157287525381100, 0.0000000000000000000, -20.49999999999999600 ) ) ;
#12484 = EDGE_CURVE ( 'NONE', #6987, #3133, #9188, .T. ) ;
#12485 = FACE_OUTER_BOUND ( 'NONE', #1804, .T. ) ;
#12486 = ADVANCED_FACE ( 'NONE', ( #11462 ), #6300, .T. ) ;
#12487 = VECTOR ( 'NONE', #3432, 1000.000000000000100 ) ;
#12488 = PLANE ( 'NONE',  #394 ) ;
#12489 = CARTESIAN_POINT ( 'NONE',  ( 3.469446951953614200E-014, 35.50000000000000700, 3.122502256758252800E-014 ) ) ;
#12490 = PLANE ( 'NONE',  #1353 ) ;
#12491 = LINE ( 'NONE', #6536, #12191 ) ;
#12492 = CARTESIAN_POINT ( 'NONE',  ( 3.894712078817836000, 1.628844685195823100, 21.50000000000000400 ) ) ;
#12493 = ADVANCED_FACE ( 'NONE', ( #1502 ), #1187, .T. ) ;
#12494 = CARTESIAN_POINT ( 'NONE',  ( -15.50000000000000700, 8.500000000000000000, 15.50000000000000400 ) ) ;
#12495 = VECTOR ( 'NONE', #5717, 1000.000000000000000 ) ;
#12496 = VERTEX_POINT ( 'NONE', #9133 ) ;
#12497 = DIRECTION ( 'NONE',  ( -0.0000000000000000000, -1.000000000000000000, 0.0000000000000000000 ) ) ;
#12498 = LINE ( 'NONE', #1569, #12195 ) ;
#12499 = CARTESIAN_POINT ( 'NONE',  ( 19.09999999999999800, 0.5000000000000004400, 19.09999999999999800 ) ) ;
#12500 = DIRECTION ( 'NONE',  ( -0.0000000000000000000, -1.000000000000000000, 0.0000000000000000000 ) ) ;
#12501 = EDGE_LOOP ( 'NONE', ( #10834, #9281, #495, #428 ) ) ;
#12502 = EDGE_CURVE ( 'NONE', #9309, #7062, #4043, .T. ) ;
#12503 = AXIS2_PLACEMENT_3D ( 'NONE', #10401, #4623, #11381 ) ;
#12504 = ORIENTED_EDGE ( 'NONE', *, *, #1591, .T. ) ;
#12505 = CARTESIAN_POINT ( 'NONE',  ( 0.8530793868032783300, 4.110050607254169800, 30.20000000000000300 ) ) ;
#12506 = DIRECTION ( 'NONE',  ( -0.0000000000000000000, -1.000000000000000000, 0.0000000000000000000 ) ) ;
#12507 = EDGE_LOOP ( 'NONE', ( #10517, #2559, #4182, #10889 ) ) ;
#12508 = DIRECTION ( 'NONE',  ( -0.5469441386039889400, 0.0000000000000000000, 0.8371691043312219400 ) ) ;
#12509 = CARTESIAN_POINT ( 'NONE',  ( 16.37157287525380800, 8.500000000000000000, -20.99999999999999600 ) ) ;
#12510 = VECTOR ( 'NONE', #741, 1000.000000000000000 ) ;
#12511 = VERTEX_POINT ( 'NONE', #4329 ) ;
#12512 = CIRCLE ( 'NONE', #5725, 0.5560000000000002700 ) ;
#12513 = CARTESIAN_POINT ( 'NONE',  ( 3.520269794118229500E-014, 35.50000000000000700, -4.149999999999968400 ) ) ;
#12514 = CARTESIAN_POINT ( 'NONE',  ( 16.37157287525380800, 33.50000000000000000, 20.50000000000000700 ) ) ;
#12515 = CARTESIAN_POINT ( 'NONE',  ( -3.888629745115985700, 8.500000000000000000, 18.00000000000000700 ) ) ;
#12516 = DIRECTION ( 'NONE',  ( 0.7071067811865479100, -0.0000000000000000000, -0.7071067811865472400 ) ) ;
#12517 = DIRECTION ( 'NONE',  ( -0.0000000000000000000, -1.000000000000000000, 0.0000000000000000000 ) ) ;
#12518 = AXIS2_PLACEMENT_3D ( 'NONE', #5389, #12175, #6343 ) ;
#12519 = ORIENTED_EDGE ( 'NONE', *, *, #8345, .F. ) ;
#12520 = CLOSED_SHELL ( 'NONE', ( #4435, #10127, #5599, #7025, #5977, #86, #9614, #10443, #10007, #5486, #11770, #2957, #11152, #8169, #12493, #6596, #10547, #1407, #8044, #12367, #4599, #1198, #11923, #6969, #10322, #11254, #8771, #5998 ) ) ;
#12521 = EDGE_CURVE ( 'NONE', #2111, #3503, #6601, .T. ) ;
#12522 = DIRECTION ( 'NONE',  ( 0.0000000000000000000, 1.000000000000000000, 0.0000000000000000000 ) ) ;
#12523 = EDGE_CURVE ( 'NONE', #3942, #6122, #3739, .T. ) ;
#12524 = EDGE_CURVE ( 'NONE', #6114, #11967, #8538, .T. ) ;
#12525 = VECTOR ( 'NONE', #2993, 1000.000000000000000 ) ;
#12526 = DIRECTION ( 'NONE',  ( 0.0000000000000000000, 0.0000000000000000000, 1.000000000000000000 ) ) ;
#12527 = VECTOR ( 'NONE', #3521, 1000.000000000000200 ) ;
#12528 = ORIENTED_EDGE ( 'NONE', *, *, #8062, .T. ) ;
#12529 = DIRECTION ( 'NONE',  ( 0.0000000000000000000, 1.000000000000000000, -0.0000000000000000000 ) ) ;
#12530 = VERTEX_POINT ( 'NONE', #5340 ) ;
#12531 = ORIENTED_EDGE ( 'NONE', *, *, #12015, .F. ) ;
#12532 = VERTEX_POINT ( 'NONE', #527 ) ;
#12533 = CARTESIAN_POINT ( 'NONE',  ( -13.13154598666891800, 26.00000000000000400, 17.14999999999999900 ) ) ;
#12534 = DIRECTION ( 'NONE',  ( 0.0000000000000000000, 0.0000000000000000000, -1.000000000000000000 ) ) ;
#12535 = DIRECTION ( 'NONE',  ( 0.0000000000000000000, 1.000000000000000000, 0.0000000000000000000 ) ) ;
#12536 = AXIS2_PLACEMENT_3D ( 'NONE', #2090, #111, #4007 ) ;
#12537 = EDGE_CURVE ( 'NONE', #362, #321, #10843, .T. ) ;
#12538 = AXIS2_PLACEMENT_3D ( 'NONE', #4331, #2393, #10110 ) ;
#12539 = DIRECTION ( 'NONE',  ( -0.5469441386039886100, 0.0000000000000000000, 0.8371691043312222700 ) ) ;
#12540 = VECTOR ( 'NONE', #1911, 1000.000000000000000 ) ;
#12541 = DIRECTION ( 'NONE',  ( -0.0000000000000000000, -1.000000000000000000, -0.0000000000000000000 ) ) ;
#12542 = DIRECTION ( 'NONE',  ( 0.3867479093371160600, -0.7071067811865462400, -0.5919679506724765400 ) ) ;
#12543 = ORIENTED_EDGE ( 'NONE', *, *, #10608, .T. ) ;
#12544 = CARTESIAN_POINT ( 'NONE',  ( 15.49999999999999300, 2.610000000000029200, -15.49999999999999600 ) ) ;
#12545 = ORIENTED_EDGE ( 'NONE', *, *, #2133, .F. ) ;
#12546 = EDGE_LOOP ( 'NONE', ( #5731, #8120, #6595, #9097 ) ) ;
#12547 = ADVANCED_FACE ( 'NONE', ( #5993 ), #2480, .F. ) ;
#12548 = DIRECTION ( 'NONE',  ( 0.8371691043312221600, 0.0000000000000000000, 0.5469441386039886100 ) ) ;
#12549 = DIRECTION ( 'NONE',  ( 0.0000000000000000000, 1.000000000000000000, 0.0000000000000000000 ) ) ;
#12550 = VECTOR ( 'NONE', #8723, 1000.000000000000000 ) ;
#12551 = CIRCLE ( 'NONE', #118, 0.2794843821735011300 ) ;
#12552 = AXIS2_PLACEMENT_3D ( 'NONE', #5054, #1182, #7891 ) ;
#12553 = ORIENTED_EDGE ( 'NONE', *, *, #6315, .T. ) ;
#12554 = CARTESIAN_POINT ( 'NONE',  ( 15.46254419180370100, 2.610000000000029200, -16.11915492039946700 ) ) ;
#12555 = DIRECTION ( 'NONE',  ( 0.5469441386039857200, 0.0000000000000000000, -0.8371691043312240500 ) ) ;
#12556 = AXIS2_PLACEMENT_3D ( 'NONE', #1544, #8248, #2511 ) ;
#12557 = ORIENTED_EDGE ( 'NONE', *, *, #2921, .F. ) ;
#12558 = DIRECTION ( 'NONE',  ( 0.0000000000000000000, 1.000000000000000000, -0.0000000000000000000 ) ) ;
#12559 = CARTESIAN_POINT ( 'NONE',  ( 3.469446951953614200E-014, 35.50000000000000700, 10.50000000000003600 ) ) ;
#12560 = ORIENTED_EDGE ( 'NONE', *, *, #8072, .T. ) ;
#12561 = CARTESIAN_POINT ( 'NONE',  ( 15.49999999999999300, 2.610000000000029200, -15.49999999999999600 ) ) ;
#12562 = EDGE_CURVE ( 'NONE', #1207, #10267, #880, .T. ) ;
#12563 = ADVANCED_FACE ( 'NONE', ( #3152 ), #8222, .F. ) ;
#12564 = CARTESIAN_POINT ( 'NONE',  ( 15.71441625783252500, 2.610000000000027400, 16.08204932900882200 ) ) ;
#12565 = CARTESIAN_POINT ( 'NONE',  ( -15.50000000000000700, 8.500000000000000000, -14.24999999999999600 ) ) ;
#12566 = VECTOR ( 'NONE', #6157, 1000.000000000000000 ) ;
#12567 = LINE ( 'NONE', #8760, #2268 ) ;
#12568 = ORIENTED_EDGE ( 'NONE', *, *, #2929, .F. ) ;
#12569 = CARTESIAN_POINT ( 'NONE',  ( 6.938893903907228400E-015, 34.59999999999999400, -2.799999999999996700 ) ) ;
#12570 = DIRECTION ( 'NONE',  ( -0.0000000000000000000, -1.000000000000000000, -0.0000000000000000000 ) ) ;
#12571 = DIRECTION ( 'NONE',  ( 0.0000000000000000000, 0.0000000000000000000, 1.000000000000000000 ) ) ;
#12572 = CARTESIAN_POINT ( 'NONE',  ( 6.938893903907228400E-015, 32.09999999999999400, 3.469446951953614200E-015 ) ) ;
#12573 = ORIENTED_EDGE ( 'NONE', *, *, #4391, .T. ) ;
#12574 = VERTEX_POINT ( 'NONE', #2521 ) ;
#12575 = AXIS2_PLACEMENT_3D ( 'NONE', #10049, #4257, #11014 ) ;
#12576 = ORIENTED_EDGE ( 'NONE', *, *, #8032, .T. ) ;
#12577 = CARTESIAN_POINT ( 'NONE',  ( -20.99999999999998200, 23.40000000000000600, 14.64103821455299400 ) ) ;
#12578 = EDGE_CURVE ( 'NONE', #6700, #9894, #11158, .T. ) ;
#12579 = FACE_OUTER_BOUND ( 'NONE', #7965, .T. ) ;
#12580 = LINE ( 'NONE', #10231, #9672 ) ;
#12581 = DIRECTION ( 'NONE',  ( 1.000000000000000000, 1.084202172485504400E-016, 0.0000000000000000000 ) ) ;
#12582 = DIRECTION ( 'NONE',  ( 0.5469441386039877200, 0.0000000000000000000, -0.8371691043312229400 ) ) ;
#12583 = ORIENTED_EDGE ( 'NONE', *, *, #619, .F. ) ;
#12584 = EDGE_CURVE ( 'NONE', #6214, #6477, #7931, .T. ) ;
#12585 = AXIS2_PLACEMENT_3D ( 'NONE', #7174, #1440, #8142 ) ;
#12586 = ORIENTED_EDGE ( 'NONE', *, *, #2855, .T. ) ;
#12587 = CARTESIAN_POINT ( 'NONE',  ( 16.11915492039946700, 2.610000000000029200, -15.53745580819628600 ) ) ;
#12588 = CARTESIAN_POINT ( 'NONE',  ( -16.37157287525379300, 34.00000000000000000, -21.00000000000000000 ) ) ;
#12589 = EDGE_LOOP ( 'NONE', ( #11478, #10907, #12038, #4642 ) ) ;
#12590 = DIRECTION ( 'NONE',  ( -0.7071067811865474600, -0.0000000000000000000, -0.7071067811865474600 ) ) ;
#12591 = DIRECTION ( 'NONE',  ( 0.0000000000000000000, 1.000000000000000000, -0.0000000000000000000 ) ) ;
#12592 = FACE_OUTER_BOUND ( 'NONE', #6416, .T. ) ;
#12593 = FACE_OUTER_BOUND ( 'NONE', #11766, .T. ) ;
#12594 = ORIENTED_EDGE ( 'NONE', *, *, #8613, .T. ) ;
#12595 = ORIENTED_EDGE ( 'NONE', *, *, #9739, .F. ) ;
#12596 = DIRECTION ( 'NONE',  ( 0.5469441386039871600, 0.0000000000000000000, -0.8371691043312232700 ) ) ;
#12597 = ORIENTED_EDGE ( 'NONE', *, *, #6226, .T. ) ;
ENDSEC;
END-ISO-10303-21;
