ISO-10303-21;
HEADER;
FILE_DESCRIPTION (( 'STEP AP214' ),
    '1' );
FILE_NAME ('GT2 Belt 9mm x 38mm pitch 2mm.STEP',
    '2020-09-26T14:11:20',
    ( '' ),
    ( '' ),
    'SwSTEP 2.0',
    'SolidWorks 2019',
    '' );
FILE_SCHEMA (( 'AUTOMOTIVE_DESIGN' ));
ENDSEC;

DATA;
#1 = LINE ( 'NONE', #2892, #3379 ) ;
#2 = ADVANCED_FACE ( 'NONE', ( #1553 ), #2613, .F. ) ;
#3 = AXIS2_PLACEMENT_3D ( 'NONE', #2634, #2343, #239 ) ;
#4 =( LENGTH_UNIT ( ) NAMED_UNIT ( * ) SI_UNIT ( .MILLI., .METRE. ) );
#5 = ORIENTED_EDGE ( 'NONE', *, *, #116, .T. ) ;
#6 = DIRECTION ( 'NONE',  ( 0.0000000000000000000, 0.0000000000000000000, 1.000000000000000000 ) ) ;
#7 = CARTESIAN_POINT ( 'NONE',  ( 15.65000000000000036, -4.500000000000000000, -0.8500000000000001998 ) ) ;
#8 = EDGE_CURVE ( 'NONE', #701, #1589, #3178, .T. ) ;
#9 = ORIENTED_EDGE ( 'NONE', *, *, #1982, .T. ) ;
#10 = CARTESIAN_POINT ( 'NONE',  ( -2.250000000000000444, 4.500000000000000000, -0.7500000000000000000 ) ) ;
#11 = CARTESIAN_POINT ( 'NONE',  ( -6.349999999999999645, 4.500000000000000000, -0.8500000000000001998 ) ) ;
#12 = EDGE_CURVE ( 'NONE', #2309, #2627, #175, .T. ) ;
#13 = VERTEX_POINT ( 'NONE', #40 ) ;
#14 = DIRECTION ( 'NONE',  ( -0.0000000000000000000, 1.000000000000000000, 0.0000000000000000000 ) ) ;
#15 = EDGE_LOOP ( 'NONE', ( #3177, #1822, #1015, #2664 ) ) ;
#16 = CARTESIAN_POINT ( 'NONE',  ( 5.650000000000000355, 4.500000000000000000, -0.8500000000000001998 ) ) ;
#17 = DIRECTION ( 'NONE',  ( -0.0000000000000000000, -1.000000000000000000, -0.0000000000000000000 ) ) ;
#18 = ORIENTED_EDGE ( 'NONE', *, *, #2270, .F. ) ;
#19 = CARTESIAN_POINT ( 'NONE',  ( -17.00000000000000000, 4.500000000000000000, -1.500000000000000000 ) ) ;
#20 = DIRECTION ( 'NONE',  ( 0.0000000000000000000, 0.0000000000000000000, 1.000000000000000000 ) ) ;
#21 = ORIENTED_EDGE ( 'NONE', *, *, #806, .F. ) ;
#22 = CYLINDRICAL_SURFACE ( 'NONE', #501, 0.09999999999999993616 ) ;
#23 = EDGE_CURVE ( 'NONE', #214, #1350, #2561, .T. ) ;
#24 = CARTESIAN_POINT ( 'NONE',  ( -11.00000000000000000, -4.500000000000000000, -0.8500000000000000888 ) ) ;
#25 = ORIENTED_EDGE ( 'NONE', *, *, #2446, .F. ) ;
#26 = DIRECTION ( 'NONE',  ( -0.0000000000000000000, -1.000000000000000000, -0.0000000000000000000 ) ) ;
#27 = CARTESIAN_POINT ( 'NONE',  ( 12.34999999999999964, 4.500000000000000000, -0.8500000000000001998 ) ) ;
#28 = ORIENTED_EDGE ( 'NONE', *, *, #92, .F. ) ;
#29 = LINE ( 'NONE', #2659, #2380 ) ;
#30 = ORIENTED_EDGE ( 'NONE', *, *, #815, .T. ) ;
#31 = EDGE_CURVE ( 'NONE', #552, #1745, #2392, .T. ) ;
#32 = DIRECTION ( 'NONE',  ( -0.0000000000000000000, -1.000000000000000000, -0.0000000000000000000 ) ) ;
#33 = FACE_OUTER_BOUND ( 'NONE', #2128, .T. ) ;
#34 = CIRCLE ( 'NONE', #595, 0.6500000000000000222 ) ;
#35 = VERTEX_POINT ( 'NONE', #2242 ) ;
#36 = CIRCLE ( 'NONE', #3155, 0.09999999999999993616 ) ;
#37 = FACE_OUTER_BOUND ( 'NONE', #1246, .T. ) ;
#38 = AXIS2_PLACEMENT_3D ( 'NONE', #1148, #2003, #1442 ) ;
#39 = APPLICATION_PROTOCOL_DEFINITION ( 'draft international standard', 'automotive_design', 1998, #1819 ) ;
#40 = CARTESIAN_POINT ( 'NONE',  ( 16.35000000000000142, -4.500000000000000000, -0.8500000000000001998 ) ) ;
#41 = DIRECTION ( 'NONE',  ( -0.0000000000000000000, -1.000000000000000000, -0.0000000000000000000 ) ) ;
#42 = VECTOR ( 'NONE', #3170, 1000.000000000000000 ) ;
#43 = CYLINDRICAL_SURFACE ( 'NONE', #1759, 0.6500000000000000222 ) ;
#44 = ADVANCED_FACE ( 'NONE', ( #1145 ), #2463, .T. ) ;
#45 = AXIS2_PLACEMENT_3D ( 'NONE', #190, #223, #1287 ) ;
#46 = ORIENTED_EDGE ( 'NONE', *, *, #3157, .F. ) ;
#47 = LINE ( 'NONE', #2972, #3298 ) ;
#48 = AXIS2_PLACEMENT_3D ( 'NONE', #757, #2612, #1232 ) ;
#49 = CARTESIAN_POINT ( 'NONE',  ( 2.250000000000000444, 4.500000000000000000, -0.8499999999999999778 ) ) ;
#50 = ADVANCED_FACE ( 'NONE', ( #907 ), #349, .F. ) ;
#51 = EDGE_LOOP ( 'NONE', ( #30, #2514, #2845, #665 ) ) ;
#52 = DIRECTION ( 'NONE',  ( -0.0000000000000000000, -1.000000000000000000, -0.0000000000000000000 ) ) ;
#53 = AXIS2_PLACEMENT_3D ( 'NONE', #1605, #3218, #3307 ) ;
#54 = FACE_OUTER_BOUND ( 'NONE', #447, .T. ) ;
#55 = ORIENTED_EDGE ( 'NONE', *, *, #1907, .F. ) ;
#56 = CARTESIAN_POINT ( 'NONE',  ( 18.25000000000000355, -4.500000000000000000, -0.8499999999999999778 ) ) ;
#57 = DIRECTION ( 'NONE',  ( -0.0000000000000000000, -1.000000000000000000, -0.0000000000000000000 ) ) ;
#58 = PRODUCT_DEFINITION ( 'UNKNOWN', '', #2883, #2273 ) ;
#59 = EDGE_LOOP ( 'NONE', ( #2207, #3033, #2787, #836 ) ) ;
#60 = DIRECTION ( 'NONE',  ( 0.0000000000000000000, 0.0000000000000000000, -1.000000000000000000 ) ) ;
#61 = ADVANCED_FACE ( 'NONE', ( #2189 ), #1980, .F. ) ;
#62 = AXIS2_PLACEMENT_3D ( 'NONE', #972, #3102, #3331 ) ;
#63 = CARTESIAN_POINT ( 'NONE',  ( -7.750000000000000000, -4.500000000000000000, -0.7500000000000000000 ) ) ;
#64 = AXIS2_PLACEMENT_3D ( 'NONE', #2708, #2956, #1694 ) ;
#65 = EDGE_LOOP ( 'NONE', ( #1043, #1959, #751, #722 ) ) ;
#66 = CARTESIAN_POINT ( 'NONE',  ( -4.250000000000000000, -4.500000000000000000, -0.8499999999999999778 ) ) ;
#67 = AXIS2_PLACEMENT_3D ( 'NONE', #2631, #1277, #6 ) ;
#68 = LINE ( 'NONE', #27, #987 ) ;
#69 = VERTEX_POINT ( 'NONE', #644 ) ;
#70 = DIRECTION ( 'NONE',  ( -4.336808689942015271E-16, 0.0000000000000000000, 1.000000000000000000 ) ) ;
#71 = CARTESIAN_POINT ( 'NONE',  ( 9.750000000000000000, 4.500000000000000000, -0.8499999999999999778 ) ) ;
#72 = ORIENTED_EDGE ( 'NONE', *, *, #12, .F. ) ;
#73 = DIRECTION ( 'NONE',  ( 0.0000000000000000000, 0.0000000000000000000, 1.000000000000000000 ) ) ;
#74 = EDGE_CURVE ( 'NONE', #979, #2524, #1372, .T. ) ;
#75 = DIRECTION ( 'NONE',  ( -0.0000000000000000000, -1.000000000000000000, -0.0000000000000000000 ) ) ;
#76 = ORIENTED_EDGE ( 'NONE', *, *, #3108, .T. ) ;
#77 = ADVANCED_FACE ( 'NONE', ( #54 ), #611, .F. ) ;
#78 = CYLINDRICAL_SURFACE ( 'NONE', #2203, 0.6500000000000000222 ) ;
#79 = DIRECTION ( 'NONE',  ( 0.0000000000000000000, 0.0000000000000000000, 1.000000000000000000 ) ) ;
#80 = EDGE_LOOP ( 'NONE', ( #1304, #1764, #2279, #779 ) ) ;
#81 = DIRECTION ( 'NONE',  ( 0.0000000000000000000, 0.0000000000000000000, -1.000000000000000000 ) ) ;
#82 = CARTESIAN_POINT ( 'NONE',  ( 17.75000000000000355, -4.500000000000000000, -0.7500000000000000000 ) ) ;
#83 = ORIENTED_EDGE ( 'NONE', *, *, #1556, .T. ) ;
#84 = PLANE ( 'NONE',  #2493 ) ;
#85 = CYLINDRICAL_SURFACE ( 'NONE', #1001, 0.09999999999999993616 ) ;
#86 = ORIENTED_EDGE ( 'NONE', *, *, #1076, .F. ) ;
#87 = DIRECTION ( 'NONE',  ( -0.0000000000000000000, -1.000000000000000000, -0.0000000000000000000 ) ) ;
#88 = DIRECTION ( 'NONE',  ( -0.0000000000000000000, -1.000000000000000000, -0.0000000000000000000 ) ) ;
#89 = ADVANCED_FACE ( 'NONE', ( #1927 ), #1683, .F. ) ;
#90 = ORIENTED_EDGE ( 'NONE', *, *, #3180, .T. ) ;
#91 = DIRECTION ( 'NONE',  ( -0.0000000000000000000, -1.000000000000000000, -0.0000000000000000000 ) ) ;
#92 = EDGE_CURVE ( 'NONE', #1195, #544, #286, .T. ) ;
#93 = VECTOR ( 'NONE', #3239, 1000.000000000000000 ) ;
#94 = CYLINDRICAL_SURFACE ( 'NONE', #2313, 0.09999999999999993616 ) ;
#95 = ADVANCED_FACE ( 'NONE', ( #1112 ), #85, .F. ) ;
#96 = VERTEX_POINT ( 'NONE', #2450 ) ;
#97 = VECTOR ( 'NONE', #1238, 1000.000000000000000 ) ;
#98 = CARTESIAN_POINT ( 'NONE',  ( 15.75000000000000000, -4.500000000000000000, -0.7500000000000000000 ) ) ;
#99 = DIRECTION ( 'NONE',  ( -4.336808689942015271E-16, 0.0000000000000000000, 1.000000000000000000 ) ) ;
#100 = CIRCLE ( 'NONE', #1038, 0.6500000000000000222 ) ;
#101 = EDGE_CURVE ( 'NONE', #552, #382, #2950, .T. ) ;
#102 = VERTEX_POINT ( 'NONE', #124 ) ;
#103 = DIRECTION ( 'NONE',  ( 0.0000000000000000000, 0.0000000000000000000, -1.000000000000000000 ) ) ;
#104 = CARTESIAN_POINT ( 'NONE',  ( -2.250000000000000444, 4.500000000000000000, -0.8499999999999999778 ) ) ;
#105 = VERTEX_POINT ( 'NONE', #3247 ) ;
#106 = VECTOR ( 'NONE', #2068, 1000.000000000000000 ) ;
#107 = LINE ( 'NONE', #1587, #569 ) ;
#108 = CARTESIAN_POINT ( 'NONE',  ( 16.35000000000000142, 4.500000000000000000, -0.8500000000000001998 ) ) ;
#109 = AXIS2_PLACEMENT_3D ( 'NONE', #528, #3422, #3162 ) ;
#110 = ORIENTED_EDGE ( 'NONE', *, *, #2404, .T. ) ;
#111 = DIRECTION ( 'NONE',  ( -0.0000000000000000000, -1.000000000000000000, -0.0000000000000000000 ) ) ;
#112 = DIRECTION ( 'NONE',  ( 0.0000000000000000000, 0.0000000000000000000, 1.000000000000000000 ) ) ;
#113 = ORIENTED_EDGE ( 'NONE', *, *, #116, .F. ) ;
#114 = CIRCLE ( 'NONE', #2679, 0.09999999999999993616 ) ;
#115 = CARTESIAN_POINT ( 'NONE',  ( -10.25000000000000000, 4.500000000000000000, -0.8499999999999999778 ) ) ;
#116 = EDGE_CURVE ( 'NONE', #3114, #443, #1950, .T. ) ;
#117 = ORIENTED_EDGE ( 'NONE', *, *, #1183, .T. ) ;
#118 = FACE_OUTER_BOUND ( 'NONE', #3142, .T. ) ;
#119 = CIRCLE ( 'NONE', #228, 0.09999999999999993616 ) ;
#120 = DIRECTION ( 'NONE',  ( -0.0000000000000000000, -1.000000000000000000, -0.0000000000000000000 ) ) ;
#121 = EDGE_LOOP ( 'NONE', ( #86, #1146, #3125, #2782 ) ) ;
#122 = DIRECTION ( 'NONE',  ( 0.0000000000000000000, 0.0000000000000000000, -1.000000000000000000 ) ) ;
#123 = CIRCLE ( 'NONE', #2114, 0.09999999999999993616 ) ;
#124 = CARTESIAN_POINT ( 'NONE',  ( -9.000000000000001776, -4.500000000000000000, -1.500000000000000000 ) ) ;
#125 = VERTEX_POINT ( 'NONE', #1668 ) ;
#126 = EDGE_CURVE ( 'NONE', #2048, #2658, #2229, .T. ) ;
#127 = DIRECTION ( 'NONE',  ( -0.0000000000000000000, -1.000000000000000000, -0.0000000000000000000 ) ) ;
#128 = VERTEX_POINT ( 'NONE', #2481 ) ;
#129 = CARTESIAN_POINT ( 'NONE',  ( 0.2500000000000001110, 4.500000000000000000, -0.7500000000000000000 ) ) ;
#130 = CARTESIAN_POINT ( 'NONE',  ( -14.25000000000000000, 4.500000000000000000, -0.7500000000000000000 ) ) ;
#131 = ORIENTED_EDGE ( 'NONE', *, *, #2844, .T. ) ;
#132 = CARTESIAN_POINT ( 'NONE',  ( 18.35000000000000142, -4.500000000000000000, -0.8500000000000001998 ) ) ;
#133 = ORIENTED_EDGE ( 'NONE', *, *, #3078, .T. ) ;
#134 = EDGE_CURVE ( 'NONE', #210, #2365, #2224, .T. ) ;
#135 = DIRECTION ( 'NONE',  ( -0.0000000000000000000, -1.000000000000000000, -0.0000000000000000000 ) ) ;
#136 = DIRECTION ( 'NONE',  ( 0.0000000000000000000, 0.0000000000000000000, 1.000000000000000000 ) ) ;
#137 = EDGE_LOOP ( 'NONE', ( #1913, #2355, #1092, #2438 ) ) ;
#138 = DIRECTION ( 'NONE',  ( -0.0000000000000000000, -1.000000000000000000, -0.0000000000000000000 ) ) ;
#139 = DIRECTION ( 'NONE',  ( 0.0000000000000000000, 0.0000000000000000000, 1.000000000000000000 ) ) ;
#140 = ORIENTED_EDGE ( 'NONE', *, *, #2495, .T. ) ;
#141 = DIRECTION ( 'NONE',  ( 0.0000000000000000000, 0.0000000000000000000, 1.000000000000000000 ) ) ;
#142 = ORIENTED_EDGE ( 'NONE', *, *, #2999, .T. ) ;
#143 = DIRECTION ( 'NONE',  ( -0.0000000000000000000, 1.000000000000000000, 0.0000000000000000000 ) ) ;
#144 = DIRECTION ( 'NONE',  ( 0.0000000000000000000, 0.0000000000000000000, -1.000000000000000000 ) ) ;
#145 = VERTEX_POINT ( 'NONE', #1912 ) ;
#146 = DIRECTION ( 'NONE',  ( -1.000000000000000000, 0.0000000000000000000, -4.336808689942015764E-16 ) ) ;
#147 = CIRCLE ( 'NONE', #2923, 0.6500000000000000222 ) ;
#148 = ORIENTED_EDGE ( 'NONE', *, *, #1641, .F. ) ;
#149 = LINE ( 'NONE', #2810, #3066 ) ;
#150 = CIRCLE ( 'NONE', #373, 0.6500000000000000222 ) ;
#151 = CARTESIAN_POINT ( 'NONE',  ( 11.00000000000000000, 4.500000000000000000, -1.500000000000000000 ) ) ;
#152 = EDGE_CURVE ( 'NONE', #3082, #1069, #1558, .T. ) ;
#153 = VECTOR ( 'NONE', #2301, 1000.000000000000000 ) ;
#154 = ORIENTED_EDGE ( 'NONE', *, *, #2254, .F. ) ;
#155 = DIRECTION ( 'NONE',  ( 0.0000000000000000000, 0.0000000000000000000, 1.000000000000000000 ) ) ;
#156 = CARTESIAN_POINT ( 'NONE',  ( -18.35000000000000142, -4.500000000000000000, -0.8500000000000001998 ) ) ;
#157 = ORIENTED_EDGE ( 'NONE', *, *, #134, .F. ) ;
#158 = CIRCLE ( 'NONE', #829, 0.6500000000000000222 ) ;
#159 = DIRECTION ( 'NONE',  ( -0.0000000000000000000, -1.000000000000000000, -0.0000000000000000000 ) ) ;
#160 = EDGE_CURVE ( 'NONE', #1463, #2987, #2674, .T. ) ;
#161 = VECTOR ( 'NONE', #3401, 1000.000000000000000 ) ;
#162 = EDGE_LOOP ( 'NONE', ( #1748, #1167, #596, #3224 ) ) ;
#163 = FACE_OUTER_BOUND ( 'NONE', #1365, .T. ) ;
#164 = AXIS2_PLACEMENT_3D ( 'NONE', #1073, #3208, #2940 ) ;
#165 = ORIENTED_EDGE ( 'NONE', *, *, #820, .T. ) ;
#166 = MECHANICAL_DESIGN_GEOMETRIC_PRESENTATION_REPRESENTATION (  '', ( #2276 ), #2160 ) ;
#167 = DIRECTION ( 'NONE',  ( 0.0000000000000000000, 0.0000000000000000000, 1.000000000000000000 ) ) ;
#168 = VERTEX_POINT ( 'NONE', #404 ) ;
#169 = CARTESIAN_POINT ( 'NONE',  ( -19.00000000000000355, 4.500000000000000000, 0.0000000000000000000 ) ) ;
#170 = DIRECTION ( 'NONE',  ( 1.000000000000000000, 0.0000000000000000000, 4.336808689942015271E-16 ) ) ;
#171 = AXIS2_PLACEMENT_3D ( 'NONE', #1027, #760, #1309 ) ;
#172 = EDGE_LOOP ( 'NONE', ( #2081, #1074, #3393, #83 ) ) ;
#173 = DIRECTION ( 'NONE',  ( -0.0000000000000000000, -1.000000000000000000, -0.0000000000000000000 ) ) ;
#174 = ORIENTED_EDGE ( 'NONE', *, *, #681, .F. ) ;
#175 = CIRCLE ( 'NONE', #788, 0.6500000000000000222 ) ;
#176 = DIRECTION ( 'NONE',  ( 0.0000000000000000000, 0.0000000000000000000, 1.000000000000000000 ) ) ;
#177 = AXIS2_PLACEMENT_3D ( 'NONE', #1720, #2520, #139 ) ;
#178 = ORIENTED_EDGE ( 'NONE', *, *, #3148, .F. ) ;
#179 = EDGE_CURVE ( 'NONE', #1250, #1373, #1726, .T. ) ;
#180 = CARTESIAN_POINT ( 'NONE',  ( 11.00000000000000000, -4.500000000000000000, -0.8500000000000000888 ) ) ;
#181 = ORIENTED_EDGE ( 'NONE', *, *, #31, .T. ) ;
#182 = EDGE_CURVE ( 'NONE', #2482, #2524, #1171, .T. ) ;
#183 = PLANE ( 'NONE',  #1698 ) ;
#184 = ORIENTED_EDGE ( 'NONE', *, *, #2768, .T. ) ;
#185 = CARTESIAN_POINT ( 'NONE',  ( 18.25000000000000355, 4.500000000000000000, -0.8499999999999999778 ) ) ;
#186 = DIRECTION ( 'NONE',  ( 0.0000000000000000000, 0.0000000000000000000, 1.000000000000000000 ) ) ;
#187 = ORIENTED_EDGE ( 'NONE', *, *, #1333, .T. ) ;
#188 = DIRECTION ( 'NONE',  ( -0.0000000000000000000, -1.000000000000000000, -0.0000000000000000000 ) ) ;
#189 = DIRECTION ( 'NONE',  ( -0.0000000000000000000, -1.000000000000000000, -0.0000000000000000000 ) ) ;
#190 = CARTESIAN_POINT ( 'NONE',  ( 6.250000000000000000, 4.500000000000000000, -0.7499999999999998890 ) ) ;
#191 = EDGE_LOOP ( 'NONE', ( #2152, #516, #117, #1189 ) ) ;
#192 = CARTESIAN_POINT ( 'NONE',  ( -7.000000000000000000, 4.500000000000000000, -0.8500000000000000888 ) ) ;
#193 = EDGE_CURVE ( 'NONE', #3234, #3397, #2169, .T. ) ;
#194 = VERTEX_POINT ( 'NONE', #3069 ) ;
#195 = DIRECTION ( 'NONE',  ( -0.0000000000000000000, -1.000000000000000000, -0.0000000000000000000 ) ) ;
#196 = EDGE_CURVE ( 'NONE', #2977, #889, #2569, .T. ) ;
#197 = ORIENTED_EDGE ( 'NONE', *, *, #3143, .T. ) ;
#198 = CARTESIAN_POINT ( 'NONE',  ( -5.000000000000000000, 4.500000000000000000, -0.8500000000000000888 ) ) ;
#199 = DIRECTION ( 'NONE',  ( -0.0000000000000000000, -1.000000000000000000, -0.0000000000000000000 ) ) ;
#200 = VECTOR ( 'NONE', #412, 1000.000000000000000 ) ;
#201 = ORIENTED_EDGE ( 'NONE', *, *, #2665, .F. ) ;
#202 = VECTOR ( 'NONE', #671, 1000.000000000000000 ) ;
#203 = CARTESIAN_POINT ( 'NONE',  ( 5.750000000000000000, 4.500000000000000000, -0.7500000000000000000 ) ) ;
#204 = DIRECTION ( 'NONE',  ( -0.0000000000000000000, -1.000000000000000000, -0.0000000000000000000 ) ) ;
#205 = AXIS2_PLACEMENT_3D ( 'NONE', #1407, #2283, #923 ) ;
#206 = CARTESIAN_POINT ( 'NONE',  ( -18.35000000000000142, 4.500000000000000000, -0.8500000000000001998 ) ) ;
#207 = ORIENTED_EDGE ( 'NONE', *, *, #3086, .T. ) ;
#208 = AXIS2_PLACEMENT_3D ( 'NONE', #1853, #2916, #534 ) ;
#209 = CARTESIAN_POINT ( 'NONE',  ( 9.000000000000001776, 4.500000000000000000, -1.500000000000000000 ) ) ;
#210 = VERTEX_POINT ( 'NONE', #203 ) ;
#211 = VECTOR ( 'NONE', #939, 1000.000000000000000 ) ;
#212 = DIRECTION ( 'NONE',  ( -0.0000000000000000000, 1.000000000000000000, 0.0000000000000000000 ) ) ;
#213 = AXIS2_PLACEMENT_3D ( 'NONE', #855, #14, #1911 ) ;
#214 = VERTEX_POINT ( 'NONE', #438 ) ;
#215 = DIRECTION ( 'NONE',  ( -0.0000000000000000000, -1.000000000000000000, -0.0000000000000000000 ) ) ;
#216 = EDGE_CURVE ( 'NONE', #413, #1200, #1118, .T. ) ;
#217 = DIRECTION ( 'NONE',  ( 0.0000000000000000000, 0.0000000000000000000, 1.000000000000000000 ) ) ;
#218 = ORIENTED_EDGE ( 'NONE', *, *, #8, .F. ) ;
#219 = FACE_OUTER_BOUND ( 'NONE', #2791, .T. ) ;
#220 = AXIS2_PLACEMENT_3D ( 'NONE', #967, #1996, #678 ) ;
#221 = AXIS2_PLACEMENT_3D ( 'NONE', #713, #953, #1767 ) ;
#222 = FACE_OUTER_BOUND ( 'NONE', #2022, .T. ) ;
#223 = DIRECTION ( 'NONE',  ( -4.336808689942015271E-16, 0.0000000000000000000, 1.000000000000000000 ) ) ;
#224 = AXIS2_PLACEMENT_3D ( 'NONE', #3049, #2021, #1512 ) ;
#225 = VERTEX_POINT ( 'NONE', #468 ) ;
#226 = EDGE_CURVE ( 'NONE', #2251, #1854, #2008, .T. ) ;
#227 = LINE ( 'NONE', #2348, #714 ) ;
#228 = AXIS2_PLACEMENT_3D ( 'NONE', #2900, #3188, #533 ) ;
#229 = VECTOR ( 'NONE', #1331, 1000.000000000000000 ) ;
#230 = ORIENTED_EDGE ( 'NONE', *, *, #600, .F. ) ;
#231 = CIRCLE ( 'NONE', #1888, 0.09999999999999993616 ) ;
#232 = CARTESIAN_POINT ( 'NONE',  ( 2.350000000000000089, 4.500000000000000000, -0.8500000000000001998 ) ) ;
#233 = CYLINDRICAL_SURFACE ( 'NONE', #495, 0.09999999999999993616 ) ;
#234 = ORIENTED_EDGE ( 'NONE', *, *, #1002, .F. ) ;
#235 = FACE_OUTER_BOUND ( 'NONE', #3168, .T. ) ;
#236 = LINE ( 'NONE', #3202, #2472 ) ;
#237 = EDGE_CURVE ( 'NONE', #1097, #1824, #940, .T. ) ;
#238 = ORIENTED_EDGE ( 'NONE', *, *, #293, .F. ) ;
#239 = DIRECTION ( 'NONE',  ( 0.0000000000000000000, 0.0000000000000000000, -1.000000000000000000 ) ) ;
#240 = DIRECTION ( 'NONE',  ( -0.0000000000000000000, -1.000000000000000000, -0.0000000000000000000 ) ) ;
#241 = EDGE_CURVE ( 'NONE', #1875, #2406, #2800, .T. ) ;
#242 = ORIENTED_EDGE ( 'NONE', *, *, #2836, .F. ) ;
#243 = CARTESIAN_POINT ( 'NONE',  ( 8.349999999999999645, 4.500000000000000000, -0.8500000000000001998 ) ) ;
#244 = VERTEX_POINT ( 'NONE', #1460 ) ;
#245 = CARTESIAN_POINT ( 'NONE',  ( 6.250000000000000000, 4.500000000000000000, -0.7500000000000000000 ) ) ;
#246 = ORIENTED_EDGE ( 'NONE', *, *, #1687, .F. ) ;
#247 = CARTESIAN_POINT ( 'NONE',  ( 8.250000000000000000, 4.500000000000000000, -0.7500000000000000000 ) ) ;
#248 = CARTESIAN_POINT ( 'NONE',  ( -17.75000000000000355, -4.500000000000000000, -0.7500000000000000000 ) ) ;
#249 = EDGE_LOOP ( 'NONE', ( #2735, #662, #3296, #2212 ) ) ;
#250 = DIRECTION ( 'NONE',  ( -0.0000000000000000000, -1.000000000000000000, -0.0000000000000000000 ) ) ;
#251 = CARTESIAN_POINT ( 'NONE',  ( 15.75000000000000000, 4.500000000000000000, -0.8499999999999999778 ) ) ;
#252 = EDGE_LOOP ( 'NONE', ( #1804, #3272, #2794, #2246 ) ) ;
#253 = CARTESIAN_POINT ( 'NONE',  ( -17.00000000000000000, 4.500000000000000000, -0.8500000000000000888 ) ) ;
#254 = AXIS2_PLACEMENT_3D ( 'NONE', #2861, #3133, #1557 ) ;
#255 = EDGE_CURVE ( 'NONE', #1915, #96, #986, .T. ) ;
#256 = CARTESIAN_POINT ( 'NONE',  ( -7.650000000000000355, 4.500000000000000000, -0.8500000000000001998 ) ) ;
#257 = AXIS2_PLACEMENT_3D ( 'NONE', #374, #1227, #2546 ) ;
#258 = ORIENTED_EDGE ( 'NONE', *, *, #365, .F. ) ;
#259 = DIRECTION ( 'NONE',  ( -0.0000000000000000000, -1.000000000000000000, -0.0000000000000000000 ) ) ;
#260 = EDGE_LOOP ( 'NONE', ( #1549, #2451, #1143, #3386 ) ) ;
#261 = CARTESIAN_POINT ( 'NONE',  ( -9.750000000000000000, 4.500000000000000000, -0.7500000000000000000 ) ) ;
#262 = EDGE_CURVE ( 'NONE', #279, #2251, #1283, .T. ) ;
#263 = AXIS2_PLACEMENT_3D ( 'NONE', #636, #2248, #1483 ) ;
#264 = DIRECTION ( 'NONE',  ( 1.000000000000000000, 0.0000000000000000000, 4.336808689942015271E-16 ) ) ;
#265 = AXIS2_PLACEMENT_3D ( 'NONE', #1914, #2121, #2979 ) ;
#266 = VERTEX_POINT ( 'NONE', #3089 ) ;
#267 = LINE ( 'NONE', #2857, #2421 ) ;
#268 = AXIS2_PLACEMENT_3D ( 'NONE', #2850, #3103, #1248 ) ;
#269 = DIRECTION ( 'NONE',  ( -0.0000000000000000000, -1.000000000000000000, -0.0000000000000000000 ) ) ;
#270 = ORIENTED_EDGE ( 'NONE', *, *, #1982, .F. ) ;
#271 = CARTESIAN_POINT ( 'NONE',  ( -7.650000000000000355, 4.500000000000000000, -0.8500000000000001998 ) ) ;
#272 = EDGE_CURVE ( 'NONE', #102, #1559, #3240, .T. ) ;
#273 = DIRECTION ( 'NONE',  ( 0.0000000000000000000, 0.0000000000000000000, 1.000000000000000000 ) ) ;
#274 = EDGE_LOOP ( 'NONE', ( #3191, #3291, #3111, #2748 ) ) ;
#275 = CARTESIAN_POINT ( 'NONE',  ( 9.000000000000001776, -4.500000000000000000, -1.500000000000000000 ) ) ;
#276 = CARTESIAN_POINT ( 'NONE',  ( 16.25000000000000000, -4.500000000000000000, -0.7500000000000000000 ) ) ;
#277 = VERTEX_POINT ( 'NONE', #1197 ) ;
#278 = FACE_OUTER_BOUND ( 'NONE', #3183, .T. ) ;
#279 = VERTEX_POINT ( 'NONE', #2553 ) ;
#280 = DIRECTION ( 'NONE',  ( -1.000000000000000000, 0.0000000000000000000, -4.336808689942015764E-16 ) ) ;
#281 = DIRECTION ( 'NONE',  ( 0.0000000000000000000, 0.0000000000000000000, 1.000000000000000000 ) ) ;
#282 = AXIS2_PLACEMENT_3D ( 'NONE', #670, #143, #2264 ) ;
#283 = AXIS2_PLACEMENT_3D ( 'NONE', #1230, #1211, #2294 ) ;
#284 = EDGE_CURVE ( 'NONE', #407, #520, #684, .T. ) ;
#285 = ORIENTED_EDGE ( 'NONE', *, *, #759, .T. ) ;
#286 = CIRCLE ( 'NONE', #1279, 0.09999999999999993616 ) ;
#287 = DIRECTION ( 'NONE',  ( -0.0000000000000000000, -1.000000000000000000, -0.0000000000000000000 ) ) ;
#288 = EDGE_CURVE ( 'NONE', #865, #2406, #123, .T. ) ;
#289 = VECTOR ( 'NONE', #188, 1000.000000000000000 ) ;
#290 = VERTEX_POINT ( 'NONE', #156 ) ;
#291 = FACE_OUTER_BOUND ( 'NONE', #2447, .T. ) ;
#292 = DIRECTION ( 'NONE',  ( -1.000000000000000000, 0.0000000000000000000, 0.0000000000000000000 ) ) ;
#293 = EDGE_CURVE ( 'NONE', #105, #786, #1617, .T. ) ;
#294 = ORIENTED_EDGE ( 'NONE', *, *, #2982, .F. ) ;
#295 = FACE_OUTER_BOUND ( 'NONE', #763, .T. ) ;
#296 = DIRECTION ( 'NONE',  ( -0.0000000000000000000, -1.000000000000000000, -0.0000000000000000000 ) ) ;
#297 = VERTEX_POINT ( 'NONE', #3351 ) ;
#298 = DIRECTION ( 'NONE',  ( -0.0000000000000000000, -1.000000000000000000, -0.0000000000000000000 ) ) ;
#299 = ORIENTED_EDGE ( 'NONE', *, *, #2324, .F. ) ;
#300 = CYLINDRICAL_SURFACE ( 'NONE', #2877, 0.6500000000000000222 ) ;
#301 = CARTESIAN_POINT ( 'NONE',  ( 14.34999999999999964, 4.500000000000000000, -0.8500000000000001998 ) ) ;
#302 = VERTEX_POINT ( 'NONE', #1755 ) ;
#303 = CYLINDRICAL_SURFACE ( 'NONE', #1313, 0.6500000000000000222 ) ;
#304 = EDGE_CURVE ( 'NONE', #919, #1359, #2059, .T. ) ;
#305 = DIRECTION ( 'NONE',  ( -0.0000000000000000000, -1.000000000000000000, -0.0000000000000000000 ) ) ;
#306 = CARTESIAN_POINT ( 'NONE',  ( -13.00000000000000178, 4.500000000000000000, -1.500000000000000000 ) ) ;
#307 = DIRECTION ( 'NONE',  ( -4.336808689942015271E-16, 0.0000000000000000000, 1.000000000000000000 ) ) ;
#308 = EDGE_CURVE ( 'NONE', #3101, #290, #958, .T. ) ;
#309 = ORIENTED_EDGE ( 'NONE', *, *, #3006, .T. ) ;
#310 = DIRECTION ( 'NONE',  ( 0.0000000000000000000, 0.0000000000000000000, 1.000000000000000000 ) ) ;
#311 = CARTESIAN_POINT ( 'NONE',  ( -10.25000000000000000, 4.500000000000000000, -0.7500000000000000000 ) ) ;
#312 = ORIENTED_EDGE ( 'NONE', *, *, #3293, .T. ) ;
#313 = CYLINDRICAL_SURFACE ( 'NONE', #2158, 0.6500000000000000222 ) ;
#314 = DIRECTION ( 'NONE',  ( 0.0000000000000000000, 0.0000000000000000000, -1.000000000000000000 ) ) ;
#315 = ORIENTED_EDGE ( 'NONE', *, *, #400, .F. ) ;
#316 =( NAMED_UNIT ( * ) SI_UNIT ( $, .STERADIAN. ) SOLID_ANGLE_UNIT ( ) );
#317 = EDGE_CURVE ( 'NONE', #991, #2808, #2310, .T. ) ;
#318 = CARTESIAN_POINT ( 'NONE',  ( -3.750000000000000000, 4.500000000000000000, -0.7500000000000000000 ) ) ;
#319 = VECTOR ( 'NONE', #341, 1000.000000000000000 ) ;
#320 = ORIENTED_EDGE ( 'NONE', *, *, #356, .F. ) ;
#321 = CIRCLE ( 'NONE', #2759, 0.09999999999999993616 ) ;
#322 = FACE_OUTER_BOUND ( 'NONE', #361, .T. ) ;
#323 = VECTOR ( 'NONE', #503, 1000.000000000000000 ) ;
#324 = CIRCLE ( 'NONE', #3051, 0.09999999999999993616 ) ;
#325 = LINE ( 'NONE', #898, #93 ) ;
#326 = AXIS2_PLACEMENT_3D ( 'NONE', #1142, #99, #2253 ) ;
#327 = ORIENTED_EDGE ( 'NONE', *, *, #182, .T. ) ;
#328 = ADVANCED_FACE ( 'NONE', ( #2849 ), #2882, .F. ) ;
#329 = CARTESIAN_POINT ( 'NONE',  ( -19.00000000000000355, 4.500000000000000000, -1.500000000000000000 ) ) ;
#330 = CIRCLE ( 'NONE', #1993, 0.09999999999999993616 ) ;
#331 = CARTESIAN_POINT ( 'NONE',  ( -2.250000000000000444, 4.500000000000000000, -0.7500000000000000000 ) ) ;
#332 = ORIENTED_EDGE ( 'NONE', *, *, #613, .F. ) ;
#333 = DIRECTION ( 'NONE',  ( 0.0000000000000000000, 0.0000000000000000000, 1.000000000000000000 ) ) ;
#334 = DIRECTION ( 'NONE',  ( -0.0000000000000000000, 1.000000000000000000, 0.0000000000000000000 ) ) ;
#335 = ORIENTED_EDGE ( 'NONE', *, *, #2082, .F. ) ;
#336 = DIRECTION ( 'NONE',  ( -0.0000000000000000000, 1.000000000000000000, 0.0000000000000000000 ) ) ;
#337 = CARTESIAN_POINT ( 'NONE',  ( -17.00000000000000000, 4.500000000000000000, -1.500000000000000000 ) ) ;
#338 = ORIENTED_EDGE ( 'NONE', *, *, #1936, .F. ) ;
#339 = DIRECTION ( 'NONE',  ( -0.0000000000000000000, 1.000000000000000000, 0.0000000000000000000 ) ) ;
#340 = AXIS2_PLACEMENT_3D ( 'NONE', #2162, #334, #1944 ) ;
#341 = DIRECTION ( 'NONE',  ( -0.0000000000000000000, -1.000000000000000000, -0.0000000000000000000 ) ) ;
#342 = AXIS2_PLACEMENT_3D ( 'NONE', #1960, #1434, #379 ) ;
#343 = ORIENTED_EDGE ( 'NONE', *, *, #3095, .T. ) ;
#344 = CARTESIAN_POINT ( 'NONE',  ( -3.750000000000000000, -4.500000000000000000, -0.7500000000000000000 ) ) ;
#345 = CARTESIAN_POINT ( 'NONE',  ( 1.749999999999999778, 4.500000000000000000, -0.8499999999999999778 ) ) ;
#346 = EDGE_CURVE ( 'NONE', #279, #979, #119, .T. ) ;
#347 = ORIENTED_EDGE ( 'NONE', *, *, #2717, .F. ) ;
#348 = CARTESIAN_POINT ( 'NONE',  ( 12.34999999999999964, -4.500000000000000000, -0.8500000000000001998 ) ) ;
#349 = CYLINDRICAL_SURFACE ( 'NONE', #3294, 0.09999999999999993616 ) ;
#350 = ORIENTED_EDGE ( 'NONE', *, *, #1042, .T. ) ;
#351 = CARTESIAN_POINT ( 'NONE',  ( 4.250000000000000000, -4.500000000000000000, -0.7500000000000000000 ) ) ;
#352 = DIRECTION ( 'NONE',  ( 0.0000000000000000000, 0.0000000000000000000, 1.000000000000000000 ) ) ;
#353 = ADVANCED_FACE ( 'NONE', ( #219 ), #3151, .F. ) ;
#354 = ORIENTED_EDGE ( 'NONE', *, *, #2602, .F. ) ;
#355 = FACE_OUTER_BOUND ( 'NONE', #2334, .T. ) ;
#356 = EDGE_CURVE ( 'NONE', #1709, #290, #2506, .T. ) ;
#357 = LINE ( 'NONE', #2143, #2703 ) ;
#358 = ORIENTED_EDGE ( 'NONE', *, *, #3136, .T. ) ;
#359 = DIRECTION ( 'NONE',  ( -1.000000000000000000, 0.0000000000000000000, -4.336808689942015764E-16 ) ) ;
#360 = DIRECTION ( 'NONE',  ( 1.000000000000000000, 0.0000000000000000000, 4.336808689942015271E-16 ) ) ;
#361 = EDGE_LOOP ( 'NONE', ( #1728, #2712, #1472, #2876 ) ) ;
#362 = DIRECTION ( 'NONE',  ( -0.0000000000000000000, 1.000000000000000000, 0.0000000000000000000 ) ) ;
#363 = DIRECTION ( 'NONE',  ( 1.000000000000000000, 0.0000000000000000000, 4.336808689942015271E-16 ) ) ;
#364 = ORIENTED_EDGE ( 'NONE', *, *, #126, .F. ) ;
#365 = EDGE_CURVE ( 'NONE', #1635, #427, #1852, .T. ) ;
#366 = PLANE ( 'NONE',  #1166 ) ;
#367 = DIRECTION ( 'NONE',  ( 0.0000000000000000000, 0.0000000000000000000, -1.000000000000000000 ) ) ;
#368 = ORIENTED_EDGE ( 'NONE', *, *, #1187, .F. ) ;
#369 = EDGE_CURVE ( 'NONE', #145, #3373, #1591, .T. ) ;
#370 = LINE ( 'NONE', #2006, #2284 ) ;
#371 = AXIS2_PLACEMENT_3D ( 'NONE', #2350, #3179, #1552 ) ;
#372 = LINE ( 'NONE', #1465, #3326 ) ;
#373 = AXIS2_PLACEMENT_3D ( 'NONE', #3021, #1169, #2287 ) ;
#374 = CARTESIAN_POINT ( 'NONE',  ( 3.000000000000000000, 4.500000000000000000, -0.8500000000000000888 ) ) ;
#375 = AXIS2_PLACEMENT_3D ( 'NONE', #2136, #3211, #826 ) ;
#376 = ORIENTED_EDGE ( 'NONE', *, *, #2198, .F. ) ;
#377 = VECTOR ( 'NONE', #75, 1000.000000000000000 ) ;
#378 = EDGE_CURVE ( 'NONE', #1408, #1198, #792, .T. ) ;
#379 = DIRECTION ( 'NONE',  ( 0.0000000000000000000, 0.0000000000000000000, 1.000000000000000000 ) ) ;
#380 = CARTESIAN_POINT ( 'NONE',  ( -9.750000000000000000, 4.500000000000000000, -0.8499999999999999778 ) ) ;
#381 = CIRCLE ( 'NONE', #1989, 0.09999999999999993616 ) ;
#382 = VERTEX_POINT ( 'NONE', #1816 ) ;
#383 = CARTESIAN_POINT ( 'NONE',  ( 7.000000000000000000, 4.500000000000000000, -0.8500000000000000888 ) ) ;
#384 = DIRECTION ( 'NONE',  ( -0.0000000000000000000, -1.000000000000000000, -0.0000000000000000000 ) ) ;
#385 = ORIENTED_EDGE ( 'NONE', *, *, #1582, .F. ) ;
#386 = CIRCLE ( 'NONE', #833, 0.6500000000000000222 ) ;
#387 = DIRECTION ( 'NONE',  ( -0.0000000000000000000, -1.000000000000000000, -0.0000000000000000000 ) ) ;
#388 = CIRCLE ( 'NONE', #213, 0.09999999999999993616 ) ;
#389 = ORIENTED_EDGE ( 'NONE', *, *, #346, .T. ) ;
#390 = DIRECTION ( 'NONE',  ( 0.0000000000000000000, 1.000000000000000000, 0.0000000000000000000 ) ) ;
#391 = CARTESIAN_POINT ( 'NONE',  ( 5.000000000000000000, 4.500000000000000000, -1.500000000000000000 ) ) ;
#392 = EDGE_CURVE ( 'NONE', #1521, #2825, #3404, .T. ) ;
#393 = ORIENTED_EDGE ( 'NONE', *, *, #525, .T. ) ;
#394 = AXIS2_PLACEMENT_3D ( 'NONE', #1523, #1508, #1715 ) ;
#395 = CARTESIAN_POINT ( 'NONE',  ( 17.65000000000000213, 4.500000000000000000, -0.8500000000000001998 ) ) ;
#396 = ORIENTED_EDGE ( 'NONE', *, *, #2665, .T. ) ;
#397 = UNCERTAINTY_MEASURE_WITH_UNIT (LENGTH_MEASURE( 1.000000000000000082E-05 ), #4, 'distance_accuracy_value', 'NONE');
#398 = DIRECTION ( 'NONE',  ( 1.000000000000000000, 0.0000000000000000000, 4.336808689942015271E-16 ) ) ;
#399 = DIRECTION ( 'NONE',  ( -0.0000000000000000000, -1.000000000000000000, -0.0000000000000000000 ) ) ;
#400 = EDGE_CURVE ( 'NONE', #1635, #1423, #3012, .T. ) ;
#401 = ORIENTED_EDGE ( 'NONE', *, *, #2575, .T. ) ;
#402 = FACE_OUTER_BOUND ( 'NONE', #3014, .T. ) ;
#403 = AXIS2_PLACEMENT_3D ( 'NONE', #1766, #659, #1470 ) ;
#404 = CARTESIAN_POINT ( 'NONE',  ( -3.750000000000000000, 4.500000000000000000, -0.7500000000000000000 ) ) ;
#405 = ORIENTED_EDGE ( 'NONE', *, *, #1406, .T. ) ;
#406 = CARTESIAN_POINT ( 'NONE',  ( 12.25000000000000000, 4.500000000000000000, -0.8499999999999999778 ) ) ;
#407 = VERTEX_POINT ( 'NONE', #1543 ) ;
#408 = DIRECTION ( 'NONE',  ( 0.0000000000000000000, 0.0000000000000000000, 1.000000000000000000 ) ) ;
#409 = CARTESIAN_POINT ( 'NONE',  ( 13.00000000000000178, -4.500000000000000000, -0.8500000000000000888 ) ) ;
#410 = ORIENTED_EDGE ( 'NONE', *, *, #2305, .T. ) ;
#411 = ADVANCED_FACE ( 'NONE', ( #2936 ), #553, .F. ) ;
#412 = DIRECTION ( 'NONE',  ( -1.000000000000000000, 0.0000000000000000000, -4.336808689942015764E-16 ) ) ;
#413 = VERTEX_POINT ( 'NONE', #275 ) ;
#414 = DIRECTION ( 'NONE',  ( -4.336808689942015271E-16, 0.0000000000000000000, 1.000000000000000000 ) ) ;
#415 = ADVANCED_FACE ( 'NONE', ( #518 ), #3135, .T. ) ;
#416 = DIRECTION ( 'NONE',  ( -0.0000000000000000000, -1.000000000000000000, -0.0000000000000000000 ) ) ;
#417 = EDGE_LOOP ( 'NONE', ( #2388, #961, #2171, #582 ) ) ;
#418 = CYLINDRICAL_SURFACE ( 'NONE', #2271, 0.6500000000000000222 ) ;
#419 = CARTESIAN_POINT ( 'NONE',  ( -5.750000000000000000, 4.500000000000000000, -0.8499999999999999778 ) ) ;
#420 = VERTEX_POINT ( 'NONE', #3169 ) ;
#421 = DIRECTION ( 'NONE',  ( -1.000000000000000000, 0.0000000000000000000, -4.336808689942015764E-16 ) ) ;
#422 = ORIENTED_EDGE ( 'NONE', *, *, #3433, .T. ) ;
#423 = DIRECTION ( 'NONE',  ( 0.0000000000000000000, 0.0000000000000000000, 1.000000000000000000 ) ) ;
#424 = EDGE_CURVE ( 'NONE', #2180, #1811, #3181, .T. ) ;
#425 = CARTESIAN_POINT ( 'NONE',  ( -0.2500000000000001110, 4.500000000000000000, -0.7500000000000000000 ) ) ;
#426 = AXIS2_PLACEMENT_3D ( 'NONE', #1865, #515, #1524 ) ;
#427 = VERTEX_POINT ( 'NONE', #1016 ) ;
#428 = DIRECTION ( 'NONE',  ( 0.0000000000000000000, -0.0000000000000000000, 1.000000000000000000 ) ) ;
#429 = AXIS2_PLACEMENT_3D ( 'NONE', #115, #1173, #965 ) ;
#430 = ORIENTED_EDGE ( 'NONE', *, *, #308, .F. ) ;
#431 = CARTESIAN_POINT ( 'NONE',  ( -16.35000000000000142, -4.500000000000000000, -0.8500000000000001998 ) ) ;
#432 = CARTESIAN_POINT ( 'NONE',  ( -3.750000000000000000, 4.500000000000000000, -0.7499999999999998890 ) ) ;
#433 = FACE_OUTER_BOUND ( 'NONE', #417, .T. ) ;
#434 = ADVANCED_FACE ( 'NONE', ( #3427 ), #2395, .T. ) ;
#435 = CIRCLE ( 'NONE', #3217, 0.09999999999999993616 ) ;
#436 = ORIENTED_EDGE ( 'NONE', *, *, #2642, .T. ) ;
#437 = CARTESIAN_POINT ( 'NONE',  ( 2.250000000000000444, -4.500000000000000000, -0.7500000000000000000 ) ) ;
#438 = CARTESIAN_POINT ( 'NONE',  ( -15.65000000000000036, -4.500000000000000000, -0.8500000000000001998 ) ) ;
#439 = ORIENTED_EDGE ( 'NONE', *, *, #2286, .F. ) ;
#440 = VECTOR ( 'NONE', #2412, 1000.000000000000000 ) ;
#441 = LINE ( 'NONE', #2311, #879 ) ;
#442 = AXIS2_PLACEMENT_3D ( 'NONE', #2886, #3416, #2361 ) ;
#443 = VERTEX_POINT ( 'NONE', #10 ) ;
#444 = CARTESIAN_POINT ( 'NONE',  ( -5.000000000000000000, 4.500000000000000000, -0.8500000000000000888 ) ) ;
#445 = AXIS2_PLACEMENT_3D ( 'NONE', #2132, #869, #2172 ) ;
#446 = EDGE_CURVE ( 'NONE', #1037, #3146, #783, .T. ) ;
#447 = EDGE_LOOP ( 'NONE', ( #995, #467, #2683, #3037 ) ) ;
#448 = DIRECTION ( 'NONE',  ( -0.0000000000000000000, -1.000000000000000000, -0.0000000000000000000 ) ) ;
#449 = ORIENTED_EDGE ( 'NONE', *, *, #1531, .T. ) ;
#450 = FACE_OUTER_BOUND ( 'NONE', #1329, .T. ) ;
#451 = FACE_OUTER_BOUND ( 'NONE', #1035, .T. ) ;
#452 = ORIENTED_EDGE ( 'NONE', *, *, #1422, .F. ) ;
#453 = DIRECTION ( 'NONE',  ( -1.000000000000000000, 0.0000000000000000000, -4.336808689942015764E-16 ) ) ;
#454 = ADVANCED_FACE ( 'NONE', ( #295 ), #1032, .F. ) ;
#455 = CARTESIAN_POINT ( 'NONE',  ( 15.65000000000000036, 4.500000000000000000, -0.8500000000000001998 ) ) ;
#456 = AXIS2_PLACEMENT_3D ( 'NONE', #2113, #800, #2497 ) ;
#457 = CARTESIAN_POINT ( 'NONE',  ( 3.000000000000000000, 4.500000000000000000, -0.8500000000000000888 ) ) ;
#458 = ORIENTED_EDGE ( 'NONE', *, *, #2555, .F. ) ;
#459 = EDGE_CURVE ( 'NONE', #2980, #2119, #679, .T. ) ;
#460 = CARTESIAN_POINT ( 'NONE',  ( 9.650000000000000355, 4.500000000000000000, -0.8500000000000001998 ) ) ;
#461 = ORIENTED_EDGE ( 'NONE', *, *, #815, .F. ) ;
#462 = DIRECTION ( 'NONE',  ( -0.0000000000000000000, -1.000000000000000000, -0.0000000000000000000 ) ) ;
#463 = ORIENTED_EDGE ( 'NONE', *, *, #1628, .T. ) ;
#464 = PLANE ( 'NONE',  #2725 ) ;
#465 = EDGE_CURVE ( 'NONE', #3234, #279, #47, .T. ) ;
#466 = CARTESIAN_POINT ( 'NONE',  ( 8.250000000000000000, -4.500000000000000000, -0.7500000000000000000 ) ) ;
#467 = ORIENTED_EDGE ( 'NONE', *, *, #3375, .F. ) ;
#468 = CARTESIAN_POINT ( 'NONE',  ( 0.2500000000000001110, -4.500000000000000000, -0.7500000000000000000 ) ) ;
#469 = CARTESIAN_POINT ( 'NONE',  ( 9.750000000000000000, 4.500000000000000000, -0.7500000000000000000 ) ) ;
#470 = DIRECTION ( 'NONE',  ( -0.0000000000000000000, -1.000000000000000000, -0.0000000000000000000 ) ) ;
#471 = VERTEX_POINT ( 'NONE', #587 ) ;
#472 = DIRECTION ( 'NONE',  ( -0.0000000000000000000, -1.000000000000000000, -0.0000000000000000000 ) ) ;
#473 = ADVANCED_FACE ( 'NONE', ( #1086 ), #2758, .F. ) ;
#474 = ORIENTED_EDGE ( 'NONE', *, *, #2755, .T. ) ;
#475 = DIRECTION ( 'NONE',  ( 0.0000000000000000000, 0.0000000000000000000, 1.000000000000000000 ) ) ;
#476 = ORIENTED_EDGE ( 'NONE', *, *, #672, .T. ) ;
#477 = DIRECTION ( 'NONE',  ( -0.0000000000000000000, -1.000000000000000000, -0.0000000000000000000 ) ) ;
#478 = DIRECTION ( 'NONE',  ( 0.0000000000000000000, 0.0000000000000000000, 1.000000000000000000 ) ) ;
#479 = VECTOR ( 'NONE', #448, 1000.000000000000000 ) ;
#480 = ADVANCED_FACE ( 'NONE', ( #1399 ), #1908, .F. ) ;
#481 = ORIENTED_EDGE ( 'NONE', *, *, #535, .T. ) ;
#482 = VECTOR ( 'NONE', #962, 1000.000000000000000 ) ;
#483 = DIRECTION ( 'NONE',  ( 0.0000000000000000000, 0.0000000000000000000, 1.000000000000000000 ) ) ;
#484 = CARTESIAN_POINT ( 'NONE',  ( -10.34999999999999964, -4.500000000000000000, -0.8500000000000001998 ) ) ;
#485 = AXIS2_PLACEMENT_3D ( 'NONE', #2039, #1290, #741 ) ;
#486 = FACE_OUTER_BOUND ( 'NONE', #3231, .T. ) ;
#487 = VERTEX_POINT ( 'NONE', #344 ) ;
#488 = AXIS2_PLACEMENT_3D ( 'NONE', #1054, #2115, #3190 ) ;
#489 = PLANE ( 'NONE',  #2928 ) ;
#490 = AXIS2_PLACEMENT_3D ( 'NONE', #523, #336, #1842 ) ;
#491 = ORIENTED_EDGE ( 'NONE', *, *, #2646, .F. ) ;
#492 = CIRCLE ( 'NONE', #724, 0.09999999999999993616 ) ;
#493 = DIRECTION ( 'NONE',  ( 0.0000000000000000000, 1.000000000000000000, 0.0000000000000000000 ) ) ;
#494 = EDGE_CURVE ( 'NONE', #1504, #2365, #2220, .T. ) ;
#495 = AXIS2_PLACEMENT_3D ( 'NONE', #3367, #2073, #3145 ) ;
#496 = ORIENTED_EDGE ( 'NONE', *, *, #2559, .F. ) ;
#497 = CARTESIAN_POINT ( 'NONE',  ( -0.3500000000000000333, -4.500000000000000000, -0.8500000000000001998 ) ) ;
#498 = CARTESIAN_POINT ( 'NONE',  ( 3.649999999999999911, 4.500000000000000000, -0.8500000000000001998 ) ) ;
#499 = VERTEX_POINT ( 'NONE', #1383 ) ;
#500 = DIRECTION ( 'NONE',  ( -0.0000000000000000000, -1.000000000000000000, -0.0000000000000000000 ) ) ;
#501 = AXIS2_PLACEMENT_3D ( 'NONE', #2231, #635, #3075 ) ;
#502 = EDGE_CURVE ( 'NONE', #943, #1684, #2693, .T. ) ;
#503 = DIRECTION ( 'NONE',  ( -0.0000000000000000000, -1.000000000000000000, -0.0000000000000000000 ) ) ;
#504 = FACE_OUTER_BOUND ( 'NONE', #2381, .T. ) ;
#505 = AXIS2_PLACEMENT_3D ( 'NONE', #1526, #3399, #664 ) ;
#506 = ORIENTED_EDGE ( 'NONE', *, *, #2572, .T. ) ;
#507 = FACE_OUTER_BOUND ( 'NONE', #3281, .T. ) ;
#508 = CIRCLE ( 'NONE', #2449, 0.09999999999999993616 ) ;
#509 = ORIENTED_EDGE ( 'NONE', *, *, #1474, .T. ) ;
#510 = DIRECTION ( 'NONE',  ( 0.0000000000000000000, 0.0000000000000000000, -1.000000000000000000 ) ) ;
#511 = SURFACE_STYLE_USAGE ( .BOTH. , #2552 ) ;
#512 = ORIENTED_EDGE ( 'NONE', *, *, #2913, .T. ) ;
#513 = ADVANCED_FACE ( 'NONE', ( #837 ), #1890, .F. ) ;
#514 = LINE ( 'NONE', #1571, #3076 ) ;
#515 = DIRECTION ( 'NONE',  ( -0.0000000000000000000, -1.000000000000000000, -0.0000000000000000000 ) ) ;
#516 = ORIENTED_EDGE ( 'NONE', *, *, #2305, .F. ) ;
#517 = EDGE_CURVE ( 'NONE', #1289, #3447, #2428, .T. ) ;
#518 = FACE_OUTER_BOUND ( 'NONE', #2503, .T. ) ;
#519 = DIRECTION ( 'NONE',  ( 0.0000000000000000000, 0.0000000000000000000, 1.000000000000000000 ) ) ;
#520 = VERTEX_POINT ( 'NONE', #1412 ) ;
#521 = CARTESIAN_POINT ( 'NONE',  ( -1.000000000000000000, 4.500000000000000000, -0.8500000000000000888 ) ) ;
#522 = EDGE_LOOP ( 'NONE', ( #476, #2167, #2054, #2777 ) ) ;
#523 = CARTESIAN_POINT ( 'NONE',  ( 11.75000000000000000, 4.500000000000000000, -0.8499999999999999778 ) ) ;
#524 = LINE ( 'NONE', #3418, #821 ) ;
#525 = EDGE_CURVE ( 'NONE', #3234, #1418, #2232, .T. ) ;
#526 = ORIENTED_EDGE ( 'NONE', *, *, #1021, .F. ) ;
#527 = FACE_OUTER_BOUND ( 'NONE', #693, .T. ) ;
#528 = CARTESIAN_POINT ( 'NONE',  ( 5.000000000000000000, 4.500000000000000000, -0.8500000000000000888 ) ) ;
#529 = VERTEX_POINT ( 'NONE', #3242 ) ;
#530 = CARTESIAN_POINT ( 'NONE',  ( -6.349999999999999645, 4.500000000000000000, -0.8500000000000001998 ) ) ;
#531 = CYLINDRICAL_SURFACE ( 'NONE', #426, 0.09999999999999993616 ) ;
#532 = VERTEX_POINT ( 'NONE', #1630 ) ;
#533 = DIRECTION ( 'NONE',  ( 0.0000000000000000000, 0.0000000000000000000, 1.000000000000000000 ) ) ;
#534 = DIRECTION ( 'NONE',  ( 0.0000000000000000000, 0.0000000000000000000, 1.000000000000000000 ) ) ;
#535 = EDGE_CURVE ( 'NONE', #974, #3241, #2011, .T. ) ;
#536 = VECTOR ( 'NONE', #3440, 1000.000000000000000 ) ;
#537 = ORIENTED_EDGE ( 'NONE', *, *, #2615, .T. ) ;
#538 = LINE ( 'NONE', #3192, #1712 ) ;
#539 = VERTEX_POINT ( 'NONE', #1366 ) ;
#540 = FACE_OUTER_BOUND ( 'NONE', #137, .T. ) ;
#541 = CIRCLE ( 'NONE', #263, 0.6500000000000000222 ) ;
#542 = LINE ( 'NONE', #1358, #3046 ) ;
#543 = VECTOR ( 'NONE', #387, 1000.000000000000000 ) ;
#544 = VERTEX_POINT ( 'NONE', #98 ) ;
#545 = CARTESIAN_POINT ( 'NONE',  ( -16.25000000000000000, -4.500000000000000000, -0.7500000000000000000 ) ) ;
#546 = VECTOR ( 'NONE', #2818, 1000.000000000000000 ) ;
#547 = ORIENTED_EDGE ( 'NONE', *, *, #2856, .F. ) ;
#548 = AXIS2_PLACEMENT_3D ( 'NONE', #1877, #580, #2943 ) ;
#549 = FACE_OUTER_BOUND ( 'NONE', #1302, .T. ) ;
#550 = LINE ( 'NONE', #2723, #1253 ) ;
#551 = CIRCLE ( 'NONE', #1271, 0.09999999999999993616 ) ;
#552 = VERTEX_POINT ( 'NONE', #852 ) ;
#553 = CYLINDRICAL_SURFACE ( 'NONE', #1510, 0.09999999999999993616 ) ;
#554 = DIRECTION ( 'NONE',  ( 0.0000000000000000000, 0.0000000000000000000, 1.000000000000000000 ) ) ;
#555 = VERTEX_POINT ( 'NONE', #329 ) ;
#556 = LINE ( 'NONE', #1666, #3392 ) ;
#557 = ORIENTED_EDGE ( 'NONE', *, *, #262, .F. ) ;
#558 = EDGE_CURVE ( 'NONE', #1854, #520, #508, .T. ) ;
#559 = DIRECTION ( 'NONE',  ( 0.0000000000000000000, 0.0000000000000000000, 1.000000000000000000 ) ) ;
#560 = DIRECTION ( 'NONE',  ( -0.0000000000000000000, -1.000000000000000000, -0.0000000000000000000 ) ) ;
#561 = VECTOR ( 'NONE', #41, 1000.000000000000000 ) ;
#562 = ORIENTED_EDGE ( 'NONE', *, *, #1177, .F. ) ;
#563 = EDGE_CURVE ( 'NONE', #1589, #266, #2185, .T. ) ;
#564 = AXIS2_PLACEMENT_3D ( 'NONE', #2621, #26, #2863 ) ;
#565 = DIRECTION ( 'NONE',  ( 0.0000000000000000000, 0.0000000000000000000, 1.000000000000000000 ) ) ;
#566 = CIRCLE ( 'NONE', #1114, 0.09999999999999993616 ) ;
#567 = DIRECTION ( 'NONE',  ( 0.0000000000000000000, 1.000000000000000000, 0.0000000000000000000 ) ) ;
#568 = ORIENTED_EDGE ( 'NONE', *, *, #2512, .F. ) ;
#569 = VECTOR ( 'NONE', #3166, 1000.000000000000000 ) ;
#570 = DIRECTION ( 'NONE',  ( 0.0000000000000000000, 0.0000000000000000000, -1.000000000000000000 ) ) ;
#571 = PLANE ( 'NONE',  #2086 ) ;
#572 = ORIENTED_EDGE ( 'NONE', *, *, #2102, .T. ) ;
#573 = EDGE_CURVE ( 'NONE', #1511, #1906, #3354, .T. ) ;
#574 = DIRECTION ( 'NONE',  ( -4.336808689942015271E-16, 0.0000000000000000000, 1.000000000000000000 ) ) ;
#575 = DIRECTION ( 'NONE',  ( 0.0000000000000000000, 1.000000000000000000, 0.0000000000000000000 ) ) ;
#576 = ORIENTED_EDGE ( 'NONE', *, *, #3439, .F. ) ;
#577 = DIRECTION ( 'NONE',  ( -0.0000000000000000000, -1.000000000000000000, -0.0000000000000000000 ) ) ;
#578 = CARTESIAN_POINT ( 'NONE',  ( 4.250000000000000000, 4.500000000000000000, -0.8499999999999999778 ) ) ;
#579 = ORIENTED_EDGE ( 'NONE', *, *, #2245, .F. ) ;
#580 = DIRECTION ( 'NONE',  ( -0.0000000000000000000, -1.000000000000000000, -0.0000000000000000000 ) ) ;
#581 = CARTESIAN_POINT ( 'NONE',  ( 15.75000000000000000, 4.500000000000000000, -0.7500000000000000000 ) ) ;
#582 = ORIENTED_EDGE ( 'NONE', *, *, #3117, .F. ) ;
#583 = FACE_OUTER_BOUND ( 'NONE', #2649, .T. ) ;
#584 = ADVANCED_FACE ( 'NONE', ( #2989 ), #605, .T. ) ;
#585 = FACE_OUTER_BOUND ( 'NONE', #172, .T. ) ;
#586 = ORIENTED_EDGE ( 'NONE', *, *, #820, .F. ) ;
#587 = CARTESIAN_POINT ( 'NONE',  ( 10.25000000000000000, 4.500000000000000000, -0.7500000000000000000 ) ) ;
#588 = DIRECTION ( 'NONE',  ( -0.0000000000000000000, -1.000000000000000000, -0.0000000000000000000 ) ) ;
#589 = VERTEX_POINT ( 'NONE', #1141 ) ;
#590 = CARTESIAN_POINT ( 'NONE',  ( 3.000000000000000000, 4.500000000000000000, -0.8500000000000000888 ) ) ;
#591 = DIRECTION ( 'NONE',  ( -0.0000000000000000000, 1.000000000000000000, 0.0000000000000000000 ) ) ;
#592 = ORIENTED_EDGE ( 'NONE', *, *, #226, .T. ) ;
#593 = DIRECTION ( 'NONE',  ( 0.0000000000000000000, 0.0000000000000000000, -1.000000000000000000 ) ) ;
#594 = DIRECTION ( 'NONE',  ( -0.0000000000000000000, -1.000000000000000000, -0.0000000000000000000 ) ) ;
#595 = AXIS2_PLACEMENT_3D ( 'NONE', #2269, #3374, #2827 ) ;
#596 = ORIENTED_EDGE ( 'NONE', *, *, #2924, .F. ) ;
#597 = VECTOR ( 'NONE', #91, 1000.000000000000000 ) ;
#598 = FACE_OUTER_BOUND ( 'NONE', #2803, .T. ) ;
#599 = CIRCLE ( 'NONE', #3273, 0.6500000000000000222 ) ;
#600 = EDGE_CURVE ( 'NONE', #2180, #589, #625, .T. ) ;
#601 = AXIS2_PLACEMENT_3D ( 'NONE', #2170, #575, #1315 ) ;
#602 = PLANE ( 'NONE',  #2535 ) ;
#603 = AXIS2_PLACEMENT_3D ( 'NONE', #2531, #3275, #1212 ) ;
#604 = ORIENTED_EDGE ( 'NONE', *, *, #692, .T. ) ;
#605 = CYLINDRICAL_SURFACE ( 'NONE', #1621, 0.6500000000000000222 ) ;
#606 = EDGE_CURVE ( 'NONE', #1559, #3050, #231, .T. ) ;
#607 = AXIS2_PLACEMENT_3D ( 'NONE', #2020, #1415, #2746 ) ;
#608 = CARTESIAN_POINT ( 'NONE',  ( 9.000000000000001776, -4.500000000000000000, -0.8500000000000000888 ) ) ;
#609 = ORIENTED_EDGE ( 'NONE', *, *, #721, .T. ) ;
#610 = DIRECTION ( 'NONE',  ( 1.000000000000000000, 0.0000000000000000000, 4.336808689942015271E-16 ) ) ;
#611 = CYLINDRICAL_SURFACE ( 'NONE', #1057, 0.09999999999999993616 ) ;
#612 = EDGE_LOOP ( 'NONE', ( #1295, #2801, #368, #9 ) ) ;
#613 = EDGE_CURVE ( 'NONE', #1463, #487, #2509, .T. ) ;
#614 = CARTESIAN_POINT ( 'NONE',  ( 14.25000000000000000, 4.500000000000000000, -0.7500000000000000000 ) ) ;
#615 = CYLINDRICAL_SURFACE ( 'NONE', #1594, 0.09999999999999993616 ) ;
#616 = VERTEX_POINT ( 'NONE', #431 ) ;
#617 = DIRECTION ( 'NONE',  ( -0.0000000000000000000, -1.000000000000000000, -0.0000000000000000000 ) ) ;
#618 = CIRCLE ( 'NONE', #1122, 0.09999999999999993616 ) ;
#619 = AXIS2_PLACEMENT_3D ( 'NONE', #2550, #2208, #1491 ) ;
#620 = VECTOR ( 'NONE', #2433, 1000.000000000000000 ) ;
#621 = CARTESIAN_POINT ( 'NONE',  ( -1.000000000000000000, 4.500000000000000000, -1.500000000000000000 ) ) ;
#622 = AXIS2_PLACEMENT_3D ( 'NONE', #253, #3413, #3448 ) ;
#623 = ADVANCED_FACE ( 'NONE', ( #450 ), #464, .F. ) ;
#624 = ORIENTED_EDGE ( 'NONE', *, *, #2924, .T. ) ;
#625 = LINE ( 'NONE', #3274, #3129 ) ;
#626 = DIRECTION ( 'NONE',  ( 0.0000000000000000000, 0.0000000000000000000, 1.000000000000000000 ) ) ;
#627 = EDGE_CURVE ( 'NONE', #2204, #1824, #1390, .T. ) ;
#628 = ORIENTED_EDGE ( 'NONE', *, *, #1291, .T. ) ;
#629 = DIRECTION ( 'NONE',  ( 0.0000000000000000000, 0.0000000000000000000, -1.000000000000000000 ) ) ;
#630 = DIRECTION ( 'NONE',  ( 0.0000000000000000000, 0.0000000000000000000, -1.000000000000000000 ) ) ;
#631 = ORIENTED_EDGE ( 'NONE', *, *, #2387, .F. ) ;
#632 = FACE_OUTER_BOUND ( 'NONE', #3209, .T. ) ;
#633 = DIRECTION ( 'NONE',  ( -0.0000000000000000000, -1.000000000000000000, -0.0000000000000000000 ) ) ;
#634 = ORIENTED_EDGE ( 'NONE', *, *, #1810, .F. ) ;
#635 = DIRECTION ( 'NONE',  ( -0.0000000000000000000, -1.000000000000000000, -0.0000000000000000000 ) ) ;
#636 = CARTESIAN_POINT ( 'NONE',  ( -13.00000000000000178, 4.500000000000000000, -0.8500000000000000888 ) ) ;
#637 = ADVANCED_FACE ( 'NONE', ( #3083 ), #1176, .F. ) ;
#638 = LINE ( 'NONE', #1747, #1202 ) ;
#639 = VERTEX_POINT ( 'NONE', #1192 ) ;
#640 = DIRECTION ( 'NONE',  ( -0.0000000000000000000, -1.000000000000000000, -0.0000000000000000000 ) ) ;
#641 = DIRECTION ( 'NONE',  ( -0.0000000000000000000, -1.000000000000000000, -0.0000000000000000000 ) ) ;
#642 = ORIENTED_EDGE ( 'NONE', *, *, #1076, .T. ) ;
#643 = DIRECTION ( 'NONE',  ( 0.0000000000000000000, 0.0000000000000000000, -1.000000000000000000 ) ) ;
#644 = CARTESIAN_POINT ( 'NONE',  ( -19.00000000000000355, 4.500000000000000000, 0.0000000000000000000 ) ) ;
#645 = VERTEX_POINT ( 'NONE', #2252 ) ;
#646 = ADVANCED_FACE ( 'NONE', ( #1229 ), #2778, .F. ) ;
#647 = CARTESIAN_POINT ( 'NONE',  ( 5.750000000000000000, -4.500000000000000000, -0.7500000000000000000 ) ) ;
#648 = ORIENTED_EDGE ( 'NONE', *, *, #2409, .F. ) ;
#649 = CARTESIAN_POINT ( 'NONE',  ( 9.000000000000001776, 4.500000000000000000, -0.8500000000000000888 ) ) ;
#650 = EDGE_CURVE ( 'NONE', #3447, #2643, #3311, .T. ) ;
#651 = VECTOR ( 'NONE', #707, 1000.000000000000000 ) ;
#652 = DIRECTION ( 'NONE',  ( -0.0000000000000000000, -1.000000000000000000, -0.0000000000000000000 ) ) ;
#653 = VECTOR ( 'NONE', #1744, 1000.000000000000000 ) ;
#654 = ORIENTED_EDGE ( 'NONE', *, *, #881, .T. ) ;
#655 = CARTESIAN_POINT ( 'NONE',  ( 19.00000000000000355, 4.500000000000000000, 0.0000000000000000000 ) ) ;
#656 = VECTOR ( 'NONE', #1420, 1000.000000000000000 ) ;
#657 = ORIENTED_EDGE ( 'NONE', *, *, #3204, .F. ) ;
#658 = CIRCLE ( 'NONE', #2595, 0.09999999999999993616 ) ;
#659 = DIRECTION ( 'NONE',  ( -0.0000000000000000000, -1.000000000000000000, -0.0000000000000000000 ) ) ;
#660 = CARTESIAN_POINT ( 'NONE',  ( -13.75000000000000000, -4.500000000000000000, -0.7500000000000000000 ) ) ;
#661 = AXIS2_PLACEMENT_3D ( 'NONE', #1752, #3347, #955 ) ;
#662 = ORIENTED_EDGE ( 'NONE', *, *, #3006, .F. ) ;
#663 = DIRECTION ( 'NONE',  ( -0.0000000000000000000, -1.000000000000000000, -0.0000000000000000000 ) ) ;
#664 = DIRECTION ( 'NONE',  ( 0.0000000000000000000, 0.0000000000000000000, 1.000000000000000000 ) ) ;
#665 = ORIENTED_EDGE ( 'NONE', *, *, #2676, .F. ) ;
#666 = CIRCLE ( 'NONE', #2437, 0.09999999999999993616 ) ;
#667 = LINE ( 'NONE', #2786, #656 ) ;
#668 = ADVANCED_FACE ( 'NONE', ( #2530 ), #2293, .T. ) ;
#669 = ORIENTED_EDGE ( 'NONE', *, *, #992, .F. ) ;
#670 = CARTESIAN_POINT ( 'NONE',  ( -10.25000000000000000, 4.500000000000000000, -0.8499999999999999778 ) ) ;
#671 = DIRECTION ( 'NONE',  ( -0.0000000000000000000, -1.000000000000000000, -0.0000000000000000000 ) ) ;
#672 = EDGE_CURVE ( 'NONE', #1502, #1574, #1225, .T. ) ;
#673 = ORIENTED_EDGE ( 'NONE', *, *, #1968, .T. ) ;
#674 = VECTOR ( 'NONE', #2238, 1000.000000000000000 ) ;
#675 = CARTESIAN_POINT ( 'NONE',  ( -7.750000000000000000, -4.500000000000000000, -0.7499999999999998890 ) ) ;
#676 = AXIS2_PLACEMENT_3D ( 'NONE', #419, #2536, #2001 ) ;
#677 = VERTEX_POINT ( 'NONE', #1455 ) ;
#678 = DIRECTION ( 'NONE',  ( 0.0000000000000000000, 0.0000000000000000000, 1.000000000000000000 ) ) ;
#679 = CIRCLE ( 'NONE', #456, 0.09999999999999993616 ) ;
#680 = DIRECTION ( 'NONE',  ( 0.0000000000000000000, 0.0000000000000000000, 1.000000000000000000 ) ) ;
#681 = EDGE_CURVE ( 'NONE', #3362, #194, #2333, .T. ) ;
#682 = ORIENTED_EDGE ( 'NONE', *, *, #1897, .T. ) ;
#683 = CARTESIAN_POINT ( 'NONE',  ( -18.25000000000000355, -4.500000000000000000, -0.8499999999999999778 ) ) ;
#684 = LINE ( 'NONE', #1233, #2733 ) ;
#685 = ORIENTED_EDGE ( 'NONE', *, *, #2642, .F. ) ;
#686 = CARTESIAN_POINT ( 'NONE',  ( -5.750000000000000000, 4.500000000000000000, -0.8499999999999999778 ) ) ;
#687 = ORIENTED_EDGE ( 'NONE', *, *, #2626, .T. ) ;
#688 = CARTESIAN_POINT ( 'NONE',  ( 13.65000000000000036, -4.500000000000000000, -0.8500000000000001998 ) ) ;
#689 = DIRECTION ( 'NONE',  ( 0.0000000000000000000, 0.0000000000000000000, 1.000000000000000000 ) ) ;
#690 = ORIENTED_EDGE ( 'NONE', *, *, #284, .F. ) ;
#691 = CARTESIAN_POINT ( 'NONE',  ( 18.25000000000000355, 4.500000000000000000, -0.7500000000000000000 ) ) ;
#692 = EDGE_CURVE ( 'NONE', #1952, #297, #1453, .T. ) ;
#693 = EDGE_LOOP ( 'NONE', ( #2461, #347, #410, #312 ) ) ;
#694 = LINE ( 'NONE', #1749, #674 ) ;
#695 = LINE ( 'NONE', #2452, #3290 ) ;
#696 = ADVANCED_FACE ( 'NONE', ( #118 ), #1210, .F. ) ;
#697 = CYLINDRICAL_SURFACE ( 'NONE', #661, 0.6500000000000000222 ) ;
#698 = EDGE_LOOP ( 'NONE', ( #28, #1495, #3360, #1485 ) ) ;
#699 = FACE_OUTER_BOUND ( 'NONE', #3005, .T. ) ;
#700 = CARTESIAN_POINT ( 'NONE',  ( -18.35000000000000142, 4.500000000000000000, -0.8500000000000001998 ) ) ;
#701 = VERTEX_POINT ( 'NONE', #2045 ) ;
#702 = CARTESIAN_POINT ( 'NONE',  ( -11.00000000000000000, 4.500000000000000000, -0.8500000000000000888 ) ) ;
#703 = ORIENTED_EDGE ( 'NONE', *, *, #1501, .F. ) ;
#704 = FACE_OUTER_BOUND ( 'NONE', #121, .T. ) ;
#705 = VECTOR ( 'NONE', #2984, 1000.000000000000000 ) ;
#706 = ORIENTED_EDGE ( 'NONE', *, *, #2085, .F. ) ;
#707 = DIRECTION ( 'NONE',  ( -1.000000000000000000, 0.0000000000000000000, -4.336808689942015764E-16 ) ) ;
#708 = CIRCLE ( 'NONE', #1029, 0.6500000000000000222 ) ;
#709 = ORIENTED_EDGE ( 'NONE', *, *, #502, .F. ) ;
#710 = EDGE_CURVE ( 'NONE', #105, #2204, #694, .T. ) ;
#711 = DIRECTION ( 'NONE',  ( -0.0000000000000000000, -1.000000000000000000, -0.0000000000000000000 ) ) ;
#712 = CIRCLE ( 'NONE', #1984, 0.09999999999999993616 ) ;
#713 = CARTESIAN_POINT ( 'NONE',  ( -7.000000000000000000, -4.500000000000000000, -0.8500000000000000888 ) ) ;
#714 = VECTOR ( 'NONE', #1530, 1000.000000000000000 ) ;
#715 = ORIENTED_EDGE ( 'NONE', *, *, #918, .F. ) ;
#716 = EDGE_CURVE ( 'NONE', #1906, #3050, #149, .T. ) ;
#717 = DIRECTION ( 'NONE',  ( 0.0000000000000000000, 0.0000000000000000000, 1.000000000000000000 ) ) ;
#718 = VECTOR ( 'NONE', #819, 1000.000000000000000 ) ;
#719 = CARTESIAN_POINT ( 'NONE',  ( 8.250000000000000000, 4.500000000000000000, -0.8499999999999999778 ) ) ;
#720 = FACE_OUTER_BOUND ( 'NONE', #2548, .T. ) ;
#721 = EDGE_CURVE ( 'NONE', #194, #1237, #3064, .T. ) ;
#722 = ORIENTED_EDGE ( 'NONE', *, *, #134, .T. ) ;
#723 = CARTESIAN_POINT ( 'NONE',  ( 16.25000000000000000, 4.500000000000000000, -0.7500000000000000000 ) ) ;
#724 = AXIS2_PLACEMENT_3D ( 'NONE', #2205, #663, #2256 ) ;
#725 = ADVANCED_FACE ( 'NONE', ( #2830 ), #2307, .F. ) ;
#726 = ORIENTED_EDGE ( 'NONE', *, *, #2875, .T. ) ;
#727 = CARTESIAN_POINT ( 'NONE',  ( 1.000000000000000000, 4.500000000000000000, -0.8500000000000000888 ) ) ;
#728 = VERTEX_POINT ( 'NONE', #2796 ) ;
#729 = CARTESIAN_POINT ( 'NONE',  ( -1.749999999999999778, 4.500000000000000000, -0.8499999999999999778 ) ) ;
#730 = CARTESIAN_POINT ( 'NONE',  ( 5.750000000000000000, 4.500000000000000000, -0.8499999999999999778 ) ) ;
#731 = CIRCLE ( 'NONE', #1780, 0.6500000000000000222 ) ;
#732 = CIRCLE ( 'NONE', #3120, 0.6500000000000000222 ) ;
#733 = ORIENTED_EDGE ( 'NONE', *, *, #193, .F. ) ;
#734 = CARTESIAN_POINT ( 'NONE',  ( 18.25000000000000355, -4.500000000000000000, -0.7499999999999998890 ) ) ;
#735 = CIRCLE ( 'NONE', #2954, 0.09999999999999993616 ) ;
#736 = DIRECTION ( 'NONE',  ( 1.000000000000000000, 0.0000000000000000000, 4.336808689942015271E-16 ) ) ;
#737 = ADVANCED_FACE ( 'NONE', ( #549 ), #2878, .T. ) ;
#738 = VECTOR ( 'NONE', #640, 1000.000000000000000 ) ;
#739 = DIRECTION ( 'NONE',  ( 0.0000000000000000000, 0.0000000000000000000, 1.000000000000000000 ) ) ;
#740 = ORIENTED_EDGE ( 'NONE', *, *, #424, .T. ) ;
#741 = DIRECTION ( 'NONE',  ( 0.0000000000000000000, 0.0000000000000000000, 1.000000000000000000 ) ) ;
#742 = ORIENTED_EDGE ( 'NONE', *, *, #2474, .F. ) ;
#743 = CARTESIAN_POINT ( 'NONE',  ( 9.750000000000000000, -4.500000000000000000, -0.8499999999999999778 ) ) ;
#744 = ORIENTED_EDGE ( 'NONE', *, *, #2004, .F. ) ;
#745 = DIRECTION ( 'NONE',  ( 0.0000000000000000000, 0.0000000000000000000, 1.000000000000000000 ) ) ;
#746 = DIRECTION ( 'NONE',  ( -0.0000000000000000000, -1.000000000000000000, -0.0000000000000000000 ) ) ;
#747 = VERTEX_POINT ( 'NONE', #3165 ) ;
#748 = DIRECTION ( 'NONE',  ( -0.0000000000000000000, -1.000000000000000000, -0.0000000000000000000 ) ) ;
#749 = DIRECTION ( 'NONE',  ( -0.0000000000000000000, -1.000000000000000000, -0.0000000000000000000 ) ) ;
#750 = FACE_OUTER_BOUND ( 'NONE', #913, .T. ) ;
#751 = ORIENTED_EDGE ( 'NONE', *, *, #2245, .T. ) ;
#752 = ADVANCED_FACE ( 'NONE', ( #2580 ), #3147, .T. ) ;
#753 = DIRECTION ( 'NONE',  ( 0.0000000000000000000, 0.0000000000000000000, -1.000000000000000000 ) ) ;
#754 = ORIENTED_EDGE ( 'NONE', *, *, #2409, .T. ) ;
#755 = EDGE_CURVE ( 'NONE', #2434, #1502, #2061, .T. ) ;
#756 = CARTESIAN_POINT ( 'NONE',  ( -9.000000000000001776, 4.500000000000000000, -0.8500000000000000888 ) ) ;
#757 = CARTESIAN_POINT ( 'NONE',  ( 6.250000000000000000, 4.500000000000000000, -0.8499999999999999778 ) ) ;
#758 = ORIENTED_EDGE ( 'NONE', *, *, #2602, .T. ) ;
#759 = EDGE_CURVE ( 'NONE', #1684, #2833, #1900, .T. ) ;
#760 = DIRECTION ( 'NONE',  ( -0.0000000000000000000, -1.000000000000000000, -0.0000000000000000000 ) ) ;
#761 = CARTESIAN_POINT ( 'NONE',  ( -17.75000000000000355, 4.500000000000000000, -0.7500000000000000000 ) ) ;
#762 = AXIS2_PLACEMENT_3D ( 'NONE', #756, #1809, #2873 ) ;
#763 = EDGE_LOOP ( 'NONE', ( #2146, #430, #2681, #350 ) ) ;
#764 = AXIS2_PLACEMENT_3D ( 'NONE', #2062, #746, #3149 ) ;
#765 = CARTESIAN_POINT ( 'NONE',  ( -15.00000000000000000, 4.500000000000000000, -1.500000000000000000 ) ) ;
#766 = CARTESIAN_POINT ( 'NONE',  ( -6.250000000000000000, -4.500000000000000000, -0.7500000000000000000 ) ) ;
#767 = CIRCLE ( 'NONE', #2211, 0.09999999999999993616 ) ;
#768 = CYLINDRICAL_SURFACE ( 'NONE', #1991, 0.09999999999999993616 ) ;
#769 = EDGE_LOOP ( 'NONE', ( #131, #90, #2540, #709 ) ) ;
#770 = CIRCLE ( 'NONE', #2711, 0.09999999999999993616 ) ;
#771 = DIRECTION ( 'NONE',  ( 0.0000000000000000000, 0.0000000000000000000, 1.000000000000000000 ) ) ;
#772 = EDGE_CURVE ( 'NONE', #69, #1280, #1797, .T. ) ;
#773 = VECTOR ( 'NONE', #2906, 1000.000000000000000 ) ;
#774 = ORIENTED_EDGE ( 'NONE', *, *, #681, .T. ) ;
#775 = CIRCLE ( 'NONE', #164, 0.6500000000000000222 ) ;
#776 = CARTESIAN_POINT ( 'NONE',  ( 1.000000000000000000, -4.500000000000000000, -0.8500000000000000888 ) ) ;
#777 = EDGE_CURVE ( 'NONE', #3241, #677, #2889, .T. ) ;
#778 = CARTESIAN_POINT ( 'NONE',  ( 6.349999999999999645, 4.500000000000000000, -0.8500000000000001998 ) ) ;
#779 = ORIENTED_EDGE ( 'NONE', *, *, #3375, .T. ) ;
#780 = CARTESIAN_POINT ( 'NONE',  ( -19.00000000000000355, 4.500000000000000000, 0.0000000000000000000 ) ) ;
#781 = CARTESIAN_POINT ( 'NONE',  ( -19.00000000000000355, -4.500000000000000000, 0.0000000000000000000 ) ) ;
#782 = ORIENTED_EDGE ( 'NONE', *, *, #465, .F. ) ;
#783 = LINE ( 'NONE', #2411, #1342 ) ;
#784 = AXIS2_PLACEMENT_3D ( 'NONE', #198, #3395, #2090 ) ;
#785 = DIRECTION ( 'NONE',  ( -0.0000000000000000000, -1.000000000000000000, -0.0000000000000000000 ) ) ;
#786 = VERTEX_POINT ( 'NONE', #1066 ) ;
#787 = DIRECTION ( 'NONE',  ( 1.000000000000000000, 0.0000000000000000000, 4.336808689942015271E-16 ) ) ;
#788 = AXIS2_PLACEMENT_3D ( 'NONE', #2630, #1308, #2422 ) ;
#789 = ORIENTED_EDGE ( 'NONE', *, *, #864, .T. ) ;
#790 = LINE ( 'NONE', #2662, #1710 ) ;
#791 = CARTESIAN_POINT ( 'NONE',  ( 11.75000000000000000, 4.500000000000000000, -0.7500000000000000000 ) ) ;
#792 = CIRCLE ( 'NONE', #1450, 0.09999999999999993616 ) ;
#793 = ORIENTED_EDGE ( 'NONE', *, *, #2620, .F. ) ;
#794 = DIRECTION ( 'NONE',  ( 0.0000000000000000000, -0.0000000000000000000, 1.000000000000000000 ) ) ;
#795 = ORIENTED_EDGE ( 'NONE', *, *, #2615, .F. ) ;
#796 = DIRECTION ( 'NONE',  ( 0.0000000000000000000, 0.0000000000000000000, 1.000000000000000000 ) ) ;
#797 = EDGE_CURVE ( 'NONE', #1938, #1721, #2607, .T. ) ;
#798 = DIRECTION ( 'NONE',  ( 0.0000000000000000000, 0.0000000000000000000, -1.000000000000000000 ) ) ;
#799 = ORIENTED_EDGE ( 'NONE', *, *, #535, .F. ) ;
#800 = DIRECTION ( 'NONE',  ( -0.0000000000000000000, 1.000000000000000000, 0.0000000000000000000 ) ) ;
#801 = ADVANCED_FACE ( 'NONE', ( #235 ), #1296, .F. ) ;
#802 = LINE ( 'NONE', #3227, #2486 ) ;
#803 = ORIENTED_EDGE ( 'NONE', *, *, #1639, .T. ) ;
#804 = DIRECTION ( 'NONE',  ( -0.0000000000000000000, 1.000000000000000000, 0.0000000000000000000 ) ) ;
#805 = VERTEX_POINT ( 'NONE', #3410 ) ;
#806 = EDGE_CURVE ( 'NONE', #1423, #1919, #566, .T. ) ;
#807 = CARTESIAN_POINT ( 'NONE',  ( 14.25000000000000000, 4.500000000000000000, -0.8499999999999999778 ) ) ;
#808 = DIRECTION ( 'NONE',  ( -4.336808689942015271E-16, 0.0000000000000000000, 1.000000000000000000 ) ) ;
#809 = ORIENTED_EDGE ( 'NONE', *, *, #2227, .T. ) ;
#810 = DIRECTION ( 'NONE',  ( 0.0000000000000000000, 0.0000000000000000000, -1.000000000000000000 ) ) ;
#811 = ORIENTED_EDGE ( 'NONE', *, *, #2676, .T. ) ;
#812 = DIRECTION ( 'NONE',  ( 0.0000000000000000000, 0.0000000000000000000, 1.000000000000000000 ) ) ;
#813 = PRODUCT ( 'GT2 Belt 9mm x 38mm pitch 2mm', 'GT2 Belt 9mm x 38mm pitch 2mm', '', ( #1123 ) ) ;
#814 = CYLINDRICAL_SURFACE ( 'NONE', #1284, 0.6500000000000000222 ) ;
#815 = EDGE_CURVE ( 'NONE', #871, #2309, #1670, .T. ) ;
#816 = ORIENTED_EDGE ( 'NONE', *, *, #1704, .F. ) ;
#817 = CARTESIAN_POINT ( 'NONE',  ( -19.00000000000000355, -4.500000000000000000, -0.8500000000000000888 ) ) ;
#818 = VECTOR ( 'NONE', #1845, 1000.000000000000000 ) ;
#819 = DIRECTION ( 'NONE',  ( -1.000000000000000000, 0.0000000000000000000, -4.336808689942015764E-16 ) ) ;
#820 = EDGE_CURVE ( 'NONE', #2576, #1618, #618, .T. ) ;
#821 = VECTOR ( 'NONE', #975, 1000.000000000000000 ) ;
#822 = ORIENTED_EDGE ( 'NONE', *, *, #517, .T. ) ;
#823 = CARTESIAN_POINT ( 'NONE',  ( -5.650000000000000355, 4.500000000000000000, -0.8500000000000001998 ) ) ;
#824 = ORIENTED_EDGE ( 'NONE', *, *, #1519, .F. ) ;
#825 =( LENGTH_UNIT ( ) NAMED_UNIT ( * ) SI_UNIT ( .MILLI., .METRE. ) );
#826 = DIRECTION ( 'NONE',  ( 0.0000000000000000000, 0.0000000000000000000, 1.000000000000000000 ) ) ;
#827 = ORIENTED_EDGE ( 'NONE', *, *, #3140, .T. ) ;
#828 = DIRECTION ( 'NONE',  ( 0.0000000000000000000, 0.0000000000000000000, 1.000000000000000000 ) ) ;
#829 = AXIS2_PLACEMENT_3D ( 'NONE', #3206, #1352, #554 ) ;
#830 = EDGE_CURVE ( 'NONE', #1969, #214, #2911, .T. ) ;
#831 = CARTESIAN_POINT ( 'NONE',  ( -9.000000000000001776, 4.500000000000000000, -0.8500000000000000888 ) ) ;
#832 = ORIENTED_EDGE ( 'NONE', *, *, #1265, .F. ) ;
#833 = AXIS2_PLACEMENT_3D ( 'NONE', #457, #1514, #739 ) ;
#834 = FACE_OUTER_BOUND ( 'NONE', #769, .T. ) ;
#835 = FACE_OUTER_BOUND ( 'NONE', #80, .T. ) ;
#836 = ORIENTED_EDGE ( 'NONE', *, *, #3117, .T. ) ;
#837 = FACE_OUTER_BOUND ( 'NONE', #2360, .T. ) ;
#838 = DIRECTION ( 'NONE',  ( 0.0000000000000000000, 1.000000000000000000, 0.0000000000000000000 ) ) ;
#839 = ORIENTED_EDGE ( 'NONE', *, *, #1456, .F. ) ;
#840 = CARTESIAN_POINT ( 'NONE',  ( 15.00000000000000000, 4.500000000000000000, -1.500000000000000000 ) ) ;
#841 = EDGE_LOOP ( 'NONE', ( #1468, #1125, #1758, #1779 ) ) ;
#842 = VECTOR ( 'NONE', #2370, 1000.000000000000000 ) ;
#843 = SURFACE_SIDE_STYLE ('',( #1059 ) ) ;
#844 = EDGE_CURVE ( 'NONE', #805, #1881, #514, .T. ) ;
#845 = LINE ( 'NONE', #1899, #377 ) ;
#846 = AXIS2_PLACEMENT_3D ( 'NONE', #1634, #2995, #1965 ) ;
#847 = ORIENTED_EDGE ( 'NONE', *, *, #2646, .T. ) ;
#848 = AXIS2_PLACEMENT_3D ( 'NONE', #1560, #1869, #1801 ) ;
#849 = DIRECTION ( 'NONE',  ( -0.0000000000000000000, -1.000000000000000000, -0.0000000000000000000 ) ) ;
#850 = DIRECTION ( 'NONE',  ( 0.0000000000000000000, 0.0000000000000000000, -1.000000000000000000 ) ) ;
#851 = ORIENTED_EDGE ( 'NONE', *, *, #2809, .F. ) ;
#852 = CARTESIAN_POINT ( 'NONE',  ( 11.65000000000000036, -4.500000000000000000, -0.8500000000000001998 ) ) ;
#853 = LINE ( 'NONE', #331, #440 ) ;
#854 = EDGE_LOOP ( 'NONE', ( #657, #956, #1966, #1655 ) ) ;
#855 = CARTESIAN_POINT ( 'NONE',  ( -12.25000000000000000, -4.500000000000000000, -0.8499999999999999778 ) ) ;
#856 = DIRECTION ( 'NONE',  ( 0.0000000000000000000, 0.0000000000000000000, 1.000000000000000000 ) ) ;
#857 = ORIENTED_EDGE ( 'NONE', *, *, #1187, .T. ) ;
#858 = CARTESIAN_POINT ( 'NONE',  ( 7.650000000000000355, -4.500000000000000000, -0.8500000000000001998 ) ) ;
#859 = EDGE_CURVE ( 'NONE', #860, #3402, #1563, .T. ) ;
#860 = VERTEX_POINT ( 'NONE', #1586 ) ;
#861 = CARTESIAN_POINT ( 'NONE',  ( 13.00000000000000178, 4.500000000000000000, -0.8500000000000000888 ) ) ;
#862 = EDGE_CURVE ( 'NONE', #2627, #2482, #1848, .T. ) ;
#863 = DIRECTION ( 'NONE',  ( -0.0000000000000000000, -1.000000000000000000, -0.0000000000000000000 ) ) ;
#864 = EDGE_CURVE ( 'NONE', #277, #102, #2075, .T. ) ;
#865 = VERTEX_POINT ( 'NONE', #497 ) ;
#866 = DIRECTION ( 'NONE',  ( -0.0000000000000000000, -1.000000000000000000, -0.0000000000000000000 ) ) ;
#867 = CARTESIAN_POINT ( 'NONE',  ( -12.25000000000000000, 4.500000000000000000, -0.8499999999999999778 ) ) ;
#868 = ORIENTED_EDGE ( 'NONE', *, *, #1592, .F. ) ;
#869 = DIRECTION ( 'NONE',  ( -0.0000000000000000000, -1.000000000000000000, -0.0000000000000000000 ) ) ;
#870 = CARTESIAN_POINT ( 'NONE',  ( 16.25000000000000000, 4.500000000000000000, -0.8499999999999999778 ) ) ;
#871 = VERTEX_POINT ( 'NONE', #271 ) ;
#872 = DIRECTION ( 'NONE',  ( 0.0000000000000000000, 0.0000000000000000000, 1.000000000000000000 ) ) ;
#873 = DIRECTION ( 'NONE',  ( 1.000000000000000000, 0.0000000000000000000, 4.336808689942015271E-16 ) ) ;
#874 = CIRCLE ( 'NONE', #2038, 0.09999999999999993616 ) ;
#875 = ORIENTED_EDGE ( 'NONE', *, *, #2582, .T. ) ;
#876 = CARTESIAN_POINT ( 'NONE',  ( -1.749999999999999778, -4.500000000000000000, -0.7499999999999998890 ) ) ;
#877 = EDGE_CURVE ( 'NONE', #1350, #1796, #1330, .T. ) ;
#878 = AXIS2_PLACEMENT_3D ( 'NONE', #1060, #1393, #2663 ) ;
#879 = VECTOR ( 'NONE', #2556, 1000.000000000000000 ) ;
#880 = CARTESIAN_POINT ( 'NONE',  ( -14.34999999999999964, 4.500000000000000000, -0.8500000000000001998 ) ) ;
#881 = EDGE_CURVE ( 'NONE', #2987, #2980, #998, .T. ) ;
#882 = VECTOR ( 'NONE', #416, 1000.000000000000000 ) ;
#883 = VERTEX_POINT ( 'NONE', #1987 ) ;
#884 = CARTESIAN_POINT ( 'NONE',  ( -13.65000000000000036, 4.500000000000000000, -0.8500000000000001998 ) ) ;
#885 = DIRECTION ( 'NONE',  ( 0.0000000000000000000, 0.0000000000000000000, 1.000000000000000000 ) ) ;
#886 = ORIENTED_EDGE ( 'NONE', *, *, #2474, .T. ) ;
#887 = FACE_OUTER_BOUND ( 'NONE', #2701, .T. ) ;
#888 = CARTESIAN_POINT ( 'NONE',  ( -15.75000000000000000, 4.500000000000000000, -0.8499999999999999778 ) ) ;
#889 = VERTEX_POINT ( 'NONE', #3320 ) ;
#890 = DIRECTION ( 'NONE',  ( -0.0000000000000000000, -1.000000000000000000, -0.0000000000000000000 ) ) ;
#891 = ADVANCED_FACE ( 'NONE', ( #1186 ), #22, .F. ) ;
#892 = CARTESIAN_POINT ( 'NONE',  ( -17.00000000000000000, -4.500000000000000000, -1.500000000000000000 ) ) ;
#893 = VERTEX_POINT ( 'NONE', #306 ) ;
#894 = DIRECTION ( 'NONE',  ( -0.0000000000000000000, -1.000000000000000000, -0.0000000000000000000 ) ) ;
#895 = DIRECTION ( 'NONE',  ( -1.000000000000000000, 0.0000000000000000000, -4.336808689942015764E-16 ) ) ;
#896 = VECTOR ( 'NONE', #890, 1000.000000000000000 ) ;
#897 = AXIS2_PLACEMENT_3D ( 'NONE', #104, #1163, #2714 ) ;
#898 = CARTESIAN_POINT ( 'NONE',  ( 12.25000000000000000, 4.500000000000000000, -0.7500000000000000000 ) ) ;
#899 = VECTOR ( 'NONE', #2459, 1000.000000000000000 ) ;
#900 = ORIENTED_EDGE ( 'NONE', *, *, #2572, .F. ) ;
#901 = ADVANCED_FACE ( 'NONE', ( #291 ), #3220, .T. ) ;
#902 = DIRECTION ( 'NONE',  ( -0.0000000000000000000, 1.000000000000000000, 0.0000000000000000000 ) ) ;
#903 = PLANE ( 'NONE',  #3110 ) ;
#904 = ORIENTED_EDGE ( 'NONE', *, *, #2755, .F. ) ;
#905 = CARTESIAN_POINT ( 'NONE',  ( 13.00000000000000178, 4.500000000000000000, -0.8500000000000000888 ) ) ;
#906 = EDGE_CURVE ( 'NONE', #645, #2808, #1443, .T. ) ;
#907 = FACE_OUTER_BOUND ( 'NONE', #2579, .T. ) ;
#908 = ORIENTED_EDGE ( 'NONE', *, *, #2426, .T. ) ;
#909 = CARTESIAN_POINT ( 'NONE',  ( -0.2500000000000001110, -4.500000000000000000, -0.7500000000000000000 ) ) ;
#910 = ORIENTED_EDGE ( 'NONE', *, *, #392, .F. ) ;
#911 = DIRECTION ( 'NONE',  ( -0.0000000000000000000, -1.000000000000000000, -0.0000000000000000000 ) ) ;
#912 = CARTESIAN_POINT ( 'NONE',  ( -10.25000000000000000, -4.500000000000000000, -0.8499999999999999778 ) ) ;
#913 = EDGE_LOOP ( 'NONE', ( #685, #3163, #1128, #2236 ) ) ;
#914 = DIRECTION ( 'NONE',  ( 0.0000000000000000000, 1.000000000000000000, 0.0000000000000000000 ) ) ;
#915 = ORIENTED_EDGE ( 'NONE', *, *, #196, .T. ) ;
#916 = DIRECTION ( 'NONE',  ( -0.0000000000000000000, -1.000000000000000000, -0.0000000000000000000 ) ) ;
#917 = CARTESIAN_POINT ( 'NONE',  ( 0.3500000000000000333, 4.500000000000000000, -0.8500000000000001998 ) ) ;
#918 = EDGE_CURVE ( 'NONE', #2551, #1854, #370, .T. ) ;
#919 = VERTEX_POINT ( 'NONE', #1706 ) ;
#920 = FACE_OUTER_BOUND ( 'NONE', #1776, .T. ) ;
#921 = DIRECTION ( 'NONE',  ( -0.0000000000000000000, -1.000000000000000000, -0.0000000000000000000 ) ) ;
#922 = VERTEX_POINT ( 'NONE', #129 ) ;
#923 = DIRECTION ( 'NONE',  ( 0.0000000000000000000, 0.0000000000000000000, 1.000000000000000000 ) ) ;
#924 = ADVANCED_FACE ( 'NONE', ( #834 ), #2951, .T. ) ;
#925 = ORIENTED_EDGE ( 'NONE', *, *, #2532, .T. ) ;
#926 = CYLINDRICAL_SURFACE ( 'NONE', #2557, 0.09999999999999993616 ) ;
#927 = AXIS2_PLACEMENT_3D ( 'NONE', #3144, #996, #2058 ) ;
#928 = LINE ( 'NONE', #2510, #202 ) ;
#929 = EDGE_LOOP ( 'NONE', ( #2230, #839, #2971, #1595 ) ) ;
#930 = CARTESIAN_POINT ( 'NONE',  ( 1.000000000000000000, 4.500000000000000000, -1.500000000000000000 ) ) ;
#931 = CIRCLE ( 'NONE', #2427, 0.6500000000000000222 ) ;
#932 = EDGE_CURVE ( 'NONE', #1844, #889, #2780, .T. ) ;
#933 = ORIENTED_EDGE ( 'NONE', *, *, #721, .F. ) ;
#934 = CIRCLE ( 'NONE', #2874, 0.6500000000000000222 ) ;
#935 = DIRECTION ( 'NONE',  ( 0.0000000000000000000, 1.000000000000000000, 0.0000000000000000000 ) ) ;
#936 = DIRECTION ( 'NONE',  ( -0.0000000000000000000, 1.000000000000000000, 0.0000000000000000000 ) ) ;
#937 = AXIS2_PLACEMENT_3D ( 'NONE', #807, #1357, #593 ) ;
#938 = ORIENTED_EDGE ( 'NONE', *, *, #830, .F. ) ;
#939 = DIRECTION ( 'NONE',  ( -1.000000000000000000, 0.0000000000000000000, -4.336808689942015764E-16 ) ) ;
#940 = LINE ( 'NONE', #1004, #2444 ) ;
#941 = ORIENTED_EDGE ( 'NONE', *, *, #2363, .T. ) ;
#942 = CARTESIAN_POINT ( 'NONE',  ( -7.000000000000000000, 4.500000000000000000, -1.500000000000000000 ) ) ;
#943 = VERTEX_POINT ( 'NONE', #1724 ) ;
#944 = EDGE_CURVE ( 'NONE', #1577, #1408, #945, .T. ) ;
#945 = LINE ( 'NONE', #2690, #1053 ) ;
#946 = CARTESIAN_POINT ( 'NONE',  ( -4.349999999999999645, -4.500000000000000000, -0.8500000000000001998 ) ) ;
#947 = AXIS2_PLACEMENT_3D ( 'NONE', #1348, #2407, #3056 ) ;
#948 = LINE ( 'NONE', #1731, #1808 ) ;
#949 = VECTOR ( 'NONE', #1263, 1000.000000000000000 ) ;
#950 = ORIENTED_EDGE ( 'NONE', *, *, #2661, .T. ) ;
#951 = EDGE_CURVE ( 'NONE', #883, #145, #2838, .T. ) ;
#952 = DIRECTION ( 'NONE',  ( -0.0000000000000000000, 1.000000000000000000, 0.0000000000000000000 ) ) ;
#953 = DIRECTION ( 'NONE',  ( -0.0000000000000000000, -1.000000000000000000, -0.0000000000000000000 ) ) ;
#954 = VECTOR ( 'NONE', #2032, 1000.000000000000000 ) ;
#955 = DIRECTION ( 'NONE',  ( 0.0000000000000000000, 0.0000000000000000000, -1.000000000000000000 ) ) ;
#956 = ORIENTED_EDGE ( 'NONE', *, *, #2417, .F. ) ;
#957 = CARTESIAN_POINT ( 'NONE',  ( -3.000000000000000000, 4.500000000000000000, -0.8500000000000000888 ) ) ;
#958 = LINE ( 'NONE', #700, #954 ) ;
#959 = EDGE_LOOP ( 'NONE', ( #1579, #1030, #2398, #900 ) ) ;
#960 = DIRECTION ( 'NONE',  ( -0.0000000000000000000, -1.000000000000000000, -0.0000000000000000000 ) ) ;
#961 = ORIENTED_EDGE ( 'NONE', *, *, #1320, .T. ) ;
#962 = DIRECTION ( 'NONE',  ( -1.000000000000000000, 0.0000000000000000000, -4.336808689942015764E-16 ) ) ;
#963 = ADVANCED_FACE ( 'NONE', ( #2142 ), #1362, .T. ) ;
#964 = ORIENTED_EDGE ( 'NONE', *, *, #1871, .F. ) ;
#965 = DIRECTION ( 'NONE',  ( 0.0000000000000000000, 0.0000000000000000000, -1.000000000000000000 ) ) ;
#966 = EDGE_LOOP ( 'NONE', ( #133, #491, #2106, #1356 ) ) ;
#967 = CARTESIAN_POINT ( 'NONE',  ( 3.000000000000000000, -4.500000000000000000, -0.8500000000000000888 ) ) ;
#968 = CARTESIAN_POINT ( 'NONE',  ( 3.750000000000000000, -4.500000000000000000, -0.8499999999999999778 ) ) ;
#969 = ADVANCED_FACE ( 'NONE', ( #1464 ), #926, .F. ) ;
#970 = ORIENTED_EDGE ( 'NONE', *, *, #2357, .F. ) ;
#971 = DIRECTION ( 'NONE',  ( 0.0000000000000000000, 0.0000000000000000000, -1.000000000000000000 ) ) ;
#972 = CARTESIAN_POINT ( 'NONE',  ( 9.000000000000001776, -4.500000000000000000, -0.8500000000000000888 ) ) ;
#973 = CARTESIAN_POINT ( 'NONE',  ( 3.750000000000000000, 4.500000000000000000, -0.7500000000000000000 ) ) ;
#974 = VERTEX_POINT ( 'NONE', #3304 ) ;
#975 = DIRECTION ( 'NONE',  ( 1.000000000000000000, 0.0000000000000000000, 0.0000000000000000000 ) ) ;
#976 = ORIENTED_EDGE ( 'NONE', *, *, #237, .T. ) ;
#977 = EDGE_CURVE ( 'NONE', #3308, #1721, #2423, .T. ) ;
#978 = CARTESIAN_POINT ( 'NONE',  ( -8.349999999999999645, 4.500000000000000000, -0.8500000000000001998 ) ) ;
#979 = VERTEX_POINT ( 'NONE', #1446 ) ;
#980 = DIRECTION ( 'NONE',  ( 0.0000000000000000000, 0.0000000000000000000, 1.000000000000000000 ) ) ;
#981 = ADVANCED_FACE ( 'NONE', ( #3020 ), #1102, .F. ) ;
#982 = CIRCLE ( 'NONE', #1204, 0.6500000000000000222 ) ;
#983 = CARTESIAN_POINT ( 'NONE',  ( 15.00000000000000000, -4.500000000000000000, -0.8500000000000000888 ) ) ;
#984 = CIRCLE ( 'NONE', #2932, 0.09999999999999993616 ) ;
#985 = ORIENTED_EDGE ( 'NONE', *, *, #3433, .F. ) ;
#986 = LINE ( 'NONE', #2327, #289 ) ;
#987 = VECTOR ( 'NONE', #785, 1000.000000000000000 ) ;
#988 = CARTESIAN_POINT ( 'NONE',  ( 8.349999999999999645, 4.500000000000000000, -0.8500000000000001998 ) ) ;
#989 = LINE ( 'NONE', #1840, #106 ) ;
#990 = CIRCLE ( 'NONE', #3223, 0.6500000000000000222 ) ;
#991 = VERTEX_POINT ( 'NONE', #1953 ) ;
#992 = EDGE_CURVE ( 'NONE', #1618, #1097, #1689, .T. ) ;
#993 = LINE ( 'NONE', #723, #153 ) ;
#994 = CIRCLE ( 'NONE', #2328, 0.6500000000000000222 ) ;
#995 = ORIENTED_EDGE ( 'NONE', *, *, #152, .T. ) ;
#996 = DIRECTION ( 'NONE',  ( 0.0000000000000000000, 1.000000000000000000, 0.0000000000000000000 ) ) ;
#997 = EDGE_LOOP ( 'NONE', ( #234, #358, #3199, #1647 ) ) ;
#998 = CIRCLE ( 'NONE', #1828, 0.6500000000000000222 ) ;
#999 = DIRECTION ( 'NONE',  ( 0.0000000000000000000, 0.0000000000000000000, 1.000000000000000000 ) ) ;
#1000 = CYLINDRICAL_SURFACE ( 'NONE', #3355, 0.6500000000000000222 ) ;
#1001 = AXIS2_PLACEMENT_3D ( 'NONE', #870, #2174, #2206 ) ;
#1002 = EDGE_CURVE ( 'NONE', #1981, #2576, #731, .T. ) ;
#1003 = ORIENTED_EDGE ( 'NONE', *, *, #284, .T. ) ;
#1004 = CARTESIAN_POINT ( 'NONE',  ( 8.250000000000000000, -4.500000000000000000, -0.7499999999999998890 ) ) ;
#1005 = CARTESIAN_POINT ( 'NONE',  ( -4.349999999999999645, 4.500000000000000000, -0.8500000000000001998 ) ) ;
#1006 = AXIS2_PLACEMENT_3D ( 'NONE', #2029, #952, #2015 ) ;
#1007 = CARTESIAN_POINT ( 'NONE',  ( 4.349999999999999645, -4.500000000000000000, -0.8500000000000001998 ) ) ;
#1008 = VERTEX_POINT ( 'NONE', #688 ) ;
#1009 = DIRECTION ( 'NONE',  ( 0.0000000000000000000, 0.0000000000000000000, 1.000000000000000000 ) ) ;
#1010 = ORIENTED_EDGE ( 'NONE', *, *, #1406, .F. ) ;
#1011 = DIRECTION ( 'NONE',  ( -0.0000000000000000000, -1.000000000000000000, -0.0000000000000000000 ) ) ;
#1012 = ORIENTED_EDGE ( 'NONE', *, *, #1363, .F. ) ;
#1013 = DIRECTION ( 'NONE',  ( -0.0000000000000000000, -1.000000000000000000, -0.0000000000000000000 ) ) ;
#1014 = DIRECTION ( 'NONE',  ( 0.0000000000000000000, 1.000000000000000000, 0.0000000000000000000 ) ) ;
#1015 = ORIENTED_EDGE ( 'NONE', *, *, #2018, .T. ) ;
#1016 = CARTESIAN_POINT ( 'NONE',  ( -15.00000000000000000, -4.500000000000000000, -1.500000000000000000 ) ) ;
#1017 = EDGE_CURVE ( 'NONE', #1589, #1844, #1946, .T. ) ;
#1018 = CARTESIAN_POINT ( 'NONE',  ( 13.65000000000000036, 4.500000000000000000, -0.8500000000000001998 ) ) ;
#1019 = FACE_OUTER_BOUND ( 'NONE', #1681, .T. ) ;
#1020 = ORIENTED_EDGE ( 'NONE', *, *, #237, .F. ) ;
#1021 = EDGE_CURVE ( 'NONE', #645, #1889, #2389, .T. ) ;
#1022 = LINE ( 'NONE', #1270, #3044 ) ;
#1023 = ORIENTED_EDGE ( 'NONE', *, *, #2033, .F. ) ;
#1024 = FACE_OUTER_BOUND ( 'NONE', #2037, .T. ) ;
#1025 =( NAMED_UNIT ( * ) SI_UNIT ( $, .STERADIAN. ) SOLID_ANGLE_UNIT ( ) );
#1026 = CARTESIAN_POINT ( 'NONE',  ( 14.25000000000000000, 4.500000000000000000, -0.7499999999999998890 ) ) ;
#1027 = CARTESIAN_POINT ( 'NONE',  ( -2.250000000000000444, 4.500000000000000000, -0.8499999999999999778 ) ) ;
#1028 = DIRECTION ( 'NONE',  ( -0.0000000000000000000, -1.000000000000000000, -0.0000000000000000000 ) ) ;
#1029 = AXIS2_PLACEMENT_3D ( 'NONE', #3022, #1992, #167 ) ;
#1030 = ORIENTED_EDGE ( 'NONE', *, *, #563, .T. ) ;
#1031 = CIRCLE ( 'NONE', #1646, 0.6500000000000000222 ) ;
#1032 = CYLINDRICAL_SURFACE ( 'NONE', #1954, 0.09999999999999993616 ) ;
#1033 = LINE ( 'NONE', #3414, #546 ) ;
#1034 = AXIS2_PLACEMENT_3D ( 'NONE', #1323, #560, #1116 ) ;
#1035 = EDGE_LOOP ( 'NONE', ( #1518, #2862, #1012, #2637 ) ) ;
#1036 = DIRECTION ( 'NONE',  ( 0.0000000000000000000, 0.0000000000000000000, 1.000000000000000000 ) ) ;
#1037 = VERTEX_POINT ( 'NONE', #614 ) ;
#1038 = AXIS2_PLACEMENT_3D ( 'NONE', #3091, #1818, #176 ) ;
#1039 = CARTESIAN_POINT ( 'NONE',  ( -2.350000000000000089, -4.500000000000000000, -0.8500000000000001998 ) ) ;
#1040 = CARTESIAN_POINT ( 'NONE',  ( -15.65000000000000036, 4.500000000000000000, -0.8500000000000001998 ) ) ;
#1041 = AXIS2_PLACEMENT_3D ( 'NONE', #56, #1898, #2640 ) ;
#1042 = EDGE_CURVE ( 'NONE', #3366, #2643, #2736, .T. ) ;
#1043 = ORIENTED_EDGE ( 'NONE', *, *, #1774, .F. ) ;
#1044 = CIRCLE ( 'NONE', #1435, 0.09999999999999993616 ) ;
#1045 = CARTESIAN_POINT ( 'NONE',  ( 15.00000000000000000, -4.500000000000000000, -0.8500000000000000888 ) ) ;
#1046 =( NAMED_UNIT ( * ) PLANE_ANGLE_UNIT ( ) SI_UNIT ( $, .RADIAN. ) );
#1047 = ORIENTED_EDGE ( 'NONE', *, *, #2793, .F. ) ;
#1048 = DIRECTION ( 'NONE',  ( -0.0000000000000000000, 1.000000000000000000, 0.0000000000000000000 ) ) ;
#1049 = CARTESIAN_POINT ( 'NONE',  ( 3.750000000000000000, 4.500000000000000000, -0.7500000000000000000 ) ) ;
#1050 = EDGE_CURVE ( 'NONE', #919, #3082, #695, .T. ) ;
#1051 = ORIENTED_EDGE ( 'NONE', *, *, #772, .T. ) ;
#1052 = DIRECTION ( 'NONE',  ( 0.0000000000000000000, 0.0000000000000000000, -1.000000000000000000 ) ) ;
#1053 = VECTOR ( 'NONE', #3338, 1000.000000000000000 ) ;
#1054 = CARTESIAN_POINT ( 'NONE',  ( 0.2500000000000001110, 4.500000000000000000, -0.8499999999999999778 ) ) ;
#1055 = ORIENTED_EDGE ( 'NONE', *, *, #1904, .F. ) ;
#1056 = CARTESIAN_POINT ( 'NONE',  ( 14.34999999999999964, 4.500000000000000000, -0.8500000000000001998 ) ) ;
#1057 = AXIS2_PLACEMENT_3D ( 'NONE', #578, #2698, #314 ) ;
#1058 = ORIENTED_EDGE ( 'NONE', *, *, #1153, .T. ) ;
#1059 = SURFACE_STYLE_FILL_AREA ( #1115 ) ;
#1060 = CARTESIAN_POINT ( 'NONE',  ( -7.000000000000000000, 4.500000000000000000, -0.8500000000000000888 ) ) ;
#1061 = AXIS2_PLACEMENT_3D ( 'NONE', #1216, #2281, #3382 ) ;
#1062 = ORIENTED_EDGE ( 'NONE', *, *, #2491, .F. ) ;
#1063 = CARTESIAN_POINT ( 'NONE',  ( 0.2500000000000001110, 4.500000000000000000, -0.7499999999999998890 ) ) ;
#1064 = ADVANCED_FACE ( 'NONE', ( #3116 ), #3263, .F. ) ;
#1065 = VERTEX_POINT ( 'NONE', #3364 ) ;
#1066 = CARTESIAN_POINT ( 'NONE',  ( 7.750000000000000000, 4.500000000000000000, -0.7500000000000000000 ) ) ;
#1067 = CARTESIAN_POINT ( 'NONE',  ( 19.00000000000000355, -4.500000000000000000, 0.0000000000000000000 ) ) ;
#1068 = ADVANCED_FACE ( 'NONE', ( #632 ), #2030, .T. ) ;
#1069 = VERTEX_POINT ( 'NONE', #351 ) ;
#1070 = DIRECTION ( 'NONE',  ( -0.0000000000000000000, -1.000000000000000000, -0.0000000000000000000 ) ) ;
#1071 = DIRECTION ( 'NONE',  ( 0.0000000000000000000, 0.0000000000000000000, 1.000000000000000000 ) ) ;
#1072 = ORIENTED_EDGE ( 'NONE', *, *, #1452, .F. ) ;
#1073 = CARTESIAN_POINT ( 'NONE',  ( -3.000000000000000000, 4.500000000000000000, -0.8500000000000000888 ) ) ;
#1074 = ORIENTED_EDGE ( 'NONE', *, *, #755, .F. ) ;
#1075 = LINE ( 'NONE', #3232, #1602 ) ;
#1076 = EDGE_CURVE ( 'NONE', #1629, #1382, #3124, .T. ) ;
#1077 = DIRECTION ( 'NONE',  ( -1.000000000000000000, 0.0000000000000000000, -4.336808689942015764E-16 ) ) ;
#1078 = ORIENTED_EDGE ( 'NONE', *, *, #573, .T. ) ;
#1079 = CARTESIAN_POINT ( 'NONE',  ( 7.750000000000000000, -4.500000000000000000, -0.7500000000000000000 ) ) ;
#1080 =( LENGTH_UNIT ( ) NAMED_UNIT ( * ) SI_UNIT ( .MILLI., .METRE. ) );
#1081 = DIRECTION ( 'NONE',  ( -4.336808689942015271E-16, 0.0000000000000000000, 1.000000000000000000 ) ) ;
#1082 = CARTESIAN_POINT ( 'NONE',  ( -13.00000000000000178, 4.500000000000000000, -0.8500000000000000888 ) ) ;
#1083 = CARTESIAN_POINT ( 'NONE',  ( -5.000000000000000000, 4.500000000000000000, -1.500000000000000000 ) ) ;
#1084 = ORIENTED_EDGE ( 'NONE', *, *, #2730, .F. ) ;
#1085 = EDGE_CURVE ( 'NONE', #1262, #2482, #2667, .T. ) ;
#1086 = FACE_OUTER_BOUND ( 'NONE', #698, .T. ) ;
#1087 = VECTOR ( 'NONE', #2775, 1000.000000000000000 ) ;
#1088 = DIRECTION ( 'NONE',  ( 0.0000000000000000000, 0.0000000000000000000, -1.000000000000000000 ) ) ;
#1089 = VECTOR ( 'NONE', #1971, 1000.000000000000000 ) ;
#1090 = ORIENTED_EDGE ( 'NONE', *, *, #1792, .F. ) ;
#1091 = DIRECTION ( 'NONE',  ( 0.0000000000000000000, 0.0000000000000000000, -1.000000000000000000 ) ) ;
#1092 = ORIENTED_EDGE ( 'NONE', *, *, #1907, .T. ) ;
#1093 = DIRECTION ( 'NONE',  ( 0.0000000000000000000, 0.0000000000000000000, -1.000000000000000000 ) ) ;
#1094 = CIRCLE ( 'NONE', #2263, 0.6500000000000000222 ) ;
#1095 = CARTESIAN_POINT ( 'NONE',  ( 17.00000000000000000, 4.500000000000000000, -1.500000000000000000 ) ) ;
#1096 = VECTOR ( 'NONE', #296, 1000.000000000000000 ) ;
#1097 = VERTEX_POINT ( 'NONE', #466 ) ;
#1098 = DIRECTION ( 'NONE',  ( -0.0000000000000000000, -1.000000000000000000, -0.0000000000000000000 ) ) ;
#1099 = VECTOR ( 'NONE', #1599, 1000.000000000000000 ) ;
#1100 = CARTESIAN_POINT ( 'NONE',  ( -15.75000000000000000, -4.500000000000000000, -0.8499999999999999778 ) ) ;
#1101 = CIRCLE ( 'NONE', #445, 0.09999999999999993616 ) ;
#1102 = CYLINDRICAL_SURFACE ( 'NONE', #2504, 0.09999999999999993616 ) ;
#1103 = CARTESIAN_POINT ( 'NONE',  ( 3.000000000000000000, 4.500000000000000000, -0.8500000000000000888 ) ) ;
#1104 =( GEOMETRIC_REPRESENTATION_CONTEXT ( 3 ) GLOBAL_UNCERTAINTY_ASSIGNED_CONTEXT ( ( #397 ) ) GLOBAL_UNIT_ASSIGNED_CONTEXT ( ( #4, #2648, #1025 ) ) REPRESENTATION_CONTEXT ( 'NONE', 'WORKASPACE' ) );
#1105 = VERTEX_POINT ( 'NONE', #2016 ) ;
#1106 = AXIS2_PLACEMENT_3D ( 'NONE', #3100, #87, #2191 ) ;
#1107 = DIRECTION ( 'NONE',  ( -0.0000000000000000000, -1.000000000000000000, -0.0000000000000000000 ) ) ;
#1108 = DIRECTION ( 'NONE',  ( -0.0000000000000000000, -1.000000000000000000, -0.0000000000000000000 ) ) ;
#1109 = ADVANCED_FACE ( 'NONE', ( #2275 ), #3015, .F. ) ;
#1110 = ORIENTED_EDGE ( 'NONE', *, *, #2214, .T. ) ;
#1111 = DIRECTION ( 'NONE',  ( -0.0000000000000000000, -1.000000000000000000, -0.0000000000000000000 ) ) ;
#1112 = FACE_OUTER_BOUND ( 'NONE', #3219, .T. ) ;
#1113 = ORIENTED_EDGE ( 'NONE', *, *, #101, .F. ) ;
#1114 = AXIS2_PLACEMENT_3D ( 'NONE', #2108, #1048, #745 ) ;
#1115 = FILL_AREA_STYLE ('',( #1651 ) ) ;
#1116 = DIRECTION ( 'NONE',  ( 0.0000000000000000000, 0.0000000000000000000, -1.000000000000000000 ) ) ;
#1117 = ADVANCED_FACE ( 'NONE', ( #451 ), #1147, .F. ) ;
#1118 = CIRCLE ( 'NONE', #62, 0.6500000000000000222 ) ;
#1119 = ORIENTED_EDGE ( 'NONE', *, *, #2901, .F. ) ;
#1120 = VECTOR ( 'NONE', #359, 1000.000000000000000 ) ;
#1121 = DIRECTION ( 'NONE',  ( 0.0000000000000000000, 1.000000000000000000, 0.0000000000000000000 ) ) ;
#1122 = AXIS2_PLACEMENT_3D ( 'NONE', #2896, #477, #796 ) ;
#1123 = PRODUCT_CONTEXT ( 'NONE', #2964, 'mechanical' ) ;
#1124 = DIRECTION ( 'NONE',  ( -0.0000000000000000000, -1.000000000000000000, -0.0000000000000000000 ) ) ;
#1125 = ORIENTED_EDGE ( 'NONE', *, *, #2312, .F. ) ;
#1126 = DIRECTION ( 'NONE',  ( 0.0000000000000000000, 0.0000000000000000000, 1.000000000000000000 ) ) ;
#1127 = CARTESIAN_POINT ( 'NONE',  ( 8.250000000000000000, -4.500000000000000000, -0.8499999999999999778 ) ) ;
#1128 = ORIENTED_EDGE ( 'NONE', *, *, #2856, .T. ) ;
#1129 = CARTESIAN_POINT ( 'NONE',  ( 14.25000000000000000, -4.500000000000000000, -0.7500000000000000000 ) ) ;
#1130 = DIRECTION ( 'NONE',  ( -0.0000000000000000000, 1.000000000000000000, 0.0000000000000000000 ) ) ;
#1131 = ORIENTED_EDGE ( 'NONE', *, *, #1353, .T. ) ;
#1132 = EDGE_CURVE ( 'NONE', #1418, #2551, #1829, .T. ) ;
#1133 = DIRECTION ( 'NONE',  ( -0.0000000000000000000, -1.000000000000000000, -0.0000000000000000000 ) ) ;
#1134 = CARTESIAN_POINT ( 'NONE',  ( -5.000000000000000000, -4.500000000000000000, -1.500000000000000000 ) ) ;
#1135 = ORIENTED_EDGE ( 'NONE', *, *, #2512, .T. ) ;
#1136 = EDGE_CURVE ( 'NONE', #3362, #420, #2781, .T. ) ;
#1137 = CYLINDRICAL_SURFACE ( 'NONE', #3435, 0.6500000000000000222 ) ;
#1138 = DIRECTION ( 'NONE',  ( 0.0000000000000000000, 0.0000000000000000000, -1.000000000000000000 ) ) ;
#1139 = ORIENTED_EDGE ( 'NONE', *, *, #1136, .T. ) ;
#1140 = ADVANCED_FACE ( 'NONE', ( #3346 ), #366, .F. ) ;
#1141 = CARTESIAN_POINT ( 'NONE',  ( -17.65000000000000213, -4.500000000000000000, -0.8500000000000001998 ) ) ;
#1142 = CARTESIAN_POINT ( 'NONE',  ( 16.25000000000000000, 4.500000000000000000, -0.7499999999999998890 ) ) ;
#1143 = ORIENTED_EDGE ( 'NONE', *, *, #2555, .T. ) ;
#1144 = CARTESIAN_POINT ( 'NONE',  ( -18.25000000000000355, 4.500000000000000000, -0.7500000000000000000 ) ) ;
#1145 = FACE_OUTER_BOUND ( 'NONE', #2255, .T. ) ;
#1146 = ORIENTED_EDGE ( 'NONE', *, *, #1291, .F. ) ;
#1147 = PLANE ( 'NONE',  #1391 ) ;
#1148 = CARTESIAN_POINT ( 'NONE',  ( -15.00000000000000000, -4.500000000000000000, -0.8500000000000000888 ) ) ;
#1149 = CIRCLE ( 'NONE', #257, 0.6500000000000000222 ) ;
#1150 = ORIENTED_EDGE ( 'NONE', *, *, #1194, .F. ) ;
#1151 = AXIS2_PLACEMENT_3D ( 'NONE', #444, #652, #144 ) ;
#1152 = CARTESIAN_POINT ( 'NONE',  ( 2.350000000000000089, 4.500000000000000000, -0.8500000000000001998 ) ) ;
#1153 = EDGE_CURVE ( 'NONE', #499, #96, #2166, .T. ) ;
#1154 = AXIS2_PLACEMENT_3D ( 'NONE', #2429, #1384, #1071 ) ;
#1155 = DIRECTION ( 'NONE',  ( -1.000000000000000000, 0.0000000000000000000, -4.336808689942015764E-16 ) ) ;
#1156 = VECTOR ( 'NONE', #3451, 1000.000000000000000 ) ;
#1157 = ORIENTED_EDGE ( 'NONE', *, *, #1452, .T. ) ;
#1158 = DIRECTION ( 'NONE',  ( 0.0000000000000000000, 0.0000000000000000000, -1.000000000000000000 ) ) ;
#1159 = CIRCLE ( 'NONE', #1499, 0.6500000000000000222 ) ;
#1160 = DIRECTION ( 'NONE',  ( -0.0000000000000000000, 1.000000000000000000, 0.0000000000000000000 ) ) ;
#1161 = EDGE_LOOP ( 'NONE', ( #393, #2962, #557, #782 ) ) ;
#1162 = CYLINDRICAL_SURFACE ( 'NONE', #2098, 0.09999999999999993616 ) ;
#1163 = DIRECTION ( 'NONE',  ( -0.0000000000000000000, 1.000000000000000000, 0.0000000000000000000 ) ) ;
#1164 = ORIENTED_EDGE ( 'NONE', *, *, #2526, .F. ) ;
#1165 = DIRECTION ( 'NONE',  ( 0.0000000000000000000, 0.0000000000000000000, 1.000000000000000000 ) ) ;
#1166 = AXIS2_PLACEMENT_3D ( 'NONE', #432, #1244, #170 ) ;
#1167 = ORIENTED_EDGE ( 'NONE', *, *, #2594, .F. ) ;
#1168 = DIRECTION ( 'NONE',  ( 0.0000000000000000000, 1.000000000000000000, 0.0000000000000000000 ) ) ;
#1169 = DIRECTION ( 'NONE',  ( 0.0000000000000000000, 1.000000000000000000, 0.0000000000000000000 ) ) ;
#1170 = AXIS2_PLACEMENT_3D ( 'NONE', #1481, #2895, #2847 ) ;
#1171 = CIRCLE ( 'NONE', #224, 0.09999999999999993616 ) ;
#1172 = EDGE_CURVE ( 'NONE', #2833, #3332, #2308, .T. ) ;
#1173 = DIRECTION ( 'NONE',  ( -0.0000000000000000000, -1.000000000000000000, -0.0000000000000000000 ) ) ;
#1174 = AXIS2_PLACEMENT_3D ( 'NONE', #1835, #2078, #1299 ) ;
#1175 = EDGE_LOOP ( 'NONE', ( #376, #2946, #1974, #2385 ) ) ;
#1176 = CYLINDRICAL_SURFACE ( 'NONE', #2179, 0.09999999999999993616 ) ;
#1177 = EDGE_CURVE ( 'NONE', #2855, #35, #732, .T. ) ;
#1178 = DIRECTION ( 'NONE',  ( -0.0000000000000000000, -1.000000000000000000, -0.0000000000000000000 ) ) ;
#1179 = VERTEX_POINT ( 'NONE', #1784 ) ;
#1180 = DIRECTION ( 'NONE',  ( 0.0000000000000000000, 1.000000000000000000, 0.0000000000000000000 ) ) ;
#1181 = CARTESIAN_POINT ( 'NONE',  ( 11.00000000000000000, -4.500000000000000000, -0.8500000000000000888 ) ) ;
#1182 = ORIENTED_EDGE ( 'NONE', *, *, #944, .T. ) ;
#1183 = EDGE_CURVE ( 'NONE', #1185, #805, #114, .T. ) ;
#1184 = FACE_OUTER_BOUND ( 'NONE', #1932, .T. ) ;
#1185 = VERTEX_POINT ( 'NONE', #2483 ) ;
#1186 = FACE_OUTER_BOUND ( 'NONE', #274, .T. ) ;
#1187 = EDGE_CURVE ( 'NONE', #3009, #805, #107, .T. ) ;
#1188 = CARTESIAN_POINT ( 'NONE',  ( -13.75000000000000000, 4.500000000000000000, -0.7499999999999998890 ) ) ;
#1189 = ORIENTED_EDGE ( 'NONE', *, *, #844, .T. ) ;
#1190 = CARTESIAN_POINT ( 'NONE',  ( 9.750000000000000000, -4.500000000000000000, -0.7500000000000000000 ) ) ;
#1191 = VERTEX_POINT ( 'NONE', #2598 ) ;
#1192 = CARTESIAN_POINT ( 'NONE',  ( 15.65000000000000036, 4.500000000000000000, -0.8500000000000001998 ) ) ;
#1193 = CARTESIAN_POINT ( 'NONE',  ( 19.00000000000000355, 4.500000000000000000, -0.8500000000000000888 ) ) ;
#1194 = EDGE_CURVE ( 'NONE', #2887, #1915, #3017, .T. ) ;
#1195 = VERTEX_POINT ( 'NONE', #7 ) ;
#1196 = LINE ( 'NONE', #1964, #2720 ) ;
#1197 = CARTESIAN_POINT ( 'NONE',  ( -9.000000000000001776, 4.500000000000000000, -1.500000000000000000 ) ) ;
#1198 = VERTEX_POINT ( 'NONE', #2912 ) ;
#1199 = CARTESIAN_POINT ( 'NONE',  ( -11.00000000000000000, -4.500000000000000000, -0.8500000000000000888 ) ) ;
#1200 = VERTEX_POINT ( 'NONE', #2652 ) ;
#1201 = DIRECTION ( 'NONE',  ( -0.0000000000000000000, -1.000000000000000000, -0.0000000000000000000 ) ) ;
#1202 = VECTOR ( 'NONE', #1486, 1000.000000000000000 ) ;
#1203 = DIRECTION ( 'NONE',  ( 0.0000000000000000000, 0.0000000000000000000, 1.000000000000000000 ) ) ;
#1204 = AXIS2_PLACEMENT_3D ( 'NONE', #2625, #2083, #1777 ) ;
#1205 = ORIENTED_EDGE ( 'NONE', *, *, #2469, .F. ) ;
#1206 = CARTESIAN_POINT ( 'NONE',  ( 1.000000000000000000, 4.500000000000000000, -0.8500000000000000888 ) ) ;
#1207 = AXIS2_PLACEMENT_3D ( 'NONE', #2157, #2965, #873 ) ;
#1208 = VERTEX_POINT ( 'NONE', #1067 ) ;
#1209 = AXIS2_PLACEMENT_3D ( 'NONE', #345, #1436, #2729 ) ;
#1210 = CYLINDRICAL_SURFACE ( 'NONE', #2165, 0.09999999999999993616 ) ;
#1211 = DIRECTION ( 'NONE',  ( 0.0000000000000000000, 1.000000000000000000, 0.0000000000000000000 ) ) ;
#1212 = DIRECTION ( 'NONE',  ( 0.0000000000000000000, 0.0000000000000000000, -1.000000000000000000 ) ) ;
#1213 = VECTOR ( 'NONE', #1775, 1000.000000000000000 ) ;
#1214 = ORIENTED_EDGE ( 'NONE', *, *, #2372, .F. ) ;
#1215 = DIRECTION ( 'NONE',  ( -1.000000000000000000, 0.0000000000000000000, -4.336808689942015764E-16 ) ) ;
#1216 = CARTESIAN_POINT ( 'NONE',  ( 7.750000000000000000, 4.500000000000000000, -0.8499999999999999778 ) ) ;
#1217 = ORIENTED_EDGE ( 'NONE', *, *, #1522, .T. ) ;
#1218 = CIRCLE ( 'NONE', #3167, 0.6500000000000000222 ) ;
#1219 = ADVANCED_FACE ( 'NONE', ( #1297 ), #3445, .T. ) ;
#1220 = DIRECTION ( 'NONE',  ( -0.0000000000000000000, -1.000000000000000000, -0.0000000000000000000 ) ) ;
#1221 = ORIENTED_EDGE ( 'NONE', *, *, #1301, .F. ) ;
#1222 = ADVANCED_FACE ( 'NONE', ( #3396 ), #1000, .T. ) ;
#1223 = CARTESIAN_POINT ( 'NONE',  ( -5.750000000000000000, 4.500000000000000000, -0.7499999999999998890 ) ) ;
#1224 = ORIENTED_EDGE ( 'NONE', *, *, #2704, .F. ) ;
#1225 = CIRCLE ( 'NONE', #1286, 0.6500000000000000222 ) ;
#1226 = ADVANCED_FACE ( 'NONE', ( #2632 ), #814, .T. ) ;
#1227 = DIRECTION ( 'NONE',  ( 0.0000000000000000000, 1.000000000000000000, 0.0000000000000000000 ) ) ;
#1228 = VERTEX_POINT ( 'NONE', #1049 ) ;
#1229 = FACE_OUTER_BOUND ( 'NONE', #1242, .T. ) ;
#1230 = CARTESIAN_POINT ( 'NONE',  ( 5.000000000000000000, -4.500000000000000000, -0.8500000000000000888 ) ) ;
#1231 = ORIENTED_EDGE ( 'NONE', *, *, #2085, .T. ) ;
#1232 = DIRECTION ( 'NONE',  ( 0.0000000000000000000, 0.0000000000000000000, 1.000000000000000000 ) ) ;
#1233 = CARTESIAN_POINT ( 'NONE',  ( -4.250000000000000000, 4.500000000000000000, -0.7500000000000000000 ) ) ;
#1234 = ORIENTED_EDGE ( 'NONE', *, *, #2724, .F. ) ;
#1235 = DIRECTION ( 'NONE',  ( -0.0000000000000000000, -1.000000000000000000, -0.0000000000000000000 ) ) ;
#1236 = EDGE_CURVE ( 'NONE', #1370, #1488, #735, .T. ) ;
#1237 = VERTEX_POINT ( 'NONE', #2617 ) ;
#1238 = DIRECTION ( 'NONE',  ( -0.0000000000000000000, -1.000000000000000000, -0.0000000000000000000 ) ) ;
#1239 = EDGE_CURVE ( 'NONE', #639, #2184, #1837, .T. ) ;
#1240 = LINE ( 'NONE', #395, #479 ) ;
#1241 = EDGE_CURVE ( 'NONE', #728, #1906, #2391, .T. ) ;
#1242 = EDGE_LOOP ( 'NONE', ( #1525, #2558, #2352, #822 ) ) ;
#1243 = DIRECTION ( 'NONE',  ( -0.0000000000000000000, -1.000000000000000000, -0.0000000000000000000 ) ) ;
#1244 = DIRECTION ( 'NONE',  ( -4.336808689942015271E-16, 0.0000000000000000000, 1.000000000000000000 ) ) ;
#1245 = EDGE_CURVE ( 'NONE', #1280, #1709, #3185, .T. ) ;
#1246 = EDGE_LOOP ( 'NONE', ( #703, #3094, #1252, #1756 ) ) ;
#1247 = DIRECTION ( 'NONE',  ( 0.0000000000000000000, 0.0000000000000000000, 1.000000000000000000 ) ) ;
#1248 = DIRECTION ( 'NONE',  ( 0.0000000000000000000, 0.0000000000000000000, -1.000000000000000000 ) ) ;
#1249 = FACE_OUTER_BOUND ( 'NONE', #1454, .T. ) ;
#1250 = VERTEX_POINT ( 'NONE', #2127 ) ;
#1251 = LINE ( 'NONE', #2317, #3437 ) ;
#1252 = ORIENTED_EDGE ( 'NONE', *, *, #2724, .T. ) ;
#1253 = VECTOR ( 'NONE', #2471, 1000.000000000000000 ) ;
#1254 = LINE ( 'NONE', #232, #818 ) ;
#1255 = EDGE_CURVE ( 'NONE', #1963, #3114, #2614, .T. ) ;
#1256 = AXIS2_PLACEMENT_3D ( 'NONE', #2840, #472, #2055 ) ;
#1257 = ORIENTED_EDGE ( 'NONE', *, *, #378, .F. ) ;
#1258 = DIRECTION ( 'NONE',  ( -0.0000000000000000000, -1.000000000000000000, -0.0000000000000000000 ) ) ;
#1259 = VECTOR ( 'NONE', #17, 1000.000000000000000 ) ;
#1260 = CARTESIAN_POINT ( 'NONE',  ( -15.00000000000000000, 4.500000000000000000, -0.8500000000000000888 ) ) ;
#1261 = CIRCLE ( 'NONE', #1541, 0.6500000000000000222 ) ;
#1262 = VERTEX_POINT ( 'NONE', #1310 ) ;
#1263 = DIRECTION ( 'NONE',  ( -0.0000000000000000000, -1.000000000000000000, -0.0000000000000000000 ) ) ;
#1264 = CIRCLE ( 'NONE', #2826, 0.09999999999999993616 ) ;
#1265 = EDGE_CURVE ( 'NONE', #1408, #102, #1478, .T. ) ;
#1266 = PLANE ( 'NONE',  #3328 ) ;
#1267 = LINE ( 'NONE', #2638, #161 ) ;
#1268 = CIRCLE ( 'NONE', #1657, 0.6500000000000000222 ) ;
#1269 = EDGE_LOOP ( 'NONE', ( #285, #335, #1298, #3341 ) ) ;
#1270 = CARTESIAN_POINT ( 'NONE',  ( 2.250000000000000444, 4.500000000000000000, -0.7500000000000000000 ) ) ;
#1271 = AXIS2_PLACEMENT_3D ( 'NONE', #3315, #362, #2480 ) ;
#1272 = ORIENTED_EDGE ( 'NONE', *, *, #1736, .T. ) ;
#1273 = DIRECTION ( 'NONE',  ( 0.0000000000000000000, 0.0000000000000000000, 1.000000000000000000 ) ) ;
#1274 = ORIENTED_EDGE ( 'NONE', *, *, #308, .T. ) ;
#1275 = EDGE_CURVE ( 'NONE', #2596, #1466, #236, .T. ) ;
#1276 = AXIS2_PLACEMENT_3D ( 'NONE', #1082, #111, #2771 ) ;
#1277 = DIRECTION ( 'NONE',  ( 0.0000000000000000000, 1.000000000000000000, 0.0000000000000000000 ) ) ;
#1278 = DIRECTION ( 'NONE',  ( 0.0000000000000000000, 0.0000000000000000000, 1.000000000000000000 ) ) ;
#1279 = AXIS2_PLACEMENT_3D ( 'NONE', #1403, #591, #1440 ) ;
#1280 = VERTEX_POINT ( 'NONE', #781 ) ;
#1281 = ADVANCED_FACE ( 'NONE', ( #1572 ), #531, .F. ) ;
#1282 = DIRECTION ( 'NONE',  ( 0.0000000000000000000, 0.0000000000000000000, -1.000000000000000000 ) ) ;
#1283 = CIRCLE ( 'NONE', #1561, 0.6500000000000000222 ) ;
#1284 = AXIS2_PLACEMENT_3D ( 'NONE', #1260, #1799, #2325 ) ;
#1285 = CARTESIAN_POINT ( 'NONE',  ( 16.25000000000000000, 4.500000000000000000, -0.8499999999999999778 ) ) ;
#1286 = AXIS2_PLACEMENT_3D ( 'NONE', #3345, #935, #980 ) ;
#1287 = DIRECTION ( 'NONE',  ( 1.000000000000000000, 0.0000000000000000000, 4.336808689942015271E-16 ) ) ;
#1288 = ADVANCED_FACE ( 'NONE', ( #2581 ), #2373, .F. ) ;
#1289 = VERTEX_POINT ( 'NONE', #761 ) ;
#1290 = DIRECTION ( 'NONE',  ( 0.0000000000000000000, 1.000000000000000000, 0.0000000000000000000 ) ) ;
#1291 = EDGE_CURVE ( 'NONE', #1863, #1629, #2879, .T. ) ;
#1292 = ORIENTED_EDGE ( 'NONE', *, *, #2982, .T. ) ;
#1293 = CARTESIAN_POINT ( 'NONE',  ( -1.000000000000000000, -4.500000000000000000, -0.8500000000000000888 ) ) ;
#1294 = FILL_AREA_STYLE ('',( #2140 ) ) ;
#1295 = ORIENTED_EDGE ( 'NONE', *, *, #3157, .T. ) ;
#1296 = CYLINDRICAL_SURFACE ( 'NONE', #171, 0.09999999999999993616 ) ;
#1297 = FACE_OUTER_BOUND ( 'NONE', #1376, .T. ) ;
#1298 = ORIENTED_EDGE ( 'NONE', *, *, #2815, .F. ) ;
#1299 = DIRECTION ( 'NONE',  ( 0.0000000000000000000, 0.0000000000000000000, -1.000000000000000000 ) ) ;
#1300 = FACE_OUTER_BOUND ( 'NONE', #2319, .T. ) ;
#1301 = EDGE_CURVE ( 'NONE', #3101, #3366, #3041, .T. ) ;
#1302 = EDGE_LOOP ( 'NONE', ( #740, #1110, #496, #230 ) ) ;
#1303 = PLANE ( 'NONE',  #1880 ) ;
#1304 = ORIENTED_EDGE ( 'NONE', *, *, #2885, .T. ) ;
#1305 = CARTESIAN_POINT ( 'NONE',  ( -13.75000000000000000, 4.500000000000000000, -0.7499999999999998890 ) ) ;
#1306 = ORIENTED_EDGE ( 'NONE', *, *, #3252, .F. ) ;
#1307 = DIRECTION ( 'NONE',  ( 0.0000000000000000000, 0.0000000000000000000, -1.000000000000000000 ) ) ;
#1308 = DIRECTION ( 'NONE',  ( -0.0000000000000000000, -1.000000000000000000, -0.0000000000000000000 ) ) ;
#1309 = DIRECTION ( 'NONE',  ( 0.0000000000000000000, 0.0000000000000000000, -1.000000000000000000 ) ) ;
#1310 = CARTESIAN_POINT ( 'NONE',  ( -7.000000000000000000, -4.500000000000000000, -1.500000000000000000 ) ) ;
#1311 = CIRCLE ( 'NONE', #2201, 0.09999999999999993616 ) ;
#1312 = ORIENTED_EDGE ( 'NONE', *, *, #2357, .T. ) ;
#1313 = AXIS2_PLACEMENT_3D ( 'NONE', #1360, #2439, #60 ) ;
#1314 = DIRECTION ( 'NONE',  ( 0.0000000000000000000, 0.0000000000000000000, 1.000000000000000000 ) ) ;
#1315 = DIRECTION ( 'NONE',  ( 0.0000000000000000000, 0.0000000000000000000, 1.000000000000000000 ) ) ;
#1316 = AXIS2_PLACEMENT_3D ( 'NONE', #2192, #2453, #281 ) ;
#1317 = ORIENTED_EDGE ( 'NONE', *, *, #2985, .T. ) ;
#1318 = CARTESIAN_POINT ( 'NONE',  ( -14.34999999999999964, 4.500000000000000000, -0.8500000000000001998 ) ) ;
#1319 = VERTEX_POINT ( 'NONE', #1349 ) ;
#1320 = EDGE_CURVE ( 'NONE', #3259, #2855, #2440, .T. ) ;
#1321 = AXIS2_PLACEMENT_3D ( 'NONE', #3295, #1160, #2744 ) ;
#1322 = CARTESIAN_POINT ( 'NONE',  ( -3.000000000000000000, -4.500000000000000000, -1.500000000000000000 ) ) ;
#1323 = CARTESIAN_POINT ( 'NONE',  ( 11.00000000000000000, 4.500000000000000000, -0.8500000000000000888 ) ) ;
#1324 = VECTOR ( 'NONE', #3085, 1000.000000000000000 ) ;
#1325 = ORIENTED_EDGE ( 'NONE', *, *, #3078, .F. ) ;
#1326 = ADVANCED_FACE ( 'NONE', ( #585 ), #602, .F. ) ;
#1327 = VECTOR ( 'NONE', #2919, 1000.000000000000000 ) ;
#1328 = DIRECTION ( 'NONE',  ( -0.0000000000000000000, 1.000000000000000000, 0.0000000000000000000 ) ) ;
#1329 = EDGE_LOOP ( 'NONE', ( #2400, #1942, #154, #950 ) ) ;
#1330 = LINE ( 'NONE', #2390, #2499 ) ;
#1331 = DIRECTION ( 'NONE',  ( -1.000000000000000000, 0.0000000000000000000, -4.336808689942015764E-16 ) ) ;
#1332 = ORIENTED_EDGE ( 'NONE', *, *, #1826, .T. ) ;
#1333 = EDGE_CURVE ( 'NONE', #1938, #266, #2865, .T. ) ;
#1334 = DIRECTION ( 'NONE',  ( 0.0000000000000000000, 0.0000000000000000000, -1.000000000000000000 ) ) ;
#1335 = AXIS2_PLACEMENT_3D ( 'NONE', #730, #1751, #2831 ) ;
#1336 = CARTESIAN_POINT ( 'NONE',  ( -2.350000000000000089, 4.500000000000000000, -0.8500000000000001998 ) ) ;
#1337 = ORIENTED_EDGE ( 'NONE', *, *, #2404, .F. ) ;
#1338 = CARTESIAN_POINT ( 'NONE',  ( 14.25000000000000000, 4.500000000000000000, -0.8499999999999999778 ) ) ;
#1339 = ORIENTED_EDGE ( 'NONE', *, *, #255, .T. ) ;
#1340 = LINE ( 'NONE', #2382, #773 ) ;
#1341 = CARTESIAN_POINT ( 'NONE',  ( -1.649999999999999911, 4.500000000000000000, -0.8500000000000001998 ) ) ;
#1342 = VECTOR ( 'NONE', #2376, 1000.000000000000000 ) ;
#1343 = ORIENTED_EDGE ( 'NONE', *, *, #1573, .T. ) ;
#1344 = CARTESIAN_POINT ( 'NONE',  ( 11.75000000000000000, -4.500000000000000000, -0.7500000000000000000 ) ) ;
#1345 = EDGE_CURVE ( 'NONE', #2190, #2394, #147, .T. ) ;
#1346 = CARTESIAN_POINT ( 'NONE',  ( 0.2500000000000001110, 4.500000000000000000, -0.8499999999999999778 ) ) ;
#1347 = VERTEX_POINT ( 'NONE', #621 ) ;
#1348 = CARTESIAN_POINT ( 'NONE',  ( 17.75000000000000355, -4.500000000000000000, -0.8499999999999999778 ) ) ;
#1349 = CARTESIAN_POINT ( 'NONE',  ( -1.749999999999999778, -4.500000000000000000, -0.7500000000000000000 ) ) ;
#1350 = VERTEX_POINT ( 'NONE', #3254 ) ;
#1351 = CARTESIAN_POINT ( 'NONE',  ( -18.25000000000000355, 4.500000000000000000, -0.8499999999999999778 ) ) ;
#1352 = DIRECTION ( 'NONE',  ( -0.0000000000000000000, -1.000000000000000000, -0.0000000000000000000 ) ) ;
#1353 = EDGE_CURVE ( 'NONE', #701, #3308, #1921, .T. ) ;
#1354 = ORIENTED_EDGE ( 'NONE', *, *, #2324, .T. ) ;
#1355 = DIRECTION ( 'NONE',  ( -0.0000000000000000000, -1.000000000000000000, -0.0000000000000000000 ) ) ;
#1356 = ORIENTED_EDGE ( 'NONE', *, *, #2917, .T. ) ;
#1357 = DIRECTION ( 'NONE',  ( -0.0000000000000000000, -1.000000000000000000, -0.0000000000000000000 ) ) ;
#1358 = CARTESIAN_POINT ( 'NONE',  ( 4.250000000000000000, 4.500000000000000000, -0.7499999999999998890 ) ) ;
#1359 = VERTEX_POINT ( 'NONE', #1397 ) ;
#1360 = CARTESIAN_POINT ( 'NONE',  ( -17.00000000000000000, 4.500000000000000000, -0.8500000000000000888 ) ) ;
#1361 = DIRECTION ( 'NONE',  ( 0.0000000000000000000, 0.0000000000000000000, 1.000000000000000000 ) ) ;
#1362 = CYLINDRICAL_SURFACE ( 'NONE', #2226, 0.6500000000000000222 ) ;
#1363 = EDGE_CURVE ( 'NONE', #471, #2658, #2457, .T. ) ;
#1364 = FACE_OUTER_BOUND ( 'NONE', #2821, .T. ) ;
#1365 = EDGE_LOOP ( 'NONE', ( #910, #449, #3251, #1047 ) ) ;
#1366 = CARTESIAN_POINT ( 'NONE',  ( 12.25000000000000000, 4.500000000000000000, -0.7500000000000000000 ) ) ;
#1367 = CIRCLE ( 'NONE', #371, 0.09999999999999993616 ) ;
#1368 = LINE ( 'NONE', #2973, #718 ) ;
#1369 = VECTOR ( 'NONE', #2233, 1000.000000000000000 ) ;
#1370 = VERTEX_POINT ( 'NONE', #2164 ) ;
#1371 = CARTESIAN_POINT ( 'NONE',  ( 10.25000000000000000, 4.500000000000000000, -0.7500000000000000000 ) ) ;
#1372 = LINE ( 'NONE', #2976, #620 ) ;
#1373 = VERTEX_POINT ( 'NONE', #63 ) ;
#1374 = FACE_OUTER_BOUND ( 'NONE', #2194, .T. ) ;
#1375 = CIRCLE ( 'NONE', #3334, 0.09999999999999993616 ) ;
#1376 = EDGE_LOOP ( 'NONE', ( #1713, #3196, #2689, #2903 ) ) ;
#1377 = DIRECTION ( 'NONE',  ( 0.0000000000000000000, 0.0000000000000000000, 1.000000000000000000 ) ) ;
#1378 = CIRCLE ( 'NONE', #3226, 0.6500000000000000222 ) ;
#1379 = CIRCLE ( 'NONE', #3340, 0.6500000000000000222 ) ;
#1380 = CARTESIAN_POINT ( 'NONE',  ( 14.25000000000000000, 4.500000000000000000, -0.7499999999999998890 ) ) ;
#1381 = ADVANCED_FACE ( 'NONE', ( #3004 ), #94, .F. ) ;
#1382 = VERTEX_POINT ( 'NONE', #1659 ) ;
#1383 = CARTESIAN_POINT ( 'NONE',  ( 5.650000000000000355, -4.500000000000000000, -0.8500000000000001998 ) ) ;
#1384 = DIRECTION ( 'NONE',  ( -0.0000000000000000000, -1.000000000000000000, -0.0000000000000000000 ) ) ;
#1385 = EDGE_CURVE ( 'NONE', #539, #677, #325, .T. ) ;
#1386 = ORIENTED_EDGE ( 'NONE', *, *, #2261, .T. ) ;
#1387 = CARTESIAN_POINT ( 'NONE',  ( -3.750000000000000000, 4.500000000000000000, -0.8499999999999999778 ) ) ;
#1388 = DIRECTION ( 'NONE',  ( -4.336808689942015271E-16, 0.0000000000000000000, 1.000000000000000000 ) ) ;
#1389 = EDGE_LOOP ( 'NONE', ( #1928, #3278, #1337, #938 ) ) ;
#1390 = CIRCLE ( 'NONE', #394, 0.09999999999999993616 ) ;
#1391 = AXIS2_PLACEMENT_3D ( 'NONE', #1509, #2811, #1929 ) ;
#1392 = DIRECTION ( 'NONE',  ( 0.0000000000000000000, 0.0000000000000000000, 1.000000000000000000 ) ) ;
#1393 = DIRECTION ( 'NONE',  ( -0.0000000000000000000, -1.000000000000000000, -0.0000000000000000000 ) ) ;
#1394 = ORIENTED_EDGE ( 'NONE', *, *, #288, .T. ) ;
#1395 = DIRECTION ( 'NONE',  ( -0.0000000000000000000, 1.000000000000000000, 0.0000000000000000000 ) ) ;
#1396 = EDGE_CURVE ( 'NONE', #225, #2406, #357, .T. ) ;
#1397 = CARTESIAN_POINT ( 'NONE',  ( 4.250000000000000000, 4.500000000000000000, -0.7500000000000000000 ) ) ;
#1398 = ORIENTED_EDGE ( 'NONE', *, *, #1714, .F. ) ;
#1399 = FACE_OUTER_BOUND ( 'NONE', #2234, .T. ) ;
#1400 = CARTESIAN_POINT ( 'NONE',  ( 17.75000000000000355, 4.500000000000000000, -0.8499999999999999778 ) ) ;
#1401 = VERTEX_POINT ( 'NONE', #1957 ) ;
#1402 = DIRECTION ( 'NONE',  ( 0.0000000000000000000, 0.0000000000000000000, -1.000000000000000000 ) ) ;
#1403 = CARTESIAN_POINT ( 'NONE',  ( 15.75000000000000000, -4.500000000000000000, -0.8499999999999999778 ) ) ;
#1404 = ORIENTED_EDGE ( 'NONE', *, *, #3333, .F. ) ;
#1405 = DIRECTION ( 'NONE',  ( -0.0000000000000000000, 1.000000000000000000, 0.0000000000000000000 ) ) ;
#1406 = EDGE_CURVE ( 'NONE', #1696, #865, #550, .T. ) ;
#1407 = CARTESIAN_POINT ( 'NONE',  ( -17.00000000000000000, -4.500000000000000000, -0.8500000000000000888 ) ) ;
#1408 = VERTEX_POINT ( 'NONE', #1918 ) ;
#1409 = DIRECTION ( 'NONE',  ( -1.000000000000000000, 0.0000000000000000000, -4.336808689942015764E-16 ) ) ;
#1410 = DIRECTION ( 'NONE',  ( 0.0000000000000000000, 0.0000000000000000000, 1.000000000000000000 ) ) ;
#1411 = ORIENTED_EDGE ( 'NONE', *, *, #1639, .F. ) ;
#1412 = CARTESIAN_POINT ( 'NONE',  ( -4.250000000000000000, -4.500000000000000000, -0.7500000000000000000 ) ) ;
#1413 = DIRECTION ( 'NONE',  ( -0.0000000000000000000, -1.000000000000000000, -0.0000000000000000000 ) ) ;
#1414 = ORIENTED_EDGE ( 'NONE', *, *, #2043, .T. ) ;
#1415 = DIRECTION ( 'NONE',  ( 0.0000000000000000000, 1.000000000000000000, 0.0000000000000000000 ) ) ;
#1416 = AXIS2_PLACEMENT_3D ( 'NONE', #776, #493, #794 ) ;
#1417 = DIRECTION ( 'NONE',  ( 0.0000000000000000000, 0.0000000000000000000, 1.000000000000000000 ) ) ;
#1418 = VERTEX_POINT ( 'NONE', #1083 ) ;
#1419 = DIRECTION ( 'NONE',  ( 0.0000000000000000000, 0.0000000000000000000, 1.000000000000000000 ) ) ;
#1420 = DIRECTION ( 'NONE',  ( -0.0000000000000000000, -1.000000000000000000, -0.0000000000000000000 ) ) ;
#1421 = VECTOR ( 'NONE', #1711, 1000.000000000000000 ) ;
#1422 = EDGE_CURVE ( 'NONE', #860, #2867, #1609, .T. ) ;
#1423 = VERTEX_POINT ( 'NONE', #880 ) ;
#1424 = CIRCLE ( 'NONE', #2371, 0.6500000000000000222 ) ;
#1425 = DIRECTION ( 'NONE',  ( -0.0000000000000000000, -1.000000000000000000, -0.0000000000000000000 ) ) ;
#1426 = CYLINDRICAL_SURFACE ( 'NONE', #1866, 0.09999999999999993616 ) ;
#1427 = CIRCLE ( 'NONE', #1986, 0.6500000000000000222 ) ;
#1428 = ADVANCED_FACE ( 'NONE', ( #835 ), #571, .F. ) ;
#1429 = EDGE_LOOP ( 'NONE', ( #706, #1742, #628, #422 ) ) ;
#1430 = AXIS2_PLACEMENT_3D ( 'NONE', #2149, #838, #1892 ) ;
#1431 = DIRECTION ( 'NONE',  ( 0.0000000000000000000, 0.0000000000000000000, 1.000000000000000000 ) ) ;
#1432 = AXIS2_PLACEMENT_3D ( 'NONE', #2587, #259, #1036 ) ;
#1433 = ORIENTED_EDGE ( 'NONE', *, *, #193, .T. ) ;
#1434 = DIRECTION ( 'NONE',  ( -0.0000000000000000000, 1.000000000000000000, 0.0000000000000000000 ) ) ;
#1435 = AXIS2_PLACEMENT_3D ( 'NONE', #1338, #2188, #2697 ) ;
#1436 = DIRECTION ( 'NONE',  ( -0.0000000000000000000, -1.000000000000000000, -0.0000000000000000000 ) ) ;
#1437 = ADVANCED_FACE ( 'NONE', ( #1364 ), #43, .T. ) ;
#1438 = EDGE_LOOP ( 'NONE', ( #2024, #3376, #1623, #2529 ) ) ;
#1439 = FACE_OUTER_BOUND ( 'NONE', #3352, .T. ) ;
#1440 = DIRECTION ( 'NONE',  ( 0.0000000000000000000, 0.0000000000000000000, 1.000000000000000000 ) ) ;
#1441 = ORIENTED_EDGE ( 'NONE', *, *, #777, .F. ) ;
#1442 = DIRECTION ( 'NONE',  ( 0.0000000000000000000, 0.0000000000000000000, 1.000000000000000000 ) ) ;
#1443 = CIRCLE ( 'NONE', #947, 0.09999999999999993616 ) ;
#1444 = AXIS2_PLACEMENT_3D ( 'NONE', #2567, #1133, #186 ) ;
#1445 = ORIENTED_EDGE ( 'NONE', *, *, #369, .F. ) ;
#1446 = CARTESIAN_POINT ( 'NONE',  ( -5.750000000000000000, -4.500000000000000000, -0.7500000000000000000 ) ) ;
#1447 = CARTESIAN_POINT ( 'NONE',  ( -11.75000000000000000, -4.500000000000000000, -0.7499999999999998890 ) ) ;
#1448 = AXIS2_PLACEMENT_3D ( 'NONE', #71, #1130, #856 ) ;
#1449 = ORIENTED_EDGE ( 'NONE', *, *, #627, .T. ) ;
#1450 = AXIS2_PLACEMENT_3D ( 'NONE', #2655, #748, #1575 ) ;
#1451 = CARTESIAN_POINT ( 'NONE',  ( -8.349999999999999645, -4.500000000000000000, -0.8500000000000001998 ) ) ;
#1452 = EDGE_CURVE ( 'NONE', #1037, #194, #1905, .T. ) ;
#1453 = CIRCLE ( 'NONE', #220, 0.6500000000000000222 ) ;
#1454 = EDGE_LOOP ( 'NONE', ( #1386, #2362, #568, #1794 ) ) ;
#1455 = CARTESIAN_POINT ( 'NONE',  ( 12.25000000000000000, -4.500000000000000000, -0.7500000000000000000 ) ) ;
#1456 = EDGE_CURVE ( 'NONE', #1585, #645, #1240, .T. ) ;
#1457 = DIRECTION ( 'NONE',  ( 0.0000000000000000000, 0.0000000000000000000, 1.000000000000000000 ) ) ;
#1458 = ORIENTED_EDGE ( 'NONE', *, *, #3405, .T. ) ;
#1459 = DIRECTION ( 'NONE',  ( 0.0000000000000000000, 0.0000000000000000000, 1.000000000000000000 ) ) ;
#1460 = CARTESIAN_POINT ( 'NONE',  ( -10.25000000000000000, -4.500000000000000000, -0.7500000000000000000 ) ) ;
#1461 = VERTEX_POINT ( 'NONE', #2304 ) ;
#1462 = FACE_OUTER_BOUND ( 'NONE', #3059, .T. ) ;
#1463 = VERTEX_POINT ( 'NONE', #3322 ) ;
#1464 = FACE_OUTER_BOUND ( 'NONE', #3456, .T. ) ;
#1465 = CARTESIAN_POINT ( 'NONE',  ( -3.750000000000000000, 4.500000000000000000, -0.7499999999999998890 ) ) ;
#1466 = VERTEX_POINT ( 'NONE', #1190 ) ;
#1467 = CARTESIAN_POINT ( 'NONE',  ( 19.00000000000000355, -4.500000000000000000, -1.500000000000000000 ) ) ;
#1468 = ORIENTED_EDGE ( 'NONE', *, *, #1940, .T. ) ;
#1469 = ADVANCED_FACE ( 'NONE', ( #2235 ), #183, .T. ) ;
#1470 = DIRECTION ( 'NONE',  ( 0.0000000000000000000, 0.0000000000000000000, 1.000000000000000000 ) ) ;
#1471 = CARTESIAN_POINT ( 'NONE',  ( -1.000000000000000000, -4.500000000000000000, -1.500000000000000000 ) ) ;
#1472 = ORIENTED_EDGE ( 'NONE', *, *, #2469, .T. ) ;
#1473 = CARTESIAN_POINT ( 'NONE',  ( 4.250000000000000000, 4.500000000000000000, -0.7500000000000000000 ) ) ;
#1474 = EDGE_CURVE ( 'NONE', #1250, #1262, #34, .T. ) ;
#1475 = DIRECTION ( 'NONE',  ( 0.0000000000000000000, 0.0000000000000000000, 1.000000000000000000 ) ) ;
#1476 = ORIENTED_EDGE ( 'NONE', *, *, #1540, .F. ) ;
#1477 = CARTESIAN_POINT ( 'NONE',  ( 7.750000000000000000, 4.500000000000000000, -0.7500000000000000000 ) ) ;
#1478 = CIRCLE ( 'NONE', #2035, 0.6500000000000000222 ) ;
#1479 = EDGE_CURVE ( 'NONE', #1990, #1867, #1149, .T. ) ;
#1480 = ORIENTED_EDGE ( 'NONE', *, *, #3122, .F. ) ;
#1481 = CARTESIAN_POINT ( 'NONE',  ( 17.00000000000000000, -4.500000000000000000, -0.8500000000000000888 ) ) ;
#1482 = VECTOR ( 'NONE', #3080, 1000.000000000000000 ) ;
#1483 = DIRECTION ( 'NONE',  ( 0.0000000000000000000, 0.0000000000000000000, 1.000000000000000000 ) ) ;
#1484 = AXIS2_PLACEMENT_3D ( 'NONE', #3077, #2772, #689 ) ;
#1485 = ORIENTED_EDGE ( 'NONE', *, *, #3189, .T. ) ;
#1486 = DIRECTION ( 'NONE',  ( -0.0000000000000000000, -1.000000000000000000, -0.0000000000000000000 ) ) ;
#1487 = VECTOR ( 'NONE', #594, 1000.000000000000000 ) ;
#1488 = VERTEX_POINT ( 'NONE', #691 ) ;
#1489 = CIRCLE ( 'NONE', #1430, 0.6500000000000000222 ) ;
#1490 = CARTESIAN_POINT ( 'NONE',  ( -17.75000000000000355, 4.500000000000000000, -0.7499999999999998890 ) ) ;
#1491 = DIRECTION ( 'NONE',  ( 0.0000000000000000000, 0.0000000000000000000, -1.000000000000000000 ) ) ;
#1492 = LINE ( 'NONE', #2921, #1099 ) ;
#1493 = EDGE_CURVE ( 'NONE', #922, #225, #948, .T. ) ;
#1494 = AXIS2_PLACEMENT_3D ( 'NONE', #1922, #1178, #3312 ) ;
#1495 = ORIENTED_EDGE ( 'NONE', *, *, #2532, .F. ) ;
#1496 = DIRECTION ( 'NONE',  ( -0.0000000000000000000, -1.000000000000000000, -0.0000000000000000000 ) ) ;
#1497 = DIRECTION ( 'NONE',  ( -0.0000000000000000000, -1.000000000000000000, -0.0000000000000000000 ) ) ;
#1498 = ORIENTED_EDGE ( 'NONE', *, *, #2832, .F. ) ;
#1499 = AXIS2_PLACEMENT_3D ( 'NONE', #3330, #2799, #1459 ) ;
#1500 = LINE ( 'NONE', #455, #2544 ) ;
#1501 = EDGE_CURVE ( 'NONE', #1963, #2987, #638, .T. ) ;
#1502 = VERTEX_POINT ( 'NONE', #1467 ) ;
#1503 = CARTESIAN_POINT ( 'NONE',  ( 9.650000000000000355, 4.500000000000000000, -0.8500000000000001998 ) ) ;
#1504 = VERTEX_POINT ( 'NONE', #1973 ) ;
#1505 = AXIS2_PLACEMENT_3D ( 'NONE', #2998, #1948, #73 ) ;
#1506 = DIRECTION ( 'NONE',  ( -0.0000000000000000000, -1.000000000000000000, -0.0000000000000000000 ) ) ;
#1507 = ORIENTED_EDGE ( 'NONE', *, *, #288, .F. ) ;
#1508 = DIRECTION ( 'NONE',  ( -0.0000000000000000000, 1.000000000000000000, 0.0000000000000000000 ) ) ;
#1509 = CARTESIAN_POINT ( 'NONE',  ( 10.25000000000000000, 4.500000000000000000, -0.7499999999999998890 ) ) ;
#1510 = AXIS2_PLACEMENT_3D ( 'NONE', #2677, #2601, #1334 ) ;
#1511 = VERTEX_POINT ( 'NONE', #978 ) ;
#1512 = DIRECTION ( 'NONE',  ( 0.0000000000000000000, 0.0000000000000000000, 1.000000000000000000 ) ) ;
#1513 = LINE ( 'NONE', #2052, #2766 ) ;
#1514 = DIRECTION ( 'NONE',  ( 0.0000000000000000000, 1.000000000000000000, 0.0000000000000000000 ) ) ;
#1515 = ORIENTED_EDGE ( 'NONE', *, *, #1255, .F. ) ;
#1516 = EDGE_CURVE ( 'NONE', #555, #3101, #708, .T. ) ;
#1517 = DIRECTION ( 'NONE',  ( -0.0000000000000000000, -1.000000000000000000, -0.0000000000000000000 ) ) ;
#1518 = ORIENTED_EDGE ( 'NONE', *, *, #1275, .T. ) ;
#1519 = EDGE_CURVE ( 'NONE', #1418, #2251, #2564, .T. ) ;
#1520 = CYLINDRICAL_SURFACE ( 'NONE', #3268, 0.6500000000000000222 ) ;
#1521 = VERTEX_POINT ( 'NONE', #930 ) ;
#1522 = EDGE_CURVE ( 'NONE', #3146, #1237, #3343, .T. ) ;
#1523 = CARTESIAN_POINT ( 'NONE',  ( 7.750000000000000000, -4.500000000000000000, -0.8499999999999999778 ) ) ;
#1524 = DIRECTION ( 'NONE',  ( 0.0000000000000000000, 0.0000000000000000000, -1.000000000000000000 ) ) ;
#1525 = ORIENTED_EDGE ( 'NONE', *, *, #650, .T. ) ;
#1526 = CARTESIAN_POINT ( 'NONE',  ( -5.000000000000000000, -4.500000000000000000, -0.8500000000000000888 ) ) ;
#1527 = CARTESIAN_POINT ( 'NONE',  ( -1.000000000000000000, -4.500000000000000000, -0.8500000000000000888 ) ) ;
#1528 = CARTESIAN_POINT ( 'NONE',  ( -8.250000000000000000, -4.500000000000000000, -0.7500000000000000000 ) ) ;
#1529 = ORIENTED_EDGE ( 'NONE', *, *, #459, .F. ) ;
#1530 = DIRECTION ( 'NONE',  ( -0.0000000000000000000, -1.000000000000000000, -0.0000000000000000000 ) ) ;
#1531 = EDGE_CURVE ( 'NONE', #1521, #532, #1762, .T. ) ;
#1532 = ORIENTED_EDGE ( 'NONE', *, *, #1727, .T. ) ;
#1533 = CIRCLE ( 'NONE', #1588, 0.6500000000000000222 ) ;
#1534 = FACE_OUTER_BOUND ( 'NONE', #2726, .T. ) ;
#1535 = EDGE_CURVE ( 'NONE', #2154, #1401, #1311, .T. ) ;
#1536 = ORIENTED_EDGE ( 'NONE', *, *, #346, .F. ) ;
#1537 = DIRECTION ( 'NONE',  ( -0.0000000000000000000, -1.000000000000000000, -0.0000000000000000000 ) ) ;
#1538 = CIRCLE ( 'NONE', #38, 0.6500000000000000222 ) ;
#1539 = CARTESIAN_POINT ( 'NONE',  ( -7.750000000000000000, 4.500000000000000000, -0.7499999999999998890 ) ) ;
#1540 = EDGE_CURVE ( 'NONE', #1919, #3332, #2807, .T. ) ;
#1541 = AXIS2_PLACEMENT_3D ( 'NONE', #1527, #1545, #3400 ) ;
#1542 = ORIENTED_EDGE ( 'NONE', *, *, #1353, .F. ) ;
#1543 = CARTESIAN_POINT ( 'NONE',  ( -4.250000000000000000, 4.500000000000000000, -0.7500000000000000000 ) ) ;
#1544 = MECHANICAL_DESIGN_GEOMETRIC_PRESENTATION_REPRESENTATION (  '', ( #2937 ), #2716 ) ;
#1545 = DIRECTION ( 'NONE',  ( -0.0000000000000000000, -1.000000000000000000, -0.0000000000000000000 ) ) ;
#1546 = ADVANCED_FACE ( 'NONE', ( #2291 ), #3361, .F. ) ;
#1547 = CARTESIAN_POINT ( 'NONE',  ( 19.00000000000000355, 4.500000000000000000, 0.0000000000000000000 ) ) ;
#1548 = CIRCLE ( 'NONE', #109, 0.6500000000000000222 ) ;
#1549 = ORIENTED_EDGE ( 'NONE', *, *, #1245, .F. ) ;
#1550 = CARTESIAN_POINT ( 'NONE',  ( -15.75000000000000000, 4.500000000000000000, -0.7499999999999998890 ) ) ;
#1551 = ORIENTED_EDGE ( 'NONE', *, *, #2773, .T. ) ;
#1552 = DIRECTION ( 'NONE',  ( 0.0000000000000000000, 0.0000000000000000000, 1.000000000000000000 ) ) ;
#1553 = FACE_OUTER_BOUND ( 'NONE', #2295, .T. ) ;
#1554 = AXIS2_PLACEMENT_3D ( 'NONE', #1734, #1975, #3115 ) ;
#1555 = DIRECTION ( 'NONE',  ( 0.0000000000000000000, 0.0000000000000000000, -1.000000000000000000 ) ) ;
#1556 = EDGE_CURVE ( 'NONE', #2562, #1208, #2792, .T. ) ;
#1557 = DIRECTION ( 'NONE',  ( 0.0000000000000000000, 0.0000000000000000000, 1.000000000000000000 ) ) ;
#1558 = CIRCLE ( 'NONE', #3127, 0.09999999999999993616 ) ;
#1559 = VERTEX_POINT ( 'NONE', #1451 ) ;
#1560 = CARTESIAN_POINT ( 'NONE',  ( 1.000000000000000000, 4.500000000000000000, -0.8500000000000000888 ) ) ;
#1561 = AXIS2_PLACEMENT_3D ( 'NONE', #2784, #1497, #1247 ) ;
#1562 = FACE_OUTER_BOUND ( 'NONE', #959, .T. ) ;
#1563 = CIRCLE ( 'NONE', #67, 0.6500000000000000222 ) ;
#1564 = LINE ( 'NONE', #1318, #1213 ) ;
#1565 = ORIENTED_EDGE ( 'NONE', *, *, #2312, .T. ) ;
#1566 = CARTESIAN_POINT ( 'NONE',  ( 3.000000000000000000, 4.500000000000000000, -1.500000000000000000 ) ) ;
#1567 = ORIENTED_EDGE ( 'NONE', *, *, #2082, .T. ) ;
#1568 = FACE_OUTER_BOUND ( 'NONE', #1673, .T. ) ;
#1569 = CARTESIAN_POINT ( 'NONE',  ( 12.25000000000000000, -4.500000000000000000, -0.7499999999999998890 ) ) ;
#1570 = DIRECTION ( 'NONE',  ( 0.0000000000000000000, 0.0000000000000000000, 1.000000000000000000 ) ) ;
#1571 = CARTESIAN_POINT ( 'NONE',  ( 1.749999999999999778, 4.500000000000000000, -0.7500000000000000000 ) ) ;
#1572 = FACE_OUTER_BOUND ( 'NONE', #1269, .T. ) ;
#1573 = EDGE_CURVE ( 'NONE', #487, #520, #2513, .T. ) ;
#1574 = VERTEX_POINT ( 'NONE', #132 ) ;
#1575 = DIRECTION ( 'NONE',  ( 0.0000000000000000000, 0.0000000000000000000, 1.000000000000000000 ) ) ;
#1576 = CARTESIAN_POINT ( 'NONE',  ( 6.250000000000000000, -4.500000000000000000, -0.8499999999999999778 ) ) ;
#1577 = VERTEX_POINT ( 'NONE', #2250 ) ;
#1578 = DIRECTION ( 'NONE',  ( -0.0000000000000000000, -1.000000000000000000, -0.0000000000000000000 ) ) ;
#1579 = ORIENTED_EDGE ( 'NONE', *, *, #8, .T. ) ;
#1580 = CARTESIAN_POINT ( 'NONE',  ( -9.750000000000000000, 4.500000000000000000, -0.7500000000000000000 ) ) ;
#1581 = PLANE ( 'NONE',  #1207 ) ;
#1582 = EDGE_CURVE ( 'NONE', #1373, #3050, #3096, .T. ) ;
#1583 = EDGE_LOOP ( 'NONE', ( #2890, #3193, #2872, #572 ) ) ;
#1584 = CARTESIAN_POINT ( 'NONE',  ( -13.00000000000000178, -4.500000000000000000, -0.8500000000000000888 ) ) ;
#1585 = VERTEX_POINT ( 'NONE', #2628 ) ;
#1586 = CARTESIAN_POINT ( 'NONE',  ( 7.000000000000000000, 4.500000000000000000, -1.500000000000000000 ) ) ;
#1587 = CARTESIAN_POINT ( 'NONE',  ( 2.250000000000000444, 4.500000000000000000, -0.7499999999999998890 ) ) ;
#1588 = AXIS2_PLACEMENT_3D ( 'NONE', #1584, #195, #2087 ) ;
#1589 = VERTEX_POINT ( 'NONE', #1781 ) ;
#1590 = VECTOR ( 'NONE', #2195, 1000.000000000000000 ) ;
#1591 = LINE ( 'NONE', #1611, #1836 ) ;
#1592 = EDGE_CURVE ( 'NONE', #125, #1796, #1, .T. ) ;
#1593 = DIRECTION ( 'NONE',  ( -1.000000000000000000, 0.0000000000000000000, -4.336808689942015764E-16 ) ) ;
#1594 = AXIS2_PLACEMENT_3D ( 'NONE', #686, #1983, #367 ) ;
#1595 = ORIENTED_EDGE ( 'NONE', *, *, #1806, .T. ) ;
#1596 = DIRECTION ( 'NONE',  ( -0.0000000000000000000, -1.000000000000000000, -0.0000000000000000000 ) ) ;
#1597 = ORIENTED_EDGE ( 'NONE', *, *, #777, .T. ) ;
#1598 = VECTOR ( 'NONE', #588, 1000.000000000000000 ) ;
#1599 = DIRECTION ( 'NONE',  ( -1.000000000000000000, 0.0000000000000000000, -4.336808689942015764E-16 ) ) ;
#1600 = ADVANCED_FACE ( 'NONE', ( #1024 ), #3160, .F. ) ;
#1601 = DIRECTION ( 'NONE',  ( -0.0000000000000000000, 1.000000000000000000, 0.0000000000000000000 ) ) ;
#1602 = VECTOR ( 'NONE', #280, 1000.000000000000000 ) ;
#1603 = ORIENTED_EDGE ( 'NONE', *, *, #2836, .T. ) ;
#1604 = DIRECTION ( 'NONE',  ( -0.0000000000000000000, -1.000000000000000000, -0.0000000000000000000 ) ) ;
#1605 = CARTESIAN_POINT ( 'NONE',  ( 0.0000000000000000000, 0.0000000000000000000, 0.0000000000000000000 ) ) ;
#1606 = ORIENTED_EDGE ( 'NONE', *, *, #2116, .F. ) ;
#1607 = CARTESIAN_POINT ( 'NONE',  ( 12.25000000000000000, 4.500000000000000000, -0.8499999999999999778 ) ) ;
#1608 = ADVANCED_FACE ( 'NONE', ( #1534 ), #1795, .F. ) ;
#1609 = LINE ( 'NONE', #2197, #3212 ) ;
#1610 = ORIENTED_EDGE ( 'NONE', *, *, #23, .T. ) ;
#1611 = CARTESIAN_POINT ( 'NONE',  ( 10.34999999999999964, 4.500000000000000000, -0.8500000000000001998 ) ) ;
#1612 = VECTOR ( 'NONE', #1425, 1000.000000000000000 ) ;
#1613 = AXIS2_PLACEMENT_3D ( 'NONE', #2089, #1885, #1570 ) ;
#1614 = CARTESIAN_POINT ( 'NONE',  ( -18.25000000000000355, -4.500000000000000000, -0.7500000000000000000 ) ) ;
#1615 = ORIENTED_EDGE ( 'NONE', *, *, #1085, .T. ) ;
#1616 = FACE_OUTER_BOUND ( 'NONE', #997, .T. ) ;
#1617 = CIRCLE ( 'NONE', #1061, 0.09999999999999993616 ) ;
#1618 = VERTEX_POINT ( 'NONE', #247 ) ;
#1619 = CYLINDRICAL_SURFACE ( 'NONE', #937, 0.09999999999999993616 ) ;
#1620 = FACE_OUTER_BOUND ( 'NONE', #51, .T. ) ;
#1621 = AXIS2_PLACEMENT_3D ( 'NONE', #3024, #1662, #81 ) ;
#1622 = ADVANCED_FACE ( 'NONE', ( #1568 ), #1520, .T. ) ;
#1623 = ORIENTED_EDGE ( 'NONE', *, *, #1750, .F. ) ;
#1624 = LINE ( 'NONE', #876, #2316 ) ;
#1625 = ORIENTED_EDGE ( 'NONE', *, *, #3421, .T. ) ;
#1626 = DIRECTION ( 'NONE',  ( 0.0000000000000000000, 0.0000000000000000000, -1.000000000000000000 ) ) ;
#1627 = CARTESIAN_POINT ( 'NONE',  ( 4.250000000000000000, 4.500000000000000000, -0.7499999999999998890 ) ) ;
#1628 = EDGE_CURVE ( 'NONE', #3397, #979, #267, .T. ) ;
#1629 = VERTEX_POINT ( 'NONE', #2320 ) ;
#1630 = CARTESIAN_POINT ( 'NONE',  ( 1.000000000000000000, -4.500000000000000000, -1.500000000000000000 ) ) ;
#1631 = DIRECTION ( 'NONE',  ( 0.0000000000000000000, 0.0000000000000000000, 1.000000000000000000 ) ) ;
#1632 = ORIENTED_EDGE ( 'NONE', *, *, #2526, .T. ) ;
#1633 = LINE ( 'NONE', #2961, #3058 ) ;
#1634 = CARTESIAN_POINT ( 'NONE',  ( -17.75000000000000355, 4.500000000000000000, -0.8499999999999999778 ) ) ;
#1635 = VERTEX_POINT ( 'NONE', #2335 ) ;
#1636 = CARTESIAN_POINT ( 'NONE',  ( 1.749999999999999778, -4.500000000000000000, -0.8499999999999999778 ) ) ;
#1637 = EDGE_LOOP ( 'NONE', ( #2096, #2745, #1404, #811 ) ) ;
#1638 = CARTESIAN_POINT ( 'NONE',  ( 5.000000000000000000, 4.500000000000000000, -0.8500000000000000888 ) ) ;
#1639 = EDGE_CURVE ( 'NONE', #1179, #1466, #2476, .T. ) ;
#1640 = DIRECTION ( 'NONE',  ( 0.0000000000000000000, 0.0000000000000000000, 1.000000000000000000 ) ) ;
#1641 = EDGE_CURVE ( 'NONE', #2180, #1289, #1367, .T. ) ;
#1642 = ORIENTED_EDGE ( 'NONE', *, *, #3301, .F. ) ;
#1643 = CARTESIAN_POINT ( 'NONE',  ( 6.250000000000000000, 4.500000000000000000, -0.8499999999999999778 ) ) ;
#1644 = VECTOR ( 'NONE', #2408, 1000.000000000000000 ) ;
#1645 = LINE ( 'NONE', #256, #2824 ) ;
#1646 = AXIS2_PLACEMENT_3D ( 'NONE', #2138, #3003, #1916 ) ;
#1647 = ORIENTED_EDGE ( 'NONE', *, *, #3036, .F. ) ;
#1648 = DIRECTION ( 'NONE',  ( 0.0000000000000000000, 0.0000000000000000000, -1.000000000000000000 ) ) ;
#1649 = DIRECTION ( 'NONE',  ( 0.0000000000000000000, 1.000000000000000000, 0.0000000000000000000 ) ) ;
#1650 = ORIENTED_EDGE ( 'NONE', *, *, #2709, .T. ) ;
#1651 = FILL_AREA_STYLE_COLOUR ( '', #2435 ) ;
#1652 = AXIS2_PLACEMENT_3D ( 'NONE', #3052, #960, #1165 ) ;
#1653 = CYLINDRICAL_SURFACE ( 'NONE', #1034, 0.6500000000000000222 ) ;
#1654 = CIRCLE ( 'NONE', #1321, 0.09999999999999993616 ) ;
#1655 = ORIENTED_EDGE ( 'NONE', *, *, #1021, .T. ) ;
#1656 = DIRECTION ( 'NONE',  ( -0.0000000000000000000, -1.000000000000000000, -0.0000000000000000000 ) ) ;
#1657 = AXIS2_PLACEMENT_3D ( 'NONE', #608, #3045, #680 ) ;
#1658 = AXIS2_PLACEMENT_3D ( 'NONE', #3279, #138, #643 ) ;
#1659 = CARTESIAN_POINT ( 'NONE',  ( 3.750000000000000000, -4.500000000000000000, -0.7500000000000000000 ) ) ;
#1660 = ORIENTED_EDGE ( 'NONE', *, *, #2901, .T. ) ;
#1661 = EDGE_CURVE ( 'NONE', #1867, #297, #1254, .T. ) ;
#1662 = DIRECTION ( 'NONE',  ( -0.0000000000000000000, -1.000000000000000000, -0.0000000000000000000 ) ) ;
#1663 = AXIS2_PLACEMENT_3D ( 'NONE', #2970, #2691, #79 ) ;
#1664 = LINE ( 'NONE', #3327, #2155 ) ;
#1665 = ORIENTED_EDGE ( 'NONE', *, *, #3148, .T. ) ;
#1666 = CARTESIAN_POINT ( 'NONE',  ( -3.649999999999999911, 4.500000000000000000, -0.8500000000000001998 ) ) ;
#1667 = ADVANCED_FACE ( 'NONE', ( #527 ), #2843, .T. ) ;
#1668 = CARTESIAN_POINT ( 'NONE',  ( -16.25000000000000000, 4.500000000000000000, -0.7500000000000000000 ) ) ;
#1669 = ORIENTED_EDGE ( 'NONE', *, *, #2929, .T. ) ;
#1670 = CIRCLE ( 'NONE', #2618, 0.6500000000000000222 ) ;
#1671 = DIRECTION ( 'NONE',  ( -0.0000000000000000000, -1.000000000000000000, -0.0000000000000000000 ) ) ;
#1672 = DIRECTION ( 'NONE',  ( 0.0000000000000000000, 0.0000000000000000000, 1.000000000000000000 ) ) ;
#1673 = EDGE_LOOP ( 'NONE', ( #2770, #1703, #2537, #246 ) ) ;
#1674 = VECTOR ( 'NONE', #3205, 1000.000000000000000 ) ;
#1675 = CARTESIAN_POINT ( 'NONE',  ( 12.34999999999999964, 4.500000000000000000, -0.8500000000000001998 ) ) ;
#1676 = DIRECTION ( 'NONE',  ( -0.0000000000000000000, -1.000000000000000000, -0.0000000000000000000 ) ) ;
#1677 = ORIENTED_EDGE ( 'NONE', *, *, #2636, .F. ) ;
#1678 = CARTESIAN_POINT ( 'NONE',  ( -8.250000000000000000, -4.500000000000000000, -0.8499999999999999778 ) ) ;
#1679 = DIRECTION ( 'NONE',  ( -0.0000000000000000000, 1.000000000000000000, 0.0000000000000000000 ) ) ;
#1680 = EDGE_CURVE ( 'NONE', #2551, #407, #874, .T. ) ;
#1681 = EDGE_LOOP ( 'NONE', ( #3128, #789, #832, #2303 ) ) ;
#1682 = CARTESIAN_POINT ( 'NONE',  ( -12.25000000000000000, 4.500000000000000000, -0.7500000000000000000 ) ) ;
#1683 = PLANE ( 'NONE',  #2288 ) ;
#1684 = VERTEX_POINT ( 'NONE', #2104 ) ;
#1685 = CARTESIAN_POINT ( 'NONE',  ( 1.749999999999999778, 4.500000000000000000, -0.8499999999999999778 ) ) ;
#1686 = CARTESIAN_POINT ( 'NONE',  ( -12.25000000000000000, 4.500000000000000000, -0.7500000000000000000 ) ) ;
#1687 = EDGE_CURVE ( 'NONE', #1461, #1065, #1533, .T. ) ;
#1688 = ORIENTED_EDGE ( 'NONE', *, *, #1680, .F. ) ;
#1689 = LINE ( 'NONE', #2753, #1612 ) ;
#1690 = CARTESIAN_POINT ( 'NONE',  ( -1.749999999999999778, 4.500000000000000000, -0.7500000000000000000 ) ) ;
#1691 = EDGE_CURVE ( 'NONE', #302, #1065, #2367, .T. ) ;
#1692 = CARTESIAN_POINT ( 'NONE',  ( 1.000000000000000000, 4.500000000000000000, -1.500000000000000000 ) ) ;
#1693 = ORIENTED_EDGE ( 'NONE', *, *, #3055, .T. ) ;
#1694 = DIRECTION ( 'NONE',  ( 0.0000000000000000000, 0.0000000000000000000, 1.000000000000000000 ) ) ;
#1695 = FACE_OUTER_BOUND ( 'NONE', #191, .T. ) ;
#1696 = VERTEX_POINT ( 'NONE', #3408 ) ;
#1697 = DIRECTION ( 'NONE',  ( -0.0000000000000000000, 1.000000000000000000, 0.0000000000000000000 ) ) ;
#1698 = AXIS2_PLACEMENT_3D ( 'NONE', #1206, #914, #428 ) ;
#1699 = CARTESIAN_POINT ( 'NONE',  ( 4.250000000000000000, -4.500000000000000000, -0.8499999999999999778 ) ) ;
#1700 = ORIENTED_EDGE ( 'NONE', *, *, #1691, .F. ) ;
#1701 = DIRECTION ( 'NONE',  ( -0.0000000000000000000, -1.000000000000000000, -0.0000000000000000000 ) ) ;
#1702 = AXIS2_PLACEMENT_3D ( 'NONE', #861, #617, #2666 ) ;
#1703 = ORIENTED_EDGE ( 'NONE', *, *, #1947, .T. ) ;
#1704 = EDGE_CURVE ( 'NONE', #2762, #865, #2926, .T. ) ;
#1705 = VECTOR ( 'NONE', #1077, 1000.000000000000000 ) ;
#1706 = CARTESIAN_POINT ( 'NONE',  ( 4.349999999999999645, 4.500000000000000000, -0.8500000000000001998 ) ) ;
#1707 = DIRECTION ( 'NONE',  ( -0.0000000000000000000, 1.000000000000000000, 0.0000000000000000000 ) ) ;
#1708 = CIRCLE ( 'NONE', #208, 0.6500000000000000222 ) ;
#1709 = VERTEX_POINT ( 'NONE', #3420 ) ;
#1710 = VECTOR ( 'NONE', #2156, 1000.000000000000000 ) ;
#1711 = DIRECTION ( 'NONE',  ( -0.0000000000000000000, -1.000000000000000000, -0.0000000000000000000 ) ) ;
#1712 = VECTOR ( 'NONE', #2432, 1000.000000000000000 ) ;
#1713 = ORIENTED_EDGE ( 'NONE', *, *, #563, .F. ) ;
#1714 = EDGE_CURVE ( 'NONE', #532, #2511, #2257, .T. ) ;
#1715 = DIRECTION ( 'NONE',  ( 0.0000000000000000000, 0.0000000000000000000, 1.000000000000000000 ) ) ;
#1716 = CIRCLE ( 'NONE', #607, 0.6500000000000000222 ) ;
#1717 = CARTESIAN_POINT ( 'NONE',  ( -13.00000000000000178, 4.500000000000000000, -0.8500000000000000888 ) ) ;
#1718 = ORIENTED_EDGE ( 'NONE', *, *, #1847, .T. ) ;
#1719 = LINE ( 'NONE', #2519, #211 ) ;
#1720 = CARTESIAN_POINT ( 'NONE',  ( -9.000000000000001776, -4.500000000000000000, -0.8500000000000000888 ) ) ;
#1721 = VERTEX_POINT ( 'NONE', #3130 ) ;
#1722 = DIRECTION ( 'NONE',  ( -0.0000000000000000000, -1.000000000000000000, -0.0000000000000000000 ) ) ;
#1723 = VERTEX_POINT ( 'NONE', #2072 ) ;
#1724 = CARTESIAN_POINT ( 'NONE',  ( -13.65000000000000036, 4.500000000000000000, -0.8500000000000001998 ) ) ;
#1725 = DIRECTION ( 'NONE',  ( 0.0000000000000000000, 0.0000000000000000000, -1.000000000000000000 ) ) ;
#1726 = CIRCLE ( 'NONE', #2891, 0.09999999999999993616 ) ;
#1727 = EDGE_CURVE ( 'NONE', #277, #1511, #3323, .T. ) ;
#1728 = ORIENTED_EDGE ( 'NONE', *, *, #2302, .F. ) ;
#1729 = VECTOR ( 'NONE', #1787, 1000.000000000000000 ) ;
#1730 = AXIS2_PLACEMENT_3D ( 'NONE', #2354, #3425, #1814 ) ;
#1731 = CARTESIAN_POINT ( 'NONE',  ( 0.2500000000000001110, 4.500000000000000000, -0.7500000000000000000 ) ) ;
#1732 = VECTOR ( 'NONE', #3424, 1000.000000000000000 ) ;
#1733 = ORIENTED_EDGE ( 'NONE', *, *, #859, .F. ) ;
#1734 = CARTESIAN_POINT ( 'NONE',  ( 2.250000000000000444, 4.500000000000000000, -0.8499999999999999778 ) ) ;
#1735 = CYLINDRICAL_SURFACE ( 'NONE', #603, 0.09999999999999993616 ) ;
#1736 = EDGE_CURVE ( 'NONE', #1195, #2855, #3384, .T. ) ;
#1737 = EDGE_LOOP ( 'NONE', ( #258, #3106, #309, #970 ) ) ;
#1738 = CARTESIAN_POINT ( 'NONE',  ( 10.34999999999999964, -4.500000000000000000, -0.8500000000000001998 ) ) ;
#1739 = DIRECTION ( 'NONE',  ( -0.0000000000000000000, 1.000000000000000000, 0.0000000000000000000 ) ) ;
#1740 = ORIENTED_EDGE ( 'NONE', *, *, #2261, .F. ) ;
#1741 = CARTESIAN_POINT ( 'NONE',  ( 19.00000000000000355, 4.500000000000000000, -1.500000000000000000 ) ) ;
#1742 = ORIENTED_EDGE ( 'NONE', *, *, #3095, .F. ) ;
#1743 = CARTESIAN_POINT ( 'NONE',  ( -11.00000000000000000, 4.500000000000000000, -0.8500000000000000888 ) ) ;
#1744 = DIRECTION ( 'NONE',  ( -1.000000000000000000, 0.0000000000000000000, -4.336808689942015764E-16 ) ) ;
#1745 = VERTEX_POINT ( 'NONE', #1344 ) ;
#1746 = ADVANCED_FACE ( 'NONE', ( #355 ), #78, .T. ) ;
#1747 = CARTESIAN_POINT ( 'NONE',  ( -3.000000000000000000, 4.500000000000000000, -1.500000000000000000 ) ) ;
#1748 = ORIENTED_EDGE ( 'NONE', *, *, #1792, .T. ) ;
#1749 = CARTESIAN_POINT ( 'NONE',  ( 7.650000000000000355, 4.500000000000000000, -0.8500000000000001998 ) ) ;
#1750 = EDGE_CURVE ( 'NONE', #922, #1875, #2420, .T. ) ;
#1751 = DIRECTION ( 'NONE',  ( -0.0000000000000000000, -1.000000000000000000, -0.0000000000000000000 ) ) ;
#1752 = CARTESIAN_POINT ( 'NONE',  ( 15.00000000000000000, 4.500000000000000000, -0.8500000000000000888 ) ) ;
#1753 = ORIENTED_EDGE ( 'NONE', *, *, #2913, .F. ) ;
#1754 = CYLINDRICAL_SURFACE ( 'NONE', #3001, 0.6500000000000000222 ) ;
#1755 = CARTESIAN_POINT ( 'NONE',  ( -12.34999999999999964, 4.500000000000000000, -0.8500000000000001998 ) ) ;
#1756 = ORIENTED_EDGE ( 'NONE', *, *, #881, .F. ) ;
#1757 = LINE ( 'NONE', #973, #1813 ) ;
#1758 = ORIENTED_EDGE ( 'NONE', *, *, #2626, .F. ) ;
#1759 = AXIS2_PLACEMENT_3D ( 'NONE', #1103, #1937, #850 ) ;
#1760 = DIRECTION ( 'NONE',  ( -0.0000000000000000000, -1.000000000000000000, -0.0000000000000000000 ) ) ;
#1761 = ORIENTED_EDGE ( 'NONE', *, *, #1422, .T. ) ;
#1762 = LINE ( 'NONE', #1692, #1482 ) ;
#1763 = CIRCLE ( 'NONE', #205, 0.6500000000000000222 ) ;
#1764 = ORIENTED_EDGE ( 'NONE', *, *, #2465, .F. ) ;
#1765 = CIRCLE ( 'NONE', #1876, 0.09999999999999993616 ) ;
#1766 = CARTESIAN_POINT ( 'NONE',  ( -3.750000000000000000, -4.500000000000000000, -0.8499999999999999778 ) ) ;
#1767 = DIRECTION ( 'NONE',  ( 0.0000000000000000000, 0.0000000000000000000, 1.000000000000000000 ) ) ;
#1768 = VECTOR ( 'NONE', #1803, 1000.000000000000000 ) ;
#1769 = ADVANCED_FACE ( 'NONE', ( #37 ), #1137, .T. ) ;
#1770 = ORIENTED_EDGE ( 'NONE', *, *, #3365, .T. ) ;
#1771 = DIRECTION ( 'NONE',  ( -0.0000000000000000000, -1.000000000000000000, -0.0000000000000000000 ) ) ;
#1772 = AXIS2_PLACEMENT_3D ( 'NONE', #2241, #1180, #2783 ) ;
#1773 = DIRECTION ( 'NONE',  ( -0.0000000000000000000, -1.000000000000000000, -0.0000000000000000000 ) ) ;
#1774 = EDGE_CURVE ( 'NONE', #499, #2365, #36, .T. ) ;
#1775 = DIRECTION ( 'NONE',  ( -0.0000000000000000000, -1.000000000000000000, -0.0000000000000000000 ) ) ;
#1776 = EDGE_LOOP ( 'NONE', ( #1084, #1205, #774, #609 ) ) ;
#1777 = DIRECTION ( 'NONE',  ( 0.0000000000000000000, 0.0000000000000000000, 1.000000000000000000 ) ) ;
#1778 = ADVANCED_FACE ( 'NONE', ( #598 ), #2927, .T. ) ;
#1779 = ORIENTED_EDGE ( 'NONE', *, *, #977, .T. ) ;
#1780 = AXIS2_PLACEMENT_3D ( 'NONE', #649, #1168, #2542 ) ;
#1781 = CARTESIAN_POINT ( 'NONE',  ( -11.00000000000000000, 4.500000000000000000, -1.500000000000000000 ) ) ;
#1782 = ORIENTED_EDGE ( 'NONE', *, *, #1936, .T. ) ;
#1783 = CARTESIAN_POINT ( 'NONE',  ( -17.75000000000000355, -4.500000000000000000, -0.7499999999999998890 ) ) ;
#1784 = CARTESIAN_POINT ( 'NONE',  ( 9.650000000000000355, -4.500000000000000000, -0.8500000000000001998 ) ) ;
#1785 = AXIS2_PLACEMENT_3D ( 'NONE', #2148, #3225, #1158 ) ;
#1786 = ORIENTED_EDGE ( 'NONE', *, *, #2196, .T. ) ;
#1787 = DIRECTION ( 'NONE',  ( -1.000000000000000000, 0.0000000000000000000, -4.336808689942015764E-16 ) ) ;
#1788 = ADVANCED_FACE ( 'NONE', ( #322 ), #3266, .T. ) ;
#1789 = CARTESIAN_POINT ( 'NONE',  ( -6.349999999999999645, -4.500000000000000000, -0.8500000000000001998 ) ) ;
#1790 = CARTESIAN_POINT ( 'NONE',  ( 2.250000000000000444, 4.500000000000000000, -0.7500000000000000000 ) ) ;
#1791 = VERTEX_POINT ( 'NONE', #2161 ) ;
#1792 = EDGE_CURVE ( 'NONE', #1319, #2119, #1624, .T. ) ;
#1793 = CARTESIAN_POINT ( 'NONE',  ( -2.250000000000000444, -4.500000000000000000, -0.7500000000000000000 ) ) ;
#1794 = ORIENTED_EDGE ( 'NONE', *, *, #1897, .F. ) ;
#1795 = PLANE ( 'NONE',  #2366 ) ;
#1796 = VERTEX_POINT ( 'NONE', #545 ) ;
#1797 = LINE ( 'NONE', #780, #1732 ) ;
#1798 = EDGE_CURVE ( 'NONE', #96, #3082, #1031, .T. ) ;
#1799 = DIRECTION ( 'NONE',  ( -0.0000000000000000000, -1.000000000000000000, -0.0000000000000000000 ) ) ;
#1800 = ORIENTED_EDGE ( 'NONE', *, *, #3313, .T. ) ;
#1801 = DIRECTION ( 'NONE',  ( 0.0000000000000000000, 0.0000000000000000000, 1.000000000000000000 ) ) ;
#1802 = CARTESIAN_POINT ( 'NONE',  ( -10.34999999999999964, 4.500000000000000000, -0.8500000000000001998 ) ) ;
#1803 = DIRECTION ( 'NONE',  ( -0.0000000000000000000, -1.000000000000000000, -0.0000000000000000000 ) ) ;
#1804 = ORIENTED_EDGE ( 'NONE', *, *, #3415, .T. ) ;
#1805 = LINE ( 'NONE', #245, #2088 ) ;
#1806 = EDGE_CURVE ( 'NONE', #3245, #2808, #2403, .T. ) ;
#1807 = ORIENTED_EDGE ( 'NONE', *, *, #2875, .F. ) ;
#1808 = VECTOR ( 'NONE', #1506, 1000.000000000000000 ) ;
#1809 = DIRECTION ( 'NONE',  ( -0.0000000000000000000, -1.000000000000000000, -0.0000000000000000000 ) ) ;
#1810 = EDGE_CURVE ( 'NONE', #589, #3447, #2819, .T. ) ;
#1811 = VERTEX_POINT ( 'NONE', #19 ) ;
#1812 = CARTESIAN_POINT ( 'NONE',  ( -9.000000000000001776, 4.500000000000000000, -1.500000000000000000 ) ) ;
#1813 = VECTOR ( 'NONE', #749, 1000.000000000000000 ) ;
#1814 = DIRECTION ( 'NONE',  ( 0.0000000000000000000, 0.0000000000000000000, -1.000000000000000000 ) ) ;
#1815 = EDGE_LOOP ( 'NONE', ( #1411, #55, #2455, #140 ) ) ;
#1816 = CARTESIAN_POINT ( 'NONE',  ( 11.00000000000000000, -4.500000000000000000, -1.500000000000000000 ) ) ;
#1817 = VECTOR ( 'NONE', #2097, 1000.000000000000000 ) ;
#1818 = DIRECTION ( 'NONE',  ( -0.0000000000000000000, -1.000000000000000000, -0.0000000000000000000 ) ) ;
#1819 = APPLICATION_CONTEXT ( 'automotive_design' ) ;
#1820 = CARTESIAN_POINT ( 'NONE',  ( -9.750000000000000000, -4.500000000000000000, -0.7499999999999998890 ) ) ;
#1821 = AXIS2_PLACEMENT_3D ( 'NONE', #521, #1578, #2053 ) ;
#1822 = ORIENTED_EDGE ( 'NONE', *, *, #2387, .T. ) ;
#1823 = CARTESIAN_POINT ( 'NONE',  ( -13.75000000000000000, 4.500000000000000000, -0.7500000000000000000 ) ) ;
#1824 = VERTEX_POINT ( 'NONE', #1079 ) ;
#1825 = DIRECTION ( 'NONE',  ( -0.0000000000000000000, -1.000000000000000000, -0.0000000000000000000 ) ) ;
#1826 = EDGE_CURVE ( 'NONE', #2402, #168, #3381, .T. ) ;
#1827 = VERTEX_POINT ( 'NONE', #2968 ) ;
#1828 = AXIS2_PLACEMENT_3D ( 'NONE', #2931, #2525, #2788 ) ;
#1829 = CIRCLE ( 'NONE', #1444, 0.6500000000000000222 ) ;
#1830 = DIRECTION ( 'NONE',  ( -0.0000000000000000000, -1.000000000000000000, -0.0000000000000000000 ) ) ;
#1831 = DIRECTION ( 'NONE',  ( -0.0000000000000000000, 1.000000000000000000, 0.0000000000000000000 ) ) ;
#1832 = ADVANCED_FACE ( 'NONE', ( #583 ), #1883, .F. ) ;
#1833 = AXIS2_PLACEMENT_3D ( 'NONE', #3029, #921, #3316 ) ;
#1834 = ORIENTED_EDGE ( 'NONE', *, *, #1917, .T. ) ;
#1835 = CARTESIAN_POINT ( 'NONE',  ( 17.00000000000000000, 4.500000000000000000, -0.8500000000000000888 ) ) ;
#1836 = VECTOR ( 'NONE', #1070, 1000.000000000000000 ) ;
#1837 = CIRCLE ( 'NONE', #1896, 0.09999999999999993616 ) ;
#1838 = CARTESIAN_POINT ( 'NONE',  ( -16.25000000000000000, -4.500000000000000000, -0.8499999999999999778 ) ) ;
#1839 = ORIENTED_EDGE ( 'NONE', *, *, #226, .F. ) ;
#1840 = CARTESIAN_POINT ( 'NONE',  ( 11.65000000000000036, 4.500000000000000000, -0.8500000000000001998 ) ) ;
#1841 = ORIENTED_EDGE ( 'NONE', *, *, #241, .T. ) ;
#1842 = DIRECTION ( 'NONE',  ( 0.0000000000000000000, 0.0000000000000000000, 1.000000000000000000 ) ) ;
#1843 = DIRECTION ( 'NONE',  ( -4.336808689942015271E-16, 0.0000000000000000000, 1.000000000000000000 ) ) ;
#1844 = VERTEX_POINT ( 'NONE', #2456 ) ;
#1845 = DIRECTION ( 'NONE',  ( -0.0000000000000000000, -1.000000000000000000, -0.0000000000000000000 ) ) ;
#1846 = VERTEX_POINT ( 'NONE', #1675 ) ;
#1847 = EDGE_CURVE ( 'NONE', #1696, #1875, #3104, .T. ) ;
#1848 = LINE ( 'NONE', #530, #2013 ) ;
#1849 = CARTESIAN_POINT ( 'NONE',  ( -9.000000000000001776, -4.500000000000000000, -0.8500000000000000888 ) ) ;
#1850 = EDGE_LOOP ( 'NONE', ( #2848, #3079, #1542, #506 ) ) ;
#1851 = ADVANCED_FACE ( 'NONE', ( #2687 ), #303, .T. ) ;
#1852 = LINE ( 'NONE', #765, #1674 ) ;
#1853 = CARTESIAN_POINT ( 'NONE',  ( 1.000000000000000000, 4.500000000000000000, -0.8500000000000000888 ) ) ;
#1854 = VERTEX_POINT ( 'NONE', #946 ) ;
#1855 = CARTESIAN_POINT ( 'NONE',  ( 9.000000000000001776, 4.500000000000000000, -1.500000000000000000 ) ) ;
#1856 = EDGE_LOOP ( 'NONE', ( #2103, #3452, #1994, #1182 ) ) ;
#1857 = PRESENTATION_STYLE_ASSIGNMENT (( #2120 ) ) ;
#1858 = CARTESIAN_POINT ( 'NONE',  ( -17.65000000000000213, 4.500000000000000000, -0.8500000000000001998 ) ) ;
#1859 = ADVANCED_FACE ( 'NONE', ( #2213 ), #2527, .T. ) ;
#1860 = ORIENTED_EDGE ( 'NONE', *, *, #1810, .T. ) ;
#1861 = CARTESIAN_POINT ( 'NONE',  ( -17.75000000000000355, -4.500000000000000000, -0.8499999999999999778 ) ) ;
#1862 = AXIS2_PLACEMENT_3D ( 'NONE', #24, #1124, #2952 ) ;
#1863 = VERTEX_POINT ( 'NONE', #3287 ) ;
#1864 = CARTESIAN_POINT ( 'NONE',  ( -15.65000000000000036, 4.500000000000000000, -0.8500000000000001998 ) ) ;
#1865 = CARTESIAN_POINT ( 'NONE',  ( -13.75000000000000000, 4.500000000000000000, -0.8499999999999999778 ) ) ;
#1866 = AXIS2_PLACEMENT_3D ( 'NONE', #3057, #1760, #1725 ) ;
#1867 = VERTEX_POINT ( 'NONE', #1152 ) ;
#1868 = VECTOR ( 'NONE', #849, 1000.000000000000000 ) ;
#1869 = DIRECTION ( 'NONE',  ( 0.0000000000000000000, 1.000000000000000000, 0.0000000000000000000 ) ) ;
#1870 = LINE ( 'NONE', #2938, #1598 ) ;
#1871 = EDGE_CURVE ( 'NONE', #168, #407, #372, .T. ) ;
#1872 = AXIS2_PLACEMENT_3D ( 'NONE', #2751, #1722, #2802 ) ;
#1873 = VERTEX_POINT ( 'NONE', #3035 ) ;
#1874 = DIRECTION ( 'NONE',  ( -0.0000000000000000000, -1.000000000000000000, -0.0000000000000000000 ) ) ;
#1875 = VERTEX_POINT ( 'NONE', #425 ) ;
#1876 = AXIS2_PLACEMENT_3D ( 'NONE', #2377, #2902, #519 ) ;
#1877 = CARTESIAN_POINT ( 'NONE',  ( 16.25000000000000000, -4.500000000000000000, -0.8499999999999999778 ) ) ;
#1878 = LINE ( 'NONE', #2945, #3387 ) ;
#1879 = EDGE_CURVE ( 'NONE', #1401, #1319, #1955, .T. ) ;
#1880 = AXIS2_PLACEMENT_3D ( 'NONE', #3431, #3172, #787 ) ;
#1881 = VERTEX_POINT ( 'NONE', #2790 ) ;
#1882 = CIRCLE ( 'NONE', #48, 0.09999999999999993616 ) ;
#1883 = CYLINDRICAL_SURFACE ( 'NONE', #2706, 0.09999999999999993616 ) ;
#1884 = EDGE_CURVE ( 'NONE', #1008, #974, #3270, .T. ) ;
#1885 = DIRECTION ( 'NONE',  ( -0.0000000000000000000, -1.000000000000000000, -0.0000000000000000000 ) ) ;
#1886 = DIRECTION ( 'NONE',  ( 0.0000000000000000000, 0.0000000000000000000, -1.000000000000000000 ) ) ;
#1887 = CARTESIAN_POINT ( 'NONE',  ( -11.75000000000000000, 4.500000000000000000, -0.8499999999999999778 ) ) ;
#1888 = AXIS2_PLACEMENT_3D ( 'NONE', #1678, #2475, #3043 ) ;
#1889 = VERTEX_POINT ( 'NONE', #2489 ) ;
#1890 = PLANE ( 'NONE',  #3073 ) ;
#1891 = AXIS2_PLACEMENT_3D ( 'NONE', #2734, #384, #2502 ) ;
#1892 = DIRECTION ( 'NONE',  ( 0.0000000000000000000, 0.0000000000000000000, 1.000000000000000000 ) ) ;
#1893 = ORIENTED_EDGE ( 'NONE', *, *, #74, .F. ) ;
#1894 = FACE_OUTER_BOUND ( 'NONE', #1737, .T. ) ;
#1895 = ORIENTED_EDGE ( 'NONE', *, *, #1132, .T. ) ;
#1896 = AXIS2_PLACEMENT_3D ( 'NONE', #251, #1831, #1278 ) ;
#1897 = EDGE_CURVE ( 'NONE', #2154, #1791, #928, .T. ) ;
#1898 = DIRECTION ( 'NONE',  ( -0.0000000000000000000, -1.000000000000000000, -0.0000000000000000000 ) ) ;
#1899 = CARTESIAN_POINT ( 'NONE',  ( -7.000000000000000000, 4.500000000000000000, -1.500000000000000000 ) ) ;
#1900 = CIRCLE ( 'NONE', #2340, 0.09999999999999993616 ) ;
#1901 = ORIENTED_EDGE ( 'NONE', *, *, #3039, .T. ) ;
#1902 = EDGE_CURVE ( 'NONE', #747, #1919, #2007, .T. ) ;
#1903 = CARTESIAN_POINT ( 'NONE',  ( -3.750000000000000000, 4.500000000000000000, -0.8499999999999999778 ) ) ;
#1904 = EDGE_CURVE ( 'NONE', #2500, #244, #712, .T. ) ;
#1905 = LINE ( 'NONE', #1380, #2983 ) ;
#1906 = VERTEX_POINT ( 'NONE', #2025 ) ;
#1907 = EDGE_CURVE ( 'NONE', #2048, #1179, #2265, .T. ) ;
#1908 = CYLINDRICAL_SURFACE ( 'NONE', #2396, 0.09999999999999993616 ) ;
#1909 = DIRECTION ( 'NONE',  ( 0.0000000000000000000, 0.0000000000000000000, 1.000000000000000000 ) ) ;
#1910 = ORIENTED_EDGE ( 'NONE', *, *, #2688, .F. ) ;
#1911 = DIRECTION ( 'NONE',  ( 0.0000000000000000000, 0.0000000000000000000, 1.000000000000000000 ) ) ;
#1912 = CARTESIAN_POINT ( 'NONE',  ( 10.34999999999999964, 4.500000000000000000, -0.8500000000000001998 ) ) ;
#1913 = ORIENTED_EDGE ( 'NONE', *, *, #3136, .F. ) ;
#1914 = CARTESIAN_POINT ( 'NONE',  ( -0.2500000000000001110, 4.500000000000000000, -0.8499999999999999778 ) ) ;
#1915 = VERTEX_POINT ( 'NONE', #391 ) ;
#1916 = DIRECTION ( 'NONE',  ( 0.0000000000000000000, 0.0000000000000000000, 1.000000000000000000 ) ) ;
#1917 = EDGE_CURVE ( 'NONE', #3259, #2282, #150, .T. ) ;
#1918 = CARTESIAN_POINT ( 'NONE',  ( -9.650000000000000355, -4.500000000000000000, -0.8500000000000001998 ) ) ;
#1919 = VERTEX_POINT ( 'NONE', #130 ) ;
#1920 = CARTESIAN_POINT ( 'NONE',  ( -17.75000000000000355, 4.500000000000000000, -0.7500000000000000000 ) ) ;
#1921 = CIRCLE ( 'NONE', #2586, 0.09999999999999993616 ) ;
#1922 = CARTESIAN_POINT ( 'NONE',  ( -13.75000000000000000, 4.500000000000000000, -0.8499999999999999778 ) ) ;
#1923 = ADVANCED_FACE ( 'NONE', ( #163 ), #1988, .T. ) ;
#1924 = AXIS2_PLACEMENT_3D ( 'NONE', #1638, #1098, #3197 ) ;
#1925 = ORIENTED_EDGE ( 'NONE', *, *, #716, .F. ) ;
#1926 = CYLINDRICAL_SURFACE ( 'NONE', #2828, 0.09999999999999993616 ) ;
#1927 = FACE_OUTER_BOUND ( 'NONE', #841, .T. ) ;
#1928 = ORIENTED_EDGE ( 'NONE', *, *, #2033, .T. ) ;
#1929 = DIRECTION ( 'NONE',  ( 1.000000000000000000, 0.0000000000000000000, 4.336808689942015271E-16 ) ) ;
#1930 = AXIS2_PLACEMENT_3D ( 'NONE', #2436, #808, #264 ) ;
#1931 = CARTESIAN_POINT ( 'NONE',  ( 18.25000000000000355, 4.500000000000000000, -0.7499999999999998890 ) ) ;
#1932 = EDGE_LOOP ( 'NONE', ( #452, #2675, #2077, #3214 ) ) ;
#1933 = DIRECTION ( 'NONE',  ( -0.0000000000000000000, -1.000000000000000000, -0.0000000000000000000 ) ) ;
#1934 = PRESENTATION_LAYER_ASSIGNMENT (  '', '', ( #2937 ) ) ;
#1935 = VECTOR ( 'NONE', #1111, 1000.000000000000000 ) ;
#1936 = EDGE_CURVE ( 'NONE', #639, #3259, #2868, .T. ) ;
#1937 = DIRECTION ( 'NONE',  ( -0.0000000000000000000, -1.000000000000000000, -0.0000000000000000000 ) ) ;
#1938 = VERTEX_POINT ( 'NONE', #2754 ) ;
#1939 = CARTESIAN_POINT ( 'NONE',  ( 6.250000000000000000, -4.500000000000000000, -0.7499999999999998890 ) ) ;
#1940 = EDGE_CURVE ( 'NONE', #1721, #529, #2805, .T. ) ;
#1941 = LINE ( 'NONE', #2991, #882 ) ;
#1942 = ORIENTED_EDGE ( 'NONE', *, *, #1806, .F. ) ;
#1943 = CARTESIAN_POINT ( 'NONE',  ( 13.75000000000000000, 4.500000000000000000, -0.8499999999999999778 ) ) ;
#1944 = DIRECTION ( 'NONE',  ( 0.0000000000000000000, 0.0000000000000000000, 1.000000000000000000 ) ) ;
#1945 = ORIENTED_EDGE ( 'NONE', *, *, #932, .T. ) ;
#1946 = CIRCLE ( 'NONE', #2670, 0.6500000000000000222 ) ;
#1947 = EDGE_CURVE ( 'NONE', #893, #302, #541, .T. ) ;
#1948 = DIRECTION ( 'NONE',  ( 0.0000000000000000000, 1.000000000000000000, 0.0000000000000000000 ) ) ;
#1949 = CYLINDRICAL_SURFACE ( 'NONE', #1872, 0.6500000000000000222 ) ;
#1950 = CIRCLE ( 'NONE', #897, 0.09999999999999993616 ) ;
#1951 = PRODUCT_DEFINITION_SHAPE ( 'NONE', 'NONE',  #58 ) ;
#1952 = VERTEX_POINT ( 'NONE', #3321 ) ;
#1953 = CARTESIAN_POINT ( 'NONE',  ( 18.25000000000000355, -4.500000000000000000, -0.7500000000000000000 ) ) ;
#1954 = AXIS2_PLACEMENT_3D ( 'NONE', #1351, #2094, #1052 ) ;
#1955 = LINE ( 'NONE', #1690, #597 ) ;
#1956 = SHAPE_DEFINITION_REPRESENTATION ( #1951, #2359 ) ;
#1957 = CARTESIAN_POINT ( 'NONE',  ( -1.749999999999999778, 4.500000000000000000, -0.7500000000000000000 ) ) ;
#1958 = EDGE_CURVE ( 'NONE', #3397, #128, #2543, .T. ) ;
#1959 = ORIENTED_EDGE ( 'NONE', *, *, #2177, .F. ) ;
#1960 = CARTESIAN_POINT ( 'NONE',  ( -8.250000000000000000, 4.500000000000000000, -0.8499999999999999778 ) ) ;
#1961 = CARTESIAN_POINT ( 'NONE',  ( -9.750000000000000000, 4.500000000000000000, -0.7499999999999998890 ) ) ;
#1962 = ADVANCED_FACE ( 'NONE', ( #704 ), #1426, .F. ) ;
#1963 = VERTEX_POINT ( 'NONE', #2823 ) ;
#1964 = CARTESIAN_POINT ( 'NONE',  ( 16.25000000000000000, -4.500000000000000000, -0.7499999999999998890 ) ) ;
#1965 = DIRECTION ( 'NONE',  ( 0.0000000000000000000, 0.0000000000000000000, -1.000000000000000000 ) ) ;
#1966 = ORIENTED_EDGE ( 'NONE', *, *, #1456, .T. ) ;
#1967 = DIRECTION ( 'NONE',  ( -0.0000000000000000000, -1.000000000000000000, -0.0000000000000000000 ) ) ;
#1968 = EDGE_CURVE ( 'NONE', #69, #2562, #524, .T. ) ;
#1969 = VERTEX_POINT ( 'NONE', #1040 ) ;
#1970 = DIRECTION ( 'NONE',  ( -0.0000000000000000000, -1.000000000000000000, -0.0000000000000000000 ) ) ;
#1971 = DIRECTION ( 'NONE',  ( -0.0000000000000000000, -1.000000000000000000, -0.0000000000000000000 ) ) ;
#1972 = ORIENTED_EDGE ( 'NONE', *, *, #1183, .F. ) ;
#1973 = CARTESIAN_POINT ( 'NONE',  ( 6.250000000000000000, -4.500000000000000000, -0.7500000000000000000 ) ) ;
#1974 = ORIENTED_EDGE ( 'NONE', *, *, #862, .T. ) ;
#1975 = DIRECTION ( 'NONE',  ( -0.0000000000000000000, -1.000000000000000000, -0.0000000000000000000 ) ) ;
#1976 = CARTESIAN_POINT ( 'NONE',  ( 0.3500000000000000333, 4.500000000000000000, -0.8500000000000001998 ) ) ;
#1977 = ORIENTED_EDGE ( 'NONE', *, *, #2290, .T. ) ;
#1978 = CARTESIAN_POINT ( 'NONE',  ( -11.75000000000000000, 4.500000000000000000, -0.7500000000000000000 ) ) ;
#1979 = AXIS2_PLACEMENT_3D ( 'NONE', #1293, #2386, #3391 ) ;
#1980 = CYLINDRICAL_SURFACE ( 'NONE', #846, 0.09999999999999993616 ) ;
#1981 = VERTEX_POINT ( 'NONE', #209 ) ;
#1982 = EDGE_CURVE ( 'NONE', #3009, #3286, #1022, .T. ) ;
#1983 = DIRECTION ( 'NONE',  ( -0.0000000000000000000, -1.000000000000000000, -0.0000000000000000000 ) ) ;
#1984 = AXIS2_PLACEMENT_3D ( 'NONE', #912, #1707, #112 ) ;
#1985 = ORIENTED_EDGE ( 'NONE', *, *, #262, .T. ) ;
#1986 = AXIS2_PLACEMENT_3D ( 'NONE', #2210, #3284, #141 ) ;
#1987 = CARTESIAN_POINT ( 'NONE',  ( 11.00000000000000000, 4.500000000000000000, -1.500000000000000000 ) ) ;
#1988 = CYLINDRICAL_SURFACE ( 'NONE', #2647, 0.6500000000000000222 ) ;
#1989 = AXIS2_PLACEMENT_3D ( 'NONE', #1576, #2130, #3449 ) ;
#1990 = VERTEX_POINT ( 'NONE', #1566 ) ;
#1991 = AXIS2_PLACEMENT_3D ( 'NONE', #2851, #470, #3105 ) ;
#1992 = DIRECTION ( 'NONE',  ( -0.0000000000000000000, -1.000000000000000000, -0.0000000000000000000 ) ) ;
#1993 = AXIS2_PLACEMENT_3D ( 'NONE', #2713, #804, #333 ) ;
#1994 = ORIENTED_EDGE ( 'NONE', *, *, #2773, .F. ) ;
#1995 = UNCERTAINTY_MEASURE_WITH_UNIT (LENGTH_MEASURE( 1.000000000000000082E-05 ), #825, 'distance_accuracy_value', 'NONE');
#1996 = DIRECTION ( 'NONE',  ( 0.0000000000000000000, 1.000000000000000000, 0.0000000000000000000 ) ) ;
#1997 = PRESENTATION_LAYER_ASSIGNMENT (  '', '', ( #2276 ) ) ;
#1998 = DIRECTION ( 'NONE',  ( 0.0000000000000000000, 0.0000000000000000000, 1.000000000000000000 ) ) ;
#1999 = ORIENTED_EDGE ( 'NONE', *, *, #1535, .T. ) ;
#2000 = DIRECTION ( 'NONE',  ( -4.336808689942015271E-16, 0.0000000000000000000, 1.000000000000000000 ) ) ;
#2001 = DIRECTION ( 'NONE',  ( 0.0000000000000000000, 0.0000000000000000000, 1.000000000000000000 ) ) ;
#2002 = ORIENTED_EDGE ( 'NONE', *, *, #2270, .T. ) ;
#2003 = DIRECTION ( 'NONE',  ( -0.0000000000000000000, -1.000000000000000000, -0.0000000000000000000 ) ) ;
#2004 = EDGE_CURVE ( 'NONE', #145, #471, #321, .T. ) ;
#2005 = ORIENTED_EDGE ( 'NONE', *, *, #2793, .T. ) ;
#2006 = CARTESIAN_POINT ( 'NONE',  ( -4.349999999999999645, 4.500000000000000000, -0.8500000000000001998 ) ) ;
#2007 = LINE ( 'NONE', #1188, #653 ) ;
#2008 = CIRCLE ( 'NONE', #505, 0.6500000000000000222 ) ;
#2009 = ADVANCED_FACE ( 'NONE', ( #3388 ), #2854, .F. ) ;
#2010 = ORIENTED_EDGE ( 'NONE', *, *, #2999, .F. ) ;
#2011 = CIRCLE ( 'NONE', #2893, 0.6500000000000000222 ) ;
#2012 = CARTESIAN_POINT ( 'NONE',  ( 14.25000000000000000, -4.500000000000000000, -0.7499999999999998890 ) ) ;
#2013 = VECTOR ( 'NONE', #1013, 1000.000000000000000 ) ;
#2014 = ORIENTED_EDGE ( 'NONE', *, *, #3271, .T. ) ;
#2015 = DIRECTION ( 'NONE',  ( 0.0000000000000000000, 0.0000000000000000000, 1.000000000000000000 ) ) ;
#2016 = CARTESIAN_POINT ( 'NONE',  ( -15.75000000000000000, 4.500000000000000000, -0.7500000000000000000 ) ) ;
#2017 = LINE ( 'NONE', #151, #1324 ) ;
#2018 = EDGE_CURVE ( 'NONE', #1827, #616, #2070, .T. ) ;
#2019 = ORIENTED_EDGE ( 'NONE', *, *, #3186, .T. ) ;
#2020 = CARTESIAN_POINT ( 'NONE',  ( 9.000000000000001776, 4.500000000000000000, -0.8500000000000000888 ) ) ;
#2021 = DIRECTION ( 'NONE',  ( -0.0000000000000000000, 1.000000000000000000, 0.0000000000000000000 ) ) ;
#2022 = EDGE_LOOP ( 'NONE', ( #2993, #669, #586, #2660 ) ) ;
#2023 = CARTESIAN_POINT ( 'NONE',  ( 13.00000000000000178, 4.500000000000000000, -1.500000000000000000 ) ) ;
#2024 = ORIENTED_EDGE ( 'NONE', *, *, #1396, .T. ) ;
#2025 = CARTESIAN_POINT ( 'NONE',  ( -8.250000000000000000, 4.500000000000000000, -0.7500000000000000000 ) ) ;
#2026 = CARTESIAN_POINT ( 'NONE',  ( -3.750000000000000000, -4.500000000000000000, -0.7499999999999998890 ) ) ;
#2027 = ADVANCED_FACE ( 'NONE', ( #3141 ), #2574, .T. ) ;
#2028 = EDGE_LOOP ( 'NONE', ( #1807, #1606, #207, #3027 ) ) ;
#2029 = CARTESIAN_POINT ( 'NONE',  ( 13.75000000000000000, 4.500000000000000000, -0.8499999999999999778 ) ) ;
#2030 = CYLINDRICAL_SURFACE ( 'NONE', #1106, 0.6500000000000000222 ) ;
#2031 = ORIENTED_EDGE ( 'NONE', *, *, #356, .T. ) ;
#2032 = DIRECTION ( 'NONE',  ( -0.0000000000000000000, -1.000000000000000000, -0.0000000000000000000 ) ) ;
#2033 = EDGE_CURVE ( 'NONE', #1969, #1635, #982, .T. ) ;
#2034 = LINE ( 'NONE', #1018, #323 ) ;
#2035 = AXIS2_PLACEMENT_3D ( 'NONE', #1849, #1028, #217 ) ;
#2036 = CARTESIAN_POINT ( 'NONE',  ( 6.250000000000000000, 4.500000000000000000, -0.7500000000000000000 ) ) ;
#2037 = EDGE_LOOP ( 'NONE', ( #2960, #2315, #2031, #1770, #2124, #634, #2225, #1977, #436, #2852, #2942, #110, #1312, #2014, #2715, #2996, #875, #3173, #1665, #3054, #2375, #187, #908, #3390, #1325, #1257, #3412, #2858, #3430, #385, #2285, #509, #1615, #327, #1893, #1536, #1985, #592, #2545, #2442, #332, #2592, #654, #3207, #1090, #2774, #1135, #3042, #1394, #3030, #201, #1398, #3248, #3092, #46, #2654, #2468, #985, #642, #2573, #2785, #2479, #2292, #3023, #2419, #1224, #3426, #793, #1449, #1020, #851, #3131, #1498, #803, #2056, #3337, #2431, #1113, #181, #2813, #1441, #799, #3423, #3432, #2639, #3097, #562, #2413, #2300, #1642, #1753, #1677, #526, #2222, #2765, #1119, #2337, #1910 ) ) ;
#2038 = AXIS2_PLACEMENT_3D ( 'NONE', #2577, #1328, #475 ) ;
#2039 = CARTESIAN_POINT ( 'NONE',  ( 11.00000000000000000, 4.500000000000000000, -0.8500000000000000888 ) ) ;
#2040 = CARTESIAN_POINT ( 'NONE',  ( 0.0000000000000000000, 4.500000000000000000, 0.0000000000000000000 ) ) ;
#2041 = VECTOR ( 'NONE', #88, 1000.000000000000000 ) ;
#2042 = ORIENTED_EDGE ( 'NONE', *, *, #1385, .F. ) ;
#2043 = EDGE_CURVE ( 'NONE', #3002, #1504, #1805, .T. ) ;
#2044 = CIRCLE ( 'NONE', #601, 0.6500000000000000222 ) ;
#2045 = CARTESIAN_POINT ( 'NONE',  ( -11.65000000000000036, 4.500000000000000000, -0.8500000000000001998 ) ) ;
#2046 = DIRECTION ( 'NONE',  ( 0.0000000000000000000, 1.000000000000000000, 0.0000000000000000000 ) ) ;
#2047 = VECTOR ( 'NONE', #2904, 1000.000000000000000 ) ;
#2048 = VERTEX_POINT ( 'NONE', #460 ) ;
#2049 = ADVANCED_FACE ( 'NONE', ( #2869 ), #489, .F. ) ;
#2050 = DIRECTION ( 'NONE',  ( -1.000000000000000000, 0.0000000000000000000, -4.336808689942015764E-16 ) ) ;
#2051 = VECTOR ( 'NONE', #1355, 1000.000000000000000 ) ;
#2052 = CARTESIAN_POINT ( 'NONE',  ( -11.65000000000000036, 4.500000000000000000, -0.8500000000000001998 ) ) ;
#2053 = DIRECTION ( 'NONE',  ( 0.0000000000000000000, 0.0000000000000000000, -1.000000000000000000 ) ) ;
#2054 = ORIENTED_EDGE ( 'NONE', *, *, #2768, .F. ) ;
#2055 = DIRECTION ( 'NONE',  ( 0.0000000000000000000, 0.0000000000000000000, -1.000000000000000000 ) ) ;
#2056 = ORIENTED_EDGE ( 'NONE', *, *, #1275, .F. ) ;
#2057 = AXIS2_PLACEMENT_3D ( 'NONE', #3238, #390, #408 ) ;
#2058 = DIRECTION ( 'NONE',  ( 0.0000000000000000000, 0.0000000000000000000, 1.000000000000000000 ) ) ;
#2059 = CIRCLE ( 'NONE', #2336, 0.09999999999999993616 ) ;
#2060 = ORIENTED_EDGE ( 'NONE', *, *, #1172, .T. ) ;
#2061 = LINE ( 'NONE', #2860, #3407 ) ;
#2062 = CARTESIAN_POINT ( 'NONE',  ( -7.750000000000000000, 4.500000000000000000, -0.8499999999999999778 ) ) ;
#2063 = VECTOR ( 'NONE', #215, 1000.000000000000000 ) ;
#2064 = ORIENTED_EDGE ( 'NONE', *, *, #2105, .F. ) ;
#2065 = DIRECTION ( 'NONE',  ( -0.0000000000000000000, -1.000000000000000000, -0.0000000000000000000 ) ) ;
#2066 = LINE ( 'NONE', #3152, #3441 ) ;
#2067 = EDGE_CURVE ( 'NONE', #382, #3373, #1424, .T. ) ;
#2068 = DIRECTION ( 'NONE',  ( -0.0000000000000000000, -1.000000000000000000, -0.0000000000000000000 ) ) ;
#2069 = ORIENTED_EDGE ( 'NONE', *, *, #1535, .F. ) ;
#2070 = LINE ( 'NONE', #3436, #3215 ) ;
#2071 = VERTEX_POINT ( 'NONE', #791 ) ;
#2072 = CARTESIAN_POINT ( 'NONE',  ( -14.34999999999999964, -4.500000000000000000, -0.8500000000000001998 ) ) ;
#2073 = DIRECTION ( 'NONE',  ( -0.0000000000000000000, -1.000000000000000000, -0.0000000000000000000 ) ) ;
#2074 = ORIENTED_EDGE ( 'NONE', *, *, #392, .T. ) ;
#2075 = LINE ( 'NONE', #1812, #842 ) ;
#2076 = DIRECTION ( 'NONE',  ( 0.0000000000000000000, 0.0000000000000000000, -1.000000000000000000 ) ) ;
#2077 = ORIENTED_EDGE ( 'NONE', *, *, #710, .T. ) ;
#2078 = DIRECTION ( 'NONE',  ( -0.0000000000000000000, -1.000000000000000000, -0.0000000000000000000 ) ) ;
#2079 = CARTESIAN_POINT ( 'NONE',  ( 0.3500000000000000333, -4.500000000000000000, -0.8500000000000001998 ) ) ;
#2080 = DIRECTION ( 'NONE',  ( 0.0000000000000000000, 0.0000000000000000000, -1.000000000000000000 ) ) ;
#2081 = ORIENTED_EDGE ( 'NONE', *, *, #2688, .T. ) ;
#2082 = EDGE_CURVE ( 'NONE', #747, #2833, #2590, .T. ) ;
#2083 = DIRECTION ( 'NONE',  ( -0.0000000000000000000, -1.000000000000000000, -0.0000000000000000000 ) ) ;
#2084 = ORIENTED_EDGE ( 'NONE', *, *, #932, .F. ) ;
#2085 = EDGE_CURVE ( 'NONE', #1990, #1952, #1251, .T. ) ;
#2086 = AXIS2_PLACEMENT_3D ( 'NONE', #1627, #307, #2424 ) ;
#2087 = DIRECTION ( 'NONE',  ( 0.0000000000000000000, 0.0000000000000000000, 1.000000000000000000 ) ) ;
#2088 = VECTOR ( 'NONE', #3126, 1000.000000000000000 ) ;
#2089 = CARTESIAN_POINT ( 'NONE',  ( -11.00000000000000000, 4.500000000000000000, -0.8500000000000000888 ) ) ;
#2090 = DIRECTION ( 'NONE',  ( 0.0000000000000000000, 0.0000000000000000000, -1.000000000000000000 ) ) ;
#2091 = VECTOR ( 'NONE', #57, 1000.000000000000000 ) ;
#2092 = DIRECTION ( 'NONE',  ( -1.000000000000000000, 0.0000000000000000000, -4.336808689942015764E-16 ) ) ;
#2093 = ORIENTED_EDGE ( 'NONE', *, *, #2594, .T. ) ;
#2094 = DIRECTION ( 'NONE',  ( -0.0000000000000000000, -1.000000000000000000, -0.0000000000000000000 ) ) ;
#2095 = CARTESIAN_POINT ( 'NONE',  ( 19.00000000000000355, -4.500000000000000000, 0.0000000000000000000 ) ) ;
#2096 = ORIENTED_EDGE ( 'NONE', *, *, #179, .T. ) ;
#2097 = DIRECTION ( 'NONE',  ( 0.0000000000000000000, 0.0000000000000000000, -1.000000000000000000 ) ) ;
#2098 = AXIS2_PLACEMENT_3D ( 'NONE', #1943, #3010, #629 ) ;
#2099 = ORIENTED_EDGE ( 'NONE', *, *, #182, .F. ) ;
#2100 = DIRECTION ( 'NONE',  ( -0.0000000000000000000, -1.000000000000000000, -0.0000000000000000000 ) ) ;
#2101 = DIRECTION ( 'NONE',  ( 1.000000000000000000, 0.0000000000000000000, 4.336808689942015271E-16 ) ) ;
#2102 = EDGE_CURVE ( 'NONE', #1191, #2600, #993, .T. ) ;
#2103 = ORIENTED_EDGE ( 'NONE', *, *, #378, .T. ) ;
#2104 = CARTESIAN_POINT ( 'NONE',  ( -13.65000000000000036, -4.500000000000000000, -0.8500000000000001998 ) ) ;
#2105 = EDGE_CURVE ( 'NONE', #2394, #13, #227, .T. ) ;
#2106 = ORIENTED_EDGE ( 'NONE', *, *, #196, .F. ) ;
#2107 = AXIS2_PLACEMENT_3D ( 'NONE', #2353, #250, #999 ) ;
#2108 = CARTESIAN_POINT ( 'NONE',  ( -14.25000000000000000, 4.500000000000000000, -0.8499999999999999778 ) ) ;
#2109 = CARTESIAN_POINT ( 'NONE',  ( -19.00000000000000355, -4.500000000000000000, 0.0000000000000000000 ) ) ;
#2110 = AXIS2_PLACEMENT_3D ( 'NONE', #1100, #305, #1361 ) ;
#2111 = PRODUCT_RELATED_PRODUCT_CATEGORY ( 'part', '', ( #813 ) ) ;
#2112 = ORIENTED_EDGE ( 'NONE', *, *, #2004, .T. ) ;
#2113 = CARTESIAN_POINT ( 'NONE',  ( -2.250000000000000444, -4.500000000000000000, -0.8499999999999999778 ) ) ;
#2114 = AXIS2_PLACEMENT_3D ( 'NONE', #2258, #1739, #1475 ) ;
#2115 = DIRECTION ( 'NONE',  ( -0.0000000000000000000, -1.000000000000000000, -0.0000000000000000000 ) ) ;
#2116 = EDGE_CURVE ( 'NONE', #1873, #883, #2541, .T. ) ;
#2117 = ORIENTED_EDGE ( 'NONE', *, *, #2944, .T. ) ;
#2118 = DIRECTION ( 'NONE',  ( -0.0000000000000000000, -1.000000000000000000, -0.0000000000000000000 ) ) ;
#2119 = VERTEX_POINT ( 'NONE', #1793 ) ;
#2120 = SURFACE_STYLE_USAGE ( .BOTH. , #843 ) ;
#2121 = DIRECTION ( 'NONE',  ( -0.0000000000000000000, -1.000000000000000000, -0.0000000000000000000 ) ) ;
#2122 = EDGE_LOOP ( 'NONE', ( #824, #1895, #2568, #1839 ) ) ;
#2123 = CARTESIAN_POINT ( 'NONE',  ( 5.750000000000000000, -4.500000000000000000, -0.8499999999999999778 ) ) ;
#2124 = ORIENTED_EDGE ( 'NONE', *, *, #650, .F. ) ;
#2125 = CARTESIAN_POINT ( 'NONE',  ( -17.00000000000000000, 4.500000000000000000, -0.8500000000000000888 ) ) ;
#2126 = ADVANCED_FACE ( 'NONE', ( #507 ), #2907, .F. ) ;
#2127 = CARTESIAN_POINT ( 'NONE',  ( -7.650000000000000355, -4.500000000000000000, -0.8500000000000001998 ) ) ;
#2128 = EDGE_LOOP ( 'NONE', ( #2243, #726, #2920, #1445 ) ) ;
#2129 = CARTESIAN_POINT ( 'NONE',  ( -6.250000000000000000, 4.500000000000000000, -0.8499999999999999778 ) ) ;
#2130 = DIRECTION ( 'NONE',  ( -0.0000000000000000000, -1.000000000000000000, -0.0000000000000000000 ) ) ;
#2131 = ORIENTED_EDGE ( 'NONE', *, *, #369, .T. ) ;
#2132 = CARTESIAN_POINT ( 'NONE',  ( 10.25000000000000000, -4.500000000000000000, -0.8499999999999999778 ) ) ;
#2133 = ORIENTED_EDGE ( 'NONE', *, *, #600, .T. ) ;
#2134 = ADVANCED_FACE ( 'NONE', ( #2364 ), #3109, .F. ) ;
#2135 = LINE ( 'NONE', #2978, #3336 ) ;
#2136 = CARTESIAN_POINT ( 'NONE',  ( -1.000000000000000000, 4.500000000000000000, -0.8500000000000000888 ) ) ;
#2137 = ORIENTED_EDGE ( 'NONE', *, *, #1750, .T. ) ;
#2138 = CARTESIAN_POINT ( 'NONE',  ( 5.000000000000000000, -4.500000000000000000, -0.8500000000000000888 ) ) ;
#2139 = VECTOR ( 'NONE', #3061, 1000.000000000000000 ) ;
#2140 = FILL_AREA_STYLE_COLOUR ( '', #3060 ) ;
#2141 = DIRECTION ( 'NONE',  ( 1.000000000000000000, 0.0000000000000000000, 4.336808689942015271E-16 ) ) ;
#2142 = FACE_OUTER_BOUND ( 'NONE', #2267, .T. ) ;
#2143 = CARTESIAN_POINT ( 'NONE',  ( 0.2500000000000001110, -4.500000000000000000, -0.7499999999999998890 ) ) ;
#2144 = AXIS2_PLACEMENT_3D ( 'NONE', #2947, #1395, #1377 ) ;
#2145 = ADVANCED_FACE ( 'NONE', ( #1374 ), #3000, .F. ) ;
#2146 = ORIENTED_EDGE ( 'NONE', *, *, #3365, .F. ) ;
#2147 = VECTOR ( 'NONE', #159, 1000.000000000000000 ) ;
#2148 = CARTESIAN_POINT ( 'NONE',  ( 15.75000000000000000, 4.500000000000000000, -0.8499999999999999778 ) ) ;
#2149 = CARTESIAN_POINT ( 'NONE',  ( 17.00000000000000000, -4.500000000000000000, -0.8500000000000000888 ) ) ;
#2150 = AXIS2_PLACEMENT_3D ( 'NONE', #1400, #1679, #136 ) ;
#2151 = ADVANCED_FACE ( 'NONE', ( #2922 ), #1581, .F. ) ;
#2152 = ORIENTED_EDGE ( 'NONE', *, *, #2218, .F. ) ;
#2153 = LINE ( 'NONE', #2975, #2051 ) ;
#2154 = VERTEX_POINT ( 'NONE', #1341 ) ;
#2155 = VECTOR ( 'NONE', #3008, 1000.000000000000000 ) ;
#2156 = DIRECTION ( 'NONE',  ( -1.000000000000000000, 0.0000000000000000000, -4.336808689942015764E-16 ) ) ;
#2157 = CARTESIAN_POINT ( 'NONE',  ( 2.250000000000000444, 4.500000000000000000, -0.7499999999999998890 ) ) ;
#2158 = AXIS2_PLACEMENT_3D ( 'NONE', #590, #2118, #1648 ) ;
#2159 = ORIENTED_EDGE ( 'NONE', *, *, #2417, .T. ) ;
#2160 =( GEOMETRIC_REPRESENTATION_CONTEXT ( 3 ) GLOBAL_UNCERTAINTY_ASSIGNED_CONTEXT ( ( #2795 ) ) GLOBAL_UNIT_ASSIGNED_CONTEXT ( ( #1080, #1046, #2668 ) ) REPRESENTATION_CONTEXT ( 'NONE', 'WORKASPACE' ) );
#2161 = CARTESIAN_POINT ( 'NONE',  ( -1.649999999999999911, -4.500000000000000000, -0.8500000000000001998 ) ) ;
#2162 = CARTESIAN_POINT ( 'NONE',  ( 11.75000000000000000, -4.500000000000000000, -0.8499999999999999778 ) ) ;
#2163 = CARTESIAN_POINT ( 'NONE',  ( 10.25000000000000000, 4.500000000000000000, -0.8499999999999999778 ) ) ;
#2164 = CARTESIAN_POINT ( 'NONE',  ( 18.35000000000000142, 4.500000000000000000, -0.8500000000000001998 ) ) ;
#2165 = AXIS2_PLACEMENT_3D ( 'NONE', #185, #1243, #3098 ) ;
#2166 = CIRCLE ( 'NONE', #283, 0.6500000000000000222 ) ;
#2167 = ORIENTED_EDGE ( 'NONE', *, *, #2227, .F. ) ;
#2168 = DIRECTION ( 'NONE',  ( 0.0000000000000000000, 0.0000000000000000000, -1.000000000000000000 ) ) ;
#2169 = CIRCLE ( 'NONE', #676, 0.09999999999999993616 ) ;
#2170 = CARTESIAN_POINT ( 'NONE',  ( 7.000000000000000000, -4.500000000000000000, -0.8500000000000000888 ) ) ;
#2171 = ORIENTED_EDGE ( 'NONE', *, *, #1177, .T. ) ;
#2172 = DIRECTION ( 'NONE',  ( 0.0000000000000000000, 0.0000000000000000000, 1.000000000000000000 ) ) ;
#2173 = AXIS2_PLACEMENT_3D ( 'NONE', #2129, #2915, #1282 ) ;
#2174 = DIRECTION ( 'NONE',  ( -0.0000000000000000000, -1.000000000000000000, -0.0000000000000000000 ) ) ;
#2175 = ORIENTED_EDGE ( 'NONE', *, *, #1879, .F. ) ;
#2176 = VECTOR ( 'NONE', #798, 1000.000000000000000 ) ;
#2177 = EDGE_CURVE ( 'NONE', #2887, #499, #2641, .T. ) ;
#2178 = LINE ( 'NONE', #318, #1487 ) ;
#2179 = AXIS2_PLACEMENT_3D ( 'NONE', #729, #135, #2549 ) ;
#2180 = VERTEX_POINT ( 'NONE', #1858 ) ;
#2181 = CARTESIAN_POINT ( 'NONE',  ( -12.25000000000000000, 4.500000000000000000, -0.8499999999999999778 ) ) ;
#2182 = ADVANCED_FACE ( 'NONE', ( #33 ), #1653, .T. ) ;
#2183 = CARTESIAN_POINT ( 'NONE',  ( 17.00000000000000000, 4.500000000000000000, -0.8500000000000000888 ) ) ;
#2184 = VERTEX_POINT ( 'NONE', #581 ) ;
#2185 = LINE ( 'NONE', #3257, #2678 ) ;
#2186 = DIRECTION ( 'NONE',  ( 0.0000000000000000000, 0.0000000000000000000, 1.000000000000000000 ) ) ;
#2187 = ORIENTED_EDGE ( 'NONE', *, *, #1236, .F. ) ;
#2188 = DIRECTION ( 'NONE',  ( -0.0000000000000000000, -1.000000000000000000, -0.0000000000000000000 ) ) ;
#2189 = FACE_OUTER_BOUND ( 'NONE', #3171, .T. ) ;
#2190 = VERTEX_POINT ( 'NONE', #1095 ) ;
#2191 = DIRECTION ( 'NONE',  ( 0.0000000000000000000, 0.0000000000000000000, -1.000000000000000000 ) ) ;
#2192 = CARTESIAN_POINT ( 'NONE',  ( 5.750000000000000000, 4.500000000000000000, -0.8499999999999999778 ) ) ;
#2193 = EDGE_CURVE ( 'NONE', #168, #487, #2178, .T. ) ;
#2194 = EDGE_LOOP ( 'NONE', ( #1507, #1010, #1718, #1841 ) ) ;
#2195 = DIRECTION ( 'NONE',  ( -1.000000000000000000, 0.0000000000000000000, -4.336808689942015764E-16 ) ) ;
#2196 = EDGE_CURVE ( 'NONE', #1359, #1228, #542, .T. ) ;
#2197 = CARTESIAN_POINT ( 'NONE',  ( 7.000000000000000000, 4.500000000000000000, -1.500000000000000000 ) ) ;
#2198 = EDGE_CURVE ( 'NONE', #2309, #1262, #845, .T. ) ;
#2199 = EDGE_LOOP ( 'NONE', ( #2925, #2175, #2069, #682 ) ) ;
#2200 = DIRECTION ( 'NONE',  ( 0.0000000000000000000, 1.000000000000000000, 0.0000000000000000000 ) ) ;
#2201 = AXIS2_PLACEMENT_3D ( 'NONE', #2528, #2756, #1431 ) ;
#2202 = CARTESIAN_POINT ( 'NONE',  ( -16.25000000000000000, 4.500000000000000000, -0.8499999999999999778 ) ) ;
#2203 = AXIS2_PLACEMENT_3D ( 'NONE', #2739, #1933, #2470 ) ;
#2204 = VERTEX_POINT ( 'NONE', #858 ) ;
#2205 = CARTESIAN_POINT ( 'NONE',  ( -7.750000000000000000, 4.500000000000000000, -0.8499999999999999778 ) ) ;
#2206 = DIRECTION ( 'NONE',  ( 0.0000000000000000000, 0.0000000000000000000, -1.000000000000000000 ) ) ;
#2207 = ORIENTED_EDGE ( 'NONE', *, *, #2897, .T. ) ;
#2208 = DIRECTION ( 'NONE',  ( -0.0000000000000000000, -1.000000000000000000, -0.0000000000000000000 ) ) ;
#2209 = CIRCLE ( 'NONE', #1652, 0.09999999999999993616 ) ;
#2210 = CARTESIAN_POINT ( 'NONE',  ( 17.00000000000000000, 4.500000000000000000, -0.8500000000000000888 ) ) ;
#2211 = AXIS2_PLACEMENT_3D ( 'NONE', #2358, #3383, #2622 ) ;
#2212 = ORIENTED_EDGE ( 'NONE', *, *, #1540, .T. ) ;
#2213 = FACE_OUTER_BOUND ( 'NONE', #1161, .T. ) ;
#2214 = EDGE_CURVE ( 'NONE', #1811, #2378, #3195, .T. ) ;
#2215 = CIRCLE ( 'NONE', #1494, 0.09999999999999993616 ) ;
#2216 = AXIS2_PLACEMENT_3D ( 'NONE', #2414, #70, #610 ) ;
#2217 = CARTESIAN_POINT ( 'NONE',  ( 19.00000000000000355, 4.500000000000000000, 0.0000000000000000000 ) ) ;
#2218 = EDGE_CURVE ( 'NONE', #2881, #1881, #435, .T. ) ;
#2219 = ORIENTED_EDGE ( 'NONE', *, *, #3356, .T. ) ;
#2220 = LINE ( 'NONE', #1939, #1120 ) ;
#2221 = FACE_OUTER_BOUND ( 'NONE', #966, .T. ) ;
#2222 = ORIENTED_EDGE ( 'NONE', *, *, #906, .T. ) ;
#2223 = DIRECTION ( 'NONE',  ( 0.0000000000000000000, 0.0000000000000000000, 1.000000000000000000 ) ) ;
#2224 = LINE ( 'NONE', #3261, #2728 ) ;
#2225 = ORIENTED_EDGE ( 'NONE', *, *, #2559, .T. ) ;
#2226 = AXIS2_PLACEMENT_3D ( 'NONE', #2247, #1970, #570 ) ;
#2227 = EDGE_CURVE ( 'NONE', #1370, #1574, #3233, .T. ) ;
#2228 = CARTESIAN_POINT ( 'NONE',  ( -15.00000000000000000, -4.500000000000000000, -0.8500000000000000888 ) ) ;
#2229 = CIRCLE ( 'NONE', #1448, 0.09999999999999993616 ) ;
#2230 = ORIENTED_EDGE ( 'NONE', *, *, #906, .F. ) ;
#2231 = CARTESIAN_POINT ( 'NONE',  ( 7.750000000000000000, 4.500000000000000000, -0.8499999999999999778 ) ) ;
#2232 = CIRCLE ( 'NONE', #64, 0.6500000000000000222 ) ;
#2233 = DIRECTION ( 'NONE',  ( -1.000000000000000000, 0.0000000000000000000, -4.336808689942015764E-16 ) ) ;
#2234 = EDGE_LOOP ( 'NONE', ( #2930, #2935, #3344, #1901 ) ) ;
#2235 = FACE_OUTER_BOUND ( 'NONE', #2369, .T. ) ;
#2236 = ORIENTED_EDGE ( 'NONE', *, *, #1592, .T. ) ;
#2237 = ADVANCED_FACE ( 'NONE', ( #1620 ), #3454, .T. ) ;
#2238 = DIRECTION ( 'NONE',  ( -0.0000000000000000000, -1.000000000000000000, -0.0000000000000000000 ) ) ;
#2239 = DIRECTION ( 'NONE',  ( 0.0000000000000000000, 0.0000000000000000000, 1.000000000000000000 ) ) ;
#2240 = ORIENTED_EDGE ( 'NONE', *, *, #2193, .T. ) ;
#2241 = CARTESIAN_POINT ( 'NONE',  ( 1.000000000000000000, -4.500000000000000000, -0.8500000000000000888 ) ) ;
#2242 = CARTESIAN_POINT ( 'NONE',  ( 14.34999999999999964, -4.500000000000000000, -0.8500000000000001998 ) ) ;
#2243 = ORIENTED_EDGE ( 'NONE', *, *, #951, .F. ) ;
#2244 = CARTESIAN_POINT ( 'NONE',  ( 16.25000000000000000, 4.500000000000000000, -0.7499999999999998890 ) ) ;
#2245 = EDGE_CURVE ( 'NONE', #2887, #210, #2822, .T. ) ;
#2246 = ORIENTED_EDGE ( 'NONE', *, *, #1385, .T. ) ;
#2247 = CARTESIAN_POINT ( 'NONE',  ( 5.000000000000000000, 4.500000000000000000, -0.8500000000000000888 ) ) ;
#2248 = DIRECTION ( 'NONE',  ( -0.0000000000000000000, -1.000000000000000000, -0.0000000000000000000 ) ) ;
#2249 = ORIENTED_EDGE ( 'NONE', *, *, #1871, .T. ) ;
#2250 = CARTESIAN_POINT ( 'NONE',  ( -9.650000000000000355, 4.500000000000000000, -0.8500000000000001998 ) ) ;
#2251 = VERTEX_POINT ( 'NONE', #1134 ) ;
#2252 = CARTESIAN_POINT ( 'NONE',  ( 17.65000000000000213, -4.500000000000000000, -0.8500000000000001998 ) ) ;
#2253 = DIRECTION ( 'NONE',  ( 1.000000000000000000, 0.0000000000000000000, 4.336808689942015271E-16 ) ) ;
#2254 = EDGE_CURVE ( 'NONE', #1488, #3245, #3264, .T. ) ;
#2255 = EDGE_LOOP ( 'NONE', ( #320, #2521, #2619, #1274 ) ) ;
#2256 = DIRECTION ( 'NONE',  ( 0.0000000000000000000, 0.0000000000000000000, 1.000000000000000000 ) ) ;
#2257 = CIRCLE ( 'NONE', #927, 0.6500000000000000222 ) ;
#2258 = CARTESIAN_POINT ( 'NONE',  ( -0.2500000000000001110, -4.500000000000000000, -0.8499999999999999778 ) ) ;
#2259 = ORIENTED_EDGE ( 'NONE', *, *, #2177, .T. ) ;
#2260 = DIRECTION ( 'NONE',  ( -0.0000000000000000000, -1.000000000000000000, -0.0000000000000000000 ) ) ;
#2261 = EDGE_CURVE ( 'NONE', #2154, #1347, #2484, .T. ) ;
#2262 = ORIENTED_EDGE ( 'NONE', *, *, #3333, .T. ) ;
#2263 = AXIS2_PLACEMENT_3D ( 'NONE', #2737, #1220, #352 ) ;
#2264 = DIRECTION ( 'NONE',  ( 0.0000000000000000000, 0.0000000000000000000, 1.000000000000000000 ) ) ;
#2265 = LINE ( 'NONE', #1503, #1089 ) ;
#2266 = VECTOR ( 'NONE', #120, 1000.000000000000000 ) ;
#2267 = EDGE_LOOP ( 'NONE', ( #2321, #1150, #2259, #1058 ) ) ;
#2268 = CIRCLE ( 'NONE', #490, 0.09999999999999993616 ) ;
#2269 = CARTESIAN_POINT ( 'NONE',  ( -7.000000000000000000, -4.500000000000000000, -0.8500000000000000888 ) ) ;
#2270 = EDGE_CURVE ( 'NONE', #1511, #1559, #1878, .T. ) ;
#2271 = AXIS2_PLACEMENT_3D ( 'NONE', #905, #3028, #103 ) ;
#2272 = ORIENTED_EDGE ( 'NONE', *, *, #1826, .F. ) ;
#2273 = PRODUCT_DEFINITION_CONTEXT ( 'detailed design', #1819, 'design' ) ;
#2274 = DIRECTION ( 'NONE',  ( 1.000000000000000000, 0.0000000000000000000, 4.336808689942015271E-16 ) ) ;
#2275 = FACE_OUTER_BOUND ( 'NONE', #3019, .T. ) ;
#2276 = STYLED_ITEM ( 'NONE', ( #2629 ), #2359 ) ;
#2277 = CARTESIAN_POINT ( 'NONE',  ( 7.000000000000000000, -4.500000000000000000, -1.500000000000000000 ) ) ;
#2278 = AXIS2_PLACEMENT_3D ( 'NONE', #968, #1405, #872 ) ;
#2279 = ORIENTED_EDGE ( 'NONE', *, *, #2196, .F. ) ;
#2280 = DIRECTION ( 'NONE',  ( 1.000000000000000000, 0.0000000000000000000, 4.336808689942015271E-16 ) ) ;
#2281 = DIRECTION ( 'NONE',  ( -0.0000000000000000000, 1.000000000000000000, 0.0000000000000000000 ) ) ;
#2282 = VERTEX_POINT ( 'NONE', #301 ) ;
#2283 = DIRECTION ( 'NONE',  ( -0.0000000000000000000, -1.000000000000000000, -0.0000000000000000000 ) ) ;
#2284 = VECTOR ( 'NONE', #911, 1000.000000000000000 ) ;
#2285 = ORIENTED_EDGE ( 'NONE', *, *, #179, .F. ) ;
#2286 = EDGE_CURVE ( 'NONE', #1347, #1696, #599, .T. ) ;
#2287 = DIRECTION ( 'NONE',  ( 0.0000000000000000000, 0.0000000000000000000, 1.000000000000000000 ) ) ;
#2288 = AXIS2_PLACEMENT_3D ( 'NONE', #2747, #1388, #363 ) ;
#2289 = ORIENTED_EDGE ( 'NONE', *, *, #830, .T. ) ;
#2290 = EDGE_CURVE ( 'NONE', #2378, #616, #1763, .T. ) ;
#2291 = FACE_OUTER_BOUND ( 'NONE', #3371, .T. ) ;
#2292 = ORIENTED_EDGE ( 'NONE', *, *, #1153, .F. ) ;
#2293 = PLANE ( 'NONE',  #3236 ) ;
#2294 = DIRECTION ( 'NONE',  ( 0.0000000000000000000, 0.0000000000000000000, 1.000000000000000000 ) ) ;
#2295 = EDGE_LOOP ( 'NONE', ( #1217, #933, #1072, #2473 ) ) ;
#2296 = CARTESIAN_POINT ( 'NONE',  ( 3.000000000000000000, -4.500000000000000000, -0.8500000000000000888 ) ) ;
#2297 = CARTESIAN_POINT ( 'NONE',  ( 4.250000000000000000, 4.500000000000000000, -0.8499999999999999778 ) ) ;
#2298 = ORIENTED_EDGE ( 'NONE', *, *, #1847, .F. ) ;
#2299 = DIRECTION ( 'NONE',  ( -4.336808689942015271E-16, 0.0000000000000000000, 1.000000000000000000 ) ) ;
#2300 = ORIENTED_EDGE ( 'NONE', *, *, #92, .T. ) ;
#2301 = DIRECTION ( 'NONE',  ( -0.0000000000000000000, -1.000000000000000000, -0.0000000000000000000 ) ) ;
#2302 = EDGE_CURVE ( 'NONE', #420, #974, #2505, .T. ) ;
#2303 = ORIENTED_EDGE ( 'NONE', *, *, #944, .F. ) ;
#2304 = CARTESIAN_POINT ( 'NONE',  ( -13.00000000000000178, -4.500000000000000000, -1.500000000000000000 ) ) ;
#2305 = EDGE_CURVE ( 'NONE', #1185, #2881, #2538, .T. ) ;
#2306 = ORIENTED_EDGE ( 'NONE', *, *, #606, .F. ) ;
#2307 = CYLINDRICAL_SURFACE ( 'NONE', #1554, 0.09999999999999993616 ) ;
#2308 = LINE ( 'NONE', #2466, #2608 ) ;
#2309 = VERTEX_POINT ( 'NONE', #942 ) ;
#2310 = LINE ( 'NONE', #734, #1729 ) ;
#2311 = CARTESIAN_POINT ( 'NONE',  ( -17.75000000000000355, 4.500000000000000000, -0.7499999999999998890 ) ) ;
#2312 = EDGE_CURVE ( 'NONE', #3303, #529, #3353, .T. ) ;
#2313 = AXIS2_PLACEMENT_3D ( 'NONE', #1887, #863, #1138 ) ;
#2314 = CYLINDRICAL_SURFACE ( 'NONE', #3282, 0.6500000000000000222 ) ;
#2315 = ORIENTED_EDGE ( 'NONE', *, *, #1245, .T. ) ;
#2316 = VECTOR ( 'NONE', #1409, 1000.000000000000000 ) ;
#2317 = CARTESIAN_POINT ( 'NONE',  ( 3.000000000000000000, 4.500000000000000000, -1.500000000000000000 ) ) ;
#2318 = AXIS2_PLACEMENT_3D ( 'NONE', #2228, #3072, #1672 ) ;
#2319 = EDGE_LOOP ( 'NONE', ( #3187, #2588, #2949, #2064 ) ) ;
#2320 = CARTESIAN_POINT ( 'NONE',  ( 3.649999999999999911, -4.500000000000000000, -0.8500000000000001998 ) ) ;
#2321 = ORIENTED_EDGE ( 'NONE', *, *, #255, .F. ) ;
#2322 = CIRCLE ( 'NONE', #488, 0.09999999999999993616 ) ;
#2323 = DIRECTION ( 'NONE',  ( -0.0000000000000000000, -1.000000000000000000, -0.0000000000000000000 ) ) ;
#2324 = EDGE_CURVE ( 'NONE', #1969, #1105, #2209, .T. ) ;
#2325 = DIRECTION ( 'NONE',  ( 0.0000000000000000000, 0.0000000000000000000, -1.000000000000000000 ) ) ;
#2326 = ORIENTED_EDGE ( 'NONE', *, *, #465, .T. ) ;
#2327 = CARTESIAN_POINT ( 'NONE',  ( 5.000000000000000000, 4.500000000000000000, -1.500000000000000000 ) ) ;
#2328 = AXIS2_PLACEMENT_3D ( 'NONE', #383, #2534, #155 ) ;
#2329 = CARTESIAN_POINT ( 'NONE',  ( 0.2500000000000001110, 4.500000000000000000, -0.7499999999999998890 ) ) ;
#2330 = LINE ( 'NONE', #1056, #3446 ) ;
#2331 = ORIENTED_EDGE ( 'NONE', *, *, #1516, .F. ) ;
#2332 = CARTESIAN_POINT ( 'NONE',  ( 10.25000000000000000, 4.500000000000000000, -0.8499999999999999778 ) ) ;
#2333 = CIRCLE ( 'NONE', #1006, 0.09999999999999993616 ) ;
#2334 = EDGE_LOOP ( 'NONE', ( #2347, #338, #925, #1272 ) ) ;
#2335 = CARTESIAN_POINT ( 'NONE',  ( -15.00000000000000000, 4.500000000000000000, -1.500000000000000000 ) ) ;
#2336 = AXIS2_PLACEMENT_3D ( 'NONE', #2297, #2834, #3368 ) ;
#2337 = ORIENTED_EDGE ( 'NONE', *, *, #672, .F. ) ;
#2338 = DIRECTION ( 'NONE',  ( -0.0000000000000000000, -1.000000000000000000, -0.0000000000000000000 ) ) ;
#2339 = CARTESIAN_POINT ( 'NONE',  ( 5.000000000000000000, 4.500000000000000000, -0.8500000000000000888 ) ) ;
#2340 = AXIS2_PLACEMENT_3D ( 'NONE', #2650, #2323, #2616 ) ;
#2341 = ADVANCED_FACE ( 'NONE', ( #1184 ), #1949, .T. ) ;
#2342 = ORIENTED_EDGE ( 'NONE', *, *, #3039, .F. ) ;
#2343 = DIRECTION ( 'NONE',  ( -0.0000000000000000000, -1.000000000000000000, -0.0000000000000000000 ) ) ;
#2344 = DIRECTION ( 'NONE',  ( 0.0000000000000000000, 0.0000000000000000000, 1.000000000000000000 ) ) ;
#2345 = ADVANCED_FACE ( 'NONE', ( #1462 ), #615, .F. ) ;
#2346 = LINE ( 'NONE', #1547, #1817 ) ;
#2347 = ORIENTED_EDGE ( 'NONE', *, *, #1320, .F. ) ;
#2348 = CARTESIAN_POINT ( 'NONE',  ( 16.35000000000000142, 4.500000000000000000, -0.8500000000000001998 ) ) ;
#2349 = ORIENTED_EDGE ( 'NONE', *, *, #1661, .F. ) ;
#2350 = CARTESIAN_POINT ( 'NONE',  ( -17.75000000000000355, 4.500000000000000000, -0.8499999999999999778 ) ) ;
#2351 = SURFACE_STYLE_FILL_AREA ( #1294 ) ;
#2352 = ORIENTED_EDGE ( 'NONE', *, *, #2575, .F. ) ;
#2353 = CARTESIAN_POINT ( 'NONE',  ( -11.75000000000000000, -4.500000000000000000, -0.8499999999999999778 ) ) ;
#2354 = CARTESIAN_POINT ( 'NONE',  ( -11.00000000000000000, 4.500000000000000000, -0.8500000000000000888 ) ) ;
#2355 = ORIENTED_EDGE ( 'NONE', *, *, #3313, .F. ) ;
#2356 = CARTESIAN_POINT ( 'NONE',  ( -15.00000000000000000, 4.500000000000000000, -0.8500000000000000888 ) ) ;
#2357 = EDGE_CURVE ( 'NONE', #427, #1723, #2591, .T. ) ;
#2358 = CARTESIAN_POINT ( 'NONE',  ( -6.250000000000000000, 4.500000000000000000, -0.8499999999999999778 ) ) ;
#2359 = ADVANCED_BREP_SHAPE_REPRESENTATION ( 'GT2 Belt 9mm x 38mm pitch 2mm', ( #2990, #53 ), #1104 ) ;
#2360 = EDGE_LOOP ( 'NONE', ( #976, #1214, #294, #2752 ) ) ;
#2361 = DIRECTION ( 'NONE',  ( 0.0000000000000000000, 0.0000000000000000000, -1.000000000000000000 ) ) ;
#2362 = ORIENTED_EDGE ( 'NONE', *, *, #2491, .T. ) ;
#2363 = EDGE_CURVE ( 'NONE', #1191, #2184, #2467, .T. ) ;
#2364 = FACE_OUTER_BOUND ( 'NONE', #252, .T. ) ;
#2365 = VERTEX_POINT ( 'NONE', #647 ) ;
#2366 = AXIS2_PLACEMENT_3D ( 'NONE', #2040, #1307, #2593 ) ;
#2367 = LINE ( 'NONE', #2645, #536 ) ;
#2368 = AXIS2_PLACEMENT_3D ( 'NONE', #1861, #1656, #2722 ) ;
#2369 = EDGE_LOOP ( 'NONE', ( #2137, #2298, #439, #1740, #1999, #624, #113, #1515, #3300, #1332, #2249, #1688, #2696, #2410, #1433, #2686, #742, #72, #461, #2262, #3329, #2939, #3067, #576, #1551, #915, #2084, #3317, #218, #1131, #687, #904, #2798, #3159, #2955, #2583, #21, #315, #1023, #1354, #758, #547, #631, #3324, #3319, #401, #1221, #2331, #458, #673, #3417, #184, #3314, #2692, #3062, #2159, #2464, #1632, #941, #3450, #1782, #1834, #827, #1157, #174, #1139, #2219, #754, #2699, #2899, #3229, #2609, #2112, #3380, #364, #1800, #3139, #165, #1292, #238, #2842, #3255, #1625, #1603, #579, #2518, #1458, #2565, #1786, #3265, #343, #2507, #3438, #857, #1972, #2817, #2074, #1650 ) ) ;
#2370 = DIRECTION ( 'NONE',  ( -0.0000000000000000000, -1.000000000000000000, -0.0000000000000000000 ) ) ;
#2371 = AXIS2_PLACEMENT_3D ( 'NONE', #180, #3156, #771 ) ;
#2372 = EDGE_CURVE ( 'NONE', #786, #1824, #3302, .T. ) ;
#2373 = CYLINDRICAL_SURFACE ( 'NONE', #764, 0.09999999999999993616 ) ;
#2374 = AXIS2_PLACEMENT_3D ( 'NONE', #1838, #2959, #1631 ) ;
#2375 = ORIENTED_EDGE ( 'NONE', *, *, #797, .F. ) ;
#2376 = DIRECTION ( 'NONE',  ( -0.0000000000000000000, -1.000000000000000000, -0.0000000000000000000 ) ) ;
#2377 = CARTESIAN_POINT ( 'NONE',  ( -1.749999999999999778, -4.500000000000000000, -0.8499999999999999778 ) ) ;
#2378 = VERTEX_POINT ( 'NONE', #892 ) ;
#2379 = CARTESIAN_POINT ( 'NONE',  ( -9.000000000000001776, 4.500000000000000000, -0.8500000000000000888 ) ) ;
#2380 = VECTOR ( 'NONE', #577, 1000.000000000000000 ) ;
#2381 = EDGE_LOOP ( 'NONE', ( #2624, #2010, #2829, #463 ) ) ;
#2382 = CARTESIAN_POINT ( 'NONE',  ( -7.750000000000000000, 4.500000000000000000, -0.7500000000000000000 ) ) ;
#2383 = DIRECTION ( 'NONE',  ( -0.0000000000000000000, -1.000000000000000000, -0.0000000000000000000 ) ) ;
#2384 = EDGE_CURVE ( 'NONE', #2071, #1745, #667, .T. ) ;
#2385 = ORIENTED_EDGE ( 'NONE', *, *, #1085, .F. ) ;
#2386 = DIRECTION ( 'NONE',  ( -0.0000000000000000000, -1.000000000000000000, -0.0000000000000000000 ) ) ;
#2387 = EDGE_CURVE ( 'NONE', #1811, #1827, #1094, .T. ) ;
#2388 = ORIENTED_EDGE ( 'NONE', *, *, #1917, .F. ) ;
#2389 = CIRCLE ( 'NONE', #1170, 0.6500000000000000222 ) ;
#2390 = CARTESIAN_POINT ( 'NONE',  ( -15.75000000000000000, -4.500000000000000000, -0.7499999999999998890 ) ) ;
#2391 = LINE ( 'NONE', #1539, #229 ) ;
#2392 = CIRCLE ( 'NONE', #340, 0.09999999999999993616 ) ;
#2393 = EDGE_CURVE ( 'NONE', #555, #1709, #2485, .T. ) ;
#2394 = VERTEX_POINT ( 'NONE', #108 ) ;
#2395 = CYLINDRICAL_SURFACE ( 'NONE', #1174, 0.6500000000000000222 ) ;
#2396 = AXIS2_PLACEMENT_3D ( 'NONE', #1643, #1107, #2168 ) ;
#2397 = CARTESIAN_POINT ( 'NONE',  ( 10.25000000000000000, -4.500000000000000000, -0.7500000000000000000 ) ) ;
#2398 = ORIENTED_EDGE ( 'NONE', *, *, #1333, .F. ) ;
#2399 = DIRECTION ( 'NONE',  ( -1.000000000000000000, 0.0000000000000000000, -4.336808689942015764E-16 ) ) ;
#2400 = ORIENTED_EDGE ( 'NONE', *, *, #317, .T. ) ;
#2401 = DIRECTION ( 'NONE',  ( 0.0000000000000000000, 0.0000000000000000000, 1.000000000000000000 ) ) ;
#2402 = VERTEX_POINT ( 'NONE', #3031 ) ;
#2403 = LINE ( 'NONE', #3235, #1868 ) ;
#2404 = EDGE_CURVE ( 'NONE', #214, #427, #1538, .T. ) ;
#2405 = DIRECTION ( 'NONE',  ( 0.0000000000000000000, 0.0000000000000000000, 1.000000000000000000 ) ) ;
#2406 = VERTEX_POINT ( 'NONE', #909 ) ;
#2407 = DIRECTION ( 'NONE',  ( -0.0000000000000000000, 1.000000000000000000, 0.0000000000000000000 ) ) ;
#2408 = DIRECTION ( 'NONE',  ( -1.000000000000000000, 0.0000000000000000000, -4.336808689942015764E-16 ) ) ;
#2409 = EDGE_CURVE ( 'NONE', #1846, #539, #984, .T. ) ;
#2410 = ORIENTED_EDGE ( 'NONE', *, *, #525, .F. ) ;
#2411 = CARTESIAN_POINT ( 'NONE',  ( 14.25000000000000000, 4.500000000000000000, -0.7500000000000000000 ) ) ;
#2412 = DIRECTION ( 'NONE',  ( -0.0000000000000000000, -1.000000000000000000, -0.0000000000000000000 ) ) ;
#2413 = ORIENTED_EDGE ( 'NONE', *, *, #1736, .F. ) ;
#2414 = CARTESIAN_POINT ( 'NONE',  ( -1.749999999999999778, 4.500000000000000000, -0.7499999999999998890 ) ) ;
#2415 = EDGE_LOOP ( 'NONE', ( #1693, #270, #2967, #2731 ) ) ;
#2416 = DIRECTION ( 'NONE',  ( 0.0000000000000000000, 1.000000000000000000, 0.0000000000000000000 ) ) ;
#2417 = EDGE_CURVE ( 'NONE', #1585, #2190, #1427, .T. ) ;
#2418 = CARTESIAN_POINT ( 'NONE',  ( -1.000000000000000000, 4.500000000000000000, -0.8500000000000000888 ) ) ;
#2419 = ORIENTED_EDGE ( 'NONE', *, *, #494, .F. ) ;
#2420 = LINE ( 'NONE', #1063, #1590 ) ;
#2421 = VECTOR ( 'NONE', #2909, 1000.000000000000000 ) ;
#2422 = DIRECTION ( 'NONE',  ( 0.0000000000000000000, 0.0000000000000000000, 1.000000000000000000 ) ) ;
#2423 = LINE ( 'NONE', #3034, #561 ) ;
#2424 = DIRECTION ( 'NONE',  ( 1.000000000000000000, 0.0000000000000000000, 4.336808689942015271E-16 ) ) ;
#2425 = ORIENTED_EDGE ( 'NONE', *, *, #864, .F. ) ;
#2426 = EDGE_CURVE ( 'NONE', #266, #2500, #931, .T. ) ;
#2427 = AXIS2_PLACEMENT_3D ( 'NONE', #1199, #2260, #3335 ) ;
#2428 = LINE ( 'NONE', #1920, #899 ) ;
#2429 = CARTESIAN_POINT ( 'NONE',  ( 0.2500000000000001110, -4.500000000000000000, -0.8499999999999999778 ) ) ;
#2430 = VECTOR ( 'NONE', #1413, 1000.000000000000000 ) ;
#2431 = ORIENTED_EDGE ( 'NONE', *, *, #2067, .F. ) ;
#2432 = DIRECTION ( 'NONE',  ( -0.0000000000000000000, -1.000000000000000000, -0.0000000000000000000 ) ) ;
#2433 = DIRECTION ( 'NONE',  ( -1.000000000000000000, 0.0000000000000000000, -4.336808689942015764E-16 ) ) ;
#2434 = VERTEX_POINT ( 'NONE', #1741 ) ;
#2435 = COLOUR_RGB ( '',0.7921568627450980005, 0.8196078431372548767, 0.9333333333333333481 ) ;
#2436 = CARTESIAN_POINT ( 'NONE',  ( 12.25000000000000000, 4.500000000000000000, -0.7499999999999998890 ) ) ;
#2437 = AXIS2_PLACEMENT_3D ( 'NONE', #683, #1697, #2223 ) ;
#2438 = ORIENTED_EDGE ( 'NONE', *, *, #2832, .T. ) ;
#2439 = DIRECTION ( 'NONE',  ( -0.0000000000000000000, -1.000000000000000000, -0.0000000000000000000 ) ) ;
#2440 = LINE ( 'NONE', #2673, #319 ) ;
#2441 = AXIS2_PLACEMENT_3D ( 'NONE', #2488, #1201, #1886 ) ;
#2442 = ORIENTED_EDGE ( 'NONE', *, *, #1573, .F. ) ;
#2443 = DIRECTION ( 'NONE',  ( 1.000000000000000000, 0.0000000000000000000, 4.336808689942015271E-16 ) ) ;
#2444 = VECTOR ( 'NONE', #453, 1000.000000000000000 ) ;
#2445 = LINE ( 'NONE', #2095, #42 ) ;
#2446 = EDGE_CURVE ( 'NONE', #1844, #2500, #3370, .T. ) ;
#2447 = EDGE_LOOP ( 'NONE', ( #2425, #1532, #2002, #2496 ) ) ;
#2448 = PLANE ( 'NONE',  #2216 ) ;
#2449 = AXIS2_PLACEMENT_3D ( 'NONE', #66, #902, #1126 ) ;
#2450 = CARTESIAN_POINT ( 'NONE',  ( 5.000000000000000000, -4.500000000000000000, -1.500000000000000000 ) ) ;
#2451 = ORIENTED_EDGE ( 'NONE', *, *, #772, .F. ) ;
#2452 = CARTESIAN_POINT ( 'NONE',  ( 4.349999999999999645, 4.500000000000000000, -0.8500000000000001998 ) ) ;
#2453 = DIRECTION ( 'NONE',  ( -0.0000000000000000000, 1.000000000000000000, 0.0000000000000000000 ) ) ;
#2454 = ADVANCED_FACE ( 'NONE', ( #3137 ), #1266, .F. ) ;
#2455 = ORIENTED_EDGE ( 'NONE', *, *, #126, .T. ) ;
#2456 = CARTESIAN_POINT ( 'NONE',  ( -10.34999999999999964, 4.500000000000000000, -0.8500000000000001998 ) ) ;
#2457 = LINE ( 'NONE', #3289, #1644 ) ;
#2458 = ORIENTED_EDGE ( 'NONE', *, *, #1902, .F. ) ;
#2459 = DIRECTION ( 'NONE',  ( -0.0000000000000000000, -1.000000000000000000, -0.0000000000000000000 ) ) ;
#2460 = CARTESIAN_POINT ( 'NONE',  ( 15.00000000000000000, -4.500000000000000000, -1.500000000000000000 ) ) ;
#2461 = ORIENTED_EDGE ( 'NONE', *, *, #1531, .F. ) ;
#2462 = CYLINDRICAL_SURFACE ( 'NONE', #2547, 0.6500000000000000222 ) ;
#2463 = CYLINDRICAL_SURFACE ( 'NONE', #1833, 0.6500000000000000222 ) ;
#2464 = ORIENTED_EDGE ( 'NONE', *, *, #1345, .T. ) ;
#2465 = EDGE_CURVE ( 'NONE', #1228, #1382, #1757, .T. ) ;
#2466 = CARTESIAN_POINT ( 'NONE',  ( -13.75000000000000000, -4.500000000000000000, -0.7499999999999998890 ) ) ;
#2467 = LINE ( 'NONE', #2244, #3107 ) ;
#2468 = ORIENTED_EDGE ( 'NONE', *, *, #692, .F. ) ;
#2469 = EDGE_CURVE ( 'NONE', #3362, #1008, #2034, .T. ) ;
#2470 = DIRECTION ( 'NONE',  ( 0.0000000000000000000, 0.0000000000000000000, -1.000000000000000000 ) ) ;
#2471 = DIRECTION ( 'NONE',  ( -0.0000000000000000000, -1.000000000000000000, -0.0000000000000000000 ) ) ;
#2472 = VECTOR ( 'NONE', #2092, 1000.000000000000000 ) ;
#2473 = ORIENTED_EDGE ( 'NONE', *, *, #446, .T. ) ;
#2474 = EDGE_CURVE ( 'NONE', #2627, #128, #767, .T. ) ;
#2475 = DIRECTION ( 'NONE',  ( -0.0000000000000000000, 1.000000000000000000, 0.0000000000000000000 ) ) ;
#2476 = CIRCLE ( 'NONE', #3040, 0.09999999999999993616 ) ;
#2477 = PLANE ( 'NONE',  #326 ) ;
#2478 = AXIS2_PLACEMENT_3D ( 'NONE', #192, #2606, #753 ) ;
#2479 = ORIENTED_EDGE ( 'NONE', *, *, #1798, .F. ) ;
#2480 = DIRECTION ( 'NONE',  ( 0.0000000000000000000, 0.0000000000000000000, 1.000000000000000000 ) ) ;
#2481 = CARTESIAN_POINT ( 'NONE',  ( -6.250000000000000000, 4.500000000000000000, -0.7500000000000000000 ) ) ;
#2482 = VERTEX_POINT ( 'NONE', #1789 ) ;
#2483 = CARTESIAN_POINT ( 'NONE',  ( 1.649999999999999911, 4.500000000000000000, -0.8500000000000001998 ) ) ;
#2484 = CIRCLE ( 'NONE', #375, 0.6500000000000000222 ) ;
#2485 = LINE ( 'NONE', #2767, #543 ) ;
#2486 = VECTOR ( 'NONE', #1593, 1000.000000000000000 ) ;
#2487 = ORIENTED_EDGE ( 'NONE', *, *, #1582, .T. ) ;
#2488 = CARTESIAN_POINT ( 'NONE',  ( -9.000000000000001776, 4.500000000000000000, -0.8500000000000000888 ) ) ;
#2489 = CARTESIAN_POINT ( 'NONE',  ( 17.00000000000000000, -4.500000000000000000, -1.500000000000000000 ) ) ;
#2490 = CIRCLE ( 'NONE', #1041, 0.09999999999999993616 ) ;
#2491 = EDGE_CURVE ( 'NONE', #1347, #2762, #2066, .T. ) ;
#2492 = ORIENTED_EDGE ( 'NONE', *, *, #877, .T. ) ;
#2493 = AXIS2_PLACEMENT_3D ( 'NONE', #3088, #2000, #2280 ) ;
#2494 = CARTESIAN_POINT ( 'NONE',  ( -14.25000000000000000, 4.500000000000000000, -0.7500000000000000000 ) ) ;
#2495 = EDGE_CURVE ( 'NONE', #2658, #1466, #2864, .T. ) ;
#2496 = ORIENTED_EDGE ( 'NONE', *, *, #272, .F. ) ;
#2497 = DIRECTION ( 'NONE',  ( 0.0000000000000000000, 0.0000000000000000000, 1.000000000000000000 ) ) ;
#2498 = LINE ( 'NONE', #1976, #2266 ) ;
#2499 = VECTOR ( 'NONE', #3201, 1000.000000000000000 ) ;
#2500 = VERTEX_POINT ( 'NONE', #484 ) ;
#2501 = CYLINDRICAL_SURFACE ( 'NONE', #2941, 0.09999999999999993616 ) ;
#2502 = DIRECTION ( 'NONE',  ( 0.0000000000000000000, 0.0000000000000000000, 1.000000000000000000 ) ) ;
#2503 = EDGE_LOOP ( 'NONE', ( #1062, #2738, #405, #816 ) ) ;
#2504 = AXIS2_PLACEMENT_3D ( 'NONE', #2163, #894, #2508 ) ;
#2505 = LINE ( 'NONE', #2023, #2651 ) ;
#2506 = CIRCLE ( 'NONE', #2953, 0.6500000000000000222 ) ;
#2507 = ORIENTED_EDGE ( 'NONE', *, *, #1479, .T. ) ;
#2508 = DIRECTION ( 'NONE',  ( 0.0000000000000000000, 0.0000000000000000000, -1.000000000000000000 ) ) ;
#2509 = CIRCLE ( 'NONE', #403, 0.09999999999999993616 ) ;
#2510 = CARTESIAN_POINT ( 'NONE',  ( -1.649999999999999911, 4.500000000000000000, -0.8500000000000001998 ) ) ;
#2511 = VERTEX_POINT ( 'NONE', #2079 ) ;
#2512 = EDGE_CURVE ( 'NONE', #1791, #2762, #1261, .T. ) ;
#2513 = LINE ( 'NONE', #2026, #200 ) ;
#2514 = ORIENTED_EDGE ( 'NONE', *, *, #2198, .T. ) ;
#2515 = DIRECTION ( 'NONE',  ( -4.336808689942015271E-16, 0.0000000000000000000, 1.000000000000000000 ) ) ;
#2516 = ADVANCED_FACE ( 'NONE', ( #1300 ), #2570, .T. ) ;
#2517 = FACE_OUTER_BOUND ( 'NONE', #1583, .T. ) ;
#2518 = ORIENTED_EDGE ( 'NONE', *, *, #1194, .T. ) ;
#2519 = CARTESIAN_POINT ( 'NONE',  ( 12.25000000000000000, 4.500000000000000000, -0.7499999999999998890 ) ) ;
#2520 = DIRECTION ( 'NONE',  ( -0.0000000000000000000, -1.000000000000000000, -0.0000000000000000000 ) ) ;
#2521 = ORIENTED_EDGE ( 'NONE', *, *, #2393, .F. ) ;
#2522 = ADVANCED_FACE ( 'NONE', ( #222 ), #2603, .F. ) ;
#2523 = DIRECTION ( 'NONE',  ( 0.0000000000000000000, 0.0000000000000000000, 1.000000000000000000 ) ) ;
#2524 = VERTEX_POINT ( 'NONE', #766 ) ;
#2525 = DIRECTION ( 'NONE',  ( -0.0000000000000000000, -1.000000000000000000, -0.0000000000000000000 ) ) ;
#2526 = EDGE_CURVE ( 'NONE', #2394, #1191, #2934, .T. ) ;
#2527 = CYLINDRICAL_SURFACE ( 'NONE', #1151, 0.6500000000000000222 ) ;
#2528 = CARTESIAN_POINT ( 'NONE',  ( -1.749999999999999778, 4.500000000000000000, -0.8499999999999999778 ) ) ;
#2529 = ORIENTED_EDGE ( 'NONE', *, *, #1493, .T. ) ;
#2530 = FACE_OUTER_BOUND ( 'NONE', #260, .T. ) ;
#2531 = CARTESIAN_POINT ( 'NONE',  ( -8.250000000000000000, 4.500000000000000000, -0.8499999999999999778 ) ) ;
#2532 = EDGE_CURVE ( 'NONE', #639, #1195, #1500, .T. ) ;
#2533 = ORIENTED_EDGE ( 'NONE', *, *, #1479, .F. ) ;
#2534 = DIRECTION ( 'NONE',  ( 0.0000000000000000000, 1.000000000000000000, 0.0000000000000000000 ) ) ;
#2535 = AXIS2_PLACEMENT_3D ( 'NONE', #2217, #292, #1410 ) ;
#2536 = DIRECTION ( 'NONE',  ( -0.0000000000000000000, -1.000000000000000000, -0.0000000000000000000 ) ) ;
#2537 = ORIENTED_EDGE ( 'NONE', *, *, #1691, .T. ) ;
#2538 = LINE ( 'NONE', #3016, #3158 ) ;
#2539 = AXIS2_PLACEMENT_3D ( 'NONE', #1045, #1121, #828 ) ;
#2540 = ORIENTED_EDGE ( 'NONE', *, *, #2582, .F. ) ;
#2541 = CIRCLE ( 'NONE', #485, 0.6500000000000000222 ) ;
#2542 = DIRECTION ( 'NONE',  ( 0.0000000000000000000, 0.0000000000000000000, 1.000000000000000000 ) ) ;
#2543 = LINE ( 'NONE', #1223, #482 ) ;
#2544 = VECTOR ( 'NONE', #240, 1000.000000000000000 ) ;
#2545 = ORIENTED_EDGE ( 'NONE', *, *, #558, .T. ) ;
#2546 = DIRECTION ( 'NONE',  ( 0.0000000000000000000, 0.0000000000000000000, 1.000000000000000000 ) ) ;
#2547 = AXIS2_PLACEMENT_3D ( 'NONE', #2732, #298, #1091 ) ;
#2548 = EDGE_LOOP ( 'NONE', ( #3090, #715, #2839, #1003 ) ) ;
#2549 = DIRECTION ( 'NONE',  ( 0.0000000000000000000, 0.0000000000000000000, -1.000000000000000000 ) ) ;
#2550 = CARTESIAN_POINT ( 'NONE',  ( 11.75000000000000000, 4.500000000000000000, -0.8499999999999999778 ) ) ;
#2551 = VERTEX_POINT ( 'NONE', #1005 ) ;
#2552 = SURFACE_SIDE_STYLE ('',( #2351 ) ) ;
#2553 = CARTESIAN_POINT ( 'NONE',  ( -5.650000000000000355, -4.500000000000000000, -0.8500000000000001998 ) ) ;
#2554 = EDGE_LOOP ( 'NONE', ( #197, #1480, #744, #2131 ) ) ;
#2555 = EDGE_CURVE ( 'NONE', #69, #555, #1033, .T. ) ;
#2556 = DIRECTION ( 'NONE',  ( -1.000000000000000000, 0.0000000000000000000, -4.336808689942015764E-16 ) ) ;
#2557 = AXIS2_PLACEMENT_3D ( 'NONE', #1607, #2672, #1626 ) ;
#2558 = ORIENTED_EDGE ( 'NONE', *, *, #1042, .F. ) ;
#2559 = EDGE_CURVE ( 'NONE', #589, #2378, #100, .T. ) ;
#2560 = DIRECTION ( 'NONE',  ( -0.0000000000000000000, -1.000000000000000000, -0.0000000000000000000 ) ) ;
#2561 = CIRCLE ( 'NONE', #2110, 0.09999999999999993616 ) ;
#2562 = VERTEX_POINT ( 'NONE', #2884 ) ;
#2563 = AXIS2_PLACEMENT_3D ( 'NONE', #2356, #2065, #483 ) ;
#2564 = LINE ( 'NONE', #3309, #2139 ) ;
#2565 = ORIENTED_EDGE ( 'NONE', *, *, #304, .T. ) ;
#2566 = DIRECTION ( 'NONE',  ( -1.000000000000000000, 0.0000000000000000000, -4.336808689942015764E-16 ) ) ;
#2567 = CARTESIAN_POINT ( 'NONE',  ( -5.000000000000000000, 4.500000000000000000, -0.8500000000000000888 ) ) ;
#2568 = ORIENTED_EDGE ( 'NONE', *, *, #918, .T. ) ;
#2569 = LINE ( 'NONE', #2584, #2610 ) ;
#2570 = CYLINDRICAL_SURFACE ( 'NONE', #268, 0.6500000000000000222 ) ;
#2571 = CARTESIAN_POINT ( 'NONE',  ( -2.350000000000000089, 4.500000000000000000, -0.8500000000000001998 ) ) ;
#2572 = EDGE_CURVE ( 'NONE', #701, #1938, #1513, .T. ) ;
#2573 = ORIENTED_EDGE ( 'NONE', *, *, #2885, .F. ) ;
#2574 = CYLINDRICAL_SURFACE ( 'NONE', #2478, 0.6500000000000000222 ) ;
#2575 = EDGE_CURVE ( 'NONE', #1289, #3366, #441, .T. ) ;
#2576 = VERTEX_POINT ( 'NONE', #988 ) ;
#2577 = CARTESIAN_POINT ( 'NONE',  ( -4.250000000000000000, 4.500000000000000000, -0.8499999999999999778 ) ) ;
#2578 = ADVANCED_FACE ( 'NONE', ( #1562 ), #3428, .T. ) ;
#2579 = EDGE_LOOP ( 'NONE', ( #1610, #2757, #299, #2289 ) ) ;
#2580 = FACE_OUTER_BOUND ( 'NONE', #2122, .T. ) ;
#2581 = FACE_OUTER_BOUND ( 'NONE', #1637, .T. ) ;
#2582 = EDGE_CURVE ( 'NONE', #1684, #1461, #158, .T. ) ;
#2583 = ORIENTED_EDGE ( 'NONE', *, *, #1902, .T. ) ;
#2584 = CARTESIAN_POINT ( 'NONE',  ( -9.750000000000000000, 4.500000000000000000, -0.7499999999999998890 ) ) ;
#2585 = DIRECTION ( 'NONE',  ( 0.0000000000000000000, 0.0000000000000000000, -1.000000000000000000 ) ) ;
#2586 = AXIS2_PLACEMENT_3D ( 'NONE', #2705, #1676, #2741 ) ;
#2587 = CARTESIAN_POINT ( 'NONE',  ( 2.250000000000000444, -4.500000000000000000, -0.8499999999999999778 ) ) ;
#2588 = ORIENTED_EDGE ( 'NONE', *, *, #3204, .T. ) ;
#2589 = AXIS2_PLACEMENT_3D ( 'NONE', #1903, #1604, #3216 ) ;
#2590 = LINE ( 'NONE', #1823, #97 ) ;
#2591 = CIRCLE ( 'NONE', #2318, 0.6500000000000000222 ) ;
#2592 = ORIENTED_EDGE ( 'NONE', *, *, #160, .T. ) ;
#2593 = DIRECTION ( 'NONE',  ( -1.000000000000000000, 0.0000000000000000000, -0.0000000000000000000 ) ) ;
#2594 = EDGE_CURVE ( 'NONE', #443, #2119, #853, .T. ) ;
#2595 = AXIS2_PLACEMENT_3D ( 'NONE', #867, #3258, #2239 ) ;
#2596 = VERTEX_POINT ( 'NONE', #2397 ) ;
#2597 = CARTESIAN_POINT ( 'NONE',  ( 12.25000000000000000, -4.500000000000000000, -0.8499999999999999778 ) ) ;
#2598 = CARTESIAN_POINT ( 'NONE',  ( 16.25000000000000000, 4.500000000000000000, -0.7500000000000000000 ) ) ;
#2599 = VECTOR ( 'NONE', #2763, 1000.000000000000000 ) ;
#2600 = VERTEX_POINT ( 'NONE', #276 ) ;
#2601 = DIRECTION ( 'NONE',  ( -0.0000000000000000000, -1.000000000000000000, -0.0000000000000000000 ) ) ;
#2602 = EDGE_CURVE ( 'NONE', #1105, #125, #802, .T. ) ;
#2603 = CYLINDRICAL_SURFACE ( 'NONE', #2992, 0.09999999999999993616 ) ;
#2604 = CARTESIAN_POINT ( 'NONE',  ( 6.349999999999999645, 4.500000000000000000, -0.8500000000000001998 ) ) ;
#2605 = ORIENTED_EDGE ( 'NONE', *, *, #31, .F. ) ;
#2606 = DIRECTION ( 'NONE',  ( -0.0000000000000000000, -1.000000000000000000, -0.0000000000000000000 ) ) ;
#2607 = CIRCLE ( 'NONE', #2107, 0.09999999999999993616 ) ;
#2608 = VECTOR ( 'NONE', #3378, 1000.000000000000000 ) ;
#2609 = ORIENTED_EDGE ( 'NONE', *, *, #951, .T. ) ;
#2610 = VECTOR ( 'NONE', #2050, 1000.000000000000000 ) ;
#2611 = CARTESIAN_POINT ( 'NONE',  ( -13.00000000000000178, 4.500000000000000000, -0.8500000000000000888 ) ) ;
#2612 = DIRECTION ( 'NONE',  ( -0.0000000000000000000, -1.000000000000000000, -0.0000000000000000000 ) ) ;
#2613 = PLANE ( 'NONE',  #2841 ) ;
#2614 = CIRCLE ( 'NONE', #254, 0.6500000000000000222 ) ;
#2615 = EDGE_CURVE ( 'NONE', #1846, #3241, #68, .T. ) ;
#2616 = DIRECTION ( 'NONE',  ( 0.0000000000000000000, 0.0000000000000000000, 1.000000000000000000 ) ) ;
#2617 = CARTESIAN_POINT ( 'NONE',  ( 13.75000000000000000, -4.500000000000000000, -0.7500000000000000000 ) ) ;
#2618 = AXIS2_PLACEMENT_3D ( 'NONE', #3132, #1830, #812 ) ;
#2619 = ORIENTED_EDGE ( 'NONE', *, *, #1516, .T. ) ;
#2620 = EDGE_CURVE ( 'NONE', #2204, #2867, #2044, .T. ) ;
#2621 = CARTESIAN_POINT ( 'NONE',  ( 9.750000000000000000, 4.500000000000000000, -0.8499999999999999778 ) ) ;
#2622 = DIRECTION ( 'NONE',  ( 0.0000000000000000000, 0.0000000000000000000, 1.000000000000000000 ) ) ;
#2623 = LINE ( 'NONE', #243, #1156 ) ;
#2624 = ORIENTED_EDGE ( 'NONE', *, *, #74, .T. ) ;
#2625 = CARTESIAN_POINT ( 'NONE',  ( -15.00000000000000000, 4.500000000000000000, -0.8500000000000000888 ) ) ;
#2626 = EDGE_CURVE ( 'NONE', #3308, #3303, #1368, .T. ) ;
#2627 = VERTEX_POINT ( 'NONE', #11 ) ;
#2628 = CARTESIAN_POINT ( 'NONE',  ( 17.65000000000000213, 4.500000000000000000, -0.8500000000000001998 ) ) ;
#2629 = PRESENTATION_STYLE_ASSIGNMENT (( #511 ) ) ;
#2630 = CARTESIAN_POINT ( 'NONE',  ( -7.000000000000000000, 4.500000000000000000, -0.8500000000000000888 ) ) ;
#2631 = CARTESIAN_POINT ( 'NONE',  ( 7.000000000000000000, 4.500000000000000000, -0.8500000000000000888 ) ) ;
#2632 = FACE_OUTER_BOUND ( 'NONE', #1389, .T. ) ;
#2633 = VERTEX_POINT ( 'NONE', #2635 ) ;
#2634 = CARTESIAN_POINT ( 'NONE',  ( -1.000000000000000000, 4.500000000000000000, -0.8500000000000000888 ) ) ;
#2635 = CARTESIAN_POINT ( 'NONE',  ( 6.349999999999999645, -4.500000000000000000, -0.8500000000000001998 ) ) ;
#2636 = EDGE_CURVE ( 'NONE', #1889, #13, #1489, .T. ) ;
#2637 = ORIENTED_EDGE ( 'NONE', *, *, #3122, .T. ) ;
#2638 = CARTESIAN_POINT ( 'NONE',  ( 0.0000000000000000000, -4.500000000000000000, 0.0000000000000000000 ) ) ;
#2639 = ORIENTED_EDGE ( 'NONE', *, *, #1522, .F. ) ;
#2640 = DIRECTION ( 'NONE',  ( 0.0000000000000000000, 0.0000000000000000000, 1.000000000000000000 ) ) ;
#2641 = LINE ( 'NONE', #2700, #2091 ) ;
#2642 = EDGE_CURVE ( 'NONE', #616, #1796, #3221, .T. ) ;
#2643 = VERTEX_POINT ( 'NONE', #1614 ) ;
#2644 = AXIS2_PLACEMENT_3D ( 'NONE', #727, #1825, #510 ) ;
#2645 = CARTESIAN_POINT ( 'NONE',  ( -12.34999999999999964, 4.500000000000000000, -0.8500000000000001998 ) ) ;
#2646 = EDGE_CURVE ( 'NONE', #889, #244, #2694, .T. ) ;
#2647 = AXIS2_PLACEMENT_3D ( 'NONE', #3358, #3339, #3093 ) ;
#2648 =( NAMED_UNIT ( * ) PLANE_ANGLE_UNIT ( ) SI_UNIT ( $, .RADIAN. ) );
#2649 = EDGE_LOOP ( 'NONE', ( #178, #1700, #474, #1565 ) ) ;
#2650 = CARTESIAN_POINT ( 'NONE',  ( -13.75000000000000000, -4.500000000000000000, -0.8499999999999999778 ) ) ;
#2651 = VECTOR ( 'NONE', #127, 1000.000000000000000 ) ;
#2652 = CARTESIAN_POINT ( 'NONE',  ( 8.349999999999999645, -4.500000000000000000, -0.8500000000000001998 ) ) ;
#2653 = CIRCLE ( 'NONE', #1154, 0.09999999999999993616 ) ;
#2654 = ORIENTED_EDGE ( 'NONE', *, *, #3055, .F. ) ;
#2655 = CARTESIAN_POINT ( 'NONE',  ( -9.750000000000000000, -4.500000000000000000, -0.8499999999999999778 ) ) ;
#2656 = CIRCLE ( 'NONE', #548, 0.09999999999999993616 ) ;
#2657 = LINE ( 'NONE', #1336, #2430 ) ;
#2658 = VERTEX_POINT ( 'NONE', #2680 ) ;
#2659 = CARTESIAN_POINT ( 'NONE',  ( 17.00000000000000000, 4.500000000000000000, -1.500000000000000000 ) ) ;
#2660 = ORIENTED_EDGE ( 'NONE', *, *, #3036, .T. ) ;
#2661 = EDGE_CURVE ( 'NONE', #1488, #991, #1870, .T. ) ;
#2662 = CARTESIAN_POINT ( 'NONE',  ( 8.250000000000000000, 4.500000000000000000, -0.7499999999999998890 ) ) ;
#2663 = DIRECTION ( 'NONE',  ( 0.0000000000000000000, 0.0000000000000000000, -1.000000000000000000 ) ) ;
#2664 = ORIENTED_EDGE ( 'NONE', *, *, #2290, .F. ) ;
#2665 = EDGE_CURVE ( 'NONE', #2511, #225, #2653, .T. ) ;
#2666 = DIRECTION ( 'NONE',  ( 0.0000000000000000000, 0.0000000000000000000, -1.000000000000000000 ) ) ;
#2667 = CIRCLE ( 'NONE', #221, 0.6500000000000000222 ) ;
#2668 =( NAMED_UNIT ( * ) SI_UNIT ( $, .STERADIAN. ) SOLID_ANGLE_UNIT ( ) );
#2669 = ORIENTED_EDGE ( 'NONE', *, *, #494, .T. ) ;
#2670 = AXIS2_PLACEMENT_3D ( 'NONE', #1743, #2804, #423 ) ;
#2671 = EDGE_CURVE ( 'NONE', #1867, #3009, #324, .T. ) ;
#2672 = DIRECTION ( 'NONE',  ( -0.0000000000000000000, -1.000000000000000000, -0.0000000000000000000 ) ) ;
#2673 = CARTESIAN_POINT ( 'NONE',  ( 15.00000000000000000, 4.500000000000000000, -1.500000000000000000 ) ) ;
#2674 = CIRCLE ( 'NONE', #1891, 0.6500000000000000222 ) ;
#2675 = ORIENTED_EDGE ( 'NONE', *, *, #3394, .F. ) ;
#2676 = EDGE_CURVE ( 'NONE', #871, #1250, #1645, .T. ) ;
#2677 = CARTESIAN_POINT ( 'NONE',  ( -9.750000000000000000, 4.500000000000000000, -0.8499999999999999778 ) ) ;
#2678 = VECTOR ( 'NONE', #866, 1000.000000000000000 ) ;
#2679 = AXIS2_PLACEMENT_3D ( 'NONE', #1685, #2749, #1419 ) ;
#2680 = CARTESIAN_POINT ( 'NONE',  ( 9.750000000000000000, 4.500000000000000000, -0.7500000000000000000 ) ) ;
#2681 = ORIENTED_EDGE ( 'NONE', *, *, #1301, .T. ) ;
#2682 = FACE_OUTER_BOUND ( 'NONE', #1429, .T. ) ;
#2683 = ORIENTED_EDGE ( 'NONE', *, *, #304, .F. ) ;
#2684 = CARTESIAN_POINT ( 'NONE',  ( 7.000000000000000000, -4.500000000000000000, -0.8500000000000000888 ) ) ;
#2685 = DIRECTION ( 'NONE',  ( -0.0000000000000000000, -1.000000000000000000, -0.0000000000000000000 ) ) ;
#2686 = ORIENTED_EDGE ( 'NONE', *, *, #1958, .T. ) ;
#2687 = FACE_OUTER_BOUND ( 'NONE', #15, .T. ) ;
#2688 = EDGE_CURVE ( 'NONE', #1208, #1502, #2445, .T. ) ;
#2689 = ORIENTED_EDGE ( 'NONE', *, *, #2446, .T. ) ;
#2690 = CARTESIAN_POINT ( 'NONE',  ( -9.650000000000000355, 4.500000000000000000, -0.8500000000000001998 ) ) ;
#2691 = DIRECTION ( 'NONE',  ( -0.0000000000000000000, 1.000000000000000000, 0.0000000000000000000 ) ) ;
#2692 = ORIENTED_EDGE ( 'NONE', *, *, #2254, .T. ) ;
#2693 = LINE ( 'NONE', #884, #738 ) ;
#2694 = LINE ( 'NONE', #311, #1096 ) ;
#2695 = EDGE_CURVE ( 'NONE', #1791, #1319, #1765, .T. ) ;
#2696 = ORIENTED_EDGE ( 'NONE', *, *, #1132, .F. ) ;
#2697 = DIRECTION ( 'NONE',  ( 0.0000000000000000000, 0.0000000000000000000, 1.000000000000000000 ) ) ;
#2698 = DIRECTION ( 'NONE',  ( -0.0000000000000000000, -1.000000000000000000, -0.0000000000000000000 ) ) ;
#2699 = ORIENTED_EDGE ( 'NONE', *, *, #3359, .T. ) ;
#2700 = CARTESIAN_POINT ( 'NONE',  ( 5.650000000000000355, 4.500000000000000000, -0.8500000000000001998 ) ) ;
#2701 = EDGE_LOOP ( 'NONE', ( #2019, #3310, #3118, #1306 ) ) ;
#2702 = DIRECTION ( 'NONE',  ( -0.0000000000000000000, -1.000000000000000000, -0.0000000000000000000 ) ) ;
#2703 = VECTOR ( 'NONE', #1155, 1000.000000000000000 ) ;
#2704 = EDGE_CURVE ( 'NONE', #2633, #1504, #381, .T. ) ;
#2705 = CARTESIAN_POINT ( 'NONE',  ( -11.75000000000000000, 4.500000000000000000, -0.8499999999999999778 ) ) ;
#2706 = AXIS2_PLACEMENT_3D ( 'NONE', #2181, #2702, #3253 ) ;
#2707 = ORIENTED_EDGE ( 'NONE', *, *, #1493, .F. ) ;
#2708 = CARTESIAN_POINT ( 'NONE',  ( -5.000000000000000000, 4.500000000000000000, -0.8500000000000000888 ) ) ;
#2709 = EDGE_CURVE ( 'NONE', #2825, #922, #2322, .T. ) ;
#2710 = DIRECTION ( 'NONE',  ( -0.0000000000000000000, -1.000000000000000000, -0.0000000000000000000 ) ) ;
#2711 = AXIS2_PLACEMENT_3D ( 'NONE', #1127, #399, #626 ) ;
#2712 = ORIENTED_EDGE ( 'NONE', *, *, #1136, .F. ) ;
#2713 = CARTESIAN_POINT ( 'NONE',  ( 3.750000000000000000, 4.500000000000000000, -0.8499999999999999778 ) ) ;
#2714 = DIRECTION ( 'NONE',  ( 0.0000000000000000000, 0.0000000000000000000, 1.000000000000000000 ) ) ;
#2715 = ORIENTED_EDGE ( 'NONE', *, *, #1172, .F. ) ;
#2716 =( GEOMETRIC_REPRESENTATION_CONTEXT ( 3 ) GLOBAL_UNCERTAINTY_ASSIGNED_CONTEXT ( ( #1995 ) ) GLOBAL_UNIT_ASSIGNED_CONTEXT ( ( #825, #2963, #316 ) ) REPRESENTATION_CONTEXT ( 'NONE', 'WORKASPACE' ) );
#2717 = EDGE_CURVE ( 'NONE', #1185, #1521, #1708, .T. ) ;
#2718 = DIRECTION ( 'NONE',  ( -0.0000000000000000000, -1.000000000000000000, -0.0000000000000000000 ) ) ;
#2719 = DIRECTION ( 'NONE',  ( -1.000000000000000000, 0.0000000000000000000, -4.336808689942015764E-16 ) ) ;
#2720 = VECTOR ( 'NONE', #1215, 1000.000000000000000 ) ;
#2721 = ORIENTED_EDGE ( 'NONE', *, *, #2384, .T. ) ;
#2722 = DIRECTION ( 'NONE',  ( 0.0000000000000000000, 0.0000000000000000000, 1.000000000000000000 ) ) ;
#2723 = CARTESIAN_POINT ( 'NONE',  ( -0.3500000000000000333, 4.500000000000000000, -0.8500000000000001998 ) ) ;
#2724 = EDGE_CURVE ( 'NONE', #3114, #2980, #2657, .T. ) ;
#2725 = AXIS2_PLACEMENT_3D ( 'NONE', #3377, #2515, #2274 ) ;
#2726 = EDGE_LOOP ( 'NONE', ( #76, #3134, #3406, #1051 ) ) ;
#2727 = DIRECTION ( 'NONE',  ( -0.0000000000000000000, -1.000000000000000000, -0.0000000000000000000 ) ) ;
#2728 = VECTOR ( 'NONE', #3299, 1000.000000000000000 ) ;
#2729 = DIRECTION ( 'NONE',  ( 0.0000000000000000000, 0.0000000000000000000, -1.000000000000000000 ) ) ;
#2730 = EDGE_CURVE ( 'NONE', #1008, #1237, #1654, .T. ) ;
#2731 = ORIENTED_EDGE ( 'NONE', *, *, #1661, .T. ) ;
#2732 = CARTESIAN_POINT ( 'NONE',  ( 9.000000000000001776, 4.500000000000000000, -0.8500000000000000888 ) ) ;
#2733 = VECTOR ( 'NONE', #1771, 1000.000000000000000 ) ;
#2734 = CARTESIAN_POINT ( 'NONE',  ( -3.000000000000000000, -4.500000000000000000, -0.8500000000000000888 ) ) ;
#2735 = ORIENTED_EDGE ( 'NONE', *, *, #3271, .F. ) ;
#2736 = LINE ( 'NONE', #3084, #896 ) ;
#2737 = CARTESIAN_POINT ( 'NONE',  ( -17.00000000000000000, 4.500000000000000000, -0.8500000000000000888 ) ) ;
#2738 = ORIENTED_EDGE ( 'NONE', *, *, #2286, .T. ) ;
#2739 = CARTESIAN_POINT ( 'NONE',  ( 15.00000000000000000, 4.500000000000000000, -0.8500000000000000888 ) ) ;
#2740 = EDGE_CURVE ( 'NONE', #1585, #3245, #3276, .T. ) ;
#2741 = DIRECTION ( 'NONE',  ( 0.0000000000000000000, 0.0000000000000000000, 1.000000000000000000 ) ) ;
#2742 = EDGE_LOOP ( 'NONE', ( #2306, #18, #1078, #3409 ) ) ;
#2743 = CARTESIAN_POINT ( 'NONE',  ( 8.250000000000000000, 4.500000000000000000, -0.7499999999999998890 ) ) ;
#2744 = DIRECTION ( 'NONE',  ( 0.0000000000000000000, 0.0000000000000000000, 1.000000000000000000 ) ) ;
#2745 = ORIENTED_EDGE ( 'NONE', *, *, #2985, .F. ) ;
#2746 = DIRECTION ( 'NONE',  ( 0.0000000000000000000, 0.0000000000000000000, 1.000000000000000000 ) ) ;
#2747 = CARTESIAN_POINT ( 'NONE',  ( -11.75000000000000000, 4.500000000000000000, -0.7499999999999998890 ) ) ;
#2748 = ORIENTED_EDGE ( 'NONE', *, *, #2372, .T. ) ;
#2749 = DIRECTION ( 'NONE',  ( -0.0000000000000000000, 1.000000000000000000, 0.0000000000000000000 ) ) ;
#2750 = ADVANCED_FACE ( 'NONE', ( #2221 ), #903, .F. ) ;
#2751 = CARTESIAN_POINT ( 'NONE',  ( 7.000000000000000000, 4.500000000000000000, -0.8500000000000000888 ) ) ;
#2752 = ORIENTED_EDGE ( 'NONE', *, *, #992, .T. ) ;
#2753 = CARTESIAN_POINT ( 'NONE',  ( 8.250000000000000000, 4.500000000000000000, -0.7500000000000000000 ) ) ;
#2754 = CARTESIAN_POINT ( 'NONE',  ( -11.65000000000000036, -4.500000000000000000, -0.8500000000000001998 ) ) ;
#2755 = EDGE_CURVE ( 'NONE', #302, #3303, #658, .T. ) ;
#2756 = DIRECTION ( 'NONE',  ( -0.0000000000000000000, -1.000000000000000000, -0.0000000000000000000 ) ) ;
#2757 = ORIENTED_EDGE ( 'NONE', *, *, #2820, .F. ) ;
#2758 = CYLINDRICAL_SURFACE ( 'NONE', #1785, 0.09999999999999993616 ) ;
#2759 = AXIS2_PLACEMENT_3D ( 'NONE', #2332, #3403, #1009 ) ;
#2760 = CYLINDRICAL_SURFACE ( 'NONE', #1209, 0.09999999999999993616 ) ;
#2761 = AXIS2_PLACEMENT_3D ( 'NONE', #1305, #3372, #3175 ) ;
#2762 = VERTEX_POINT ( 'NONE', #1471 ) ;
#2763 = DIRECTION ( 'NONE',  ( -0.0000000000000000000, -1.000000000000000000, -0.0000000000000000000 ) ) ;
#2764 = DIRECTION ( 'NONE',  ( -0.0000000000000000000, -1.000000000000000000, -0.0000000000000000000 ) ) ;
#2765 = ORIENTED_EDGE ( 'NONE', *, *, #317, .F. ) ;
#2766 = VECTOR ( 'NONE', #204, 1000.000000000000000 ) ;
#2767 = CARTESIAN_POINT ( 'NONE',  ( -19.00000000000000355, 4.500000000000000000, -1.500000000000000000 ) ) ;
#2768 = EDGE_CURVE ( 'NONE', #2434, #1370, #934, .T. ) ;
#2769 = AXIS2_PLACEMENT_3D ( 'NONE', #1285, #1773, #2344 ) ;
#2770 = ORIENTED_EDGE ( 'NONE', *, *, #3180, .F. ) ;
#2771 = DIRECTION ( 'NONE',  ( 0.0000000000000000000, 0.0000000000000000000, -1.000000000000000000 ) ) ;
#2772 = DIRECTION ( 'NONE',  ( 0.0000000000000000000, 1.000000000000000000, 0.0000000000000000000 ) ) ;
#2773 = EDGE_CURVE ( 'NONE', #1577, #2977, #1375, .T. ) ;
#2774 = ORIENTED_EDGE ( 'NONE', *, *, #2695, .F. ) ;
#2775 = DIRECTION ( 'NONE',  ( -1.000000000000000000, 0.0000000000000000000, -4.336808689942015764E-16 ) ) ;
#2776 = ADVANCED_FACE ( 'NONE', ( #1695 ), #2760, .F. ) ;
#2777 = ORIENTED_EDGE ( 'NONE', *, *, #755, .T. ) ;
#2778 = PLANE ( 'NONE',  #2789 ) ;
#2779 = DIRECTION ( 'NONE',  ( -0.0000000000000000000, -1.000000000000000000, -0.0000000000000000000 ) ) ;
#2780 = CIRCLE ( 'NONE', #282, 0.09999999999999993616 ) ;
#2781 = CIRCLE ( 'NONE', #1505, 0.6500000000000000222 ) ;
#2782 = ORIENTED_EDGE ( 'NONE', *, *, #2465, .T. ) ;
#2783 = DIRECTION ( 'NONE',  ( 0.0000000000000000000, 0.0000000000000000000, 1.000000000000000000 ) ) ;
#2784 = CARTESIAN_POINT ( 'NONE',  ( -5.000000000000000000, -4.500000000000000000, -0.8500000000000000888 ) ) ;
#2785 = ORIENTED_EDGE ( 'NONE', *, *, #152, .F. ) ;
#2786 = CARTESIAN_POINT ( 'NONE',  ( 11.75000000000000000, 4.500000000000000000, -0.7500000000000000000 ) ) ;
#2787 = ORIENTED_EDGE ( 'NONE', *, *, #3140, .F. ) ;
#2788 = DIRECTION ( 'NONE',  ( 0.0000000000000000000, 0.0000000000000000000, 1.000000000000000000 ) ) ;
#2789 = AXIS2_PLACEMENT_3D ( 'NONE', #1490, #414, #398 ) ;
#2790 = CARTESIAN_POINT ( 'NONE',  ( 1.749999999999999778, -4.500000000000000000, -0.7500000000000000000 ) ) ;
#2791 = EDGE_LOOP ( 'NONE', ( #2099, #3357, #886, #142 ) ) ;
#2792 = LINE ( 'NONE', #655, #1421 ) ;
#2793 = EDGE_CURVE ( 'NONE', #2825, #2511, #2498, .T. ) ;
#2794 = ORIENTED_EDGE ( 'NONE', *, *, #3359, .F. ) ;
#2795 = UNCERTAINTY_MEASURE_WITH_UNIT (LENGTH_MEASURE( 1.000000000000000082E-05 ), #1080, 'distance_accuracy_value', 'NONE');
#2796 = CARTESIAN_POINT ( 'NONE',  ( -7.750000000000000000, 4.500000000000000000, -0.7500000000000000000 ) ) ;
#2797 = DIRECTION ( 'NONE',  ( 0.0000000000000000000, 1.000000000000000000, 0.0000000000000000000 ) ) ;
#2798 = ORIENTED_EDGE ( 'NONE', *, *, #1947, .F. ) ;
#2799 = DIRECTION ( 'NONE',  ( 0.0000000000000000000, 1.000000000000000000, 0.0000000000000000000 ) ) ;
#2800 = LINE ( 'NONE', #3119, #949 ) ;
#2801 = ORIENTED_EDGE ( 'NONE', *, *, #844, .F. ) ;
#2802 = DIRECTION ( 'NONE',  ( 0.0000000000000000000, 0.0000000000000000000, -1.000000000000000000 ) ) ;
#2803 = EDGE_LOOP ( 'NONE', ( #2914, #1339, #2974, #3419 ) ) ;
#2804 = DIRECTION ( 'NONE',  ( -0.0000000000000000000, -1.000000000000000000, -0.0000000000000000000 ) ) ;
#2805 = LINE ( 'NONE', #1447, #1369 ) ;
#2806 = ORIENTED_EDGE ( 'NONE', *, *, #613, .T. ) ;
#2807 = LINE ( 'NONE', #2494, #3429 ) ;
#2808 = VERTEX_POINT ( 'NONE', #82 ) ;
#2809 = EDGE_CURVE ( 'NONE', #1200, #1097, #770, .T. ) ;
#2810 = CARTESIAN_POINT ( 'NONE',  ( -8.250000000000000000, 4.500000000000000000, -0.7500000000000000000 ) ) ;
#2811 = DIRECTION ( 'NONE',  ( -4.336808689942015271E-16, 0.0000000000000000000, 1.000000000000000000 ) ) ;
#2812 = CARTESIAN_POINT ( 'NONE',  ( 1.649999999999999911, -4.500000000000000000, -0.8500000000000001998 ) ) ;
#2813 = ORIENTED_EDGE ( 'NONE', *, *, #3415, .F. ) ;
#2814 = CYLINDRICAL_SURFACE ( 'NONE', #1658, 0.6500000000000000222 ) ;
#2815 = EDGE_CURVE ( 'NONE', #943, #747, #2215, .T. ) ;
#2816 = CARTESIAN_POINT ( 'NONE',  ( -7.750000000000000000, -4.500000000000000000, -0.8499999999999999778 ) ) ;
#2817 = ORIENTED_EDGE ( 'NONE', *, *, #2717, .T. ) ;
#2818 = DIRECTION ( 'NONE',  ( 0.0000000000000000000, 0.0000000000000000000, -1.000000000000000000 ) ) ;
#2819 = CIRCLE ( 'NONE', #2368, 0.09999999999999993616 ) ;
#2820 = EDGE_CURVE ( 'NONE', #1105, #1350, #1941, .T. ) ;
#2821 = EDGE_LOOP ( 'NONE', ( #2533, #1231, #604, #2349 ) ) ;
#2822 = CIRCLE ( 'NONE', #1316, 0.09999999999999993616 ) ;
#2823 = CARTESIAN_POINT ( 'NONE',  ( -3.000000000000000000, 4.500000000000000000, -1.500000000000000000 ) ) ;
#2824 = VECTOR ( 'NONE', #2710, 1000.000000000000000 ) ;
#2825 = VERTEX_POINT ( 'NONE', #917 ) ;
#2826 = AXIS2_PLACEMENT_3D ( 'NONE', #2202, #936, #2186 ) ;
#2827 = DIRECTION ( 'NONE',  ( 0.0000000000000000000, 0.0000000000000000000, 1.000000000000000000 ) ) ;
#2828 = AXIS2_PLACEMENT_3D ( 'NONE', #1387, #52, #1402 ) ;
#2829 = ORIENTED_EDGE ( 'NONE', *, *, #1958, .F. ) ;
#2830 = FACE_OUTER_BOUND ( 'NONE', #2415, .T. ) ;
#2831 = DIRECTION ( 'NONE',  ( 0.0000000000000000000, 0.0000000000000000000, -1.000000000000000000 ) ) ;
#2832 = EDGE_CURVE ( 'NONE', #1179, #413, #1268, .T. ) ;
#2833 = VERTEX_POINT ( 'NONE', #660 ) ;
#2834 = DIRECTION ( 'NONE',  ( -0.0000000000000000000, -1.000000000000000000, -0.0000000000000000000 ) ) ;
#2835 = DIRECTION ( 'NONE',  ( -0.0000000000000000000, -1.000000000000000000, -0.0000000000000000000 ) ) ;
#2836 = EDGE_CURVE ( 'NONE', #3002, #210, #1664, .T. ) ;
#2837 = DIRECTION ( 'NONE',  ( -0.0000000000000000000, -1.000000000000000000, -0.0000000000000000000 ) ) ;
#2838 = CIRCLE ( 'NONE', #2057, 0.6500000000000000222 ) ;
#2839 = ORIENTED_EDGE ( 'NONE', *, *, #1680, .T. ) ;
#2840 = CARTESIAN_POINT ( 'NONE',  ( 17.75000000000000355, 4.500000000000000000, -0.8499999999999999778 ) ) ;
#2841 = AXIS2_PLACEMENT_3D ( 'NONE', #1026, #1081, #2141 ) ;
#2842 = ORIENTED_EDGE ( 'NONE', *, *, #3394, .T. ) ;
#2843 = CYLINDRICAL_SURFACE ( 'NONE', #2644, 0.6500000000000000222 ) ;
#2844 = EDGE_CURVE ( 'NONE', #943, #893, #1378, .T. ) ;
#2845 = ORIENTED_EDGE ( 'NONE', *, *, #1474, .F. ) ;
#2846 = CARTESIAN_POINT ( 'NONE',  ( 13.75000000000000000, 4.500000000000000000, -0.7500000000000000000 ) ) ;
#2847 = DIRECTION ( 'NONE',  ( 0.0000000000000000000, 0.0000000000000000000, 1.000000000000000000 ) ) ;
#2848 = ORIENTED_EDGE ( 'NONE', *, *, #797, .T. ) ;
#2849 = FACE_OUTER_BOUND ( 'NONE', #1815, .T. ) ;
#2850 = CARTESIAN_POINT ( 'NONE',  ( 17.00000000000000000, 4.500000000000000000, -0.8500000000000000888 ) ) ;
#2851 = CARTESIAN_POINT ( 'NONE',  ( -16.25000000000000000, 4.500000000000000000, -0.8499999999999999778 ) ) ;
#2852 = ORIENTED_EDGE ( 'NONE', *, *, #877, .F. ) ;
#2853 = ADVANCED_FACE ( 'NONE', ( #2517 ), #2477, .F. ) ;
#2854 = CYLINDRICAL_SURFACE ( 'NONE', #1256, 0.09999999999999993616 ) ;
#2855 = VERTEX_POINT ( 'NONE', #2460 ) ;
#2856 = EDGE_CURVE ( 'NONE', #1827, #125, #1264, .T. ) ;
#2857 = CARTESIAN_POINT ( 'NONE',  ( -5.750000000000000000, 4.500000000000000000, -0.7500000000000000000 ) ) ;
#2858 = ORIENTED_EDGE ( 'NONE', *, *, #272, .T. ) ;
#2859 = ADVANCED_FACE ( 'NONE', ( #3065 ), #1735, .F. ) ;
#2860 = CARTESIAN_POINT ( 'NONE',  ( 19.00000000000000355, 4.500000000000000000, -1.500000000000000000 ) ) ;
#2861 = CARTESIAN_POINT ( 'NONE',  ( -3.000000000000000000, 4.500000000000000000, -0.8500000000000000888 ) ) ;
#2862 = ORIENTED_EDGE ( 'NONE', *, *, #2495, .F. ) ;
#2863 = DIRECTION ( 'NONE',  ( 0.0000000000000000000, 0.0000000000000000000, -1.000000000000000000 ) ) ;
#2864 = LINE ( 'NONE', #469, #3389 ) ;
#2865 = CIRCLE ( 'NONE', #1862, 0.6500000000000000222 ) ;
#2866 = LINE ( 'NONE', #1820, #2047 ) ;
#2867 = VERTEX_POINT ( 'NONE', #2277 ) ;
#2868 = CIRCLE ( 'NONE', #1484, 0.6500000000000000222 ) ;
#2869 = FACE_OUTER_BOUND ( 'NONE', #2918, .T. ) ;
#2870 = ADVANCED_FACE ( 'NONE', ( #433 ), #697, .T. ) ;
#2871 = VECTOR ( 'NONE', #3121, 1000.000000000000000 ) ;
#2872 = ORIENTED_EDGE ( 'NONE', *, *, #2363, .F. ) ;
#2873 = DIRECTION ( 'NONE',  ( 0.0000000000000000000, 0.0000000000000000000, 1.000000000000000000 ) ) ;
#2874 = AXIS2_PLACEMENT_3D ( 'NONE', #1193, #2797, #1998 ) ;
#2875 = EDGE_CURVE ( 'NONE', #883, #382, #2017, .T. ) ;
#2876 = ORIENTED_EDGE ( 'NONE', *, *, #1884, .T. ) ;
#2877 = AXIS2_PLACEMENT_3D ( 'NONE', #3210, #32, #1093 ) ;
#2878 = CYLINDRICAL_SURFACE ( 'NONE', #2957, 0.6500000000000000222 ) ;
#2879 = LINE ( 'NONE', #498, #705 ) ;
#2880 = VECTOR ( 'NONE', #3182, 1000.000000000000000 ) ;
#2881 = VERTEX_POINT ( 'NONE', #2812 ) ;
#2882 = CYLINDRICAL_SURFACE ( 'NONE', #564, 0.09999999999999993616 ) ;
#2883 = PRODUCT_DEFINITION_FORMATION_WITH_SPECIFIED_SOURCE ( 'ANY', '', #813, .NOT_KNOWN. ) ;
#2884 = CARTESIAN_POINT ( 'NONE',  ( 19.00000000000000355, 4.500000000000000000, 0.0000000000000000000 ) ) ;
#2885 = EDGE_CURVE ( 'NONE', #1069, #1382, #1492, .T. ) ;
#2886 = CARTESIAN_POINT ( 'NONE',  ( -4.250000000000000000, 4.500000000000000000, -0.8499999999999999778 ) ) ;
#2887 = VERTEX_POINT ( 'NONE', #16 ) ;
#2888 = DIRECTION ( 'NONE',  ( -0.0000000000000000000, -1.000000000000000000, -0.0000000000000000000 ) ) ;
#2889 = CIRCLE ( 'NONE', #3176, 0.09999999999999993616 ) ;
#2890 = ORIENTED_EDGE ( 'NONE', *, *, #3301, .T. ) ;
#2891 = AXIS2_PLACEMENT_3D ( 'NONE', #2816, #173, #717 ) ;
#2892 = CARTESIAN_POINT ( 'NONE',  ( -16.25000000000000000, 4.500000000000000000, -0.7500000000000000000 ) ) ;
#2893 = AXIS2_PLACEMENT_3D ( 'NONE', #3292, #2200, #310 ) ;
#2894 = APPLICATION_PROTOCOL_DEFINITION ( 'draft international standard', 'automotive_design', 1998, #2964 ) ;
#2895 = DIRECTION ( 'NONE',  ( 0.0000000000000000000, 1.000000000000000000, 0.0000000000000000000 ) ) ;
#2896 = CARTESIAN_POINT ( 'NONE',  ( 8.250000000000000000, 4.500000000000000000, -0.8499999999999999778 ) ) ;
#2897 = EDGE_CURVE ( 'NONE', #35, #3146, #3053, .T. ) ;
#2898 = CARTESIAN_POINT ( 'NONE',  ( 19.00000000000000355, 4.500000000000000000, -0.8500000000000000888 ) ) ;
#2899 = ORIENTED_EDGE ( 'NONE', *, *, #2944, .F. ) ;
#2900 = CARTESIAN_POINT ( 'NONE',  ( -5.750000000000000000, -4.500000000000000000, -0.8499999999999999778 ) ) ;
#2901 = EDGE_CURVE ( 'NONE', #1574, #991, #2490, .T. ) ;
#2902 = DIRECTION ( 'NONE',  ( -0.0000000000000000000, -1.000000000000000000, -0.0000000000000000000 ) ) ;
#2903 = ORIENTED_EDGE ( 'NONE', *, *, #2426, .F. ) ;
#2904 = DIRECTION ( 'NONE',  ( -1.000000000000000000, 0.0000000000000000000, -4.336808689942015764E-16 ) ) ;
#2905 = ORIENTED_EDGE ( 'NONE', *, *, #2820, .T. ) ;
#2906 = DIRECTION ( 'NONE',  ( -0.0000000000000000000, -1.000000000000000000, -0.0000000000000000000 ) ) ;
#2907 = PLANE ( 'NONE',  #2761 ) ;
#2908 = ORIENTED_EDGE ( 'NONE', *, *, #2302, .T. ) ;
#2909 = DIRECTION ( 'NONE',  ( -0.0000000000000000000, -1.000000000000000000, -0.0000000000000000000 ) ) ;
#2910 = ORIENTED_EDGE ( 'NONE', *, *, #3252, .T. ) ;
#2911 = LINE ( 'NONE', #1864, #2063 ) ;
#2912 = CARTESIAN_POINT ( 'NONE',  ( -9.750000000000000000, -4.500000000000000000, -0.7500000000000000000 ) ) ;
#2913 = EDGE_CURVE ( 'NONE', #13, #2600, #2656, .T. ) ;
#2914 = ORIENTED_EDGE ( 'NONE', *, *, #3405, .F. ) ;
#2915 = DIRECTION ( 'NONE',  ( -0.0000000000000000000, -1.000000000000000000, -0.0000000000000000000 ) ) ;
#2916 = DIRECTION ( 'NONE',  ( 0.0000000000000000000, 1.000000000000000000, 0.0000000000000000000 ) ) ;
#2917 = EDGE_CURVE ( 'NONE', #2977, #1198, #3194, .T. ) ;
#2918 = EDGE_LOOP ( 'NONE', ( #2492, #868, #354, #2905 ) ) ;
#2919 = DIRECTION ( 'NONE',  ( -0.0000000000000000000, -1.000000000000000000, -0.0000000000000000000 ) ) ;
#2920 = ORIENTED_EDGE ( 'NONE', *, *, #2067, .T. ) ;
#2921 = CARTESIAN_POINT ( 'NONE',  ( 4.250000000000000000, -4.500000000000000000, -0.7499999999999998890 ) ) ;
#2922 = FACE_OUTER_BOUND ( 'NONE', #612, .T. ) ;
#2923 = AXIS2_PLACEMENT_3D ( 'NONE', #2183, #3222, #1640 ) ;
#2924 = EDGE_CURVE ( 'NONE', #1401, #443, #1075, .T. ) ;
#2925 = ORIENTED_EDGE ( 'NONE', *, *, #2695, .T. ) ;
#2926 = CIRCLE ( 'NONE', #1979, 0.6500000000000000222 ) ;
#2927 = CYLINDRICAL_SURFACE ( 'NONE', #1924, 0.6500000000000000222 ) ;
#2928 = AXIS2_PLACEMENT_3D ( 'NONE', #1550, #1843, #2101 ) ;
#2929 = EDGE_CURVE ( 'NONE', #2867, #2633, #990, .T. ) ;
#2930 = ORIENTED_EDGE ( 'NONE', *, *, #2704, .T. ) ;
#2931 = CARTESIAN_POINT ( 'NONE',  ( -3.000000000000000000, -4.500000000000000000, -0.8500000000000000888 ) ) ;
#2932 = AXIS2_PLACEMENT_3D ( 'NONE', #406, #1967, #2523 ) ;
#2933 = CARTESIAN_POINT ( 'NONE',  ( 18.25000000000000355, 4.500000000000000000, -0.8499999999999999778 ) ) ;
#2934 = CIRCLE ( 'NONE', #2769, 0.09999999999999993616 ) ;
#2935 = ORIENTED_EDGE ( 'NONE', *, *, #2043, .F. ) ;
#2936 = FACE_OUTER_BOUND ( 'NONE', #1856, .T. ) ;
#2937 = STYLED_ITEM ( 'NONE', ( #1857 ), #2990 ) ;
#2938 = CARTESIAN_POINT ( 'NONE',  ( 18.25000000000000355, 4.500000000000000000, -0.7500000000000000000 ) ) ;
#2939 = ORIENTED_EDGE ( 'NONE', *, *, #573, .F. ) ;
#2940 = DIRECTION ( 'NONE',  ( 0.0000000000000000000, 0.0000000000000000000, 1.000000000000000000 ) ) ;
#2941 = AXIS2_PLACEMENT_3D ( 'NONE', #1346, #269, #971 ) ;
#2942 = ORIENTED_EDGE ( 'NONE', *, *, #23, .F. ) ;
#2943 = DIRECTION ( 'NONE',  ( 0.0000000000000000000, 0.0000000000000000000, 1.000000000000000000 ) ) ;
#2944 = EDGE_CURVE ( 'NONE', #1873, #2071, #2268, .T. ) ;
#2945 = CARTESIAN_POINT ( 'NONE',  ( -8.349999999999999645, 4.500000000000000000, -0.8500000000000001998 ) ) ;
#2946 = ORIENTED_EDGE ( 'NONE', *, *, #12, .T. ) ;
#2947 = CARTESIAN_POINT ( 'NONE',  ( -0.2500000000000001110, 4.500000000000000000, -0.8499999999999999778 ) ) ;
#2948 = LINE ( 'NONE', #1569, #2880 ) ;
#2949 = ORIENTED_EDGE ( 'NONE', *, *, #2636, .T. ) ;
#2950 = CIRCLE ( 'NONE', #3237, 0.6500000000000000222 ) ;
#2951 = CYLINDRICAL_SURFACE ( 'NONE', #1276, 0.6500000000000000222 ) ;
#2952 = DIRECTION ( 'NONE',  ( 0.0000000000000000000, 0.0000000000000000000, 1.000000000000000000 ) ) ;
#2953 = AXIS2_PLACEMENT_3D ( 'NONE', #817, #500, #1314 ) ;
#2954 = AXIS2_PLACEMENT_3D ( 'NONE', #2933, #199, #273 ) ;
#2955 = ORIENTED_EDGE ( 'NONE', *, *, #2815, .T. ) ;
#2956 = DIRECTION ( 'NONE',  ( -0.0000000000000000000, -1.000000000000000000, -0.0000000000000000000 ) ) ;
#2957 = AXIS2_PLACEMENT_3D ( 'NONE', #2125, #1258, #1555 ) ;
#2958 = AXIS2_PLACEMENT_3D ( 'NONE', #2339, #1014, #478 ) ;
#2959 = DIRECTION ( 'NONE',  ( -0.0000000000000000000, 1.000000000000000000, 0.0000000000000000000 ) ) ;
#2960 = ORIENTED_EDGE ( 'NONE', *, *, #3108, .F. ) ;
#2961 = CARTESIAN_POINT ( 'NONE',  ( 2.250000000000000444, -4.500000000000000000, -0.7499999999999998890 ) ) ;
#2962 = ORIENTED_EDGE ( 'NONE', *, *, #1519, .T. ) ;
#2963 =( NAMED_UNIT ( * ) PLANE_ANGLE_UNIT ( ) SI_UNIT ( $, .RADIAN. ) );
#2964 = APPLICATION_CONTEXT ( 'automotive_design' ) ;
#2965 = DIRECTION ( 'NONE',  ( -4.336808689942015271E-16, 0.0000000000000000000, 1.000000000000000000 ) ) ;
#2966 = ADVANCED_FACE ( 'NONE', ( #3174 ), #1619, .F. ) ;
#2967 = ORIENTED_EDGE ( 'NONE', *, *, #2671, .F. ) ;
#2968 = CARTESIAN_POINT ( 'NONE',  ( -16.35000000000000142, 4.500000000000000000, -0.8500000000000001998 ) ) ;
#2969 = ADVANCED_FACE ( 'NONE', ( #540 ), #300, .T. ) ;
#2970 = CARTESIAN_POINT ( 'NONE',  ( -18.25000000000000355, 4.500000000000000000, -0.8499999999999999778 ) ) ;
#2971 = ORIENTED_EDGE ( 'NONE', *, *, #2740, .T. ) ;
#2972 = CARTESIAN_POINT ( 'NONE',  ( -5.650000000000000355, 4.500000000000000000, -0.8500000000000001998 ) ) ;
#2973 = CARTESIAN_POINT ( 'NONE',  ( -11.75000000000000000, 4.500000000000000000, -0.7499999999999998890 ) ) ;
#2974 = ORIENTED_EDGE ( 'NONE', *, *, #1798, .T. ) ;
#2975 = CARTESIAN_POINT ( 'NONE',  ( 15.75000000000000000, 4.500000000000000000, -0.7500000000000000000 ) ) ;
#2976 = CARTESIAN_POINT ( 'NONE',  ( -5.750000000000000000, -4.500000000000000000, -0.7499999999999998890 ) ) ;
#2977 = VERTEX_POINT ( 'NONE', #261 ) ;
#2978 = CARTESIAN_POINT ( 'NONE',  ( -6.250000000000000000, 4.500000000000000000, -0.7500000000000000000 ) ) ;
#2979 = DIRECTION ( 'NONE',  ( 0.0000000000000000000, 0.0000000000000000000, -1.000000000000000000 ) ) ;
#2980 = VERTEX_POINT ( 'NONE', #1039 ) ;
#2981 = CARTESIAN_POINT ( 'NONE',  ( -3.000000000000000000, 4.500000000000000000, -0.8500000000000000888 ) ) ;
#2982 = EDGE_CURVE ( 'NONE', #1618, #786, #790, .T. ) ;
#2983 = VECTOR ( 'NONE', #146, 1000.000000000000000 ) ;
#2984 = DIRECTION ( 'NONE',  ( -0.0000000000000000000, -1.000000000000000000, -0.0000000000000000000 ) ) ;
#2985 = EDGE_CURVE ( 'NONE', #728, #1373, #1340, .T. ) ;
#2986 = AXIS2_PLACEMENT_3D ( 'NONE', #409, #3306, #1203 ) ;
#2987 = VERTEX_POINT ( 'NONE', #1322 ) ;
#2988 = VECTOR ( 'NONE', #2383, 1000.000000000000000 ) ;
#2989 = FACE_OUTER_BOUND ( 'NONE', #2028, .T. ) ;
#2990 = MANIFOLD_SOLID_BREP ( 'Combine1', #3071 ) ;
#2991 = CARTESIAN_POINT ( 'NONE',  ( -15.75000000000000000, 4.500000000000000000, -0.7500000000000000000 ) ) ;
#2992 = AXIS2_PLACEMENT_3D ( 'NONE', #719, #2835, #2585 ) ;
#2993 = ORIENTED_EDGE ( 'NONE', *, *, #2809, .T. ) ;
#2994 = FACE_OUTER_BOUND ( 'NONE', #162, .T. ) ;
#2995 = DIRECTION ( 'NONE',  ( -0.0000000000000000000, -1.000000000000000000, -0.0000000000000000000 ) ) ;
#2996 = ORIENTED_EDGE ( 'NONE', *, *, #759, .F. ) ;
#2997 = VECTOR ( 'NONE', #3434, 1000.000000000000000 ) ;
#2998 = CARTESIAN_POINT ( 'NONE',  ( 13.00000000000000178, 4.500000000000000000, -0.8500000000000000888 ) ) ;
#2999 = EDGE_CURVE ( 'NONE', #128, #2524, #2135, .T. ) ;
#3000 = CYLINDRICAL_SURFACE ( 'NONE', #265, 0.09999999999999993616 ) ;
#3001 = AXIS2_PLACEMENT_3D ( 'NONE', #957, #1496, #122 ) ;
#3002 = VERTEX_POINT ( 'NONE', #2036 ) ;
#3003 = DIRECTION ( 'NONE',  ( 0.0000000000000000000, 1.000000000000000000, 0.0000000000000000000 ) ) ;
#3004 = FACE_OUTER_BOUND ( 'NONE', #1850, .T. ) ;
#3005 = EDGE_LOOP ( 'NONE', ( #396, #2707, #3154, #2005 ) ) ;
#3006 = EDGE_CURVE ( 'NONE', #1423, #1723, #1564, .T. ) ;
#3007 = DIRECTION ( 'NONE',  ( -0.0000000000000000000, -1.000000000000000000, -0.0000000000000000000 ) ) ;
#3008 = DIRECTION ( 'NONE',  ( -1.000000000000000000, 0.0000000000000000000, -4.336808689942015764E-16 ) ) ;
#3009 = VERTEX_POINT ( 'NONE', #1790 ) ;
#3010 = DIRECTION ( 'NONE',  ( -0.0000000000000000000, -1.000000000000000000, -0.0000000000000000000 ) ) ;
#3011 = ADVANCED_FACE ( 'NONE', ( #1019 ), #2314, .T. ) ;
#3012 = CIRCLE ( 'NONE', #2563, 0.6500000000000000222 ) ;
#3013 = DIRECTION ( 'NONE',  ( -0.0000000000000000000, -1.000000000000000000, -0.0000000000000000000 ) ) ;
#3014 = EDGE_LOOP ( 'NONE', ( #2487, #1925, #3070, #1317 ) ) ;
#3015 = CYLINDRICAL_SURFACE ( 'NONE', #619, 0.09999999999999993616 ) ;
#3016 = CARTESIAN_POINT ( 'NONE',  ( 1.649999999999999911, 4.500000000000000000, -0.8500000000000001998 ) ) ;
#3017 = CIRCLE ( 'NONE', #2958, 0.6500000000000000222 ) ;
#3018 = ADVANCED_FACE ( 'NONE', ( #486 ), #3153, .F. ) ;
#3019 = EDGE_LOOP ( 'NONE', ( #2605, #3443, #2117, #2721 ) ) ;
#3020 = FACE_OUTER_BOUND ( 'NONE', #2554, .T. ) ;
#3021 = CARTESIAN_POINT ( 'NONE',  ( 15.00000000000000000, 4.500000000000000000, -0.8500000000000000888 ) ) ;
#3022 = CARTESIAN_POINT ( 'NONE',  ( -19.00000000000000355, 4.500000000000000000, -0.8500000000000000888 ) ) ;
#3023 = ORIENTED_EDGE ( 'NONE', *, *, #1774, .T. ) ;
#3024 = CARTESIAN_POINT ( 'NONE',  ( 11.00000000000000000, 4.500000000000000000, -0.8500000000000000888 ) ) ;
#3025 = DIRECTION ( 'NONE',  ( -4.336808689942015271E-16, 0.0000000000000000000, 1.000000000000000000 ) ) ;
#3026 = EDGE_CURVE ( 'NONE', #2562, #2434, #2346, .T. ) ;
#3027 = ORIENTED_EDGE ( 'NONE', *, *, #101, .T. ) ;
#3028 = DIRECTION ( 'NONE',  ( -0.0000000000000000000, -1.000000000000000000, -0.0000000000000000000 ) ) ;
#3029 = CARTESIAN_POINT ( 'NONE',  ( -19.00000000000000355, 4.500000000000000000, -0.8500000000000000888 ) ) ;
#3030 = ORIENTED_EDGE ( 'NONE', *, *, #1396, .F. ) ;
#3031 = CARTESIAN_POINT ( 'NONE',  ( -3.649999999999999911, 4.500000000000000000, -0.8500000000000001998 ) ) ;
#3032 = ADVANCED_FACE ( 'NONE', ( #750 ), #768, .F. ) ;
#3033 = ORIENTED_EDGE ( 'NONE', *, *, #446, .F. ) ;
#3034 = CARTESIAN_POINT ( 'NONE',  ( -11.75000000000000000, 4.500000000000000000, -0.7500000000000000000 ) ) ;
#3035 = CARTESIAN_POINT ( 'NONE',  ( 11.65000000000000036, 4.500000000000000000, -0.8500000000000001998 ) ) ;
#3036 = EDGE_CURVE ( 'NONE', #2576, #1200, #2623, .T. ) ;
#3037 = ORIENTED_EDGE ( 'NONE', *, *, #1050, .T. ) ;
#3038 = DIRECTION ( 'NONE',  ( -0.0000000000000000000, -1.000000000000000000, -0.0000000000000000000 ) ) ;
#3039 = EDGE_CURVE ( 'NONE', #3402, #2633, #3138, .T. ) ;
#3040 = AXIS2_PLACEMENT_3D ( 'NONE', #743, #212, #1273 ) ;
#3041 = CIRCLE ( 'NONE', #1663, 0.09999999999999993616 ) ;
#3042 = ORIENTED_EDGE ( 'NONE', *, *, #1704, .T. ) ;
#3043 = DIRECTION ( 'NONE',  ( 0.0000000000000000000, 0.0000000000000000000, 1.000000000000000000 ) ) ;
#3044 = VECTOR ( 'NONE', #2560, 1000.000000000000000 ) ;
#3045 = DIRECTION ( 'NONE',  ( 0.0000000000000000000, 1.000000000000000000, 0.0000000000000000000 ) ) ;
#3046 = VECTOR ( 'NONE', #2719, 1000.000000000000000 ) ;
#3047 = ORIENTED_EDGE ( 'NONE', *, *, #517, .F. ) ;
#3048 = CARTESIAN_POINT ( 'NONE',  ( -14.25000000000000000, -4.500000000000000000, -0.7500000000000000000 ) ) ;
#3049 = CARTESIAN_POINT ( 'NONE',  ( -6.250000000000000000, -4.500000000000000000, -0.8499999999999999778 ) ) ;
#3050 = VERTEX_POINT ( 'NONE', #1528 ) ;
#3051 = AXIS2_PLACEMENT_3D ( 'NONE', #49, #1108, #1909 ) ;
#3052 = CARTESIAN_POINT ( 'NONE',  ( -15.75000000000000000, 4.500000000000000000, -0.8499999999999999778 ) ) ;
#3053 = CIRCLE ( 'NONE', #3112, 0.09999999999999993616 ) ;
#3054 = ORIENTED_EDGE ( 'NONE', *, *, #1940, .F. ) ;
#3055 = EDGE_CURVE ( 'NONE', #297, #3286, #3164, .T. ) ;
#3056 = DIRECTION ( 'NONE',  ( 0.0000000000000000000, 0.0000000000000000000, 1.000000000000000000 ) ) ;
#3057 = CARTESIAN_POINT ( 'NONE',  ( 3.750000000000000000, 4.500000000000000000, -0.8499999999999999778 ) ) ;
#3058 = VECTOR ( 'NONE', #2399, 1000.000000000000000 ) ;
#3059 = EDGE_LOOP ( 'NONE', ( #389, #3150, #733, #2326 ) ) ;
#3060 = COLOUR_RGB ( '',0.7921568627450980005, 0.8196078431372548767, 0.9333333333333333481 ) ;
#3061 = DIRECTION ( 'NONE',  ( -0.0000000000000000000, -1.000000000000000000, -0.0000000000000000000 ) ) ;
#3062 = ORIENTED_EDGE ( 'NONE', *, *, #2740, .F. ) ;
#3063 = ADVANCED_FACE ( 'NONE', ( #720 ), #3385, .F. ) ;
#3064 = LINE ( 'NONE', #2846, #3243 ) ;
#3065 = FACE_OUTER_BOUND ( 'NONE', #2742, .T. ) ;
#3066 = VECTOR ( 'NONE', #711, 1000.000000000000000 ) ;
#3067 = ORIENTED_EDGE ( 'NONE', *, *, #1727, .F. ) ;
#3068 = CARTESIAN_POINT ( 'NONE',  ( 13.65000000000000036, 4.500000000000000000, -0.8500000000000001998 ) ) ;
#3069 = CARTESIAN_POINT ( 'NONE',  ( 13.75000000000000000, 4.500000000000000000, -0.7500000000000000000 ) ) ;
#3070 = ORIENTED_EDGE ( 'NONE', *, *, #1241, .F. ) ;
#3071 = CLOSED_SHELL ( 'NONE', ( #737, #1226, #924, #2578, #3011, #2237, #1859, #3288, #2516, #2870, #3277, #2182, #3256, #1068, #1778, #1437, #3099, #1923, #1608, #1667, #3398, #2454, #1469, #1600, #2145, #415, #3200, #725, #2151, #2776, #963, #77, #1428, #1962, #2341, #480, #3018, #1064, #2969, #2522, #513, #891, #584, #981, #1117, #328, #1788, #969, #2134, #1109, #1746, #2966, #2, #3305, #434, #95, #2853, #473, #1326, #1222, #696, #623, #2009, #637, #3249, #801, #1769, #3228, #1140, #3063, #752, #2345, #3081, #353, #2027, #1288, #3342, #2859, #901, #411, #2750, #1546, #1219, #1381, #89, #1832, #1622, #1281, #2126, #3455, #3267, #50, #2049, #3032, #1851, #61, #646, #454, #44, #668 ) ) ;
#3072 = DIRECTION ( 'NONE',  ( -0.0000000000000000000, -1.000000000000000000, -0.0000000000000000000 ) ) ;
#3073 = AXIS2_PLACEMENT_3D ( 'NONE', #2743, #574, #2443 ) ;
#3074 = EDGE_LOOP ( 'NONE', ( #1343, #690, #964, #2240 ) ) ;
#3075 = DIRECTION ( 'NONE',  ( 0.0000000000000000000, 0.0000000000000000000, -1.000000000000000000 ) ) ;
#3076 = VECTOR ( 'NONE', #2338, 1000.000000000000000 ) ;
#3077 = CARTESIAN_POINT ( 'NONE',  ( 15.00000000000000000, 4.500000000000000000, -0.8500000000000000888 ) ) ;
#3078 = EDGE_CURVE ( 'NONE', #1198, #244, #2866, .T. ) ;
#3079 = ORIENTED_EDGE ( 'NONE', *, *, #977, .F. ) ;
#3080 = DIRECTION ( 'NONE',  ( -0.0000000000000000000, -1.000000000000000000, -0.0000000000000000000 ) ) ;
#3081 = ADVANCED_FACE ( 'NONE', ( #504 ), #1303, .F. ) ;
#3082 = VERTEX_POINT ( 'NONE', #1007 ) ;
#3083 = FACE_OUTER_BOUND ( 'NONE', #2199, .T. ) ;
#3084 = CARTESIAN_POINT ( 'NONE',  ( -18.25000000000000355, 4.500000000000000000, -0.7500000000000000000 ) ) ;
#3085 = DIRECTION ( 'NONE',  ( -0.0000000000000000000, -1.000000000000000000, -0.0000000000000000000 ) ) ;
#3086 = EDGE_CURVE ( 'NONE', #1873, #552, #989, .T. ) ;
#3087 = ORIENTED_EDGE ( 'NONE', *, *, #2661, .F. ) ;
#3088 = CARTESIAN_POINT ( 'NONE',  ( -7.750000000000000000, 4.500000000000000000, -0.7499999999999998890 ) ) ;
#3089 = CARTESIAN_POINT ( 'NONE',  ( -11.00000000000000000, -4.500000000000000000, -1.500000000000000000 ) ) ;
#3090 = ORIENTED_EDGE ( 'NONE', *, *, #558, .F. ) ;
#3091 = CARTESIAN_POINT ( 'NONE',  ( -17.00000000000000000, -4.500000000000000000, -0.8500000000000000888 ) ) ;
#3092 = ORIENTED_EDGE ( 'NONE', *, *, #2218, .T. ) ;
#3093 = DIRECTION ( 'NONE',  ( 0.0000000000000000000, 0.0000000000000000000, -1.000000000000000000 ) ) ;
#3094 = ORIENTED_EDGE ( 'NONE', *, *, #1255, .T. ) ;
#3095 = EDGE_CURVE ( 'NONE', #1863, #1990, #386, .T. ) ;
#3096 = LINE ( 'NONE', #675, #651 ) ;
#3097 = ORIENTED_EDGE ( 'NONE', *, *, #2897, .F. ) ;
#3098 = DIRECTION ( 'NONE',  ( 0.0000000000000000000, 0.0000000000000000000, -1.000000000000000000 ) ) ;
#3099 = ADVANCED_FACE ( 'NONE', ( #1249 ), #3123, .T. ) ;
#3100 = CARTESIAN_POINT ( 'NONE',  ( 7.000000000000000000, 4.500000000000000000, -0.8500000000000000888 ) ) ;
#3101 = VERTEX_POINT ( 'NONE', #206 ) ;
#3102 = DIRECTION ( 'NONE',  ( 0.0000000000000000000, 1.000000000000000000, 0.0000000000000000000 ) ) ;
#3103 = DIRECTION ( 'NONE',  ( -0.0000000000000000000, -1.000000000000000000, -0.0000000000000000000 ) ) ;
#3104 = CIRCLE ( 'NONE', #2144, 0.09999999999999993616 ) ;
#3105 = DIRECTION ( 'NONE',  ( 0.0000000000000000000, 0.0000000000000000000, -1.000000000000000000 ) ) ;
#3106 = ORIENTED_EDGE ( 'NONE', *, *, #400, .T. ) ;
#3107 = VECTOR ( 'NONE', #421, 1000.000000000000000 ) ;
#3108 = EDGE_CURVE ( 'NONE', #1280, #1208, #1267, .T. ) ;
#3109 = PLANE ( 'NONE',  #1930 ) ;
#3110 = AXIS2_PLACEMENT_3D ( 'NONE', #1961, #3025, #360 ) ;
#3111 = ORIENTED_EDGE ( 'NONE', *, *, #293, .T. ) ;
#3112 = AXIS2_PLACEMENT_3D ( 'NONE', #3453, #2100, #1392 ) ;
#3113 = DIRECTION ( 'NONE',  ( 0.0000000000000000000, 0.0000000000000000000, -1.000000000000000000 ) ) ;
#3114 = VERTEX_POINT ( 'NONE', #2571 ) ;
#3115 = DIRECTION ( 'NONE',  ( 0.0000000000000000000, 0.0000000000000000000, -1.000000000000000000 ) ) ;
#3116 = FACE_OUTER_BOUND ( 'NONE', #65, .T. ) ;
#3117 = EDGE_CURVE ( 'NONE', #2282, #35, #2330, .T. ) ;
#3118 = ORIENTED_EDGE ( 'NONE', *, *, #160, .F. ) ;
#3119 = CARTESIAN_POINT ( 'NONE',  ( -0.2500000000000001110, 4.500000000000000000, -0.7500000000000000000 ) ) ;
#3120 = AXIS2_PLACEMENT_3D ( 'NONE', #983, #2046, #3283 ) ;
#3121 = DIRECTION ( 'NONE',  ( -0.0000000000000000000, -1.000000000000000000, -0.0000000000000000000 ) ) ;
#3122 = EDGE_CURVE ( 'NONE', #471, #2596, #3260, .T. ) ;
#3123 = CYLINDRICAL_SURFACE ( 'NONE', #1821, 0.6500000000000000222 ) ;
#3124 = CIRCLE ( 'NONE', #2278, 0.09999999999999993616 ) ;
#3125 = ORIENTED_EDGE ( 'NONE', *, *, #3213, .T. ) ;
#3126 = DIRECTION ( 'NONE',  ( -0.0000000000000000000, -1.000000000000000000, -0.0000000000000000000 ) ) ;
#3127 = AXIS2_PLACEMENT_3D ( 'NONE', #1699, #2764, #3280 ) ;
#3128 = ORIENTED_EDGE ( 'NONE', *, *, #3439, .T. ) ;
#3129 = VECTOR ( 'NONE', #3007, 1000.000000000000000 ) ;
#3130 = CARTESIAN_POINT ( 'NONE',  ( -11.75000000000000000, -4.500000000000000000, -0.7500000000000000000 ) ) ;
#3131 = ORIENTED_EDGE ( 'NONE', *, *, #216, .F. ) ;
#3132 = CARTESIAN_POINT ( 'NONE',  ( -7.000000000000000000, 4.500000000000000000, -0.8500000000000000888 ) ) ;
#3133 = DIRECTION ( 'NONE',  ( -0.0000000000000000000, -1.000000000000000000, -0.0000000000000000000 ) ) ;
#3134 = ORIENTED_EDGE ( 'NONE', *, *, #1556, .F. ) ;
#3135 = CYLINDRICAL_SURFACE ( 'NONE', #3, 0.6500000000000000222 ) ;
#3136 = EDGE_CURVE ( 'NONE', #1981, #413, #3246, .T. ) ;
#3137 = FACE_OUTER_BOUND ( 'NONE', #1438, .T. ) ;
#3138 = LINE ( 'NONE', #2604, #1768 ) ;
#3139 = ORIENTED_EDGE ( 'NONE', *, *, #1002, .T. ) ;
#3140 = EDGE_CURVE ( 'NONE', #2282, #1037, #1044, .T. ) ;
#3141 = FACE_OUTER_BOUND ( 'NONE', #1175, .T. ) ;
#3142 = EDGE_LOOP ( 'NONE', ( #1660, #3087, #2187, #809 ) ) ;
#3143 = EDGE_CURVE ( 'NONE', #3373, #2596, #1101, .T. ) ;
#3144 = CARTESIAN_POINT ( 'NONE',  ( 1.000000000000000000, -4.500000000000000000, -0.8500000000000000888 ) ) ;
#3145 = DIRECTION ( 'NONE',  ( 0.0000000000000000000, 0.0000000000000000000, -1.000000000000000000 ) ) ;
#3146 = VERTEX_POINT ( 'NONE', #1129 ) ;
#3147 = CYLINDRICAL_SURFACE ( 'NONE', #784, 0.6500000000000000222 ) ;
#3148 = EDGE_CURVE ( 'NONE', #1065, #529, #388, .T. ) ;
#3149 = DIRECTION ( 'NONE',  ( 0.0000000000000000000, 0.0000000000000000000, -1.000000000000000000 ) ) ;
#3150 = ORIENTED_EDGE ( 'NONE', *, *, #1628, .F. ) ;
#3151 = CYLINDRICAL_SURFACE ( 'NONE', #2173, 0.09999999999999993616 ) ;
#3152 = CARTESIAN_POINT ( 'NONE',  ( -1.000000000000000000, 4.500000000000000000, -1.500000000000000000 ) ) ;
#3153 = PLANE ( 'NONE',  #45 ) ;
#3154 = ORIENTED_EDGE ( 'NONE', *, *, #2709, .F. ) ;
#3155 = AXIS2_PLACEMENT_3D ( 'NONE', #2123, #339, #565 ) ;
#3156 = DIRECTION ( 'NONE',  ( 0.0000000000000000000, 1.000000000000000000, 0.0000000000000000000 ) ) ;
#3157 = EDGE_CURVE ( 'NONE', #3286, #1881, #1633, .T. ) ;
#3158 = VECTOR ( 'NONE', #633, 1000.000000000000000 ) ;
#3159 = ORIENTED_EDGE ( 'NONE', *, *, #2844, .F. ) ;
#3160 = PLANE ( 'NONE',  #1416 ) ;
#3161 = AXIS2_PLACEMENT_3D ( 'NONE', #702, #3244, #1088 ) ;
#3162 = DIRECTION ( 'NONE',  ( 0.0000000000000000000, 0.0000000000000000000, 1.000000000000000000 ) ) ;
#3163 = ORIENTED_EDGE ( 'NONE', *, *, #2018, .F. ) ;
#3164 = CIRCLE ( 'NONE', #1432, 0.09999999999999993616 ) ;
#3165 = CARTESIAN_POINT ( 'NONE',  ( -13.75000000000000000, 4.500000000000000000, -0.7500000000000000000 ) ) ;
#3166 = DIRECTION ( 'NONE',  ( -1.000000000000000000, 0.0000000000000000000, -4.336808689942015764E-16 ) ) ;
#3167 = AXIS2_PLACEMENT_3D ( 'NONE', #831, #3198, #20 ) ;
#3168 = EDGE_LOOP ( 'NONE', ( #1529, #1234, #5, #2093 ) ) ;
#3169 = CARTESIAN_POINT ( 'NONE',  ( 13.00000000000000178, 4.500000000000000000, -1.500000000000000000 ) ) ;
#3170 = DIRECTION ( 'NONE',  ( 0.0000000000000000000, 0.0000000000000000000, -1.000000000000000000 ) ) ;
#3171 = EDGE_LOOP ( 'NONE', ( #1860, #3047, #148, #2133 ) ) ;
#3172 = DIRECTION ( 'NONE',  ( -4.336808689942015271E-16, 0.0000000000000000000, 1.000000000000000000 ) ) ;
#3173 = ORIENTED_EDGE ( 'NONE', *, *, #1687, .T. ) ;
#3174 = FACE_OUTER_BOUND ( 'NONE', #59, .T. ) ;
#3175 = DIRECTION ( 'NONE',  ( 1.000000000000000000, 0.0000000000000000000, 4.336808689942015271E-16 ) ) ;
#3176 = AXIS2_PLACEMENT_3D ( 'NONE', #2597, #3184, #3444 ) ;
#3177 = ORIENTED_EDGE ( 'NONE', *, *, #2214, .F. ) ;
#3178 = CIRCLE ( 'NONE', #1613, 0.6500000000000000222 ) ;
#3179 = DIRECTION ( 'NONE',  ( -0.0000000000000000000, -1.000000000000000000, -0.0000000000000000000 ) ) ;
#3180 = EDGE_CURVE ( 'NONE', #893, #1461, #538, .T. ) ;
#3181 = CIRCLE ( 'NONE', #622, 0.6500000000000000222 ) ;
#3182 = DIRECTION ( 'NONE',  ( -1.000000000000000000, 0.0000000000000000000, -4.336808689942015764E-16 ) ) ;
#3183 = EDGE_LOOP ( 'NONE', ( #2806, #3203, #2272, #2910 ) ) ;
#3184 = DIRECTION ( 'NONE',  ( -0.0000000000000000000, -1.000000000000000000, -0.0000000000000000000 ) ) ;
#3185 = LINE ( 'NONE', #2109, #2176 ) ;
#3186 = EDGE_CURVE ( 'NONE', #2402, #1963, #775, .T. ) ;
#3187 = ORIENTED_EDGE ( 'NONE', *, *, #1345, .F. ) ;
#3188 = DIRECTION ( 'NONE',  ( -0.0000000000000000000, -1.000000000000000000, -0.0000000000000000000 ) ) ;
#3189 = EDGE_CURVE ( 'NONE', #2184, #544, #2153, .T. ) ;
#3190 = DIRECTION ( 'NONE',  ( 0.0000000000000000000, 0.0000000000000000000, 1.000000000000000000 ) ) ;
#3191 = ORIENTED_EDGE ( 'NONE', *, *, #627, .F. ) ;
#3192 = CARTESIAN_POINT ( 'NONE',  ( -13.00000000000000178, 4.500000000000000000, -1.500000000000000000 ) ) ;
#3193 = ORIENTED_EDGE ( 'NONE', *, *, #3189, .F. ) ;
#3194 = LINE ( 'NONE', #1580, #2997 ) ;
#3195 = LINE ( 'NONE', #337, #1259 ) ;
#3196 = ORIENTED_EDGE ( 'NONE', *, *, #1017, .T. ) ;
#3197 = DIRECTION ( 'NONE',  ( 0.0000000000000000000, 0.0000000000000000000, -1.000000000000000000 ) ) ;
#3198 = DIRECTION ( 'NONE',  ( -0.0000000000000000000, -1.000000000000000000, -0.0000000000000000000 ) ) ;
#3199 = ORIENTED_EDGE ( 'NONE', *, *, #216, .T. ) ;
#3200 = ADVANCED_FACE ( 'NONE', ( #2682 ), #313, .T. ) ;
#3201 = DIRECTION ( 'NONE',  ( -1.000000000000000000, 0.0000000000000000000, -4.336808689942015764E-16 ) ) ;
#3202 = CARTESIAN_POINT ( 'NONE',  ( 10.25000000000000000, -4.500000000000000000, -0.7499999999999998890 ) ) ;
#3203 = ORIENTED_EDGE ( 'NONE', *, *, #2193, .F. ) ;
#3204 = EDGE_CURVE ( 'NONE', #2190, #1889, #29, .T. ) ;
#3205 = DIRECTION ( 'NONE',  ( -0.0000000000000000000, -1.000000000000000000, -0.0000000000000000000 ) ) ;
#3206 = CARTESIAN_POINT ( 'NONE',  ( -13.00000000000000178, -4.500000000000000000, -0.8500000000000000888 ) ) ;
#3207 = ORIENTED_EDGE ( 'NONE', *, *, #459, .T. ) ;
#3208 = DIRECTION ( 'NONE',  ( -0.0000000000000000000, -1.000000000000000000, -0.0000000000000000000 ) ) ;
#3209 = EDGE_LOOP ( 'NONE', ( #1733, #1761, #1669, #2342 ) ) ;
#3210 = CARTESIAN_POINT ( 'NONE',  ( 9.000000000000001776, 4.500000000000000000, -0.8500000000000000888 ) ) ;
#3211 = DIRECTION ( 'NONE',  ( -0.0000000000000000000, -1.000000000000000000, -0.0000000000000000000 ) ) ;
#3212 = VECTOR ( 'NONE', #3269, 1000.000000000000000 ) ;
#3213 = EDGE_CURVE ( 'NONE', #1863, #1228, #330, .T. ) ;
#3214 = ORIENTED_EDGE ( 'NONE', *, *, #2620, .T. ) ;
#3215 = VECTOR ( 'NONE', #1517, 1000.000000000000000 ) ;
#3216 = DIRECTION ( 'NONE',  ( 0.0000000000000000000, 0.0000000000000000000, 1.000000000000000000 ) ) ;
#3217 = AXIS2_PLACEMENT_3D ( 'NONE', #1636, #1601, #2401 ) ;
#3218 = DIRECTION ( 'NONE',  ( 0.0000000000000000000, 0.0000000000000000000, 1.000000000000000000 ) ) ;
#3219 = EDGE_LOOP ( 'NONE', ( #512, #3262, #1164, #3349 ) ) ;
#3220 = CYLINDRICAL_SURFACE ( 'NONE', #2441, 0.6500000000000000222 ) ;
#3221 = CIRCLE ( 'NONE', #2374, 0.09999999999999993616 ) ;
#3222 = DIRECTION ( 'NONE',  ( 0.0000000000000000000, 1.000000000000000000, 0.0000000000000000000 ) ) ;
#3223 = AXIS2_PLACEMENT_3D ( 'NONE', #2684, #2416, #559 ) ;
#3224 = ORIENTED_EDGE ( 'NONE', *, *, #1879, .T. ) ;
#3225 = DIRECTION ( 'NONE',  ( -0.0000000000000000000, -1.000000000000000000, -0.0000000000000000000 ) ) ;
#3226 = AXIS2_PLACEMENT_3D ( 'NONE', #1717, #2779, #1457 ) ;
#3227 = CARTESIAN_POINT ( 'NONE',  ( -15.75000000000000000, 4.500000000000000000, -0.7499999999999998890 ) ) ;
#3228 = ADVANCED_FACE ( 'NONE', ( #278 ), #1926, .F. ) ;
#3229 = ORIENTED_EDGE ( 'NONE', *, *, #2116, .T. ) ;
#3230 = CARTESIAN_POINT ( 'NONE',  ( 17.75000000000000355, 4.500000000000000000, -0.7500000000000000000 ) ) ;
#3231 = EDGE_LOOP ( 'NONE', ( #2669, #157, #242, #1414 ) ) ;
#3232 = CARTESIAN_POINT ( 'NONE',  ( -1.749999999999999778, 4.500000000000000000, -0.7499999999999998890 ) ) ;
#3233 = LINE ( 'NONE', #3250, #2988 ) ;
#3234 = VERTEX_POINT ( 'NONE', #823 ) ;
#3235 = CARTESIAN_POINT ( 'NONE',  ( 17.75000000000000355, 4.500000000000000000, -0.7500000000000000000 ) ) ;
#3236 = AXIS2_PLACEMENT_3D ( 'NONE', #169, #3325, #3363 ) ;
#3237 = AXIS2_PLACEMENT_3D ( 'NONE', #1181, #1649, #1417 ) ;
#3238 = CARTESIAN_POINT ( 'NONE',  ( 11.00000000000000000, 4.500000000000000000, -0.8500000000000000888 ) ) ;
#3239 = DIRECTION ( 'NONE',  ( -0.0000000000000000000, -1.000000000000000000, -0.0000000000000000000 ) ) ;
#3240 = CIRCLE ( 'NONE', #177, 0.6500000000000000222 ) ;
#3241 = VERTEX_POINT ( 'NONE', #348 ) ;
#3242 = CARTESIAN_POINT ( 'NONE',  ( -12.25000000000000000, -4.500000000000000000, -0.7500000000000000000 ) ) ;
#3243 = VECTOR ( 'NONE', #916, 1000.000000000000000 ) ;
#3244 = DIRECTION ( 'NONE',  ( -0.0000000000000000000, -1.000000000000000000, -0.0000000000000000000 ) ) ;
#3245 = VERTEX_POINT ( 'NONE', #3230 ) ;
#3246 = LINE ( 'NONE', #1855, #1935 ) ;
#3247 = CARTESIAN_POINT ( 'NONE',  ( 7.650000000000000355, 4.500000000000000000, -0.8500000000000001998 ) ) ;
#3248 = ORIENTED_EDGE ( 'NONE', *, *, #3293, .F. ) ;
#3249 = ADVANCED_FACE ( 'NONE', ( #2994 ), #2448, .F. ) ;
#3250 = CARTESIAN_POINT ( 'NONE',  ( 18.35000000000000142, 4.500000000000000000, -0.8500000000000001998 ) ) ;
#3251 = ORIENTED_EDGE ( 'NONE', *, *, #1714, .T. ) ;
#3252 = EDGE_CURVE ( 'NONE', #2402, #1463, #556, .T. ) ;
#3253 = DIRECTION ( 'NONE',  ( 0.0000000000000000000, 0.0000000000000000000, -1.000000000000000000 ) ) ;
#3254 = CARTESIAN_POINT ( 'NONE',  ( -15.75000000000000000, -4.500000000000000000, -0.7500000000000000000 ) ) ;
#3255 = ORIENTED_EDGE ( 'NONE', *, *, #859, .T. ) ;
#3256 = ADVANCED_FACE ( 'NONE', ( #1616 ), #2462, .T. ) ;
#3257 = CARTESIAN_POINT ( 'NONE',  ( -11.00000000000000000, 4.500000000000000000, -1.500000000000000000 ) ) ;
#3258 = DIRECTION ( 'NONE',  ( -0.0000000000000000000, 1.000000000000000000, 0.0000000000000000000 ) ) ;
#3259 = VERTEX_POINT ( 'NONE', #840 ) ;
#3260 = LINE ( 'NONE', #1371, #1327 ) ;
#3261 = CARTESIAN_POINT ( 'NONE',  ( 5.750000000000000000, 4.500000000000000000, -0.7500000000000000000 ) ) ;
#3262 = ORIENTED_EDGE ( 'NONE', *, *, #2102, .F. ) ;
#3263 = CYLINDRICAL_SURFACE ( 'NONE', #1335, 0.09999999999999993616 ) ;
#3264 = LINE ( 'NONE', #1931, #1705 ) ;
#3265 = ORIENTED_EDGE ( 'NONE', *, *, #3213, .F. ) ;
#3266 = CYLINDRICAL_SURFACE ( 'NONE', #1702, 0.6500000000000000222 ) ;
#3267 = ADVANCED_FACE ( 'NONE', ( #1894 ), #2814, .T. ) ;
#3268 = AXIS2_PLACEMENT_3D ( 'NONE', #2611, #1011, #3113 ) ;
#3269 = DIRECTION ( 'NONE',  ( -0.0000000000000000000, -1.000000000000000000, -0.0000000000000000000 ) ) ;
#3270 = CIRCLE ( 'NONE', #2986, 0.6500000000000000222 ) ;
#3271 = EDGE_CURVE ( 'NONE', #1723, #3332, #551, .T. ) ;
#3272 = ORIENTED_EDGE ( 'NONE', *, *, #2384, .F. ) ;
#3273 = AXIS2_PLACEMENT_3D ( 'NONE', #2418, #1701, #3318 ) ;
#3274 = CARTESIAN_POINT ( 'NONE',  ( -17.65000000000000213, 4.500000000000000000, -0.8500000000000001998 ) ) ;
#3275 = DIRECTION ( 'NONE',  ( -0.0000000000000000000, -1.000000000000000000, -0.0000000000000000000 ) ) ;
#3276 = CIRCLE ( 'NONE', #2150, 0.09999999999999993616 ) ;
#3277 = ADVANCED_FACE ( 'NONE', ( #1439 ), #418, .T. ) ;
#3278 = ORIENTED_EDGE ( 'NONE', *, *, #365, .T. ) ;
#3279 = CARTESIAN_POINT ( 'NONE',  ( -15.00000000000000000, 4.500000000000000000, -0.8500000000000000888 ) ) ;
#3280 = DIRECTION ( 'NONE',  ( 0.0000000000000000000, 0.0000000000000000000, 1.000000000000000000 ) ) ;
#3281 = EDGE_LOOP ( 'NONE', ( #2060, #1476, #2458, #1567 ) ) ;
#3282 = AXIS2_PLACEMENT_3D ( 'NONE', #2379, #2837, #2080 ) ;
#3283 = DIRECTION ( 'NONE',  ( 0.0000000000000000000, 0.0000000000000000000, 1.000000000000000000 ) ) ;
#3284 = DIRECTION ( 'NONE',  ( 0.0000000000000000000, 1.000000000000000000, 0.0000000000000000000 ) ) ;
#3285 = CIRCLE ( 'NONE', #1772, 0.6500000000000000222 ) ;
#3286 = VERTEX_POINT ( 'NONE', #437 ) ;
#3287 = CARTESIAN_POINT ( 'NONE',  ( 3.649999999999999911, 4.500000000000000000, -0.8500000000000001998 ) ) ;
#3288 = ADVANCED_FACE ( 'NONE', ( #887 ), #1754, .T. ) ;
#3289 = CARTESIAN_POINT ( 'NONE',  ( 10.25000000000000000, 4.500000000000000000, -0.7499999999999998890 ) ) ;
#3290 = VECTOR ( 'NONE', #1671, 1000.000000000000000 ) ;
#3291 = ORIENTED_EDGE ( 'NONE', *, *, #710, .F. ) ;
#3292 = CARTESIAN_POINT ( 'NONE',  ( 13.00000000000000178, -4.500000000000000000, -0.8500000000000000888 ) ) ;
#3293 = EDGE_CURVE ( 'NONE', #2881, #532, #3285, .T. ) ;
#3294 = AXIS2_PLACEMENT_3D ( 'NONE', #888, #3013, #630 ) ;
#3295 = CARTESIAN_POINT ( 'NONE',  ( 13.75000000000000000, -4.500000000000000000, -0.8499999999999999778 ) ) ;
#3296 = ORIENTED_EDGE ( 'NONE', *, *, #806, .T. ) ;
#3297 = LINE ( 'NONE', #1473, #2599 ) ;
#3298 = VECTOR ( 'NONE', #2727, 1000.000000000000000 ) ;
#3299 = DIRECTION ( 'NONE',  ( -0.0000000000000000000, -1.000000000000000000, -0.0000000000000000000 ) ) ;
#3300 = ORIENTED_EDGE ( 'NONE', *, *, #3186, .F. ) ;
#3301 = EDGE_CURVE ( 'NONE', #2600, #544, #1196, .T. ) ;
#3302 = LINE ( 'NONE', #1477, #2041 ) ;
#3303 = VERTEX_POINT ( 'NONE', #1682 ) ;
#3304 = CARTESIAN_POINT ( 'NONE',  ( 13.00000000000000178, -4.500000000000000000, -1.500000000000000000 ) ) ;
#3305 = ADVANCED_FACE ( 'NONE', ( #920 ), #1162, .F. ) ;
#3306 = DIRECTION ( 'NONE',  ( 0.0000000000000000000, 1.000000000000000000, 0.0000000000000000000 ) ) ;
#3307 = DIRECTION ( 'NONE',  ( 1.000000000000000000, 0.0000000000000000000, 0.0000000000000000000 ) ) ;
#3308 = VERTEX_POINT ( 'NONE', #1978 ) ;
#3309 = CARTESIAN_POINT ( 'NONE',  ( -5.000000000000000000, 4.500000000000000000, -1.500000000000000000 ) ) ;
#3310 = ORIENTED_EDGE ( 'NONE', *, *, #1501, .T. ) ;
#3311 = LINE ( 'NONE', #1783, #3348 ) ;
#3312 = DIRECTION ( 'NONE',  ( 0.0000000000000000000, 0.0000000000000000000, 1.000000000000000000 ) ) ;
#3313 = EDGE_CURVE ( 'NONE', #2048, #1981, #1716, .T. ) ;
#3314 = ORIENTED_EDGE ( 'NONE', *, *, #1236, .T. ) ;
#3315 = CARTESIAN_POINT ( 'NONE',  ( -14.25000000000000000, -4.500000000000000000, -0.8499999999999999778 ) ) ;
#3316 = DIRECTION ( 'NONE',  ( 0.0000000000000000000, 0.0000000000000000000, -1.000000000000000000 ) ) ;
#3317 = ORIENTED_EDGE ( 'NONE', *, *, #1017, .F. ) ;
#3318 = DIRECTION ( 'NONE',  ( 0.0000000000000000000, 0.0000000000000000000, 1.000000000000000000 ) ) ;
#3319 = ORIENTED_EDGE ( 'NONE', *, *, #1641, .T. ) ;
#3320 = CARTESIAN_POINT ( 'NONE',  ( -10.25000000000000000, 4.500000000000000000, -0.7500000000000000000 ) ) ;
#3321 = CARTESIAN_POINT ( 'NONE',  ( 3.000000000000000000, -4.500000000000000000, -1.500000000000000000 ) ) ;
#3322 = CARTESIAN_POINT ( 'NONE',  ( -3.649999999999999911, -4.500000000000000000, -0.8500000000000001998 ) ) ;
#3323 = CIRCLE ( 'NONE', #762, 0.6500000000000000222 ) ;
#3324 = ORIENTED_EDGE ( 'NONE', *, *, #424, .F. ) ;
#3325 = DIRECTION ( 'NONE',  ( -1.000000000000000000, 0.0000000000000000000, 0.0000000000000000000 ) ) ;
#3326 = VECTOR ( 'NONE', #895, 1000.000000000000000 ) ;
#3327 = CARTESIAN_POINT ( 'NONE',  ( 6.250000000000000000, 4.500000000000000000, -0.7499999999999998890 ) ) ;
#3328 = AXIS2_PLACEMENT_3D ( 'NONE', #2329, #2299, #736 ) ;
#3329 = ORIENTED_EDGE ( 'NONE', *, *, #1241, .T. ) ;
#3330 = CARTESIAN_POINT ( 'NONE',  ( 13.00000000000000178, 4.500000000000000000, -0.8500000000000000888 ) ) ;
#3331 = DIRECTION ( 'NONE',  ( 0.0000000000000000000, 0.0000000000000000000, 1.000000000000000000 ) ) ;
#3332 = VERTEX_POINT ( 'NONE', #3048 ) ;
#3333 = EDGE_CURVE ( 'NONE', #871, #728, #492, .T. ) ;
#3334 = AXIS2_PLACEMENT_3D ( 'NONE', #380, #641, #885 ) ;
#3335 = DIRECTION ( 'NONE',  ( 0.0000000000000000000, 0.0000000000000000000, 1.000000000000000000 ) ) ;
#3336 = VECTOR ( 'NONE', #2718, 1000.000000000000000 ) ;
#3337 = ORIENTED_EDGE ( 'NONE', *, *, #3143, .F. ) ;
#3338 = DIRECTION ( 'NONE',  ( -0.0000000000000000000, -1.000000000000000000, -0.0000000000000000000 ) ) ;
#3339 = DIRECTION ( 'NONE',  ( -0.0000000000000000000, -1.000000000000000000, -0.0000000000000000000 ) ) ;
#3340 = AXIS2_PLACEMENT_3D ( 'NONE', #2296, #567, #2405 ) ;
#3341 = ORIENTED_EDGE ( 'NONE', *, *, #502, .T. ) ;
#3342 = ADVANCED_FACE ( 'NONE', ( #402 ), #84, .F. ) ;
#3343 = LINE ( 'NONE', #2012, #1087 ) ;
#3344 = ORIENTED_EDGE ( 'NONE', *, *, #3421, .F. ) ;
#3345 = CARTESIAN_POINT ( 'NONE',  ( 19.00000000000000355, -4.500000000000000000, -0.8500000000000000888 ) ) ;
#3346 = FACE_OUTER_BOUND ( 'NONE', #3074, .T. ) ;
#3347 = DIRECTION ( 'NONE',  ( -0.0000000000000000000, -1.000000000000000000, -0.0000000000000000000 ) ) ;
#3348 = VECTOR ( 'NONE', #2566, 1000.000000000000000 ) ;
#3349 = ORIENTED_EDGE ( 'NONE', *, *, #2105, .T. ) ;
#3350 = CARTESIAN_POINT ( 'NONE',  ( -5.750000000000000000, 4.500000000000000000, -0.7500000000000000000 ) ) ;
#3351 = CARTESIAN_POINT ( 'NONE',  ( 2.350000000000000089, -4.500000000000000000, -0.8500000000000001998 ) ) ;
#3352 = EDGE_LOOP ( 'NONE', ( #3369, #2908, #481, #795 ) ) ;
#3353 = LINE ( 'NONE', #1686, #2147 ) ;
#3354 = CIRCLE ( 'NONE', #342, 0.09999999999999993616 ) ;
#3355 = AXIS2_PLACEMENT_3D ( 'NONE', #2898, #3411, #2076 ) ;
#3356 = EDGE_CURVE ( 'NONE', #420, #1846, #1159, .T. ) ;
#3357 = ORIENTED_EDGE ( 'NONE', *, *, #862, .F. ) ;
#3358 = CARTESIAN_POINT ( 'NONE',  ( 1.000000000000000000, 4.500000000000000000, -0.8500000000000000888 ) ) ;
#3359 = EDGE_CURVE ( 'NONE', #539, #2071, #1719, .T. ) ;
#3360 = ORIENTED_EDGE ( 'NONE', *, *, #1239, .T. ) ;
#3361 = CYLINDRICAL_SURFACE ( 'NONE', #429, 0.09999999999999993616 ) ;
#3362 = VERTEX_POINT ( 'NONE', #3068 ) ;
#3363 = DIRECTION ( 'NONE',  ( 0.0000000000000000000, 0.0000000000000000000, 1.000000000000000000 ) ) ;
#3364 = CARTESIAN_POINT ( 'NONE',  ( -12.34999999999999964, -4.500000000000000000, -0.8500000000000001998 ) ) ;
#3365 = EDGE_CURVE ( 'NONE', #290, #2643, #666, .T. ) ;
#3366 = VERTEX_POINT ( 'NONE', #1144 ) ;
#3367 = CARTESIAN_POINT ( 'NONE',  ( -14.25000000000000000, 4.500000000000000000, -0.8499999999999999778 ) ) ;
#3368 = DIRECTION ( 'NONE',  ( 0.0000000000000000000, 0.0000000000000000000, 1.000000000000000000 ) ) ;
#3369 = ORIENTED_EDGE ( 'NONE', *, *, #3356, .F. ) ;
#3370 = LINE ( 'NONE', #1802, #2871 ) ;
#3371 = EDGE_LOOP ( 'NONE', ( #1055, #25, #1945, #847 ) ) ;
#3372 = DIRECTION ( 'NONE',  ( -4.336808689942015271E-16, 0.0000000000000000000, 1.000000000000000000 ) ) ;
#3373 = VERTEX_POINT ( 'NONE', #1738 ) ;
#3374 = DIRECTION ( 'NONE',  ( -0.0000000000000000000, -1.000000000000000000, -0.0000000000000000000 ) ) ;
#3375 = EDGE_CURVE ( 'NONE', #1359, #1069, #3297, .T. ) ;
#3376 = ORIENTED_EDGE ( 'NONE', *, *, #241, .F. ) ;
#3377 = CARTESIAN_POINT ( 'NONE',  ( 18.25000000000000355, 4.500000000000000000, -0.7499999999999998890 ) ) ;
#3378 = DIRECTION ( 'NONE',  ( -1.000000000000000000, 0.0000000000000000000, -4.336808689942015764E-16 ) ) ;
#3379 = VECTOR ( 'NONE', #462, 1000.000000000000000 ) ;
#3380 = ORIENTED_EDGE ( 'NONE', *, *, #1363, .T. ) ;
#3381 = CIRCLE ( 'NONE', #2589, 0.09999999999999993616 ) ;
#3382 = DIRECTION ( 'NONE',  ( 0.0000000000000000000, 0.0000000000000000000, 1.000000000000000000 ) ) ;
#3383 = DIRECTION ( 'NONE',  ( -0.0000000000000000000, 1.000000000000000000, 0.0000000000000000000 ) ) ;
#3384 = CIRCLE ( 'NONE', #2539, 0.6500000000000000222 ) ;
#3385 = CYLINDRICAL_SURFACE ( 'NONE', #442, 0.09999999999999993616 ) ;
#3386 = ORIENTED_EDGE ( 'NONE', *, *, #2393, .T. ) ;
#3387 = VECTOR ( 'NONE', #2685, 1000.000000000000000 ) ;
#3388 = FACE_OUTER_BOUND ( 'NONE', #929, .T. ) ;
#3389 = VECTOR ( 'NONE', #1235, 1000.000000000000000 ) ;
#3390 = ORIENTED_EDGE ( 'NONE', *, *, #1904, .T. ) ;
#3391 = DIRECTION ( 'NONE',  ( 0.0000000000000000000, 0.0000000000000000000, 1.000000000000000000 ) ) ;
#3392 = VECTOR ( 'NONE', #1874, 1000.000000000000000 ) ;
#3393 = ORIENTED_EDGE ( 'NONE', *, *, #3026, .F. ) ;
#3394 = EDGE_CURVE ( 'NONE', #105, #860, #994, .T. ) ;
#3395 = DIRECTION ( 'NONE',  ( -0.0000000000000000000, -1.000000000000000000, -0.0000000000000000000 ) ) ;
#3396 = FACE_OUTER_BOUND ( 'NONE', #522, .T. ) ;
#3397 = VERTEX_POINT ( 'NONE', #3350 ) ;
#3398 = ADVANCED_FACE ( 'NONE', ( #699 ), #2501, .F. ) ;
#3399 = DIRECTION ( 'NONE',  ( -0.0000000000000000000, -1.000000000000000000, -0.0000000000000000000 ) ) ;
#3400 = DIRECTION ( 'NONE',  ( 0.0000000000000000000, 0.0000000000000000000, 1.000000000000000000 ) ) ;
#3401 = DIRECTION ( 'NONE',  ( 1.000000000000000000, 0.0000000000000000000, 0.0000000000000000000 ) ) ;
#3402 = VERTEX_POINT ( 'NONE', #778 ) ;
#3403 = DIRECTION ( 'NONE',  ( -0.0000000000000000000, -1.000000000000000000, -0.0000000000000000000 ) ) ;
#3404 = CIRCLE ( 'NONE', #848, 0.6500000000000000222 ) ;
#3405 = EDGE_CURVE ( 'NONE', #1915, #919, #1548, .T. ) ;
#3406 = ORIENTED_EDGE ( 'NONE', *, *, #1968, .F. ) ;
#3407 = VECTOR ( 'NONE', #1537, 1000.000000000000000 ) ;
#3408 = CARTESIAN_POINT ( 'NONE',  ( -0.3500000000000000333, 4.500000000000000000, -0.8500000000000001998 ) ) ;
#3409 = ORIENTED_EDGE ( 'NONE', *, *, #716, .T. ) ;
#3410 = CARTESIAN_POINT ( 'NONE',  ( 1.749999999999999778, 4.500000000000000000, -0.7500000000000000000 ) ) ;
#3411 = DIRECTION ( 'NONE',  ( -0.0000000000000000000, -1.000000000000000000, -0.0000000000000000000 ) ) ;
#3412 = ORIENTED_EDGE ( 'NONE', *, *, #1265, .T. ) ;
#3413 = DIRECTION ( 'NONE',  ( -0.0000000000000000000, -1.000000000000000000, -0.0000000000000000000 ) ) ;
#3414 = CARTESIAN_POINT ( 'NONE',  ( -19.00000000000000355, 4.500000000000000000, 0.0000000000000000000 ) ) ;
#3415 = EDGE_CURVE ( 'NONE', #677, #1745, #2948, .T. ) ;
#3416 = DIRECTION ( 'NONE',  ( -0.0000000000000000000, -1.000000000000000000, -0.0000000000000000000 ) ) ;
#3417 = ORIENTED_EDGE ( 'NONE', *, *, #3026, .T. ) ;
#3418 = CARTESIAN_POINT ( 'NONE',  ( 0.0000000000000000000, 4.500000000000000000, 0.0000000000000000000 ) ) ;
#3419 = ORIENTED_EDGE ( 'NONE', *, *, #1050, .F. ) ;
#3420 = CARTESIAN_POINT ( 'NONE',  ( -19.00000000000000355, -4.500000000000000000, -1.500000000000000000 ) ) ;
#3421 = EDGE_CURVE ( 'NONE', #3402, #3002, #1882, .T. ) ;
#3422 = DIRECTION ( 'NONE',  ( 0.0000000000000000000, 1.000000000000000000, 0.0000000000000000000 ) ) ;
#3423 = ORIENTED_EDGE ( 'NONE', *, *, #1884, .F. ) ;
#3424 = DIRECTION ( 'NONE',  ( -0.0000000000000000000, -1.000000000000000000, -0.0000000000000000000 ) ) ;
#3425 = DIRECTION ( 'NONE',  ( -0.0000000000000000000, -1.000000000000000000, -0.0000000000000000000 ) ) ;
#3426 = ORIENTED_EDGE ( 'NONE', *, *, #2929, .F. ) ;
#3427 = FACE_OUTER_BOUND ( 'NONE', #854, .T. ) ;
#3428 = CYLINDRICAL_SURFACE ( 'NONE', #3161, 0.6500000000000000222 ) ;
#3429 = VECTOR ( 'NONE', #3038, 1000.000000000000000 ) ;
#3430 = ORIENTED_EDGE ( 'NONE', *, *, #606, .T. ) ;
#3431 = CARTESIAN_POINT ( 'NONE',  ( -5.750000000000000000, 4.500000000000000000, -0.7499999999999998890 ) ) ;
#3432 = ORIENTED_EDGE ( 'NONE', *, *, #2730, .T. ) ;
#3433 = EDGE_CURVE ( 'NONE', #1629, #1952, #1379, .T. ) ;
#3434 = DIRECTION ( 'NONE',  ( -0.0000000000000000000, -1.000000000000000000, -0.0000000000000000000 ) ) ;
#3435 = AXIS2_PLACEMENT_3D ( 'NONE', #2981, #287, #810 ) ;
#3436 = CARTESIAN_POINT ( 'NONE',  ( -16.35000000000000142, 4.500000000000000000, -0.8500000000000001998 ) ) ;
#3437 = VECTOR ( 'NONE', #2888, 1000.000000000000000 ) ;
#3438 = ORIENTED_EDGE ( 'NONE', *, *, #2671, .T. ) ;
#3439 = EDGE_CURVE ( 'NONE', #1577, #277, #1218, .T. ) ;
#3440 = DIRECTION ( 'NONE',  ( -0.0000000000000000000, -1.000000000000000000, -0.0000000000000000000 ) ) ;
#3441 = VECTOR ( 'NONE', #189, 1000.000000000000000 ) ;
#3442 = FACE_OUTER_BOUND ( 'NONE', #249, .T. ) ;
#3443 = ORIENTED_EDGE ( 'NONE', *, *, #3086, .F. ) ;
#3444 = DIRECTION ( 'NONE',  ( 0.0000000000000000000, 0.0000000000000000000, 1.000000000000000000 ) ) ;
#3445 = CYLINDRICAL_SURFACE ( 'NONE', #1730, 0.6500000000000000222 ) ;
#3446 = VECTOR ( 'NONE', #1596, 1000.000000000000000 ) ;
#3447 = VERTEX_POINT ( 'NONE', #248 ) ;
#3448 = DIRECTION ( 'NONE',  ( 0.0000000000000000000, 0.0000000000000000000, 1.000000000000000000 ) ) ;
#3449 = DIRECTION ( 'NONE',  ( 0.0000000000000000000, 0.0000000000000000000, 1.000000000000000000 ) ) ;
#3450 = ORIENTED_EDGE ( 'NONE', *, *, #1239, .F. ) ;
#3451 = DIRECTION ( 'NONE',  ( -0.0000000000000000000, -1.000000000000000000, -0.0000000000000000000 ) ) ;
#3452 = ORIENTED_EDGE ( 'NONE', *, *, #2917, .F. ) ;
#3453 = CARTESIAN_POINT ( 'NONE',  ( 14.25000000000000000, -4.500000000000000000, -0.8499999999999999778 ) ) ;
#3454 = CYLINDRICAL_SURFACE ( 'NONE', #878, 0.6500000000000000222 ) ;
#3455 = ADVANCED_FACE ( 'NONE', ( #3442 ), #233, .F. ) ;
#3456 = EDGE_LOOP ( 'NONE', ( #1597, #2042, #648, #537 ) ) ;
ENDSEC;
END-ISO-10303-21;
